TABLE_NAME,COLUMN_NAME,IS_PHI,DE_IDENTIFICATION_RULE,MASK_VALUE,REFERENCE_PATIENT_ID,REFERENCE_ENCOUNTER_ID
zipcodezone,Id,No,,,,
zipcodezone,zipcode,Yes,ZIP_CODE,,,
zipcodezone,city,Yes,MASK,city,,
zipcodezone,state,No,,,,
zipcodezone,timezone,No,,,,
zipcodes,ZipId,No,,,,
zipcodes,city,Yes,MASK,city,,
zipcodes,state,No,,,,
zipcodes,zip,Yes,ZIP_CODE,,,
zipcodes,deleteFlag,No,,,,
zipcodes,vmid,Yes,MASK,vmid,,
zipcodes,TMHPCntyCode,No,,,,
zipcodecountymap,id,No,,,,
zipcodecountymap,zipcode,Yes,ZIP_CODE,,,
zipcodecountymap,statecode,No,,,,
zipcodecountymap,county,No,,,,
zipcodecountymap,deleteflag,No,,,,
zipcodecountymap,totaladdressratio,No,,,,
zip2countylookup,zip,No,,,,
zip2countylookup,county,No,,,,
zip2countylookup,state,No,,,,
x12ebs,id,No,,,,
x12ebs,SubmissionId,Yes,MASK,SubmissionId,,
x12ebs,TnsRowId,No,,,,
x12ebs,ClearingHouseId,No,,,,
x12ebs,ProviderId,No,,,,
x12ebs,PatientId,Yes,PATIENT_ID,,,
x12ebs,EncounterId,Yes,ENCOUNTER_ID,,,
x12ebs,TnsType,No,,,,
x12ebs,LoopId,No,,,,
x12ebs,ElementId,No,,,,
x12ebs,EBInfo,No,,,,
x12ebs,CoverageLevelCode,No,,,,
x12ebs,ServiceTypeCode,No,,,,
x12ebs,InsuranceTypeCode,No,,,,
x12ebs,PlanCoverageDescription,No,,,,
x12ebs,TimePeriodQualifier,No,,,,
x12ebs,BenefitAmount,Yes,MASK,BenefitAmount,,
x12ebs,BenefitPercent,No,,,,
x12ebs,QuantityQualifier,No,,,,
x12ebs,BenefitQuantity,No,,,,
x12ebs,AuthOrCertIndicator,No,,,,
x12ebs,InPlanNetworkIndicator,No,,,,
x12ebs,ProductOrServiceIDQualifier,No,,,,
x12ebs,ProcedureCode,No,,,,
x12ebs,ProcedureModifier1,No,,,,
x12ebs,ProcedureModifier2,No,,,,
x12ebs,ProcedureModifier3,No,,,,
x12ebs,ProcedureModifier4,No,,,,
x12ebs,TimeStamp,Yes,DATE_OFFSET,,,
x12837imapper5010,SeqNo,No,,,,
x12837imapper5010,LoopId,No,,,,
x12837imapper5010,ElementId,No,,,,
x12837imapper5010,Description,No,,,,
x12837imapper5010,Id,No,,,,
x12837imapper5010,MinVal,No,,,,
x12837imapper5010,MaxVal,No,,,,
x12837imapper5010,UsageReg,No,,,,
x12837imapper5010,LoopRepeat,No,,,,
x12837imapper5010,ValidValues,Yes,MASK,ValidValues,,
x12837imapper5010,InvalidValues,No,,,,
x12837imapper5010,Notes,Yes,MASK,Notes,,
x12837imapper5010,NodeRef,No,,,,
x12837imapper5010,RecordRepeat,No,,,,
x12837imapper5010,InfoSource,Yes,MASK,InfoSource,,
x12837imapper5010,UpdateFlag,No,,,,
x12837imapper5010,Status,No,,,,
vitals_registry,Id,No,,,,
vitals_registry,PtId,Yes,PATIENT_ID,,,
vitals_registry,EncDate,Yes,DATE_OFFSET,,,
vitals_registry,BP_Systolic,No,,,,
vitals_registry,BP_Diastolic,No,,,,
vitals_registry,BP_Date,Yes,DATE_OFFSET,,,
vitals_registry,Height,No,,,,
vitals_registry,Height_Date,Yes,DATE_OFFSET,,,
vitals_registry,211,No,,,,
vitals_registry,211_Date,Yes,DATE_OFFSET,,,
vitals_registry,212,No,,,,
vitals_registry,212_Date,Yes,DATE_OFFSET,,,
vitals_registry,213,No,,,,
vitals_registry,213_Date,Yes,DATE_OFFSET,,,
vitals_registry,214,No,,,,
vitals_registry,214_Date,Yes,DATE_OFFSET,,,
vitals_registry,215,No,,,,
vitals_registry,215_Date,Yes,DATE_OFFSET,,,
vitals_registry,216,No,,,,
vitals_registry,216_Date,Yes,DATE_OFFSET,,,
vitals_registry,12648,No,,,,
vitals_registry,12648_Date,Yes,DATE_OFFSET,,,
vitals_registry,170669,No,,,,
vitals_registry,170669_Date,Yes,DATE_OFFSET,,,
vitals_registry,194603,No,,,,
vitals_registry,194603_Date,Yes,DATE_OFFSET,,,
vitals_registry,195876,No,,,,
vitals_registry,195876_Date,Yes,DATE_OFFSET,,,
vitals_registry,199654,No,,,,
vitals_registry,199654_Date,Yes,DATE_OFFSET,,,
vitals_registry,199655,No,,,,
vitals_registry,199655_Date,Yes,DATE_OFFSET,,,
vitals_registry,vt_211,No,,,,
vitals_registry,vt_211_Date,Yes,DATE_OFFSET,,,
vitals_registry,vt_213,No,,,,
vitals_registry,vt_213_Date,Yes,DATE_OFFSET,,,
vitals_registry,vt_215,No,,,,
vitals_registry,vt_215_Date,Yes,DATE_OFFSET,,,
vitals_registry,vt_216,No,,,,
vitals_registry,vt_216_Date,Yes,DATE_OFFSET,,,
vitals_registry,vt_12648,No,,,,
vitals_registry,vt_12648_Date,Yes,DATE_OFFSET,,,
vitals_registry,vt_170669,No,,,,
vitals_registry,vt_170669_Date,Yes,DATE_OFFSET,,,
vitals_registry,vt_194603,No,,,,
vitals_registry,vt_194603_Date,Yes,DATE_OFFSET,,,
vitals_registry,encId,Yes,ENCOUNTER_ID,,,
vitals,encounterID,Yes,ENCOUNTER_ID,,,
vitals,vitalID,No,,,,
vitals,propID,No,,,,
vitals,value,No,,,,
vitals,Id,No,,,,
vitals,UpdatedBy,No,,,,
vitals,UpdatedTime,Yes,DATE_OFFSET,,,
vitals,defaultValue,No,,,,
vitals,valueHtm,Yes,NOTES,,,
vitals,value2,Yes,NOTES,,,
vitals,nottaken,No,,,,
vitals,exceptionid,No,,,,
vision_worthdot_option,id,No,,,,
vision_worthdot_option,description,No,,,,
vision_worthdot_option,type,No,,,,
vision_worthdot_option,displayindex,No,,,,
vision_worthdot_option,deleteflag,No,,,,
vision_lens_cpt,id,No,,,,
vision_lens_cpt,typeid,No,,,,
vision_lens_cpt,typename,No,,,,
vision_lens_cpt,minsphere,No,,,,
vision_lens_cpt,maxsphere,No,,,,
vision_lens_cpt,mincylinder,No,,,,
vision_lens_cpt,maxcylinder,No,,,,
vision_lens_cpt,cptcode,No,,,,
vision_lens_cpt,deleteflag,No,,,,
vision_lens_cpt,cptitemid,No,,,,
vascular_finding_icon,id,No,,,,
vascular_finding_icon,iconname,No,,,,
vascular_finding_icon,iconimage,No,,,,
vascular_finding_icon,deleteflag,No,,,,
validcpts,id,No,,,,
validcpts,cptcode,No,,,,
validcpts,cptName,No,,,,
validcpts,year,No,,,,
validcpts,type,No,,,,
validcpts,deleteFlag,No,,,,
validcpts,ValidFrom,No,,,,
validcpts,ValidTo,No,,,,
vaccines_sites,Code,No,,,,
vaccines_sites,Location,No,,,,
vaccinecontraindications,Id,No,,,,
vaccinecontraindications,CODE,No,,,,
vaccinecontraindications,NAME,No,,,,
vaccinecontraindications,definition,No,,,,
vaccinecontraindications,hl7code,No,,,,
vaccinecontraindications,VALUE,No,,,,
vaccinecontraindications,deleteflag,No,,,,
users_additionalinfo,users_addl_uid,No,,,,
users_additionalinfo,users_uid,Yes,PATIENT_ID,,,
users_additionalinfo,users_addl_address3,Yes,MASK,users_addl_address3,,
users_additionalinfo,users_addl_district,Yes,MASK,users_addl_district,,
users_additionalinfo,users_addl_workphone,Yes,MASK,users_addl_workphone,,
users_additionalinfo,users_addl_phoneext,Yes,MASK,users_addl_phoneext,,
users_additionalinfo,users_addl_PreferredName,Yes,MASK,users_addl_PreferredName,,
users_additionalinfo,users_addl_PreferredPhoneMethod,Yes,MASK,users_addl_PreferredPhoneMethod,,
users_additionalinfo,users_addl_preferredContactPhone,Yes,MASK,users_addl_preferredContactPhone,,
users_additionalinfo,users_addl_preferredContactWrkPhone,Yes,MASK,users_addl_preferredContactWrkPhone,,
users_additionalinfo,users_addl_preferredContactMobPhone,Yes,MASK,users_addl_preferredContactMobPhone,,
users_additionalinfo,users_addl_preferredContactEmail,Yes,MASK,users_addl_preferredContactEmail,,
users_additionalinfo,users_addl_preferredContactElectronic,Yes,MASK,users_addl_preferredContactElectronic,,
users_additionalinfo,users_addl_preferredContactMail,Yes,MASK,users_addl_preferredContactMail,,
users_additionalinfo,users_addl_preferredContactSMS,Yes,MASK,users_addl_preferredContactSMS,,
users_additionalinfo,users_addl_status,No,,,,
users_additionalinfo,users_addl_homephone,Yes,MASK,users_addl_homephone,,
users_additionalinfo,users_addl_deleteflag,No,,,,
users_additionalinfo,users_addl_countyname,No,,,,
users_additionalinfo,users_addl_countycode,No,,,,
userfavoritetests,Id,No,,,,
userfavoritetests,UserId,No,,,,
userfavoritetests,itemId,No,,,,
userfavoritetests,type,No,,,,
userfavoritetests,modDateTime,Yes,MASK,modDateTime,,
usercategories,name,No,,,,
usercategories,doctorId,No,,,,
usercategories,itemId,No,,,,
usercategories,RoleId,No,,,,
usercategories,visitType,No,,,,
usazipcodes,ZIPCode,No,,,,
usazipcodes,ZIPType,No,,,,
usazipcodes,CityName,No,,,,
usazipcodes,CityType,No,,,,
usazipcodes,CountyName,No,,,,
usazipcodes,CountyFIPS,No,,,,
usazipcodes,StateName,No,,,,
usazipcodes,StateAbbr,No,,,,
usazipcodes,StateFIPS,No,,,,
usazipcodes,MSACode,No,,,,
usazipcodes,AreaCode,No,,,,
usazipcodes,TimeZone,No,,,,
usazipcodes,UTC,No,,,,
usazipcodes,DST,No,,,,
usazipcodes,Latitude,No,,,,
usazipcodes,Longitude,No,,,,
uncompensatedclaims,id,No,,,,
uncompensatedclaims,recordid,No,,,,
uncompensatedclaims,patientid,Yes,PATIENT_ID,,,
uncompensatedclaims,visitdate,Yes,DATE_OFFSET,,,
uncompensatedclaims,visittime,No,,,,
uncompensatedclaims,invoiceno,No,,,,
uncompensatedclaims,newpatient,No,,,,
uncompensatedclaims,ptDOB,Yes,PATIENT_DOB,,,
uncompensatedclaims,gender,No,,,,
uncompensatedclaims,payorsource,No,,,,
uncompensatedclaims,insname,Yes,MASK,insname,,
uncompensatedclaims,visittype,No,,,,
uncompensatedclaims,ethnicity,No,,,,
uncompensatedclaims,race,No,,,,
uncompensatedclaims,ICD_1,No,,,,
uncompensatedclaims,ICD_2,No,,,,
uncompensatedclaims,ICD_3,No,,,,
uncompensatedclaims,ICD_4,No,,,,
uncompensatedclaims,ICD_5,No,,,,
uncompensatedclaims,familysize,No,,,,
uncompensatedclaims,familyincome,Yes,MASK,familyincome,,
uncompensatedclaims,city,Yes,MASK,city,,
uncompensatedclaims,zip,Yes,ZIP_CODE,,,
uncompensatedclaims,censustrack,No,,,,
uncompensatedclaims,visittotcharges,Yes,MASK,visittotcharges,,
uncompensatedclaims,totpayment,Yes,MASK,totpayment,,
uncompensatedclaims,claimtype,No,,,,
uncompensatedclaims,uncompensated,No,,,,
uncompensatedclaims,locationcode,No,,,,
uncompensatedclaims,MedicaidVisit,No,,,,
uncompensatedclaims,UninsuredVisit,No,,,,
uncompensatedclaims,submitterid,No,,,,
uncompensatedclaims,submitterfacilityid,No,,,,
udstable_7ref,Id,No,,,,
udstable_7ref,SlNo,No,,,,
udstable_7ref,TranxID,No,,,,
udstable_7ref,ReportTitle,No,,,,
udstable_7ref,ServiceCategory,No,,,,
udstable_7ref,AsianCount,No,,,,
udstable_7ref,NativeCount,No,,,,
udstable_7ref,PacificCount,No,,,,
udstable_7ref,BlackAmericanCount,No,,,,
udstable_7ref,AmericanIndianCount,No,,,,
udstable_7ref,WhitesCount,No,,,,
udstable_7ref,MorethanOnceCount,No,,,,
udstable_7ref,UnreportedCount,No,,,,
udstable_7ref,Total,No,,,,
udstable_7ref,HispanicCount,No,,,,
udstable_7ref,Unreported,No,,,,
udstable_7ref,UserCount,No,,,,
udstable_7ref,Race,No,,,,
udstable_7ref,RaceCount,No,,,,
udstable_7ref,TotalRaceCount,No,,,,
udstable_7ref,EncCount,No,,,,
udstable_7ref,ApplicableCodes,No,,,,
udstable_7ref,section,No,,,,
udstable_7ref,Characteristic,No,,,,
udstable_6aref,Id,No,,,,
udstable_6aref,TranxID,No,,,,
udstable_6aref,SlNo,No,,,,
udstable_6aref,ReportTitle,No,,,,
udstable_6aref,ServiceCategory,No,,,,
udstable_6aref,UserCount,No,,,,
udstable_6aref,EncCount,No,,,,
udstable_6aref,Characteristic,No,,,,
udstable_6aref,ApplicableCodes,No,,,,
udssegmentinformation,Id,No,,,,
udssegmentinformation,tablename,No,,,,
udssegmentinformation,segmentname,No,,,,
udssegmentinformation,segmentno,No,,,,
udssegmentinformation,structuredata,No,,,,
udssegmentinformation,subsection,No,,,,
uds_codes,Id,No,,,,
uds_codes,NAME,No,,,,
uds_codes,Codes,No,,,,
uds_codes,TYPE,No,,,,
uds_codes,description,No,,,,
uds_codes,structQuesResp,No,,,,
ub92_conditioncodes,Code,No,,,,
ub92_conditioncodes,Name,No,,,,
trigger_codes_group,group_type,No,,,,
trigger_codes_group,group_name,No,,,,
trigger_codes_group,group_url,Yes,MASK,group_url,,
trigger_code_system,system_type,No,,,,
trigger_code_system,system_name,No,,,,
todo_type,id,No,,,,
todo_type,TYPE,No,,,,
todo_action,id,No,,,,
todo_action,action,No,,,,
tmhp_county,Id,No,,,,
tmhp_county,code,No,,,,
tmhp_county,county,No,,,,
tmhp_county,deleteFlag,No,,,,
therapyassessmentdetail,Id,No,,,,
therapyassessmentdetail,itemID,No,,,,
therapyassessmentdetail,value,No,,,,
therapyassessmentdetail,displayIndex,No,,,,
therapyassessmentdetail,defaultFlag,No,,,,
therapyassessmentdetail,deleteFlag,No,,,,
therapyassessment,encounterId,Yes,ENCOUNTER_ID,,,
therapyassessment,catID,No,,,,
therapyassessment,itemID,No,,,,
therapyassessment,propID,No,,,,
therapyassessment,value,Yes,NOTES,,,
therapeutic,encounterId,Yes,ENCOUNTER_ID,,,
therapeutic,catID,No,,,,
therapeutic,itemID,No,,,,
therapeutic,propID,No,,,,
therapeutic,value,Yes,NOTES,,,
thcic_ethnicity_race_mapping,id,No,,,,
thcic_ethnicity_race_mapping,type,No,,,,
thcic_ethnicity_race_mapping,ecwName,No,,,,
thcic_ethnicity_race_mapping,THCICname,No,,,,
thcic_ethnicity_race_mapping,code,No,,,,
thcic_ethnicity_race_mapping,delflag,No,,,,
tcny_num,trUserId,No,,,,
tcny_num,PtId,Yes,PATIENT_ID,,,
tcny_num,PtName,Yes,MASK,PtName,,
tcny_num,FacilityId,No,,,,
tcny_num,FacilityName,Yes,MASK,FacilityName,,
tcny_num,DoctorId,No,,,,
tcny_num,DoctorName,No,,,,
tcny_num,InsId,Yes,MASK,InsId,,
tcny_num,InsName,Yes,MASK,InsName,,
tcny_num,Race,No,,,,
tcny_num,gencount,No,,,,
tcny_num,ethnicity,No,,,,
tcny_num,pcgid,No,,,,
tcny_num,pcgname,No,,,,
tcny_den,trUserId,No,,,,
tcny_den,PtId,Yes,PATIENT_ID,,,
tcny_den,PtName,Yes,MASK,PtName,,
tcny_den,FacilityId,No,,,,
tcny_den,FacilityName,Yes,MASK,FacilityName,,
tcny_den,DoctorId,No,,,,
tcny_den,DoctorName,No,,,,
tcny_den,InsId,Yes,MASK,InsId,,
tcny_den,InsName,Yes,MASK,InsName,,
tcny_den,Race,No,,,,
tcny_den,gencount,No,,,,
tcny_den,exclusion,No,,,,
tcny_den,encdate,Yes,DATE_OFFSET,,,
tcny_den,ethnicity,No,,,,
tcny_den,pcgid,No,,,,
tcny_den,pcgname,No,,,,
tblwebmsg,MsgId,No,,,,
tblwebmsg,uid,Yes,PATIENT_ID,,,
tblwebmsg,RefMsgId,No,,,,
tblwebmsg,MsgFrom,Yes,MASK,MsgFrom,,
tblwebmsg,MsgTo,Yes,MASK,MsgTo,,
tblwebmsg,MsgType,No,,,,
tblwebmsg,Priority,No,,,,
tblwebmsg,FolderId,No,,,,
tblwebmsg,SUBJECT,Yes,NOTES,,,
tblwebmsg,Body,Yes,NOTES,,,
tblwebmsg,dtSent,Yes,DATE_OFFSET,,,
tblwebmsg,dtReceived,Yes,DATE_OFFSET,,,
tblwebmsg,dtRead,Yes,DATE_OFFSET,,,
tblwebmsg,dtArchived,Yes,DATE_OFFSET,,,
tblwebmsg,dtDeleted,Yes,DATE_OFFSET,,,
tblwebmsg,encounterId,Yes,ENCOUNTER_ID,,,
tblwebmsg,delflag,No,,,,
tblwebmsg,healthMaintainenceMsg,No,,,,
tblwebmsg,facilityid,No,,,,
tblwebmsg,hasAttachment,No,,,,
tblwebmsg,docId,No,,,,
tblwebmsg,attempts,No,,,,
tblwebmsg,echeckin_details,No,,,,
tblwebmsg,appmessagebody,Yes,NOTES,,,
tblportalcontactsdecrypted,id,No,,,,
tblportalcontactsdecrypted,contactId,Yes,PATIENT_ID,,,
tblportalcontactsdecrypted,pid,Yes,PATIENT_ID,,,
tblportalcontactsdecrypted,name,Yes,MASK,name,,
tblportalcontactsdecrypted,relation,No,,,,
tblportalcontactsdecrypted,address,Yes,MASK,address,,
tblportalcontactsdecrypted,address2,Yes,MASK,address2,,
tblportalcontactsdecrypted,city,Yes,MASK,city,,
tblportalcontactsdecrypted,state,No,,,,
tblportalcontactsdecrypted,zipcode,Yes,ZIP_CODE,,,
tblportalcontactsdecrypted,homePhone,Yes,MASK,homePhone,,
tblportalcontactsdecrypted,workPhone,Yes,MASK,workPhone,,
tblportalcontactsdecrypted,delflag,No,,,,
tblportalcontactsdecrypted,contactType,No,,,,
tblportalcontactsdecrypted,timeVal,Yes,DATE_OFFSET,,,
tblportalcontactsdecrypted,isFamilyMember,No,,,,
tblportalcontactsdecrypted,isEmergencyContact,Yes,MASK,isEmergencyContact,,
tblportalcontactsdecrypted,dob,Yes,PATIENT_DOB,,,
tblportalcontactsdecrypted,doi,No,,,,
tblportalcontactsdecrypted,cellPhone,Yes,MASK,cellPhone,,
tblobconfigsubmenu,Id,No,,,,
tblobconfigsubmenu,ItemId,No,,,,
tblobconfigsubmenu,ItemName,No,,,,
tblobconfigsubmenu,Visible,No,,,,
tblobconfigsubmenu,delflag,No,,,,
tblobconfigmenu,Id,No,,,,
tblobconfigmenu,OBItemId,No,,,,
tblobconfigmenu,OBItemName,No,,,,
tblobconfigmenu,Visible,No,,,,
tblobconfigmenu,delflag,No,,,,
taxonomycodes_del,Id,No,,,,
taxonomycodes_del,Code,No,,,,
taxonomycodes_del,Type,No,,,,
taxonomycodes_del,Classification,No,,,,
taxonomycodes_del,Specialization,No,,,,
taxonomycodes_del,Definition,No,,,,
taxonomycodes_del,EffectiveDt,No,,,,
taxonomycodes_del,DeactivationDt,No,,,,
taxonomycodes_del,LastModifiedDt,No,,,,
taxonomycodes_del,Notes,Yes,NOTES,,,
taxonomycodes_del,deleteFlag,No,,,,
taxonomycodes_del,effectivedt2,No,,,,
taxonomycodes_del,deactivationdt2,No,,,,
taxonomycodes_del,lastmodifieddt2,No,,,,
taxonomycodes,Id,No,,,,
taxonomycodes,Code,No,,,,
taxonomycodes,Type,No,,,,
taxonomycodes,Classification,No,,,,
taxonomycodes,Specialization,No,,,,
taxonomycodes,Definition,No,,,,
taxonomycodes,EffectiveDt,No,,,,
taxonomycodes,DeactivationDt,No,,,,
taxonomycodes,LastModifiedDt,No,,,,
taxonomycodes,Notes,Yes,NOTES,,,
taxonomycodes,deleteFlag,No,,,,
taxonomycodes,effectivedt2,No,,,,
taxonomycodes,deactivationdt2,No,,,,
taxonomycodes,lastmodifieddt2,No,,,,
surescript_reqotherinfo,ReqInfoID,No,,,,
surescript_reqotherinfo,RxType,No,,,,
surescript_reqotherinfo,MessageID,No,,,,
surescript_reqotherinfo,RelatedMessageID,No,,,,
surescript_reqotherinfo,Supvr_SPI,No,,,,
surescript_reqotherinfo,Supvr_PriorAuth,No,,,,
surescript_reqotherinfo,Supvr_Prefix,No,,,,
surescript_reqotherinfo,Supvr_FName,No,,,,
surescript_reqotherinfo,Supvr_MName,No,,,,
surescript_reqotherinfo,Supvr_LName,No,,,,
surescript_reqotherinfo,Supvr_Suffix,No,,,,
surescript_reqotherinfo,Supvr_AddressLine1,Yes,MASK,Supvr_AddressLine1,,
surescript_reqotherinfo,Supvr_AddressLine2,Yes,MASK,Supvr_AddressLine2,,
surescript_reqotherinfo,Supvr_City,Yes,MASK,Supvr_City,,
surescript_reqotherinfo,Supvr_State,No,,,,
surescript_reqotherinfo,Supvr_ZipCode,Yes,ZIP_CODE,,,
surescript_reqotherinfo,Supvr_Tel,Yes,MASK,Supvr_Tel,,
surescript_reqotherinfo,Supvr_Mobile,Yes,MASK,Supvr_Mobile,,
surescript_reqotherinfo,Supvr_Pager,Yes,MASK,Supvr_Pager,,
surescript_reqotherinfo,PriRxDiagnosisQualifier,No,,,,
surescript_reqotherinfo,PriRxDiagnosisValue,No,,,,
surescript_reqotherinfo,ClinicalInformationQualifier,No,,,,
surescript_reqotherinfo,PriorAuthQualifier,No,,,,
surescript_reqotherinfo,PriorAuthValue,No,,,,
surescript_reqotherinfo,MD_PriRxDiagnosisQualifier,No,,,,
surescript_reqotherinfo,MD_PriRxDiagnosisValue,No,,,,
surescript_reqotherinfo,MD_ClinicalInformationQualifier,No,,,,
surescript_reqotherinfo,MD_PriorAuthQualifier,No,,,,
surescript_reqotherinfo,MD_PriorAuthValuevar,No,,,,
surescript_reqotherinfo,MD_PriorAuthValue,No,,,,
surescript_reqotherinfo,changeReasonText,Yes,NOTES,,,
surescript_reqotherinfo,messageRequestSubCodes,No,,,,
surescript_eprescription,ReqID,No,,,,
surescript_eprescription,RxType,No,,,,
surescript_eprescription,MessageID,No,,,,
surescript_eprescription,RelatedMessageID,No,,,,
surescript_eprescription,SentTo,Yes,MASK,SentTo,,
surescript_eprescription,SentFrom,Yes,MASK,SentFrom,,
surescript_eprescription,SentTime,Yes,DATE_OFFSET,,,
surescript_eprescription,MessageText,Yes,NOTES,,,
surescript_eprescription,StatusDesc,No,,,,
surescript_eprescription,AttemptNo,No,,,,
surescript_eprescription,LastAttemptTimeStamp,Yes,DATE_OFFSET,,,
surescript_eprescription,PatientID,Yes,PATIENT_ID,,,
surescript_eprescription,encounterID,Yes,ENCOUNTER_ID,,,
surescript_eprescription,Patient_FName,Yes,MASK,Patient_FName,,
surescript_eprescription,Patient_LName,Yes,MASK,Patient_LName,,
surescript_eprescription,Patient_MName,Yes,MASK,Patient_MName,,
surescript_eprescription,DateOfBirth,Yes,PATIENT_DOB,,,
surescript_eprescription,Sex,No,,,,
surescript_eprescription,Ssn,Yes,MASK,Ssn,,
surescript_eprescription,AddressLine1,Yes,MASK,AddressLine1,,
surescript_eprescription,AddressLine2,Yes,MASK,AddressLine2,,
surescript_eprescription,City,Yes,MASK,City,,
surescript_eprescription,State,No,,,,
surescript_eprescription,ZipCode,Yes,ZIP_CODE,,,
surescript_eprescription,patient_primaryphone,Yes,MASK,patient_primaryphone,,
surescript_eprescription,Patient_CellPhone,Yes,MASK,Patient_CellPhone,,
surescript_eprescription,Patient_Fax,Yes,MASK,Patient_Fax,,
surescript_eprescription,Patient_Email,Yes,MASK,Patient_Email,,
surescript_eprescription,DoctorID,No,,,,
surescript_eprescription,SPI,Yes,MASK,SPI,,
surescript_eprescription,StateLicenseNumber,Yes,MASK,StateLicenseNumber,,
surescript_eprescription,doc_ssn,Yes,MASK,doc_ssn,,
surescript_eprescription,DEANo,No,,,,
surescript_eprescription,doc_FName,No,,,,
surescript_eprescription,doc_LName,No,,,,
surescript_eprescription,doc_MName,No,,,,
surescript_eprescription,doc_suffix,No,,,,
surescript_eprescription,Speciality,No,,,,
surescript_eprescription,SpecialityCode,No,,,,
surescript_eprescription,doc_AddressLine1,Yes,MASK,doc_AddressLine1,,
surescript_eprescription,doc_AddressLine2,Yes,MASK,doc_AddressLine2,,
surescript_eprescription,doc_City,Yes,MASK,doc_City,,
surescript_eprescription,doc_State,No,,,,
surescript_eprescription,doc_Zipcode,Yes,ZIP_CODE,,,
surescript_eprescription,doc_Primaryphone,Yes,MASK,doc_Primaryphone,,
surescript_eprescription,doc_Pagerno,Yes,MASK,doc_Pagerno,,
surescript_eprescription,doc_Mobilephone,Yes,MASK,doc_Mobilephone,,
surescript_eprescription,PharmacyID,Yes,MASK,PharmacyID,,
surescript_eprescription,NCPDPID,Yes,MASK,NCPDPID,,
surescript_eprescription,PharmacyName,Yes,MASK,PharmacyName,,
surescript_eprescription,Pharmacy_AddressLine1,Yes,MASK,Pharmacy_AddressLine1,,
surescript_eprescription,Pharmacy_City,Yes,MASK,Pharmacy_City,,
surescript_eprescription,Pharmacy_State,No,,,,
surescript_eprescription,Pharmacy_Zipcode,Yes,ZIP_CODE,,,
surescript_eprescription,Pharmacy_Phone,Yes,MASK,Pharmacy_Phone,,
surescript_eprescription,Pharmacy_Fax,Yes,MASK,Pharmacy_Fax,,
surescript_eprescription,Pharmacy_Email,Yes,MASK,Pharmacy_Email,,
surescript_eprescription,DrugDescription,No,,,,
surescript_eprescription,ProductCode,No,,,,
surescript_eprescription,ProductCodeQualifier,No,,,,
surescript_eprescription,DosageForm,No,,,,
surescript_eprescription,Strength,No,,,,
surescript_eprescription,StrengthUnits,No,,,,
surescript_eprescription,DrugDBCode,No,,,,
surescript_eprescription,DrugDBCodeQualifier,No,,,,
surescript_eprescription,Frequency,No,,,,
surescript_eprescription,duration,No,,,,
surescript_eprescription,Quantity,No,,,,
surescript_eprescription,Take,No,,,,
surescript_eprescription,Refills,No,,,,
surescript_eprescription,SubsMedAllowed,No,,,,
surescript_eprescription,comments,Yes,NOTES,,,
surescript_eprescription,XMLData,Yes,MASK,XMLData,,
surescript_eprescription,XMLResponseData,Yes,MASK,XMLResponseData,,
surescript_eprescription,RefillsQualifier,No,,,,
surescript_eprescription,bAsynMsgPostedToDoc,No,,,,
surescript_eprescription,bVerified,No,,,,
surescript_eprescription,ScriptVersion,No,,,,
surescript_eprescription,SentBy,No,,,,
surescript_eprescription,RxhubId,No,,,,
surescript_eprescription,RouteSource,No,,,,
surescript_eprescription,Addressed,No,,,,
surescript_eprescription,AddressedBy,No,,,,
surescript_eprescription,PrescriberOrderNo,No,,,,
surescript_eprescription,SentById,No,,,,
surescript_eprescription,IpAddress,Yes,MASK,IpAddress,,
surescript_eprescription,isVoiceMsgSent,No,,,,
surescript_eprescription,isTextMsgSent,No,,,,
surescript_eprescription,rxOrderNo,No,,,,
surescript_eprescription,DEASchedule,No,,,,
surescript_eprescription,TxMode,No,,,,
surescript_eprescription,structuredCodifiedSigSent,No,,,,
surescript_eprescription,StatusCode,No,,,,
surescript_changerxoptions,ReqID,No,,,,
surescript_changerxoptions,SeqID,No,,,,
surescript_changerxoptions,MessageID,No,,,,
surescript_changerxoptions,ChangeRxType,No,,,,
surescript_changerxoptions,DrugDescription,No,,,,
surescript_changerxoptions,ProductCode,No,,,,
surescript_changerxoptions,ProductCodeQualifier,No,,,,
surescript_changerxoptions,DosageForm,No,,,,
surescript_changerxoptions,Strength,No,,,,
surescript_changerxoptions,StrengthUnits,No,,,,
surescript_changerxoptions,DrugDBCode,No,,,,
surescript_changerxoptions,DrugDBCodeQualifier,No,,,,
surescript_changerxoptions,duration,No,,,,
surescript_changerxoptions,Quantity,No,,,,
surescript_changerxoptions,QuantityQualifier,No,,,,
surescript_changerxoptions,Take,No,,,,
surescript_changerxoptions,Refills,No,,,,
surescript_changerxoptions,RefillsQualifier,No,,,,
surescript_changerxoptions,SubsMedAllowed,No,,,,
surescript_changerxoptions,Comments,No,,,,
surescript_changerxoptions,WrittenDate,Yes,DATE_OFFSET,,,
surescript_changerxoptions,LastFillDate,Yes,DATE_OFFSET,,,
surescript_changerxoptions,PriRxDiagnosisQualifier,No,,,,
surescript_changerxoptions,PriRxDiagnosisValue,No,,,,
surescript_changerxoptions,ClinicalInformationQualifier,No,,,,
surescript_changerxoptions,PriorAuthQualifier,No,,,,
surescript_changerxoptions,PriorAuthValue,No,,,,
surescript_changerxoptions,DEASchedule,No,,,,
surescript_changerxoptions,PayerName,No,,,,
surescript_changerxoptions,CardholderID,Yes,MASK,CardholderID,,
surescript_changerxoptions,GroupID,No,,,,
surescript_changerxoptions,CardholderName,Yes,MASK,CardholderName,,
surescript_changerxoptions,PayorId,Yes,MASK,PayorId,,
surescript_changerxoptions,PlanNetIdNo,Yes,MASK,PlanNetIdNo,,
surescript_changerxoptions,EffectiveDate,Yes,DATE_OFFSET,,,
suppress_interaction,id,No,,,,
suppress_interaction,doctorId,No,,,,
suppress_interaction,PatientId,Yes,PATIENT_ID,,,
suppress_interaction,InteractionType,No,,,,
suppress_interaction,DrugId1,No,,,,
suppress_interaction,DrugId2,No,,,,
suppress_interaction,OriginalSeverity,No,,,,
suppress_interaction,AdjustedSeverity,No,,,,
suppress_interaction,AdjustedBy,No,,,,
suppress_interaction,AdjustedDate,Yes,DATE_OFFSET,,,
suppress_interaction,encounter_id,Yes,ENCOUNTER_ID,,,
suppress_interaction,erx_req_id,No,,,,
superbill_categories,id,No,,,,
superbill_categories,groupid,No,,,,
superbill_categories,groupname,No,,,,
superbill_categories,grouptype,No,,,,
superbill_categories,displayorder,No,,,,
superbill_categories,deleteFlag,No,,,,
superbill_categories,template_id,No,,,,
structpreventive,encounterId,Yes,ENCOUNTER_ID,,,
structpreventive,catId,No,,,,
structpreventive,itemId,No,,,,
structpreventive,detailId,No,,,,
structpreventive,value,Yes,NOTES,,,
structpreventive,valueId,No,,,,
structpreventive,notes,Yes,NOTES,,,
structpreventive,chartdisplay,No,,,,
structpreventive,displayIndex,No,,,,
structexam,encounterId,Yes,ENCOUNTER_ID,,,
structexam,catId,No,,,,
structexam,itemId,No,,,,
structexam,detailId,No,,,,
structexam,value,No,NOTES,,,
structexam,valueId,No,,,,
structexam,notes,Yes,NOTES,,,
structexam,displayindex,No,,,,
structexam,chartdisplay,No,,,,
structdemographics,patientId,Yes,PATIENT_ID,,,
structdemographics,catId,No,,,,
structdemographics,itemId,No,,,,
structdemographics,detailId,No,,,,
structdemographics,value,No,NOTES,,,
structdemographics,valueId,No,,,,
structdemographics,notes,Yes,NOTES,,,
structdemographics,chartdisplay,No,,,,
structdemographics,displayIndex,No,,,,
structdemographics,Id,No,,,,
structdemographics,deleteflag,No,,,,
structdemographics,lastUpdate,Yes,DATE_OFFSET,,,
structdemographics,websync,No,,,,
structdataoptions,optionId,No,,,,
structdataoptions,Id,No,,,,
structdataoptions,deleteFlag,No,,,,
structdataoptions,displayIndex,No,,,,
structdataoptions,name,Yes,NOTES,,,
structdataoptions,measureid,No,,,,
structdataoptions,inactive,No,,,,
structdatadetail,Id,No,,,,
structdatadetail,catId,No,,,,
structdatadetail,itemId,No,,,,
structdatadetail,name,Yes,NOTES,,,
structdatadetail,type,No,,,,
structdatadetail,mandatory,No,,,,
structdatadetail,displayIndex,No,,,,
structdatadetail,deleteFlag,No,,,,
structdatadetail,parentId,No,,,,
structdatadetail,triggerflag,No,,,,
structdatadetail,itemType,No,,,,
structdatadetail,nodeLevel,No,,,,
structdatadetail,tblName,No,,,,
structdatadetail,chartDisplay,No,,,,
structdatadetail,multiSelect,No,,,,
structdatadetail,IsSearchable,No,,,,
structdatadetail,defaultValue,Yes,NOTES,,,
structdatadetail,defaultValueId,No,,,,
structdatadetail,modifynotes,Yes,NOTES,,,
structdatadetail,readonly,No,,,,
structdatadetail,dropdown,No,,,,
structdatadetail,PmtPlanId,No,,,,
structdatadetail,imagename,No,,,,
structdatadetail,minVal,No,,,,
structdatadetail,maxVal,No,,,,
structdatadetail,multitrigger,No,,,,
structdatadetail,displayOnPn,No,,,,
structdatadetail,inactive,No,,,,
structallergyoverride,id,No,,,,
structallergyoverride,encounterId,Yes,ENCOUNTER_ID,,,
structallergyoverride,catId,No,,,,
structallergyoverride,itemId,No,,,,
structallergyoverride,detailId,No,,,,
structallergyoverride,value,No,,,,
structallergyoverride,valueId,No,,,,
structallergyoverride,notes,Yes,NOTES,,,
structallergyoverride,chartdisplay,No,,,,
structallergyoverride,displayIndex,No,,,,
statecontroldruglist,id,No,,,,
statecontroldruglist,Drugid,No,,,,
statecontroldruglist,ItemId,No,,,,
statecontroldruglist,NDCcode,No,,,,
statecontroldruglist,State,No,,,,
statecontroldruglist,ScheduleType,No,,,,
statecontroldruglist,ModifiedDate,No,,,,
statecontroldruglist,ModifiedBy,No,,,,
statecontroldruglist,deleteFlag,No,,,,
state_race_codes,Code,No,,,,
state_race_codes,Name,No,,,,
state_race_codes,state,No,,,,
splprgcodes,Code,No,,,,
splprgcodes,Name,No,,,,
speciality_forms,id,No,,,,
speciality_forms,pid,Yes,PATIENT_ID,,,
speciality_forms,encid,Yes,ENCOUNTER_ID,,,
speciality_forms,modified_date,Yes,DATE_OFFSET,,,
speciality_forms,comment,Yes,NOTES,,,
speciality_forms,form_type_id,Yes,MASK,form_type_id,,
speciality_forms,form_data,Yes,MASK,form_data,,
speciality_forms,form_url,Yes,MASK,form_url,,
speciality_forms,locked,No,,,,
speciality_forms,created_date,Yes,DATE_OFFSET,,,
speciality_forms,SF_data,Yes,MASK,SF_data,,
speciality_forms,pagenum,No,,,,
speciality_forms,docId,No,,,,
speciality_forms,delFlag,No,,,,
speciality_forms,sign_data,No,,,,
socialhxdistask,id,No,,,,
socialhxdistask,userid,Yes,PATIENT_ID,,,
socialhxdistask,inputstartdt,Yes,DATE_OFFSET,,,
socialhxdistask,inputenddt,Yes,DATE_OFFSET,,,
socialhxdistask,begintime,No,,,,
socialhxdistask,lastupdatetime,Yes,DATE_OFFSET,,,
socialhxdistask,endtime,No,,,,
socialhxdistask,taskstatus,No,,,,
socialhxdistask,encsprocessedcount,No,,,,
socialhxdistask,socialprocesedcount,No,,,,
socialhxdistask,socialexcpecount,No,,,,
socialhxdistask,notes,Yes,NOTES,,,
socialhxdistask,deleteflag,No,,,,
socialdetail,Id,No,,,,
socialdetail,itemId,No,,,,
socialdetail,value,No,,,,
socialdetail,displayIndex,No,,,,
socialdetail,defaultFalg,No,,,,
socialdetail,deleteFlag,No,,,,
soapitems,itemName,No,,,,
soapitems,caption,No,,,,
soapitems,id,No,,,,
soapitems,displayName,No,,,,
soapheadings,id,No,,,,
soapheadings,SoapName,No,,,,
soapheadings,SoapDisplayName,No,,,,
soapheadings,SoapValue,No,,,,
soapheadings,SoapDefaultValue,No,,,,
soapheadings,DeleteFlag,No,,,,
servicetypecodes,Code,No,,,,
servicetypecodes,Description,No,,,,
script_common_denorm,script_category,No,,,,
script_common_denorm,drug_id,No,,,,
script_common_denorm,drug_synonym_id,No,,,,
script_common_denorm,main_multum_drug_code,No,,,,
script_common_denorm,drug_name,No,,,,
script_common_denorm,dose_form_description,No,,,,
script_common_denorm,product_strength_description,No,,,,
script_common_denorm,dose_amount,No,,,,
script_common_denorm,dose_unit_description,No,,,,
script_common_denorm,dose_to_amount,No,,,,
script_common_denorm,dose_to_unit_description,No,,,,
script_common_denorm,quantity_amount,No,,,,
script_common_denorm,quantity_unit_description,No,,,,
script_common_denorm,quantity_to_amount,No,,,,
script_common_denorm,quantity_to_unit_description,No,,,,
script_common_denorm,route_description,No,,,,
script_common_denorm,frequency_description,No,,,,
script_common_denorm,duration_amount,No,,,,
script_common_denorm,duration_unit_description,No,,,,
script_common_denorm,rate_amount,No,,,,
script_common_denorm,rate_amount_unit_description,No,,,,
script_common_denorm,rate_time,No,,,,
script_common_denorm,rate_time_unit_description,No,,,,
schedule_grid_columns,columnId,No,,,,
schedule_grid_columns,dbcolumnName,No,,,,
schedule_grid_columns,displayColumnName,No,,,,
schedule_grid_columns,deleteflag,No,,,,
rxhub_rxhistory,RxHubRxHistoryId,No,,,,
rxhub_rxhistory,PatientId,Yes,PATIENT_ID,,,
rxhub_rxhistory,EncounterId,Yes,ENCOUNTER_ID,,,
rxhub_rxhistory,PvdFirstName,No,,,,
rxhub_rxhistory,PvdMiddleName,No,,,,
rxhub_rxhistory,PvdLastName,No,,,,
rxhub_rxhistory,PvdSuffix,No,,,,
rxhub_rxhistory,PvdPrefix,No,,,,
rxhub_rxhistory,NDCCode,No,,,,
rxhub_rxhistory,DrugName,No,,,,
rxhub_rxhistory,Strength,No,,,,
rxhub_rxhistory,StrengthUnits,No,,,,
rxhub_rxhistory,Formulation,No,,,,
rxhub_rxhistory,Quantity1,No,,,,
rxhub_rxhistory,Quantity2,No,,,,
rxhub_rxhistory,QuantityUnit1,No,,,,
rxhub_rxhistory,QuantityUnit2,No,,,,
rxhub_rxhistory,QuantityCode1,No,,,,
rxhub_rxhistory,QuantityCode2,No,,,,
rxhub_rxhistory,Refills,No,,,,
rxhub_rxhistory,Direction,No,,,,
rxhub_rxhistory,LongDrugName1,No,,,,
rxhub_rxhistory,LongDrugName2,No,,,,
rxhub_rxhistory,LongDrugName3,No,,,,
rxhub_rxhistory,LastFillDate,Yes,DATE_OFFSET,,,
rxhub_rxhistory,MoreHistoryAvailable,No,,,,
rxhub_rxhistory,RxHistoryReqDate,Yes,DATE_OFFSET,,,
rxhub_rxhistory,NCPDPID,Yes,MASK,NCPDPID,,
rxhub_rxhistory,PharmacyName,Yes,MASK,PharmacyName,,
rxhub_rxhistory,PharmacyCity,Yes,MASK,PharmacyCity,,
rxhub_rxhistory,DaysSupply,No,,,,
rxhub_rxhistory,SourceName,Yes,NOTES,,,
rxhub_rxhistory,writtendate,Yes,DATE_OFFSET,,,
rxhub_rxhistory,primaryDiagnosisCode,No,,,,
rxhub_rxhistory,primaryDiagnosisQualifier,No,,,,
rxhub_rxhistory,primaryDiagnosisDescription,No,,,,
rxhub_rxhistory,secondaryDiagnosisCode,No,,,,
rxhub_rxhistory,secondaryDiagnosisQualifier,No,,,,
rxhub_rxhistory,secondaryDiagnosisDescription,No,,,,
rxhub_rxhistory,refillRemaining,No,,,,
rxhub_rxhistory,pvdFacility,Yes,MASK,pvdFacility,,
rxhub_rxhistory,pharmacyaddress,Yes,MASK,pharmacyaddress,,
rxhub_rxhistory,pharmacystate,No,,,,
rxhub_rxhistory,pharmacyzip,Yes,ZIP_CODE,,,
rxhub_rejectreasoncodes,id,No,,,,
rxhub_rejectreasoncodes,RejectReasonCode,No,,,,
rxhub_rejectreasoncodes,RejectReasonCodeDesc,No,,,,
rxhub_followupactioncodes,id,No,,,,
rxhub_followupactioncodes,FollowupActionCode,No,,,,
rxhub_followupactioncodes,FollowupActionCodeDesc,No,,,,
rx_medication_alert_users,id,No,,,,
rx_medication_alert_users,medAlertId,No,,,,
rx_medication_alert_users,UserId,No,,,,
rx_medication_alert_users,patientId,Yes,PATIENT_ID,,,
rx_medication_alert_users,updatedDateTime,Yes,DATE_OFFSET,,,
rwvisittypeconfig,id,No,,,,
rwvisittypeconfig,visitcategory,No,,,,
rwvisittypeconfig,code,No,,,,
rwvisittypeconfig,description,No,,,,
rwvisittypeconfig,deleteflag,No,,,,
rwcptcodemapping,id,No,,,,
rwcptcodemapping,serviceid,No,,,,
rwcptcodemapping,servicecategory,No,,,,
rwcptcodemapping,CPTCodeid,No,,,,
rwcptcodemapping,CPTcodename,No,,,,
rwcptcodemapping,deleteflag,No,,,,
rulesinscpt,id,No,,,,
rulesinscpt,RuleId,No,,,,
rulesinscpt,AssocCPTCode,No,,,,
rulesinscpt,AssocCPT,No,,,,
rulesinscpt,Units,No,,,,
rulesinscpt,DeleteFlag,No,,,,
rulescpt,id,No,,,,
rulescpt,RuleId,No,,,,
rulescpt,AssocCPTCode,No,,,,
rulescpt,Units,No,,,,
rulescpt,DeleteFlag,No,,,,
ruleengine_table_pkmap,Id,No,,,,
ruleengine_table_pkmap,TableName,No,,,,
ruleengine_table_pkmap,ColumnName,No,,,,
ruleengine_table_pkmap,deleteflag,No,,,,
ruleengine_dataelements,Id,No,,,,
ruleengine_dataelements,ElementId,No,,,,
ruleengine_dataelements,ElementName,No,,,,
ruleengine_dataelements,TableName,No,,,,
ruleengine_dataelements,RuleType,No,,,,
ruleengine_dataelements,MasterFile,No,,,,
ruleengine_dataelements,ElementType,No,,,,
ruleengine_dataelements,AllowedOperators,No,,,,
ruleengine_dataelements,inputType,No,,,,
ruleengine_dataelements,selectDataSQL,No,,,,
ruleengine_dataelements,element_modality,No,,,,
rpm_cpt_exclude,id,No,,,,
rpm_cpt_exclude,cptCode,No,,,,
rpm_cpt_exclude,deleteFlag,No,,,,
rpm_cpt_exclude,modiBy,No,,,,
rpm_cpt_exclude,modiTime,No,,,,
routeofadministration,Id,No,,,,
routeofadministration,CODE,No,,,,
routeofadministration,description,No,,,,
routeofadministration,codeid,No,,,,
routeofadministration,codingSystem,No,,,,
routeofadministration,definition,No,,,,
routeofadministration,deleteflag,No,,,,
reviewdetail,Id,No,,,,
reviewdetail,itemId,No,,,,
reviewdetail,value,No,,,,
reviewdetail,displayIndex,No,,,,
reviewdetail,defaultFalg,No,,,,
reviewdetail,deleteFlag,No,,,,
reviewdetail,color,No,,,,
reviewdetail,bold,No,,,,
reviewdetail,underline,No,,,,
regsitry_temp_sort,id,No,,,,
regsitry_temp_sort,ptid,Yes,PATIENT_ID,,,
regsitry_temp_sort,plname,Yes,MASK,plname,,
regsitry_temp_sort,pfname,Yes,MASK,pfname,,
regsitry_temp_sort,dob,Yes,PATIENT_DOB,,,
regsitry_temp_sort,labvalue,No,,,,
regsitry_temp_sort,icdcode,No,,,,
regsitry_temp_sort,rxname,No,,,,
regsitry_temp_sort,age,No,,,,
regsitry_temp_sort,rxstrength,No,,,,
regsitry_temp_sort,labname,No,,,,
regsitry_temp_sort,lab_date,Yes,DATE_OFFSET,,,
regsitry_temp_sort,icd_date,Yes,DATE_OFFSET,,,
regsitry_temp_sort,rx_date,Yes,DATE_OFFSET,,,
regsitry_temp_sort,allergic_to,No,,,,
regsitry_temp_sort,allergy_date,Yes,DATE_OFFSET,,,
regsitry_temp_sort,demo_date,Yes,DATE_OFFSET,,,
regsitry_temp_sort,comm_pref,No,,,,
registry_reports,ReportId,No,,,,
registry_reports,ReportName,Yes,MASK,ReportName,,
registry_reports,UserId,No,,,,
registry_reports,Scheduled,No,,,,
registry_reports,FlowsheetId,No,,,,
registry_reports,ProtocolId,No,,,,
registry_reports,LastRun,No,,,,
registry_reports,Status,No,,,,
registry_reports,Type,No,,,,
registry_reports,ProjectId,No,,,,
registry_reports,deleteflag,No,,,,
registry_reports,reportcriteria,Yes,MASK,reportcriteria,,
registry_reports,OrderSetId,No,,,,
registry_reports,cdss,No,,,,
registry_reports,conditionflag,No,,,,
registry_reports,DatePrompt,No,,,,
registry_reports,remindertype,No,,,,
registry_reports,ReportMPIId,No,,,,
registry_currentmeds,Id,No,,,,
registry_currentmeds,PatientId,Yes,PATIENT_ID,,,
registry_currentmeds,ItemId,No,,,,
registry_currentmeds,encounterid,Yes,ENCOUNTER_ID,,,
referral_unit_types,Id,No,,,,
referral_unit_types,Code,No,,,,
referral_unit_types,Name,No,,,,
referral,ReferralId,No,,,,
referral,patientID,Yes,PATIENT_ID,,,
referral,insId,Yes,MASK,insId,,
referral,refFrom,No,,,,
referral,authNo,No,,,,
referral,date,Yes,DATE_OFFSET,,,
referral,reason,Yes,NOTES,,,
referral,diagnosis,No,,,,
referral,refStDate,Yes,DATE_OFFSET,,,
referral,refEnddate,Yes,DATE_OFFSET,,,
referral,visitsAllowed,No,,,,
referral,visitsUsed,No,,,,
referral,RefTo,No,,,,
referral,notes,Yes,NOTES,,,
referral,deleteFlag,No,,,,
referral,referralType,No,,,,
referral,priority,No,,,,
referral,assignedto,No,,,,
referral,assignedToId,No,,,,
referral,status,No,,,,
referral,authtype,No,,,,
referral,procedures,No,,,,
referral,fromfacility,No,,,,
referral,ToFacility,No,,,,
referral,speciality,No,,,,
referral,POS,No,,,,
referral,UnitType,No,,,,
referral,FrontOfficeAuth,No,,,,
referral,ReferralNumber,No,,,,
referral,apptDate,Yes,DATE_OFFSET,,,
referral,clinicalNotes,Yes,NOTES,,,
referral,ReceivedDate,Yes,DATE_OFFSET,,,
referral,refEncId,Yes,ENCOUNTER_ID,,,
referral,ApptTime,No,DATE_OFFSET,,,
referral,extNHXApptBlockId,No,,,,
referral,extNHXRefTxId,No,,,,
referral,refReqId,No,,,,
referral,refFromP2pNPI,Yes,MASK,refFromP2pNPI,,
referral,refFromName,Yes,MASK,refFromName,,
referral,refToP2pNPI,Yes,MASK,refToP2pNPI,,
referral,refToName,Yes,MASK,refToName,,
referral,uploadedToPtDocs,No,,,,
referral,modifiedDate,Yes,MASK,modifiedDate,,
referral,refToCCNameList,Yes,MASK,refToCCNameList,,
referral,refToCCNPIList,Yes,MASK,refToCCNPIList,,
referral,p2pDeliveryStatus,No,,,,
referral,statusUpdateDate,Yes,DATE_OFFSET,,,
referral,ccdaValidationStatus,No,,,,
referral,fromDirectAddress,Yes,MASK,fromDirectAddress,,
referral,toDirectAddress,Yes,MASK,toDirectAddress,,
referral,isVoiceMsgSent,No,,,,
referral,isTextMsgSent,No,,,,
referral,quesAnsGuid,No,,,,
referral,innetwork,No,,,,
referral,faxreferralxml,Yes,MASK,faxreferralxml,,
referral,isHealowAppt,No,,,,
referral,transportationRequired,No,,,,
referral,approvalReq,No,,,,
referral,approvalstatus,No,,,,
referral,EMCodes,No,,,,
referral,subStatus,No,,,,
referral,subStatusId,No,,,,
referral,isHISPTxCapable,No,,,,
referral,isReceiverFTPEnabled,No,,,,
referral,totalAttSize,No,,,,
referral,PMReferralId,No,,,,
referral,referralsubType,No,,,,
referral,cptunitsallowed,No,,,,
referral,cptunitsused,No,,,,
referral,transmissionMethod,No,,,,
referral,isConsultNoteAttached,No,,,,
referral,notify_portal,No,,,,
referral,referral360id,No,,,,
reconciliation,LabId,No,,,,
reconciliation,FileDate,Yes,DATE_OFFSET,,,
reconciliation,ReconciliationDate,Yes,DATE_OFFSET,,,
reconciliation,patientfname,Yes,MASK,patientfname,,
reconciliation,patientlname,Yes,MASK,patientlname,,
reconciliation,doctorlname,No,,,,
reconciliation,doctorfname,No,,,,
reconciliation,encDate,Yes,DATE_OFFSET,,,
reconciliation,reason,Yes,NOTES,,,
reconciliation,status,No,,,,
reconciliation,testName,No,,,,
reconciliation,encounterID,Yes,ENCOUNTER_ID,,,
reconciliation,patientID,Yes,PATIENT_ID,,,
reconciliation,newPatient,No,,,,
reconciliation,newEncounter,No,,,,
reconciliation,messageid,No,,,,
reconciliation,id,No,,,,
reconciliation,reconciledBy,No,,,,
recelectroniclabresults,MessageId,No,,,,
recelectroniclabresults,processedResult,Yes,NOTES,,,
recelectroniclabresults,comments,Yes,NOTES,,,
recelectroniclabresults,ReviewerId,No,,,,
recelectroniclabresults,actiontaken,No,,,,
recelectroniclabresults,ModifiedDateTime,Yes,MASK,ModifiedDateTime,,
recelectroniclabresults,facilityId,No,,,,
raceothers,Id,No,,,,
raceothers,pid,Yes,PATIENT_ID,,,
raceothers,name,No,,,,
raceothers,code,No,,,,
race_codes,Id,No,,,,
race_codes,Code,No,,,,
race_codes,NAME,No,,,,
race_codes,CDCRace,No,,,,
race_codes,Favorite,No,,,,
race_codes,UIFlag,No,,,,
race,Id,No,,,,
race,Race,No,,,,
questionnairemaster,Id,No,,,,
questionnairemaster,NAME,No,,,,
questionnairemaster,description,No,,,,
questionnairemaster,TYPE,No,,,,
questionnairemaster,noOfPages,No,,,,
questionnairemaster,delFlag,No,,,,
questionnairemaster,responseCount,No,,,,
questionnairemaster,createdBy,No,,,,
questionnairemaster,createdDateTime,No,,,,
questionnairemaster,modifiedBy,No,,,,
questionnairemaster,modifiedDateTime,No,,,,
questionnairemaster,webSync,No,,,,
questionnairemaster,deletedBy,No,,,,
questionnairemaster,deletedDateTime,No,,,,
questionnairemaster,genderid,No,,,,
questionnairemaster,frommonth,No,,,,
questionnairemaster,tomonth,No,,,,
questionnairemaster,fromyear,No,,,,
questionnairemaster,toyear,No,,,,
questionnaireformdesign,Id,No,,,,
questionnaireformdesign,SeqNo,No,,,,
questionnaireformdesign,PageNum,No,,,,
questionnaireformdesign,MainCatSeqNo,No,,,,
questionnaireformdesign,MainCategory,No,,,,
questionnaireformdesign,SubCategory,No,,,,
questionnaireformdesign,ItemValues,No,,,,
questionnaireformdesign,ItemValueType,No,,,,
questionnaireformdesign,LinkedItemId,No,,,,
questionnaireformdesign,LinkedItemName,No,,,,
questionnaireformdesign,LinkedCatId,No,,,,
questionnaireformdesign,doctype,No,,,,
questionnaireformdesign,ScoreValues,No,,,,
questionnaireformdesign,delflag,No,,,,
questionnaireformdesign,StructId,No,,,,
questionnaireformdesign,StructType,No,,,,
questionnaireformdesign,NodeLevel,No,,,,
questionnaireformdesign,ParentId,No,,,,
questionnaireformdesign,TriggerFlag,No,,,,
questionnaireformdesign,MultiSelect,No,,,,
questionnaireformdesign,ItemValueIds,No,,,,
questionnaireformdesign,isDefault,No,,,,
questionnaireformdesign,isQuestNew,No,,,,
questionnaireformdesign,websync,No,,,,
questionnaireformdesign,isMandatory,No,,,,
questionnaireformdesign,TYPE,No,,,,
questionnairedata,id,No,,,,
questionnairedata,DocName,No,,,,
questionnairedata,value,Yes,NOTES,,,
questionnairedata,pagenum,No,,,,
questionnairedata,dataImported,No,,,,
questionnairedata,tempuid,No,,,,
questionnairedata,dtStatusChanged,Yes,DATE_OFFSET,,,
questionnairedata,encId,Yes,ENCOUNTER_ID,,,
questionnairedata,completed,No,,,,
questionnairedata,lastSubmittedQuestion,No,,,,
questionnairedata,uploadDateTime,Yes,DATE_OFFSET,,,
questionnairedata,source,No,,,,
questionnairedata,logTimeStamp,Yes,DATE_OFFSET,,,
questionnairedata,importedBy,No,,,,
questionnairedata,dtimported,Yes,DATE_OFFSET,,,
questionnairedata,actionTaken,No,,,,
questionnairedata,proxyuid,Yes,PATIENT_ID,,,
questionnairedata,ptSubmitTimestamp,Yes,DATE_OFFSET,,,
questionnairedata,msgguid,No,,,,
questionnairedata,questType,No,,,,
questionnairecategories,CatId,No,,,,
questionnairecategories,CatName,No,,,,
questionnairecategories,SeqNo,No,,,,
questionnairecategories,questType,No,,,,
questcodes,Code,No,,,,
questcodes,ABN,No,,,,
questcodes,Frozen,No,,,,
questcodes,CPTCode,No,,,,
questaoeans,QsId,No,,,,
questaoeans,reportId,No,,,,
questaoeans,answer,Yes,NOTES,,,
questaoeans,Answercode,No,,,,
questaoeans,AnsweredBy,No,,,,
questaoeans,AnsweredDate,Yes,DATE_OFFSET,,,
questaoeans,AnsweredTime,No,,,,
questaoeans,labId,No,,,,
ptspecificalert,Id,No,,,,
ptspecificalert,patientId,Yes,PATIENT_ID,,,
ptspecificalert,ItemId,No,,,,
ptspecificalert,Name,Yes,NOTES,,,
ptspecificalert,endDt,Yes,DATE_OFFSET,,,
ptspecificalert,frequency,No,,,,
ptspecificalert,freqFlag,No,,,,
ptspecificalert,alertType,No,,,,
ptspecificalert,ProviderId,No,,,,
ptspecificalert,ProviderName,No,,,,
ptspecificalert,IsRecurrent,No,,,,
ptspecificalert,Recurrencefrequency,No,,,,
ptspecificalert,RecurrenceFreqFlag,No,,,,
ptspecificalert,additionalitems,No,,,,
ptspecificalert,alert_description,No,,,,
ptspecificalert,orderSetEncId,Yes,ENCOUNTER_ID,,,
ptspecificalert,orderSetsMeasureId,No,,,,
psac_break_glass,id,No,,,,
psac_break_glass,staffid,No,,,,
psac_break_glass,patientid,Yes,PATIENT_ID,,,
psac_break_glass,encounterid,Yes,ENCOUNTER_ID,,,
psac_break_glass,reason,Yes,NOTES,,,
psac_break_glass,accessingdate,Yes,DATE_OFFSET,,,
psac_break_glass,status,No,,,,
psac_break_glass,userLogId,No,,,,
psac_break_glass,isTempAccess,No,,,,
providermobilesettings,id,No,,,,
providermobilesettings,MsgTypeId,No,,,,
providermobilesettings,providerid,No,,,,
providermobilesettings,fieldvalue,No,,,,
providermobilesettings,datemodified,No,,,,
providermobilesettings,portalsync,No,,,,
propertydetail,propid,No,,,,
propertydetail,value,No,,,,
propertydetail,pdetailID,No,,,,
propertydetail,displayIndex,No,,,,
propertydetail,defaultFlag,No,,,,
propertydetail,deleteFlag,No,,,,
propertydetail,vmid,Yes,MASK,vmid,,
propertydetail,color,No,,,,
propertydetail,bold,No,,,,
propertydetail,underline,No,,,,
programtype,id,No,,,,
programtype,TYPE,No,,,,
proceduredetail,Id,No,,,,
proceduredetail,itemID,No,,,,
proceduredetail,value,No,,,,
proceduredetail,displayIndex,No,,,,
proceduredetail,defaultFlag,No,,,,
proceduredetail,deleteFlag,No,,,,
proceduredetail,COLOR,No,,,,
proceduredetail,BOLD,No,,,,
proceduredetail,UNDERLINE,No,,,,
proccommunityitems,ProcID,No,,,,
proccommunityitems,ProcName,No,,,,
proccommunityitems,ProcType,No,,,,
proccommunityitems,DeleteFlag,No,,,,
proccommunityitems,CPTCode,No,,,,
problemlist,patientId,Yes,PATIENT_ID,,,
problemlist,encounterId,Yes,ENCOUNTER_ID,,,
problemlist,asmtId,No,,,,
problemlist,specify,Yes,NOTES,,,
problemlist,notes,Yes,NOTES,,,
problemlist,deleteFlag,No,,,,
problemlist,onsetdate,Yes,DATE_OFFSET,,,
problemlist,userid,No,,,,
problemlist,logdate,Yes,DATE_OFFSET,,,
problemlist,inactiveFlag,No,,,,
problemlist,WUStatus,No,,,,
problemlist,condition,No,,,,
problemlist,SlNo,No,,,,
problemlist,displayIndex,No,,,,
problemlist,Risk,No,,,,
problemlist,AddedDate,Yes,DATE_OFFSET,,,
problemlist,problemtype,No,,,,
problemlist,Resolved,No,,,,
problemlist,resolvedon,Yes,DATE_OFFSET,,,
problemlist,SNOMED,No,,,,
problemlist,SNOMEDDesc,No,,,,
problemlist,SNOMEDDescID,No,,,,
problemlist,synonymid,No,,,,
prisma_vital_values,id,No,,,,
prisma_vital_values,vitalBatchId,Yes,NOTES,,,
prisma_vital_values,vitalId,No,,,,
prisma_vital_values,vitalSignCode,No,,,,
prisma_vital_values,vitalSign,No,,,,
prisma_vital_values,vitalvalue,No,,,,
prisma_vital_values,vitalUnit,No,,,,
prisma_vital_values,valueText,No,,,,
prisma_vital_values,measurementTime,Yes,DATE_OFFSET,,,
prisma_vital_values,interpretationCode,No,,,,
prisma_vital_values,interpretation,No,,,,
prisma_vital_values,authorId,No,,,,
prisma_vital_values,authorName,No,,,,
prisma_vital_values,authorAddressLine1,Yes,MASK,authorAddressLine1,,
prisma_vital_values,authorAddressLine2,Yes,MASK,authorAddressLine2,,
prisma_vital_values,authorCity,Yes,MASK,authorCity,,
prisma_vital_values,authorState,No,,,,
prisma_vital_values,authorPostalCode,Yes,ZIP_CODE,,,
prisma_vital_values,authorCountry,No,,,,
prisma_vital_values,isException,No,,,,
prisma_vital_values,exceptionMessage,No,,,,
prisma_vital_values,sourcePriority,No,,,,
prisma_vital_values,codeSystemPriority,No,,,,
prisma_vital_values,duplicatedBy,No,,,,
prisma_vital_values,status,No,,,,
prisma_vital_values,noteTxt,Yes,NOTES,,,
prisma_vital_values,issuedDateTime,Yes,DATE_OFFSET,,,
prisma_vital_values,endDateTime,Yes,DATE_OFFSET,,,
prisma_vital_values,encounterId,Yes,ENCOUNTER_ID,,,
prisma_vital_values,practitionerId,No,,,,
prisma_vital_values,standardVitalSign,No,,,,
prisma_socialhistory_details,id,No,,,,
prisma_socialhistory_details,sectionId,No,,,,
prisma_socialhistory_details,obsId,Yes,NOTES,,,
prisma_socialhistory_details,categoryname,No,,,,
prisma_socialhistory_details,starttime,Yes,DATE_OFFSET,,,
prisma_socialhistory_details,endtime,Yes,DATE_OFFSET,,,
prisma_socialhistory_details,code,No,,,,
prisma_socialhistory_details,codename,Yes,NOTES,,,
prisma_socialhistory_details,value,Yes,NOTES,,,
prisma_socialhistory_details,valuename,Yes,NOTES,,,
prisma_socialhistory_details,valuetype,No,,,,
prisma_socialhistory_details,unit,No,,,,
prisma_socialhistory_details,codeSystem,Yes,MASK,codeSystem,,
prisma_socialhistory_details,valueCodeSystem,Yes,MASK,valueCodeSystem,,
prisma_socialhistory_details,externalSystemId,Yes,MASK,externalSystemId,,
prisma_socialhistory_details,status,No,,,,
prisma_socialhistory_details,issuedDate,Yes,DATE_OFFSET,,,
prisma_socialhistory_details,encounterId,Yes,ENCOUNTER_ID,,,
prisma_socialhistory_details,isException,No,,,,
prisma_socialhistory_details,exceptionMessage,No,,,,
prisma_socialhistory_details,sourcePriority,No,,,,
prisma_socialhistory_details,codeSystemPriority,No,,,,
prisma_socialhistory_details,duplicatedBy,No,,,,
prisma_providers,id,No,,,,
prisma_providers,name,No,,,,
prisma_providers,speciality,No,,,,
prisma_providers,npi,No,,,,
prisma_providers,providerType,No,,,,
prisma_providers,addressLine1,Yes,MASK,addressLine1,,
prisma_providers,addressLine2,Yes,MASK,addressLine2,,
prisma_providers,addressCity,Yes,MASK,addressCity,,
prisma_providers,addressState,No,,,,
prisma_providers,addressCountry,No,,,,
prisma_providers,addressPostalCode,Yes,ZIP_CODE,,,
prisma_providers,createdDate,No,,,,
prisma_providers,deleteFlag,No,,,,
prisma_providers,prismaEncounterId,Yes,MASK,prismaEncounterId,,
prisma_procedure_observation,id,No,,,,
prisma_procedure_observation,procedureDetailId,No,,,,
prisma_procedure_observation,procedureObsId,No,,,,
prisma_procedure_observation,procedureValue,No,,,,
prisma_procedure_observation,status,No,,,,
prisma_procedure_observation,valueCode,No,,,,
prisma_procedure_observation,valueName,No,,,,
prisma_procedure_details,id,No,,,,
prisma_procedure_details,sectionId,No,,,,
prisma_procedure_details,procedureId,No,,,,
prisma_procedure_details,codeid,No,,,,
prisma_procedure_details,codeValue,No,,,,
prisma_procedure_details,statusCode,No,,,,
prisma_procedure_details,recordedDate,No,,,,
prisma_procedure_details,TargetSiteCode,No,,,,
prisma_procedure_details,TargetSiteValue,No,,,,
prisma_procedure_details,deviceCode,No,,,,
prisma_procedure_details,deviceName,No,,,,
prisma_procedure_details,referenceText,No,,,,
prisma_procedure_details,authorId,No,,,,
prisma_procedure_details,authorName,No,,,,
prisma_procedure_details,outcome,No,,,,
prisma_procedure_details,procedureCode,No,,,,
prisma_procedure_details,procedureCodingSystem,No,,,,
prisma_procedure_details,encounterReference,No,,,,
prisma_procedure_details,isException,No,,,,
prisma_procedure_details,exceptionMessage,No,,,,
prisma_procedure_details,sourcePriority,No,,,,
prisma_procedure_details,codeSystemPriority,No,,,,
prisma_procedure_details,duplicatedBy,No,,,,
prisma_patient_data,id,No,,,,
prisma_patient_data,sectionId,No,,,,
prisma_patient_data,patientId,Yes,PATIENT_ID,,,
prisma_patient_data,firstName,Yes,MASK,firstName,,
prisma_patient_data,lastName,Yes,MASK,lastName,,
prisma_patient_data,middleName,Yes,MASK,middleName,,
prisma_patient_data,previousName,Yes,MASK,previousName,,
prisma_patient_data,suffix,Yes,MASK,suffix,,
prisma_patient_data,dateOfBirth,Yes,PATIENT_DOB,,,
prisma_patient_data,dateOfDeath,Yes,DATE_OFFSET,,,
prisma_patient_data,raceCodes,No,,,,
prisma_patient_data,raceName,No,,,,
prisma_patient_data,genderCode,No,,,,
prisma_patient_data,genderName,No,,,,
prisma_patient_data,maritalStatusCode,No,,,,
prisma_patient_data,maritalStatusName,No,,,,
prisma_patient_data,ethnicityCode,No,,,,
prisma_patient_data,ethnicityName,No,,,,
prisma_patient_data,religiousAffiliationCode,No,,,,
prisma_patient_data,religiousAffiliationName,No,,,,
prisma_patient_data,sex,No,,,,
prisma_patient_data,birthPlace,No,,,,
prisma_patient_data,homephone,Yes,MASK,homephone,,
prisma_patient_data,workphone,Yes,MASK,workphone,,
prisma_patient_data,mobilephone,Yes,MASK,mobilephone,,
prisma_patient_data,fax,Yes,MASK,fax,,
prisma_patient_data,lastModifiedTime,Yes,DATE_OFFSET,,,
prisma_patient_data,patient_prefix,Yes,MASK,patient_prefix,,
prisma_patient_data,deceasedFlag,No,,,,
prisma_medication_details,id,No,,,,
prisma_medication_details,sectionId,No,,,,
prisma_medication_details,medicationName,No,,,,
prisma_medication_details,moodCode,No,,,,
prisma_medication_details,startDate,Yes,DATE_OFFSET,,,
prisma_medication_details,enddate,Yes,DATE_OFFSET,,,
prisma_medication_details,frequencyValue,No,,,,
prisma_medication_details,frequencyUnit,No,,,,
prisma_medication_details,operator,No,,,,
prisma_medication_details,institutionSpecified,No,,,,
prisma_medication_details,routeCode,No,,,,
prisma_medication_details,routeName,No,,,,
prisma_medication_details,siteCode,No,,,,
prisma_medication_details,siteName,No,,,,
prisma_medication_details,doseQuantity,No,,,,
prisma_medication_details,doseUnit,No,,,,
prisma_medication_details,rateQuantity,No,,,,
prisma_medication_details,rateUnit,No,,,,
prisma_medication_details,instruction,Yes,NOTES,,,
prisma_medication_details,ndcCode,No,,,,
prisma_medication_details,ndcName,No,,,,
prisma_medication_details,mfgCompany,No,,,,
prisma_medication_details,statusCode,No,,,,
prisma_medication_details,rxNormCode,No,,,,
prisma_medication_details,rxNormName,No,,,,
prisma_medication_details,isException,No,,,,
prisma_medication_details,productNameText,No,,,,
prisma_medication_details,titleMedsName,No,,,,
prisma_medication_details,strengthValue,No,,,,
prisma_medication_details,strengthFromText,No,,,,
prisma_medication_details,lastFill,No,,,,
prisma_medication_details,sourcePriority,No,,,,
prisma_medication_details,codeSystemPriority,No,,,,
prisma_medication_details,duplicatedBy,No,,,,
prisma_medication_details,exceptionMessage,No,,,,
prisma_medication_details,prescriberFName,No,,,,
prisma_medication_details,prescriberLName,No,,,,
prisma_medication_details,requesterId,No,,,,
prisma_labresult_details,id,No,,,,
prisma_labresult_details,sectionId,No,,,,
prisma_labresult_details,entryId,Yes,MASK,entryId,,
prisma_labresult_details,currentStatus,No,,,,
prisma_labresult_details,procedureActivityCode,No,,,,
prisma_labresult_details,procedureActivityCodeName,No,,,,
prisma_labresult_details,resultObtainedOn,Yes,DATE_OFFSET,,,
prisma_labresult_details,documentationTime,Yes,DATE_OFFSET,,,
prisma_labresult_details,organizationName,No,,,,
prisma_labresult_details,referenceText,No,,,,
prisma_labresult_details,collectionTime,Yes,DATE_OFFSET,,,
prisma_labresult_details,sourceSiteCode,No,,,,
prisma_labresult_details,sourceSiteName,No,,,,
prisma_labresult_details,entityCode,No,,,,
prisma_labresult_details,entityname,No,,,,
prisma_labresult_details,collectionEndTime,Yes,DATE_OFFSET,,,
prisma_labresult_details,reviewedTime,Yes,DATE_OFFSET,,,
prisma_labresult_details,externalEncounterId,Yes,ENCOUNTER_ID,,,
prisma_labresult_details,diagnosticReportId,No,,,,
prisma_immunization_details,id,No,,,,
prisma_immunization_details,sectionId,No,,,,
prisma_immunization_details,entryId,No,,,,
prisma_immunization_details,vaccineName,No,,,,
prisma_immunization_details,administrationTime,Yes,DATE_OFFSET,,,
prisma_immunization_details,statusCode,No,,,,
prisma_immunization_details,cvxCode,No,,,,
prisma_immunization_details,cvxName,No,,,,
prisma_immunization_details,routeCode,No,,,,
prisma_immunization_details,routeName,No,,,,
prisma_immunization_details,lotNumber,No,,,,
prisma_immunization_details,manufacturedOrgName,No,,,,
prisma_immunization_details,rejectionReasonCode,No,,,,
prisma_immunization_details,rejectionReason,No,,,,
prisma_immunization_details,productNameCodingSystem,No,,,,
prisma_immunization_details,productNameCodeVersion,No,,,,
prisma_immunization_details,productNameCodeValue,No,,,,
prisma_immunization_details,productNameCvxCodingSystem,No,,,,
prisma_immunization_details,productNameCvxCodeVersion,No,,,,
prisma_immunization_details,productNameBrandName,No,,,,
prisma_immunization_details,notAdminReasonOther,No,,,,
prisma_immunization_details,notAdminReasonDescription,No,,,,
prisma_immunization_details,notAdminReasonCodingSystem,No,,,,
prisma_immunization_details,notAdminReasonCoding,No,,,,
prisma_immunization_details,sourcePriority,No,,,,
prisma_immunization_details,codeSystemPriority,No,,,,
prisma_immunization_details,duplicatedBy,No,,,,
prisma_immunization_details,statusReason,No,,,,
prisma_immunization_details,statusReasonText,No,,,,
prisma_immunization_details,administrationTimeString,No,,,,
prisma_immunization_details,doseQuantityValue,No,,,,
prisma_immunization_details,doseQuantityUnit,No,,,,
prisma_immunization_details,encounterId,Yes,ENCOUNTER_ID,,,
prisma_immunization_details,expirationDate,Yes,DATE_OFFSET,,,
prisma_immunization_details,additionalNotes,Yes,NOTES,,,
prisma_immunization_details,siteCode,No,,,,
prisma_immunization_details,siteSystem,No,,,,
prisma_immunization_details,siteDisplay,No,,,,
prisma_immunization_details,isException,No,,,,
prisma_immunization_details,exceptionMessage,No,,,,
prisma_encounters,id,No,,,,
prisma_encounters,recordId,No,,,,
prisma_encounters,serviceDate,Yes,DATE_OFFSET,,,
prisma_encounters,serviceDateType,No,,,,
prisma_encounters,admissionDate,Yes,DATE_OFFSET,,,
prisma_encounters,dischargeDate,Yes,DATE_OFFSET,,,
prisma_encounters,titleId,No,,,,
prisma_encounters,source,Yes,MASK,source,,
prisma_encounters,sourceAddress,Yes,MASK,sourceAddress,,
prisma_encounters,facilityName,Yes,MASK,facilityName,,
prisma_encounters,facilityAddress,Yes,MASK,facilityAddress,,
prisma_encounters,subTitle,Yes,NOTES,,,
prisma_encounters,principalDiagnosis,No,,,,
prisma_encounters,deleteFlag,No,,,,
prisma_encounters,xslId,No,,,,
prisma_encounters,sectionOrder,No,,,,
prisma_encounters,reasonForAppt,Yes,NOTES,,,
prisma_encounters,recordType,No,,,,
prisma_encounters,sourceRecordType,No,,,,
prisma_encounters,encType,No,,,,
prisma_encounters,admittingProvider,No,,,,
prisma_encounters,appointmentProvider,No,,,,
prisma_encounters,isException,No,,,,
prisma_encounters,exceptionMessage,No,,,,
prisma_encounters,duplicatedBy,No,,,,
prisma_encounters,pid,Yes,PATIENT_ID,,,
prisma_encounters,documentName,No,,,,
prisma_encounters,documentPath,Yes,NOTES,,,
prisma_encounter_reason,id,No,,,,
prisma_encounter_reason,encounterDetailId,Yes,MASK,encounterDetailId,,
prisma_encounter_reason,reasonTypeCode,No,,,,
prisma_encounter_reason,reasonType,No,,,,
prisma_encounter_reason,date,No,,,,
prisma_encounter_reason,reasonCode,No,,,,
prisma_encounter_reason,reasonName,No,,,,
prisma_encounter_reason,reasonTypeSystem,Yes,MASK,reasonTypeSystem,,
prisma_encounter_reason,reasonTypeText,No,,,,
prisma_encounter_reason,reasonReferenceCode,No,,,,
prisma_encounter_reason,reasonReferenceDisplay,No,,,,
prisma_encounter_problem,id,No,,,,
prisma_encounter_problem,encounterDetailId,Yes,MASK,encounterDetailId,,
prisma_encounter_problem,problemTypeCode,No,,,,
prisma_encounter_problem,problemType,No,,,,
prisma_encounter_problem,problemCode,No,,,,
prisma_encounter_problem,problemname,No,,,,
prisma_encounter_problem,problemText,No,,,,
prisma_encounter_problem,authorId,Yes,MASK,authorId,,
prisma_encounter_problem,authorName,Yes,MASK,authorName,,
prisma_encounter_problem,diagnosisConditionReference,No,,,,
prisma_encounter_problem,diagnosisConditionDisplay,No,,,,
prisma_allergy_reaction,id,No,,,,
prisma_allergy_reaction,allergyId,No,,,,
prisma_allergy_reaction,reactionCode,No,,,,
prisma_allergy_reaction,reactionName,No,,,,
prisma_allergy_reaction,reactionText,No,,,,
prisma_allergy_reaction,severityCode,No,,,,
prisma_allergy_reaction,severityname,No,,,,
prisma_allergy_reaction,severityText,No,,,,
prisma_allergy_reaction,sourcePriority,No,,,,
prisma_allergy_reaction,codeSystemPriority,No,,,,
prisma_allergy_reaction,duplicatedBy,No,,,,
prisma_allergy_reaction,allergen,No,,,,
prisma_allergy_reaction,isException,No,,,,
prisma_allergy_reaction,exceptionMessage,No,,,,
prisma_allergy_details,id,No,,,,
prisma_allergy_details,sectionId,No,,,,
prisma_allergy_details,entryId,No,,,,
prisma_allergy_details,allergen,No,,,,
prisma_allergy_details,moodCode,No,,,,
prisma_allergy_details,statusCode,No,,,,
prisma_allergy_details,recordedDate,Yes,DATE_OFFSET,,,
prisma_allergy_details,allergyTypeCode,No,,,,
prisma_allergy_details,allergyType,No,,,,
prisma_allergy_details,rxNormCode,No,,,,
prisma_allergy_details,rxNormName,No,,,,
prisma_allergy_details,comments,Yes,NOTES,,,
prisma_allergy_details,isException,No,,,,
prisma_allergy_details,allergyReactionType,No,,,,
prisma_allergy_details,allergyCodingSystem,No,,,,
prisma_allergy_details,verificationStatusCode,No,,,,
prisma_allergy_details,verificationStatusDisplay,No,,,,
prisma_allergy_details,clinicalStatusDisplay,No,,,,
prisma_allergy_details,allergyIntoleranceCriticality,No,,,,
prisma_allergy_details,onsetDate,Yes,DATE_OFFSET,,,
prisma_allergy_details,onsetEndDate,Yes,DATE_OFFSET,,,
prisma_allergy_details,allergenCode,No,,,,
prisma_allergy_details,allergenName,No,,,,
prisma_allergy_details,encounterId,Yes,ENCOUNTER_ID,,,
prisma_allergy_details,recorderId,No,,,,
pqrs_numerator_migrate,id,No,,,,
pqrs_numerator_migrate,measureId,No,,,,
pqrs_numerator_migrate,measureReports,No,,,,
pqrs_numerator_migrate,CPTCode,No,,,,
pqrs_numerator_migrate,delFlag,No,,,,
pqrs_numerator,id,No,,,,
pqrs_numerator,measureId,No,,,,
pqrs_numerator,measureReports,No,,,,
pqrs_numerator,CPTCode,No,,,,
pqrs_numerator,delFlag,No,,,,
pqri_reports_migrate,MeasureId,No,,,,
pqri_reports_migrate,MeasureReports,No,,,,
pqri_reports_migrate,CPTCode,No,,,,
pqri_reports_migrate,MODIFIER,No,,,,
pqri_reports_migrate,delFlag,No,,,,
pqri_reports_migrate,Id,No,,,,
pqri_reports,id,No,,,,
pqri_reports,MeasureId,No,,,,
pqri_reports,MeasureReports,No,,,,
pqri_reports,CPTCode,No,,,,
pqri_reports,MODIFIER,No,,,,
pqri_reports,delFlag,No,,,,
pqri_migrate,MeasureId,No,,,,
pqri_migrate,MeasureName,No,,,,
pqri_migrate,ICDCodes,No,,,,
pqri_migrate,CPTcodes,No,,,,
pqri_migrate,AgeLimit,No,,,,
pqri_migrate,Sex,No,,,,
pqri_migrate,Numerator,No,,,,
pqri_migrate,Active,No,,,,
pqri_migrate,Pos,No,,,,
pqri_migrate,ICDexclusion,No,,,,
pqri_migrate,Id,No,,,,
pqri_migrate,ActivePt,No,,,,
pqri_migrate,ActivePtPvdr,No,,,,
pqri,Id,No,,,,
pqri,MeasureId,No,,,,
pqri,MeasureName,No,,,,
pqri,ICDCodes,No,,,,
pqri,CPTcodes,No,,,,
pqri,AgeLimit,No,,,,
pqri,Sex,No,,,,
pqri,Numerator,No,,,,
pqri,Active,No,,,,
pqri,Pos,No,,,,
pqri,ICDexclusion,No,,,,
pqri,ActivePt,No,,,,
pqri,ActivePtPvdr,No,,,,
pnsections,sectionid,No,,,,
pnsections,name,No,,,,
pnsections,displayindex,No,,,,
pnsections,displayname,No,,,,
pnsections,regular,No,,,,
pnsections,physical,No,,,,
pnsections,obgyn,No,,,,
pnsections,physicaltherapy,No,,,,
pnsections,careplan,No,,,,
pnsections,caremgmt,No,,,,
pnsections,vision,No,,,,
pnsections,xslnodename,No,,,,
pnsections,interventions,No,,,,
pnsections,dataAssessmentPlan,No,,,,
pmorders,MessageId,No,,,,
pmorders,PMId,No,,,,
pmorders,MessageContent,Yes,NOTES,,,
pmorders,MessageStatus,No,,,,
pmorders,TransmittedOn,Yes,DATE_OFFSET,,,
pmorders,patientid,Yes,PATIENT_ID,,,
pmorders,encounterid,Yes,ENCOUNTER_ID,,,
pmorders,WSResponse,No,,,,
pmorders,UpdatedBy,No,,,,
pmorders,messagetype,No,,,,
pmorders,dateModified,Yes,DATE_OFFSET,,,
pmorders,patlogid,No,,,,
pmorders,AckReceived,Yes,NOTES,,,
pmorders,ptspecificAlertId,No,,,,
pmorders,HubOrderId,No,,,,
pmorders,ErrorMessage,No,,,,
pmorders,retrycnt,No,,,,
pmorders,ackMessage,No,,,,
pmdbrptcodes,id,No,,,,
pmdbrptcodes,ServiceCategory,No,,,,
pmdbrptcodes,codes,No,,,,
pmdbrptcodes,Category,No,,,,
pmdbrptcodes,CategorySecondary,No,,,,
pmdbrptcodes,deleteFlag,No,,,,
pmdbrptcodes,modules,No,,,,
pldualdiagnosis,id,No,,,,
pldualdiagnosis,deleteflag,No,,,,
pldualdiagnosis,itemid,No,,,,
pldualdiagnosis,icd9itemid,No,,,,
pldualdiagnosis,icd9code,No,,,,
pldualdiagnosis,icd9desc,No,,,,
pldualdiagnosis,icd10itemid,No,,,,
pldualdiagnosis,icd10code,No,,,,
pldualdiagnosis,icd10desc,No,,,,
pldualdiagnosis,patientid,Yes,PATIENT_ID,,,
pldualdiagnosis,originalslno,No,,,,
physicalexamdetail,Id,No,,,,
physicalexamdetail,itemID,No,,,,
physicalexamdetail,value,No,,,,
physicalexamdetail,displayIndex,No,,,,
physicalexamdetail,defaultFlag,No,,,,
physicalexamdetail,deleteFlag,No,,,,
physicalexamdetail,color,No,,,,
physicalexamdetail,bold,No,,,,
physicalexamdetail,underline,No,,,,
physicalexamconfiguration,id,No,,,,
physicalexamconfiguration,ItemId,No,,,,
physicalexamconfiguration,ICDItemId,No,,,,
physicalexamconfiguration,ShortDesc,No,,,,
physicalexamconfiguration,keyName,No,,,,
physicalexam,encounterID,Yes,ENCOUNTER_ID,,,
physicalexam,catID,No,,,,
physicalexam,itemID,No,,,,
physicalexam,propID,No,,,,
physicalexam,value,Yes,NOTES,,,
physicalexam,value2,Yes,NOTES,,,
physicalexam,displayIndex,No,,,,
phm_measures_list,id,No,,,,
phm_measures_list,dictionary_id,No,,,,
phm_measures_list,Measure_Id,No,,,,
phm_measures_list,Measure_Description,No,,,,
phm_measures_list,Measure_Category,No,,,,
phm_measures_list,deleteFlag,No,,,,
phm_measures_list,modifieddate,No,,,,
phm_measures_list,VERSION,No,,,,
phm_cpt_codes_priority,id,No,,,,
phm_cpt_codes_priority,rpm_cpt_code,No,,,,
phm_cpt_codes_priority,ccm_cpo_cpt_code,No,,,,
phm_cpt_codes_priority,priorityOrder,No,,,,
phm_cpt_codes_priority,isActive,No,,,,
phm_cpt_codes_priority,deleteFlag,No,,,,
phm_cpt_codes_priority,modifiedBy,No,,,,
phm_cpt_codes_priority,modifiedDatetime,No,,,,
pe_muscular_items,id,No,,,,
pe_muscular_items,itemName,No,,,,
pe_muscular_items,Value,No,,,,
pe_muscular_items,Description,No,,,,
pe_muscular_items,DispIndex,No,,,,
pe_muscular_exam_items,id,No,,,,
pe_muscular_exam_items,groupid,No,,,,
pe_muscular_exam_items,groupcategory,No,,,,
pe_muscular_exam_items,value,No,,,,
pe_muscular_exam_items,description,No,,,,
pe_muscular_exam_items,DispIndex,No,,,,
pe_muscular_exam_items,deleteflag,No,,,,
pe_muscular,encid,Yes,ENCOUNTER_ID,,,
pe_muscular,value,Yes,NOTES,,,
pe_muscular,dispval,Yes,NOTES,,,
pe_muscular,timestamp,Yes,DATE_OFFSET,,,
patients_cca,uid,No,,,,
patients_cca,urefid,Yes,PATIENT_ID,,,
patients_cca,ufname,Yes,MASK,ufname,,
patients_cca,uminitial,Yes,MASK,uminitial,,
patients_cca,ulname,Yes,MASK,ulname,,
patients_cca,uemail,Yes,MASK,uemail,,
patients_cca,upPhone,Yes,MASK,upPhone,,
patients_cca,ptDob,Yes,DATE_OFFSET,,,
patients_cca,sex,No,,,,
patients_cca,vmid,Yes,NOTES,,,
patients_cca,RegistrationDate,Yes,DATE_OFFSET,,,
patients_cca,ccomplaints,Yes,NOTES,,,
patients_cca,ptsentto,No,,,,
patients_cca,reason,No,,,,
patientpharmacylist,id,No,,,,
patientpharmacylist,PatientId,Yes,PATIENT_ID,,,
patientpharmacylist,PharmacyId,Yes,MASK,PharmacyId,,
patientpharmacylist,IsPrimary,No,,,,
patientpharmacylist,DisplayIndex,No,,,,
patientinfo,pid,Yes,PATIENT_ID,,,
patientinfo,birthOrder,No,,,,
patientinfo,advdirective,No,,,,
patientinfo,RegistryEnabled,No,,,,
patientinfo,deceaseddate,Yes,DATE_OFFSET,,,
patientinfo,registryenableddate,Yes,DATE_OFFSET,,,
patientinfo,inactivedate,Yes,DATE_OFFSET,,,
patientinfo,ImmConsent,No,,,,
patientinfo,FinanceChrgAddedDate,Yes,DATE_OFFSET,,,
patientinfo,IgnoreFinanceChrg,No,,,,
patientinfo,pcpStartDate,Yes,DATE_OFFSET,,,
patientinfo,createdbymobile,No,,,,
patientinfo,datemobilecreated,Yes,DATE_OFFSET,,,
patientinfo,homemsgtype,No,,,,
patientinfo,cellmsgtype,No,,,,
patientinfo,workmsgtype,No,,,,
patientinfo,createdby,No,,,,
patientinfo,publicityCode,No,,,,
patientinfo,PublicityCode_UpdatedTime,No,,,,
patientinfo,phytherapynotes,Yes,NOTES,,,
patientinfo,ssnReason,No,,,,
patientinfo,ssnReasonNotes,Yes,NOTES,,,
pama_cpt,id,No,,,,
pama_cpt,cptCode,No,,,,
pama_cpt,deleteflag,No,,,,
ordersettemplates,Id,No,,,,
ordersettemplates,TemplateEncId,Yes,ENCOUNTER_ID,,,
ordersettemplates,OrderSetEncId,Yes,ENCOUNTER_ID,,,
ordersets,Id,No,,,,
ordersets,Description,No,,,,
ordersets,NYCIndicator,No,,,,
ordersets,UserId,No,,,,
ordersets,EncounterId,Yes,ENCOUNTER_ID,,,
ordersets,deleteFlag,No,,,,
ordersets,Measure,No,,,,
ordersets,QuickOrderSet,No,,,,
ordersets,CommunityEncID,No,,,,
ordersets,CreatedByCommunityAdmin,No,,,,
ordersets,GUID,No,,,,
ordersets,modifiedTime,Yes,DATE_OFFSET,,,
ordersets,servermodifiedTime,Yes,DATE_OFFSET,,,
ordersets,categoryConfig,No,,,,
ordersetprocedure,Id,No,,,,
ordersetprocedure,ItemId,No,,,,
ordersetprocedure,OrderSetEncId,Yes,ENCOUNTER_ID,,,
ordersetprocedure,deleteFlag,No,,,,
ordersetprocedure,CommunityID,No,,,,
ordersetprocedure,displayindex,No,,,,
ordersetprocedure,frequency,No,,,,
ordersetprocedure,duration,Yes,DATE_OFFSET,,,
ordersetprocedure,futureFlag,No,,,,
ordersetnotes,Id,No,,,,
ordersetnotes,GenericNotesHTML,Yes,NOTES,,,
ordersetnotes,OrderSetEncId,Yes,ENCOUNTER_ID,,,
ordersetnotes,deleteflag,No,,,,
ordersetmessage,Id,No,,,,
ordersetmessage,Message,Yes,NOTES,,,
ordersetmessage,OrderSetEncId,Yes,ENCOUNTER_ID,,,
ordersetmessage,deleteFlag,No,,,,
ordersetlinkeddiagnoses,Id,No,,,,
ordersetlinkeddiagnoses,ItemId,No,,,,
ordersetlinkeddiagnoses,AsmtCode,No,,,,
ordersetlinkeddiagnoses,OrderSetEncId,Yes,ENCOUNTER_ID,,,
ordersetlinkeddiagnoses,deleteFlag,No,,,,
ordersetlinkeddiagnoses,CommunityID,No,,,,
ordersetimmunization,Id,No,,,,
ordersetimmunization,ItemId,No,,,,
ordersetimmunization,OrderSetEncId,Yes,ENCOUNTER_ID,,,
ordersetimmunization,CommunityID,No,,,,
ordersetimmunization,Dose,No,,,,
ordersetimmunization,deleteFlag,No,,,,
ordersetimmunization,displayindex,No,,,,
ordersetimmunization,ImmOrInj,No,,,,
ordersetappts,Id,No,,,,
ordersetappts,FollowUpDuration,Yes,NOTES,,,
ordersetappts,OrderSetEncId,Yes,ENCOUNTER_ID,,,
ordersetappts,deleteFlag,No,,,,
orderdocumentoptions,OptionDesc,No,,,,
orderdocumentoptions,OptionValue,No,,,,
orderdocumentoptions,displayIndex,No,,,,
orderdocumentoptions,deleteFlag,No,,,,
orderdocumentoptions,QuickOrderEnabled,No,,,,
opprocedures,encounterId,Yes,ENCOUNTER_ID,,,
opprocedures,PostOp,No,,,,
opprocedures,anesthesia,No,,,,
opprocedures,details,Yes,NOTES,,,
opprocedures,notes,Yes,NOTES,,,
opprocedures,AssistantID,No,,,,
opprocedures,Indications,No,,,,
opprocedures,Specimens,No,,,,
opprocedures,Complications,No,,,,
opprocedures,Findings,No,,,,
oldrxmain_mu_exclude,id,No,,,,
oldrxmain_mu_exclude,oldrxid,No,,,,
oldrxmain_mu_exclude,rxorderno,No,,,,
oldrxmain_mu_exclude,encounterid,Yes,ENCOUNTER_ID,,,
oldrxmain_mu_exclude,ptid,Yes,PATIENT_ID,,,
oldrxmain_mu_exclude,doctorid,No,,,,
oldrxmain_mu_exclude,recordcreatedby,No,,,,
oldrxmain_mu_exclude,lastmodified,Yes,DATE_OFFSET,,,
oldrxformularydetails,OldRxMainId,No,,,,
oldrxformularydetails,EncounterId,Yes,ENCOUNTER_ID,,,
oldrxformularydetails,NDCCode,No,,,,
oldrxformularydetails,MMDCode,No,,,,
oldrxformularydetails,SynonymId,No,,,,
oldrxformularydetails,BrandCode,No,,,,
oldrxformularydetails,GBO,No,,,,
oldrxformularydetails,FormularyStatus,No,,,,
oldrxformularydetails,FormularyId,No,,,,
oldrxformularydetails,PayerSourceName,No,,,,
occupation,id,No,,,,
occupation,occupationName,No,,,,
occupation,deleteFlag,No,,,,
occupation,isDriver,No,,,,
oa_enc_fu,encounterID,Yes,ENCOUNTER_ID,,,
oa_enc_fu,followupdate,Yes,DATE_OFFSET,,,
oa_enc_fu,PatientID,Yes,PATIENT_ID,,,
oa_enc_fu,doctorID,No,,,,
oa_enc_fu,date,Yes,DATE_OFFSET,,,
oa_enc_fu,facilityID,No,,,,
ntenppaclaimspeciality,id,No,,,,
ntenppaclaimspeciality,specilitycode,No,,,,
ntenppaclaimspeciality,specilitydesc,No,,,,
ntenppaclaimspeciality,deleteflag,No,,,,
nt_worksheet_list,Id,No,,,,
nt_worksheet_list,NAME,No,,,,
nt_worksheet_list,form_url,Yes,MASK,form_url,,
nt_worksheet_list,isWorksheet,No,,,,
nt_worksheet_list,deleteflag,No,,,,
nt_worksheet_list,docttype,No,,,,
nt_worksheet_list,displayindex,No,,,,
nt_worksheet_list,linkedids,No,,,,
nt_worksheet_list,default_name,No,,,,
nhxreferral,ReqId,No,,,,
nhxreferral,refFrom,No,,,,
nhxreferral,authNo,No,,,,
nhxreferral,authtype,No,,,,
nhxreferral,date,Yes,DATE_OFFSET,,,
nhxreferral,reason,Yes,NOTES,,,
nhxreferral,diagnosis,No,,,,
nhxreferral,refStDate,Yes,DATE_OFFSET,,,
nhxreferral,refEnddate,Yes,DATE_OFFSET,,,
nhxreferral,visitsAllowed,No,,,,
nhxreferral,visitsUsed,No,,,,
nhxreferral,RefTo,Yes,MASK,RefTo,,
nhxreferral,notes,Yes,NOTES,,,
nhxreferral,referralType,No,,,,
nhxreferral,priority,No,,,,
nhxreferral,assignedTo,No,,,,
nhxreferral,assignedToId,No,,,,
nhxreferral,status,No,,,,
nhxreferral,fromfacility,Yes,MASK,fromfacility,,
nhxreferral,ToFacility,Yes,MASK,ToFacility,,
nhxreferral,speciality,No,,,,
nhxreferral,ReferralNumber,Yes,MASK,ReferralNumber,,
nhxreferral,clinicalNotes,Yes,NOTES,,,
nhxreferral,refEncId,Yes,ENCOUNTER_ID,,,
nhxreferral,extRefId,No,,,,
nhxreferral,apptdate,Yes,DATE_OFFSET,,,
nhxreferral,ReceivedDate,Yes,DATE_OFFSET,,,
nhxreferral,procedures,No,,,,
nhxreferral,apptTime,Yes,DATE_OFFSET,,,
nhxreferral,referralXml,Yes,NOTES,,,
nhxreferral,nhxPatientId,Yes,PATIENT_ID,,,
nhxreferral,refFromP2pNPI,Yes,MASK,refFromP2pNPI,,
nhxreferral,Reffromname,Yes,MASK,Reffromname,,
nhxreferral,refToP2pNPI,Yes,MASK,refToP2pNPI,,
nhxreferral,Reftoname,Yes,MASK,Reftoname,,
nhxreferral,apuId,Yes,MASK,apuId,,
nhxreferral,srcregistrationid,No,,,,
nhxreferral,refCCP2PNPIs,Yes,MASK,refCCP2PNPIs,,
nhxreferral,Refccp2pnames,Yes,MASK,Refccp2pnames,,
nhxreferral,nhxMsgTxId,No,,,,
nhxreferral,requeststatus,No,,,,
nhxreferral,p2pDeliveryStatus,No,,,,
nhxreferral,referral360id,No,,,,
nhxpatient,Id,No,,,,
nhxpatient,nhxmpi,Yes,MASK,nhxmpi,,
nhxpatient,lastname,Yes,MASK,lastname,,
nhxpatient,firstname,Yes,MASK,firstname,,
nhxpatient,minitial,Yes,MASK,minitial,,
nhxpatient,sex,No,,,,
nhxpatient,dob,Yes,PATIENT_DOB,,,
nhxpatient,addressline1,Yes,MASK,addressline1,,
nhxpatient,addressline2,Yes,MASK,addressline2,,
nhxpatient,city,Yes,MASK,city,,
nhxpatient,state,No,,,,
nhxpatient,zipcode,Yes,ZIP_CODE,,,
nhxpatient,modifieddate,Yes,MASK,modifieddate,,
nhxpatient,localpid,Yes,PATIENT_ID,,,
nhxpatient,blockId,Yes,MASK,blockId,,
nhxpatient,hometel,Yes,MASK,hometel,,
nhxpatient,refReqId,No,,,,
nhxpatient,insname,Yes,MASK,insname,,
nhxpatient,insaddress,Yes,MASK,insaddress,,
nhxpatient,insaddress2,Yes,MASK,insaddress2,,
nhxpatient,inscity,Yes,MASK,inscity,,
nhxpatient,insstate,No,,,,
nhxpatient,inszip,Yes,MASK,inszip,,
nhxpatient,insphone,Yes,MASK,insphone,,
nhxpatient,subscriberNO,Yes,MASK,subscriberNO,,
nhxpatient,patienttype,No,,,,
nhxpatient,email,Yes,MASK,email,,
nhxpatient,LANGUAGE,No,,,,
nhxpatient,race,No,,,,
nhxpatient,ethnicity,No,,,,
nhxpatient,ethnicityCode,No,,,,
nhxpatient,umobileno,Yes,MASK,umobileno,,
nhxp2precordstatus,Id,No,,,,
nhxp2precordstatus,refid,Yes,MASK,refid,,
nhxp2precordstatus,msgTxId,No,,,,
nhxp2precordstatus,STATUS,No,,,,
nhxp2precordstatus,RecordType,No,,,,
nhxp2precordstatus,toPrName,Yes,MASK,toPrName,,
nhxp2precordstatus,modifiedDate,Yes,MASK,modifiedDate,,
nhxp2precordstatus,recipientReferralStatus,No,,,,
nhxp2precordstatus,ccrparsedtags,No,,,,
nhxp2precordstatus,ccrparsedtagvalues,No,,,,
nhxp2precordstatus,ccrparsedflag,No,,,,
nhxp2precordstatus,ccrparsedmiscinfo,Yes,MASK,ccrparsedmiscinfo,,
nhxp2precordstatus,txsenttimestamp,Yes,MASK,txsenttimestamp,,
nhxp2precordstatus,synccount,No,,,,
nhxp2precordstatus,PAMSSyncCount,No,,,,
nhxdoctors,Id,No,,,,
nhxdoctors,regp2pNPI,No,,,,
nhxdoctors,localdoctorId,No,,,,
nhxdoctors,doctorName,No,,,,
nhxdoctors,doctorXml,Yes,MASK,doctorXml,,
newptregistrationinfo,Id,No,,,,
newptregistrationinfo,lName,Yes,MASK,lName,,
newptregistrationinfo,fName,Yes,MASK,fName,,
newptregistrationinfo,mName,Yes,MASK,mName,,
newptregistrationinfo,gender,No,,,,
newptregistrationinfo,dob,Yes,DATE_OFFSET,,,
newptregistrationinfo,address1,Yes,MASK,address1,,
newptregistrationinfo,address2,Yes,MASK,address2,,
newptregistrationinfo,city,Yes,MASK,city,,
newptregistrationinfo,state,No,,,,
newptregistrationinfo,zip,Yes,ZIP_CODE,,,
newptregistrationinfo,email,Yes,MASK,email,,
newptregistrationinfo,hPhone,Yes,MASK,hPhone,,
newptregistrationinfo,cPhone,Yes,MASK,cPhone,,
newptregistrationinfo,wPhone,Yes,MASK,wPhone,,
newptregistrationinfo,mStatus,No,,,,
newptregistrationinfo,ssn,Yes,MASK,ssn,,
newptregistrationinfo,eName,Yes,MASK,eName,,
newptregistrationinfo,eAddress1,Yes,MASK,eAddress1,,
newptregistrationinfo,eAddress2,Yes,MASK,eAddress2,,
newptregistrationinfo,eCity,Yes,MASK,eCity,,
newptregistrationinfo,eState,No,,,,
newptregistrationinfo,eZip,Yes,ZIP_CODE,,,
newptregistrationinfo,eConFname,Yes,MASK,eConFname,,
newptregistrationinfo,eConLname,Yes,MASK,eConLname,,
newptregistrationinfo,eConRel,No,,,,
newptregistrationinfo,eConAddress1,Yes,MASK,eConAddress1,,
newptregistrationinfo,eConAddress2,Yes,MASK,eConAddress2,,
newptregistrationinfo,eConCity,Yes,MASK,eConCity,,
newptregistrationinfo,eConState,No,,,,
newptregistrationinfo,eConZip,Yes,ZIP_CODE,,,
newptregistrationinfo,eConhPhone,Yes,MASK,eConhPhone,,
newptregistrationinfo,eConwPhone,Yes,MASK,eConwPhone,,
newptregistrationinfo,pharmacy,Yes,MASK,pharmacy,,
newptregistrationinfo,websync,No,,,,
newptregistrationinfo,dtImported,Yes,DATE_OFFSET,,,
newptregistrationinfo,dtFilled,Yes,DATE_OFFSET,,,
newptregistrationinfo,timeFilled,No,,,,
newptregistrationinfo,associatedUID,Yes,PATIENT_ID,,,
newptregistrationinfo,delflag,No,,,,
newptregistrationinfo,InsCoName,No,,,,
newptregistrationinfo,InsAddr,Yes,MASK,InsAddr,,
newptregistrationinfo,InsTel,No,,,,
newptregistrationinfo,SubsNo,Yes,MASK,SubsNo,,
newptregistrationinfo,MemberNo,Yes,MASK,MemberNo,,
newptregistrationinfo,CoPay,No,,,,
newptregistrationinfo,InsdName,Yes,MASK,InsdName,,
newptregistrationinfo,InsdRelation,No,,,,
newptregistrationinfo,InsdGrpNo,Yes,MASK,InsdGrpNo,,
newptregistrationinfo,InsdSSN,Yes,MASK,InsdSSN,,
newptregistrationinfo,InsdGrpName,No,,,,
newptregistrationinfo,PCPName,No,,,,
newptregistrationinfo,PCPPhone,Yes,MASK,PCPPhone,,
newptregistrationinfo,eConCPhone,Yes,MASK,eConCPhone,,
newptregistrationinfo,RespLName,Yes,MASK,RespLName,,
newptregistrationinfo,RespFName,Yes,MASK,RespFName,,
newptregistrationinfo,RespRel,Yes,MASK,RespRel,,
newptregistrationinfo,RespDOB,Yes,PATIENT_DOB,,,
newptregistrationinfo,RespSSN,Yes,MASK,RespSSN,,
newptregistrationinfo,RespGender,No,,,,
newptregistrationinfo,RespAddr,Yes,MASK,RespAddr,,
newptregistrationinfo,RespAddr1,Yes,MASK,RespAddr1,,
newptregistrationinfo,RespHPhone,Yes,MASK,RespHPhone,,
newptregistrationinfo,RespWPhone,Yes,MASK,RespWPhone,,
newptregistrationinfo,RespCPhone,Yes,MASK,RespCPhone,,
newptregistrationinfo,RespEmpName,Yes,MASK,RespEmpName,,
newptregistrationinfo,RespEmpAddr,Yes,MASK,RespEmpAddr,,
newptregistrationinfo,RespSelf,No,,,,
newptregistrationinfo,EnteredFrom,No,,,,
newptregistrationinfo,race,No,,,,
newptregistrationinfo,LANGUAGE,No,,,,
newptregistrationinfo,ethnicity,No,,,,
newptregistrationinfo,insGroupName,Yes,MASK,insGroupName,,
newptregistrationinfo,insGroupNo,Yes,MASK,insGroupNo,,
newptregistrationinfo,nameOfInsured,Yes,MASK,nameOfInsured,,
newptregistrationinfo,ssnOfInsured,Yes,MASK,ssnOfInsured,,
newptregistrationinfo,relnToInsured,No,,,,
newptregistrationinfo,insSubscriberNo,Yes,MASK,insSubscriberNo,,
newptregistrationinfo,insName,Yes,MASK,insName,,
newptregistrationinfo,isDuplicateRecord,No,,,,
ndclookupcrosswalk,id,No,,,,
ndclookupcrosswalk,NDCInnerID,No,,,,
ndclookupcrosswalk,UseUnitLabeler,No,,,,
ndclookupcrosswalk,UseUnitProduct,No,,,,
ndclookupcrosswalk,UseUnitPackage,No,,,,
ndclookupcrosswalk,UseUnitPropName,No,,,,
ndclookupcrosswalk,UseUnitGenericName,No,,,,
ndclookupcrosswalk,UseUnitLabelerName,No,,,,
ndclookupcrosswalk,UseUnitstartDate,No,,,,
ndclookupcrosswalk,UseUnitEndDate,No,,,,
ndclookupcrosswalk,UseUnitPackForm,No,,,,
ndclookupcrosswalk,UseUnitGTIN,No,,,,
ndclookupcrosswalk,CVXCode,No,,,,
ndclookupcrosswalk,CVXShortDescription,No,,,,
ndclookupcrosswalk,NoInner,No,,,,
ndclookupcrosswalk,NDC11,No,,,,
ndclookupcrosswalk,last_updated_date,No,,,,
ndclookupcrosswalk,GTIN,No,,,,
ndclookupcrosswalk,MVX,No,,,,
ndc_denorm,ndc_code,No,,,,
ndc_denorm,brand_description,No,,,,
ndc_denorm,main_multum_drug_code,No,,,,
ndc_denorm,route_description,No,,,,
ndc_denorm,dose_form_description,No,,,,
ndc_denorm,product_strength_description,No,,,,
ndc_denorm,drug_id,No,,,,
ndc_denorm,active_ingredient,No,,,,
ndc_denorm,strength_num_amount,No,,,,
ndc_denorm,strength_num,No,,,,
ndc_denorm,strength_denom_amount,No,,,,
ndc_denorm,strength_denom,No,,,,
ndc_denorm,csa_schedule,No,,,,
ndc_denorm,j_code,No,,,,
ndc_denorm,j_code_description,No,,,,
ndc_denorm,otc_status,No,,,,
ndc_denorm,inner_package_size,No,,,,
ndc_denorm,inner_package_description,No,,,,
ndc_denorm,outer_package_size,No,,,,
ndc_denorm,obsolete_date,No,,,,
ndc_denorm,source_desc,No,,,,
ndc_denorm,address1,Yes,MASK,address1,,
ndc_denorm,address2,Yes,MASK,address2,,
ndc_denorm,city,Yes,MASK,city,,
ndc_denorm,state,No,,,,
ndc_denorm,province,No,,,,
ndc_denorm,zip,Yes,ZIP_CODE,,,
ndc_denorm,country,No,,,,
ndc_denorm,orange_book_description,No,,,,
ndc_denorm,unit_dose_code,No,,,,
ndc_denorm,repackaged,No,,,,
ndc_denorm,gbo,No,,,,
ndc_denorm,awp,No,,,,
ndc_denorm,ful,No,,,,
ndc_denorm,mdr,No,,,,
ndc_denorm,wsc,No,,,,
mvx_codes,Code,No,,,,
mvx_codes,Name,No,,,,
mvx_codes,Active,No,,,,
mvx_codes,ActiveCode,No,,,,
mvx_codes,Id,No,,,,
multumdrug,MultumID,No,,,,
multumdrug,name,No,,,,
multum_frequency_multiplier,frequency_id,No,,,,
multum_frequency_multiplier,multiplier,No,,,,
multum_frequency,frequency_code,No,,,,
multum_frequency,frequency_abbr,No,,,,
multum_frequency,frequency_description,No,,,,
multum_drug_name_map,drug_id,No,,,,
multum_drug_name_map,function_id,No,,,,
multum_drug_name_map,drug_synonym_id,No,,,,
multum_drug_name,drug_synonym_id,No,,,,
multum_drug_name,drug_name,No,,,,
multum_drug_name,is_obsolete,No,,,,
mu_codes,Id,No,,,,
mu_codes,NAME,No,,,,
mu_codes,Codes,No,,,,
mu_codes,TYPE,No,,,,
mu_codes,description,No,,,,
mu_codes,structQuesResp,No,,,,
msgsyncrefattachftp,id,No,,,,
msgsyncrefattachftp,refReqId,Yes,PATIENT_ID,,,
msgsyncrefattachftp,remoteparentdirectory,Yes,NOTES,,,
msgsyncrefattachftp,remoteuserdirectory,No,,,,
msgsyncrefattachftp,medicalsummary,No,,,,
msgsyncrefattachftp,progressnotes,Yes,NOTES,,,
msgsyncrefattachftp,labreports,Yes,MASK,labreports,,
msgsyncrefattachftp,xrays,No,,,,
msgsyncrefattachftp,documents,Yes,MASK,documents,,
msgsyncrefattachftp,progressnoteImages,Yes,MASK,progressnoteImages,,
msgsyncrefattachftp,labattachments,No,,,,
msgsyncrefattachftp,xrayattachments,Yes,MASK,xrayattachments,,
msgsyncrefattachftp,ccr,Yes,MASK,ccr,,
msgsyncrefattachftp,c32doc,Yes,MASK,c32doc,,
msgsyncrefattachftp,injuries,No,,,,
msgsyncrefattachftp,careplans,No,,,,
msgsyncrefattachftp,specialtyforms,No,,,,
msgsyncrefattachftp,reqAPUID,Yes,MASK,reqAPUID,,
msgsyncrefattachftp,attachmentscount,No,,,,
msgsyncrefattachftp,sourceccdaid,No,,,,
mips_submission_2017,id,No,,,,
mips_submission_2017,apuid,No,,,,
mips_submission_2017,ecw_provider_id,No,,,,
mips_submission_2017,provider_first_name,No,,,,
mips_submission_2017,provider_last_name,No,,,,
mips_submission_2017,npi,No,,,,
mips_submission_2017,tin,No,,,,
mips_submission_2017,mips,No,,,,
mips_submission_2017,method,No,,,,
mips_submission_2017,submission_type,No,,,,
mips_submission_2017,qlty_dictionary,No,,,,
mips_submission_2017,aci_dictionary,No,,,,
mips_submission_2017,provider_type,No,,,,
mips_submission_2017,qlty_data_lock,No,,,,
mips_submission_2017,qlty_sub_enrollment,No,,,,
mips_submission_2017,qlty_sub_enrollment_date,No,,,,
mips_submission_2017,qlty_sub_enrollment_utc_date,No,,,,
mips_submission_2017,qlty_sub_enrollment_by,No,,,,
mips_submission_2017,qlty_mval_status,No,,,,
mips_submission_2017,qlty_sub_status,No,,,,
mips_submission_2017,qlty_sub_date,No,,,,
mips_submission_2017,qlty_sub_utc_date,No,,,,
mips_submission_2017,qlty_sub_by,No,,,,
mips_submission_2017,aci_data_lock,No,,,,
mips_submission_2017,created_date,No,,,,
mips_submission_2017,created_utc_date,No,,,,
mips_submission_2017,tr_cb_user_id,No,,,,
mips_submission_2017,m_cb_user_id,No,,,,
mips_submission_2017,modified_date,No,,,,
mips_submission_2017,modified_utc_date,No,,,,
mips_submission_2017,tr_mb_user_id,No,,,,
mips_submission_2017,m_mb_user_id,No,,,,
mips_submission_2017,deleteflag,No,,,,
mips_submission_2017,qlty_qpp_id,No,,,,
mips_submission_2017,qlty_sub_id,No,,,,
mips_submission_2017,qlty_sub_score,No,,,,
mips_submission_2017,aci_sub_score,No,,,,
mips_submission_2017,ia_sub_score,No,,,,
mips_submission_2017,final_score,No,,,,
mips_measure_detail,id,No,,,,
mips_measure_detail,measure_id,No,,,,
mips_measure_detail,cms_measure_id,No,,,,
mips_measure_detail,measure_type,No,,,,
mips_measure_detail,measure_domain,No,,,,
mips_measure_detail,nqf,No,,,,
mips_measure_detail,emeasure_id,No,,,,
mips_measure_detail,quality_id,No,,,,
mips_measure_detail,Measure_Dictionary_Id,No,,,,
mips_measure_detail,DeleteFlag,No,,,,
mips_measure_detail,MEASURE_CATEGORY_ID,No,,,,
mips_measure_detail,Measure_Description,No,,,,
mips_measure_detail,MEASURE_SHORT_NAME,No,,,,
mips_measure_detail,MEASURE_LONG_NAME,No,,,,
mips_measure_detail,NUMERATOR_DESCRIPTION,No,,,,
mips_measure_detail,DENOMINATOR_DESCRIPTION,No,,,,
mips_measure_detail,EXCLUSION_DESCRIPTION,No,,,,
mips_measure_detail,EXCEPTION_DESCRIPTION,No,,,,
mips_measure_detail,DB_ORDER_ID,No,,,,
mips_measure_detail,qrur,No,,,,
mips_measure_detail,Threshold,No,,,,
mips_measure_detail,measure_pos,No,,,,
mips_measure_detail,data_submission_method,No,,,,
mips_measure_detail,specialty_measure_set,No,,,,
mips_measure_detail,performance_score_weight,No,,,,
mips_measure_detail,required_for_base_score,No,,,,
mips_measure_detail,activity_weighting,No,,,,
mips_measure_detail,inverse_measure,No,,,,
mips_measure_detail,measure_color_pallette,No,,,,
mips_measure_detail,crosscutting_measure,No,,,,
mips_measure_detail,encounter_measure,No,,,,
mips_measure_detail,decile_3_lb,No,,,,
mips_measure_detail,decile_3_ub,No,,,,
mips_measure_detail,decile_4_lb,No,,,,
mips_measure_detail,decile_4_ub,No,,,,
mips_measure_detail,decile_5_lb,No,,,,
mips_measure_detail,decile_5_ub,No,,,,
mips_measure_detail,decile_6_lb,No,,,,
mips_measure_detail,decile_6_ub,No,,,,
mips_measure_detail,decile_7_lb,No,,,,
mips_measure_detail,decile_7_ub,No,,,,
mips_measure_detail,decile_8_lb,No,,,,
mips_measure_detail,decile_8_ub,No,,,,
mips_measure_detail,decile_9_lb,No,,,,
mips_measure_detail,decile_9_ub,No,,,,
mips_measure_detail,decile_10_lb,No,,,,
mips_measure_detail,decile_10_ub,No,,,,
mips_measure_detail,m_type,No,,,,
mips_measure_detail,parent_measure_id,No,,,,
mips_measure_detail,perf_rate_calc,No,,,,
mips_measure_detail,perf_rate_calc_type_code,No,,,,
mips_measure_detail,perf_met_calc,No,,,,
mips_measure_detail,Perf_not_met_calc,No,,,,
mips_measure_detail,sub_elg_popltion_calc,No,,,,
mips_measure_detail,sub_elg_pop_excl_calc,No,,,,
mips_measure_detail,sub_perf_met_calc,No,,,,
mips_measure_detail,sub_elg_pop_except_calc,No,,,,
mips_measure_detail,sub_perf_not_met_calc,No,,,,
mips_measure_detail,cms_quality_id,No,,,,
mips_measure_detail,stratum_value,No,,,,
mips_measure_detail,high_priority_measure,No,,,,
mips_measure_detail,metric_type,No,,,,
mips_measure_detail,base_measure,No,,,,
mips_measure_detail,perf_measure,No,,,,
mips_measure_detail,self_attested_measure,No,,,,
mips_measure_detail,measure_ui_type,No,,,,
mips_measure_detail,submission_requiredFlag,No,,,,
mips_measure_detail,measure_val_ChangeFlag,No,,,,
mips_measure_detail,meas_val_mandatory,No,,,,
mips_measure_detail,topped_out_measure,No,,,,
mips_measure_detail,pi_category_heading,No,,,,
mips_measure_detail,ecw_avg,No,,,,
mips_measure_detail,ecw_avg_updatedate,No,,,,
mips_measure_detail,qlty_reporting_method,No,,,,
mips_measure_detail,measure_has_benchmark,No,,,,
mips_measure_detail,decile_0_lb,No,,,,
mips_measure_detail,decile_0_ub,No,,,,
mips_measure_detail,decile_1_lb,No,,,,
mips_measure_detail,decile_1_ub,No,,,,
mips_measure_detail,decile_2_lb,No,,,,
mips_measure_detail,decile_2_ub,No,,,,
medicarecarriers,Id,No,,,,
medicarecarriers,state,No,,,,
medicarecarriers,CarrierCode,No,,,,
medicarecarriers,type,No,,,,
medhistoryicdmap,id,No,,,,
medhistoryicdmap,ailment,No,,,,
medhistoryicdmap,icdList,No,,,,
measureparadefinitions,Id,No,,,,
measureparadefinitions,MeasureId,No,,,,
measureparadefinitions,MeasureNum,No,,,,
measureparadefinitions,MeasureDen,No,,,,
measureparadefinitions,measureLabel,No,,,,
measureparadefinitions,dependentMeasure,No,,,,
measureparadefinitions,DeleteFlag,No,,,,
measuredefinitions,Id,No,,,,
measuredefinitions,Dictionary,No,,,,
measuredefinitions,MeasureId,No,,,,
measuredefinitions,MeasureName,No,,,,
measuredefinitions,MeasureDesc,No,,,,
measuredefinitions,MeasureNum,No,,,,
measuredefinitions,MeasureDen,No,,,,
measuredefinitions,Deleteflag,No,,,,
measuredefinitions,CDSSEnabled,No,,,,
measuredefinitions,measureidlabel,No,,,,
measuredefinitions,NumMeasurePeriodDays,No,,,,
measuredefinitions,DenMeasurePeriodDays,No,,,,
measuredefinitions,NumInclMeasurePeriodDays,No,,,,
measuredefinitions,groupid,No,,,,
measuredefinitions,measureref,No,,,,
measuredefinitions,citation,Yes,MASK,citation,,
measuredefinitions,developer,Yes,MASK,developer,,
measuredefinitions,fundingSource,Yes,MASK,fundingSource,,
measuredefinitions,releaseVersion,No,,,,
measuredefinitions,exclusions,No,,,,
mds_icdmappings,id,No,,,,
mds_icdmappings,ICD9_Code,No,,,,
mds_icdmappings,Desc_Short,No,,,,
mds_icdmappings,Desc_Long,No,,,,
mds_icdmappings,Desc_full,No,,,,
mds_icdmappings,category,No,,,,
mds_icdmappings,MDS_category,No,,,,
mds_icdmappings,MDS_Subcategory,No,,,,
mcmp_rxcode,Id,No,,,,
mcmp_rxcode,rxDesc,No,,,,
mcmp_rxcode,drugBrandName,No,,,,
mcmp_rxcode,measDataElement,No,,,,
mcmp_rxcode,drugExclusion,No,,,,
mcmp_rxcode,drugCategory,No,,,,
mcmp_rxcode,type,No,,,,
mcmp_rxcode,ndc_code,No,,,,
mcmp_rxcode,measureType,No,,,,
mcmp_rxcode,deleteFlag,No,,,,
mcmp_proccode,Id,No,,,,
mcmp_proccode,itemId,No,,,,
mcmp_proccode,itemName,No,,,,
mcmp_proccode,code,No,,,,
mcmp_proccode,type,No,,,,
mcmp_proccode,measureType,No,,,,
mcmp_proccode,deleteFlag,No,,,,
mcmp_dxcode,Id,No,,,,
mcmp_dxcode,itemId,No,,,,
mcmp_dxcode,itemName,No,,,,
mcmp_dxcode,code,No,,,,
mcmp_dxcode,type,No,,,,
mcmp_dxcode,measureType,No,,,,
mcmp_dxcode,deleteFlag,No,,,,
mcaid_va_fqhc_proccode,Id,No,,,,
mcaid_va_fqhc_proccode,ProcedureCode,No,,,,
mcaid_va_fqhc_proccode,DeleteFlag,No,,,,
manufacturerndclabelermapping,id,No,,,,
manufacturerndclabelermapping,ManufacturerName,No,,,,
manufacturerndclabelermapping,NDCLabelerCode,No,,,,
manufacturerndclabelermapping,CVXs,No,,,,
manufacturerndclabelermapping,GTIN,No,,,,
lsm_actions,Id,No,,,,
lsm_actions,PatientId,Yes,PATIENT_ID,,,
lsm_actions,AssignedToId,No,,,,
lsm_actions,Subject,No,,,,
lsm_actions,Status,No,,,,
lsm_actions,CreationDate,Yes,DATE_OFFSET,,,
lsm_actions,StartDate,Yes,DATE_OFFSET,,,
lsm_actions,DueDate,Yes,DATE_OFFSET,,,
lsm_actions,CreatedBy,No,,,,
lsm_actions,Priority,No,,,,
lsm_actions,Notes,Yes,NOTES,,,
lsm_actions,IsRecurrent,No,,,,
lsm_actions,Frequency,No,,,,
lsm_actions,LastDue,Yes,DATE_OFFSET,,,
lsm_actions,LastDone,Yes,DATE_OFFSET,,,
lsm_actions,DateCompleted,Yes,DATE_OFFSET,,,
lsm_actions,ActionType,No,,,,
lsm_actions,UseAttachment,No,,,,
lsm_actions,FrequencyType,No,,,,
lsm_actions,FacilityId,No,,,,
lsm_actions,modifiedDate,Yes,DATE_OFFSET,,,
lsm_actions,RecurrenceRange_Option,No,,,,
lsm_actions,RecurrenceRange_EndAfter,No,,,,
lsm_actions,RecurrenceRange_EndDate,Yes,DATE_OFFSET,,,
lsm_actions,EncounterId,Yes,ENCOUNTER_ID,,,
lsm_actions,TemplateName,No,,,,
lsm_actions,delflag,No,,,,
lsm_actions,hl7id,No,,,,
lsm_actions,ptacoid,Yes,MASK,ptacoid,,
lsm_actions,providerId,No,,,,
lsm_actions,stateId,No,,,,
lsm_actions,payerId,No,,,,
lsm_actions,isEscalated,No,,,,
loincordermaster,class,No,,,,
loincordermaster,loinc_num,No,,,,
loincordermaster,long_common_name,No,,,,
loincordermaster,shortname,No,,,,
loincordermaster,component,No,,,,
loincordermaster,property,No,,,,
loincordermaster,time_aspct,No,,,,
loincordermaster,specimen,No,,,,
loincordermaster,scale_typ,No,,,,
loincordermaster,method_typ,No,,,,
loincordermaster,UpdatedBy,No,,,,
loincordermaster,deleteflag,No,,,,
loincmaster,LOINC_NUM,No,,,,
loincmaster,COMPONENT,No,,,,
loincmaster,PROPERTY,No,,,,
loincmaster,TIME_ASPCT,No,,,,
loincmaster,SYSTEM,No,,,,
loincmaster,SCALE_TYP,No,,,,
loincmaster,METHOD_TYP,No,,,,
loincmaster,RELAT_NMS,No,,,,
loincmaster,CLASS,No,,,,
loincmaster,SOURCE,No,,,,
loincmaster,DT_LAST_CH,No,,,,
loincmaster,CHNG_TYPE,No,,,,
loincmaster,COMMENTS,No,,,,
loincmaster,ANSWERLIST,No,,,,
loincmaster,STATUS,No,,,,
loincmaster,MAP_TO,No,,,,
loincmaster,SCOPE,No,,,,
loincmaster,CONSUMER_NAME,No,,,,
loincmaster,IPCC_UNITS,No,,,,
loincmaster,REFERENCE,No,,,,
loincmaster,EXACT_CMP_SY,No,,,,
loincmaster,MOLAR_MASS,No,,,,
loincmaster,CLASSTYPE,No,,,,
loincmaster,FORMULA,No,,,,
loincmaster,SPECIES,No,,,,
loincmaster,EXMPL_ANSWERS,No,,,,
loincmaster,ACSSYM,No,,,,
loincmaster,BASE_NAME,No,,,,
loincmaster,FINAL,No,,,,
loincmaster,NAACCR_ID,No,,,,
loincmaster,CODE_TABLE,No,,,,
loincmaster,SETROOT,No,,,,
loincmaster,PanelElements,No,,,,
loincmaster,SURVEY_QUEST_TEXT,No,,,,
loincmaster,SURVEY_QUEST_SRC,No,,,,
loincmaster,UnitsRequired,No,,,,
loincmaster,SUBMITTED_UNITS,No,,,,
loincmaster,RelatedNames2,No,,,,
loincmaster,SHORTNAME,No,,,,
loincmaster,ORDER_OBS,No,,,,
loincmaster,CDISC_COMMON_TESTS,No,,,,
loincmaster,HL7_FIELD_SUBFIELD_ID,No,,,,
loincmaster,EXTERNAL_COPYRIGHT_NOTICE,No,,,,
loincmaster,UpdatedBy,No,,,,
loincmaster,UpdatedTime,No,,,,
loincmaster,deleteflag,No,,,,
loincmaster,EXAMPLE_UNITS,No,,,,
loincmaster,INPC_PERCENTAGE,No,,,,
loincmaster,LONG_COMMON_NAME,No,,,,
loincmaster,HL7_V2_DATATYPE,No,,,,
loincmaster,HL7_V3_DATATYPE,No,,,,
loincmaster,CURATED_RANGE_AND_UNITS,No,,,,
loincmaster,DOCUMENT_SECTION,No,,,,
loincmaster,DEFINITION_DESCRIPTION_HELP,No,,,,
loincmaster,EXAMPLE_UCUM_UNITS,No,,,,
loincmaster,EXAMPLE_SI_UCUM_UNITS,No,,,,
loincmaster,STATUS_REASON,No,,,,
loincmaster,STATUS_TEXT,No,,,,
laceration_length_range,id,No,,,,
laceration_length_range,min,No,,,,
laceration_length_range,max,No,,,,
laceration_length_range,description,No,,,,
laceration_cptcode,id,No,,,,
laceration_cptcode,complexity,No,,,,
laceration_cptcode,locationid,No,,,,
laceration_cptcode,lengthid,No,,,,
laceration_cptcode,cptcode,No,,,,
laceration_cptcode,groupno,No,,,,
labsplitorders,Id,No,,,,
labsplitorders,LabId,No,,,,
labsplitorders,ItemId,No,,,,
labsplitorders,Category,No,,,,
labsplitorders,IsGroup,No,,,,
labparameterdetails,id,No,,,,
labparameterdetails,identifier,No,,,,
labparameterdetails,tablename,No,,,,
labparameterdetails,columnname,No,,,,
labparameterdetails,moduleName,No,,,,
labparameterdetails,interfacetype,No,,,,
labparameterdetails,itemKeytoConsider,No,,,,
labparameterdetails,itemKeyvalues,No,,,,
labparameterdetails,itemKeyIds,No,,,,
labparameterdetails,uiScreenName,No,,,,
labordersdetails,id,No,,,,
labordersdetails,OrderID,No,,,,
labordersdetails,reportId,No,,,,
labordersdetails,testName,No,,,,
labordersdetails,testcode,No,,,,
labordersdetails,itemId,No,,,,
labordersdetails,reviewerId,No,,,,
labordersdetails,modifiedDateTime,Yes,DATE_OFFSET,,,
laborders,MessageId,No,,,,
laborders,LabId,No,,,,
laborders,ReportIds,No,,,,
laborders,MessageContent,Yes,NOTES,,,
laborders,messagestatus,No,,,,
laborders,TransmittedOn,Yes,DATE_OFFSET,,,
laborders,TransmittedBy,No,,,,
laborders,SentOutReqNo,Yes,MASK,SentOutReqNo,,
laborders,HubOrderId,No,,,,
laborders,ptlname,Yes,MASK,ptlname,,
laborders,ptfname,Yes,MASK,ptfname,,
laborders,ptDOB,Yes,PATIENT_DOB,,,
laborders,type,No,,,,
laborders,pid,Yes,PATIENT_ID,,,
laborders,ecwmpi,No,,,,
laborders,practiceCode,No,,,,
laborders,ControlNo,Yes,MASK,ControlNo,,
laborders,PtHL7Id,No,,,,
laborders,SentCount,No,,,,
laborders,BookAndCaseNo,Yes,MASK,BookAndCaseNo,,
laborders,nycid,No,,,,
laborders,acknowledgement,Yes,NOTES,,,
laborders,errorLogs,No,,,,
laborders,actionTakenNotes,Yes,NOTES,,,
laborders,actionTaken,No,,,,
laborders,faultStatus,No,,,,
laborders,count,No,,,,
labinstructions,Id,No,,,,
labinstructions,ItemId,No,,,,
labinstructions,Notes,Yes,NOTES,,,
labinstructions,deleteFlag,No,,,,
labdimismatchreport,id,No,,,,
labdimismatchreport,sourceTable,No,,,,
labdimismatchreport,messageId,No,,,,
labdimismatchreport,reportId,No,,,,
labdimismatchreport,patientName,Yes,MASK,patientName,,
labdimismatchreport,patientDOB,Yes,PATIENT_DOB,,,
labdimismatchreport,patientAccNo,Yes,MASK,patientAccNo,,
labdimismatchreport,testName,No,,,,
labdimismatchreport,dateReceived,Yes,DATE_OFFSET,,,
labdimismatchreport,orderDate,Yes,DATE_OFFSET,,,
labdimismatchreport,orderDateParsed,Yes,DATE_OFFSET,,,
labdimismatchreport,collDate,Yes,DATE_OFFSET,,,
labdimismatchreport,collDateParsed,Yes,DATE_OFFSET,,,
labdimismatchreport,collTime,No,,,,
labdimismatchreport,receivedPatientName,Yes,MASK,receivedPatientName,,
labdimismatchreport,receivedPatientDOB,Yes,PATIENT_DOB,,,
labdimismatchreport,patientControlNo,Yes,MASK,patientControlNo,,
labdimismatchreport,reportDateTime,Yes,DATE_OFFSET,,,
labdataview,ReportId,No,,,,
labdataview,encounterID,Yes,ENCOUNTER_ID,,,
labdataview,patientID,Yes,PATIENT_ID,,,
labdataview,doctorID,No,,,,
labdataview,ItemId,No,,,,
labdataview,date,Yes,DATE_OFFSET,,,
labdataview,facilityId,No,,,,
labdataview,encType,No,,,,
labdataview,startTime,No,,,,
labdataview,collDate,Yes,DATE_OFFSET,,,
labdataview,collTime,No,,,,
labdataview,Type,No,,,,
labdataview,futureflag,No,,,,
labdataview,tolabid,No,,,,
labdataview,fromLabId,No,,,,
labdataview,assignedToId,No,,,,
labdataview,priority,No,,,,
labdataview,status,No,,,,
labdataview,received,No,,,,
labdataview,ResultDate,Yes,DATE_OFFSET,,,
labdataview,Billable,No,,,,
labdataview,reason,Yes,NOTES,,,
labdataview,result,Yes,NOTES,,,
labdataview,deleteFlag,No,,,,
labdataview,interfacestatus,No,,,,
labdataex,reportId,No,,,,
labdataex,HL7ResultDate,Yes,DATE_OFFSET,,,
labdataex,HL7ResultTime,No,,,,
labdataex,urllink,Yes,MASK,urllink,,
labdataex,processedresult,Yes,MASK,processedresult,,
labdataex,VisitType,No,,,,
labdataex,DateReceived,Yes,DATE_OFFSET,,,
labdataex,resultrcvddatetime,Yes,DATE_OFFSET,,,
labdataex,MigrateFlag,No,,,,
labdataex,SentOutReqNo,Yes,MASK,SentOutReqNo,,
labdataex,interfacestatus,No,,,,
labdataex,facilityId,No,,,,
labdataex,specimenReceiveTime,No,,,,
labdataex,specimenReceiveDate,Yes,DATE_OFFSET,,,
labdataex,isPACSLinkEnabled,No,,,,
labdataex,observationDate,Yes,DATE_OFFSET,,,
labdataex,observationTime,No,,,,
labdataex,SpecimenActionCode,No,,,,
labdataex,PlacerGroupNumberID,No,,,,
labdataex,PatientAltRace,No,,,,
labdataex,bodysitecode,No,,,,
labdataex,ABNPrompted,No,,,,
labdataex,ABNOption,No,,,,
labdataex,AQRejectionReason,Yes,NOTES,,,
labdataex,exceptionReasonId,No,,,,
labdataex,exceptionReasonComment,Yes,NOTES,,,
labdataex,movedOrderFlag,No,,,,
labdataex,SentOutReqNoOrdNum,Yes,MASK,SentOutReqNoOrdNum,,
labdataex,printlabid,No,,,,
labdataex,SendToMode,No,,,,
labdataex,SendToName,Yes,MASK,SendToName,,
labdataex,SendToFaxNumber,Yes,MASK,SendToFaxNumber,,
labdataex,FaxLogId,Yes,MASK,FaxLogId,,
labdataex,TransmitLabId,No,,,,
labdataex,SendToStatus,No,,,,
labdataex,sendToAddressDetails,Yes,MASK,sendToAddressDetails,,
labdatadetail,ReportId,No,,,,
labdatadetail,PropId,No,,,,
labdatadetail,Value,Yes,NOTES,,,
labdatadetail,importFlag,No,,,,
labdatadetail,Id,No,,,,
labdatadetail,UpdatedBy,No,,,,
labdatadetail,UpdatedTime,Yes,DATE_OFFSET,,,
labdatadetail,TestID,No,,,,
labdatadetail,flag,No,,,,
labdatadetail,resultEntrySource,No,,,,
labcptmap,labCode,No,,,,
labcptmap,cptCode,No,,,,
labcptmap,Id,No,,,,
labcptmap,CptItemId,No,,,,
labcommunityitems,CommunityID,No,,,,
labcommunityitems,CommunityName,No,,,,
labcommunityitems,DeleteFlag,No,,,,
labcommunityitems,CommunityElementId,No,,,,
labcommunityitems,OrderSetItemId,No,,,,
labcommunityexternalmap,CommunityId,No,,,,
labcommunityexternalmap,ExternalCode,No,,,,
labcommunityexternalmap,DeleteFlag,No,,,,
labcategories,Id,No,,,,
labcategories,Name,No,,,,
labcategories,type,No,,,,
labcategories,deleteflag,No,,,,
labcategories,Description,No,,,,
labattachment_archive,Id,No,,,,
labattachment_archive,ProcessedResult,Yes,NOTES,,,
labattachment_archive,SeqNo,No,,,,
labattachment_archive,DateArchived,Yes,DATE_OFFSET,,,
labattachment_archive,DateReceived,Yes,DATE_OFFSET,,,
labattachment_archive,ReportId,No,,,,
keywords,Id,No,,,,
keywords,itemid,No,,,,
keywords,name,No,,,,
keywords,details,No,,,,
keywords,keyname,No,,,,
keywords,deleteflag,No,,,,
keywords,displayindex,No,,,,
itemkeys,name,No,,,,
itemkeys,itemID,No,,,,
itemkeys,value,Yes,NOTES,,,
itemkeys,supportRemarks,Yes,NOTES,,,
itemkeys,displayname,Yes,NOTES,,,
itemkeys,Type,No,,,,
itemkeys,GroupID,No,,,,
itemkeys,cache_value,No,,,,
itemkeys,cache_itemid,No,,,,
itemkeys,clientaccess,No,,,,
itemkeys,securitykey,Yes,NOTES,,,
itemkeys,saveaccess,No,,,,
inventory_product,Id,No,,,,
inventory_product,Name,No,,,,
inventory_product,Description,No,,,,
inventory_product,Barcode,No,,,,
inventory_product,Category_Id,No,,,,
inventory_product,IsDiscontinued,No,,,,
inventory_product,OrderQtyUnit,No,,,,
inventory_product,OrderQty,No,,,,
inventory_product,UnitQtyUnit,No,,,,
inventory_product,UnitQty,No,,,,
inventory_product,UsageQtyUnit,No,,,,
inventory_product,HasSalesTax,No,,,,
inventory_product,HasCosmeticTax,No,,,,
inventory_product,HasCustomTax,No,,,,
inventory_product,CPT_Id,No,,,,
inventory_product,CPT_Code,No,,,,
inventory_product,CPT_Description,No,,,,
inventory_product,CPT_Price,No,,,,
inventory_product,HasSerialNo,No,,,,
inventory_product,HasExpiryDate,No,,,,
inventory_product,SalesOrderPrice,No,,,,
inventory_product,SalesUnitPrice,No,,,,
inventory_product,SalesUsagePrice,No,,,,
inventory_product,AlertForOrderQty,No,,,,
inventory_product,AlertForUnitQty,No,,,,
inventory_product,AlertForUsageQty,No,,,,
inventory_product,DefaultOrderQty,No,,,,
inventory_product,DefaultUnitQty,No,,,,
inventory_product,DefaultUsageQty,No,,,,
inventory_product,AlertBeforeExpiryDate,No,,,,
inventory_product,IsDeleted,No,,,,
inventory_product,UpdatedBy,No,,,,
inventory_product,UpdatedOn,No,,,,
inventory_product,Manufacturer_Id,No,,,,
inventory_product,ImgSrc,No,,,,
inventory_product,Manufacturer,No,,,,
inventory_product,itemId,No,,,,
inventory_product,catId,No,,,,
inventory_product,IsRx,No,,,,
inventory_product,Rx_CatItemId,No,,,,
inventory_product,Rx_CatItemName,No,,,,
inventory_product,Rx_ItemId,No,,,,
inventory_product,Rx_ItemName,No,,,,
inventory_product,Rx_Dosage,No,,,,
inventory_product,Rx_NDCCode,No,,,,
inventory_product,isLabsReports,No,,,,
inventory_product,labsReports_Id,No,,,,
inventory_product,generic,No,,,,
inventory_product,Rx_Strength,No,,,,
inventory_product,Rx_Formulation,No,,,,
inventory_product,source,No,,,,
inventory_product,Currency,No,,,,
inventory_product,isDiscountAllowed,No,,,,
inventory_product,feeSchId,No,,,,
inventory_product,createdBy,No,,,,
inventory_product,createdOn,No,,,,
inventory_product,isChargeable,No,,,,
inventory_product,externalCode,No,,,,
inventory_product,isBySalesPrice,No,,,,
inventory_product,hubId,No,,,,
inventory_product,isFromInterface,No,,,,
inventory_product,cptFeeSchIds,No,,,,
inventory_product,item_number,No,,,,
inventory_product,model_number,No,,,,
inventory_product,stock_type,No,,,,
inventory_product,isnondisposable,No,,,,
inventory_product,UPC_Code,No,,,,
inventory_product,modality,No,,,,
inventory_product,uniqueKey,No,,,,
inventory_product,uniqueCode,No,,,,
inventory_product,prodCustomField1,No,,,,
inventory_product,prodCustomField2,No,,,,
inventory_product,prodCustomField3,No,,,,
inventory_product,prodCustomField4,No,,,,
inventory_product,prodCustomField5,No,,,,
inventory_product,country,No,,,,
inventory_product,styleId,No,,,,
inventory_product,type,No,,,,
inventory_product,isTrial,No,,,,
inventory_product,modalityId,No,,,,
inventory_product,v_sku,No,,,,
inventory_product,haslatex,No,,,,
inventory_product,hasimplant,No,,,,
inventory_product,isService,No,,,,
inventory_product,hasHazardousMaterial,No,,,,
inventory_product,ptChargeableItemNumber,No,,,,
inventory_product,ptNonbillableExpense,No,,,,
inventory_product,ptNonbillableExpenseDescription,No,,,,
inventory_product,ptBillableExpense,No,,,,
inventory_product,ptBillableExpenseDescription,No,,,,
inventory_product,HasLotNo,No,,,,
inventory_product,rx_class,No,,,,
inventory_product,brand_id,No,,,,
inventory_product,endDate,No,,,,
inventory_product,eposDescription,No,,,,
inventory_product,iscustom,No,,,,
inventory_product,Lifecycle_Status_Id,No,,,,
inventory_product,retailDept_Id,No,,,,
inventory_product,hasTaxExempt,No,,,,
inventory_product,vat_code,No,,,,
inventory_product,costprice,No,,,,
inventory_product,contactlensType,No,,,,
inventory_product,tempProductId,No,,,,
inventory_product,lastsyncdate,No,,,,
inventory_product,omtlensprice,No,,,,
inventory_product,valId,No,,,,
inventory_product,concentration,No,,,,
inventory_product,rx_packsize,No,,,,
inventory_product,rx_packageSizeUnitDesc,No,,,,
inventory_product,rx_secondaryNDC,No,,,,
inventory_product,rx_packsizeQty,No,,,,
inventory_product,isManualyAddedNDC,No,,,,
interopccrcache,id,No,,,,
interopccrcache,doctorid,No,,,,
interopccrcache,patientid,Yes,PATIENT_ID,,,
interopccrcache,ecwmpi,No,,,,
interopccrcache,mergedccr,No,,,,
interopccrcache,timestamp,Yes,DATE_OFFSET,,,
interopccrcache,delflag,No,,,,
inscptrules,RuleId,No,,,,
inscptrules,RuleName,No,,,,
inscptrules,OriginalCPTCode,No,,,,
inscptrules,ExcludeOrgCPT,No,,,,
inscptrules,AllPayers,No,,,,
inscptrules,AddedBy,No,,,,
inscptrules,AddedTime,No,,,,
inscptrules,UpdatedBy,No,,,,
inscptrules,UpdatedTime,No,,,,
inscptrules,DeleteFlag,No,,,,
inscptrules,SpecificFacilities,No,,,,
inscptrules,SpecificProviders,No,,,,
importcptdatautilitytask,id,No,,,,
importcptdatautilitytask,userid,No,,,,
importcptdatautilitytask,begintime,No,,,,
importcptdatautilitytask,lastupdatetime,No,,,,
importcptdatautilitytask,endtime,No,,,,
importcptdatautilitytask,importedcptbase_rowcount,No,,,,
importcptdatautilitytask,importedcptchanges_rowcount,No,,,,
importcptdatautilitytask,cptcodestoprocess,No,,,,
importcptdatautilitytask,cptcodesprocessed,No,,,,
importcptdatautilitytask,cptcodesinserted,No,,,,
importcptdatautilitytask,lastattemptedcptitemid,No,,,,
importcptdatautilitytask,lastattemptedcptcode,No,,,,
importcptdatautilitytask,validityupdated_deletecptcodes,No,,,,
importcptdatautilitytask,lastattempted_deletecptcode,No,,,,
importcptdatautilitytask,descupdated_cptitemscount,No,,,,
importcptdatautilitytask,descupdated_lastcptcode,No,,,,
importcptdatautilitytask,descupdated_lastcptitemid,No,,,,
importcptdatautilitytask,inactivated_cptitemscount,No,,,,
importcptdatautilitytask,inactivated_lastcptitemid,No,,,,
importcptdatautilitytask,reinstatedcptcodescount,No,,,,
importcptdatautilitytask,lastattempted_reinstatecptcode,No,,,,
importcptdatautilitytask,importedhcpcsbase_rowcount,No,,,,
importcptdatautilitytask,importedhcpcschanges_rowcount,No,,,,
importcptdatautilitytask,hcpcstoprocess,No,,,,
importcptdatautilitytask,hcpcsprocessed,No,,,,
importcptdatautilitytask,hcpcsinserted,No,,,,
importcptdatautilitytask,lastattemptedhcpcsitemid,No,,,,
importcptdatautilitytask,lastattemptedhcpcscode,No,,,,
importcptdatautilitytask,validityupdated_deletehcpcs,No,,,,
importcptdatautilitytask,lastattempted_deletehcpcs,No,,,,
importcptdatautilitytask,descupdated_hcpcsitemscount,No,,,,
importcptdatautilitytask,descupdated_lasthcpcscode,No,,,,
importcptdatautilitytask,descupdated_lasthcpcsitemid,No,,,,
importcptdatautilitytask,inactivated_hcpcsitemscount,No,,,,
importcptdatautilitytask,inactivated_lasthcpcsitemid,No,,,,
importcptdatautilitytask,reinstatedhcpcscodescount,No,,,,
importcptdatautilitytask,lastattempted_reinstatehcpcscode,No,,,,
importcptdatautilitytask,importedrvucodes_rowcount,No,,,,
importcptdatautilitytask,rvucodestoprocess,No,,,,
importcptdatautilitytask,rvucodesprocessed,No,,,,
importcptdatautilitytask,rvucodesinserted,No,,,,
importcptdatautilitytask,lastattemptedrvucode,No,,,,
importcptdatautilitytask,importedhcpcspayment_rowcount,No,,,,
importcptdatautilitytask,importedcptindicators_rowcount,No,,,,
importcptdatautilitytask,importedhcpcsindicators_rowcount,No,,,,
importcptdatautilitytask,importedmodifierdesc_rowcount,No,,,,
importcptdatautilitytask,modifierstoprocess,No,,,,
importcptdatautilitytask,modifiersprocessed,No,,,,
importcptdatautilitytask,modifiersinserted,No,,,,
importcptdatautilitytask,lastattemptedmodifieritemid,No,,,,
importcptdatautilitytask,lastattemptedmodifiercode,No,,,,
importcptdatautilitytask,cptmodifiers_importedrowcount,No,,,,
importcptdatautilitytask,hcpcsmodifiers_importedrowcount,No,,,,
importcptdatautilitytask,year,No,,,,
importcptdatautilitytask,taskstatus,No,,,,
importcptdatautilitytask,abortflag,No,,,,
importcptdatautilitytask,abortuserid,No,,,,
importcptdatautilitytask,processflag,No,,,,
importcptdatautilitytask,notes,No,,,,
importcptdatautilitytask,deleteflag,No,,,,
importcptdatautilitytask,checkexistingcptdatabycode,No,,,,
immunizationvismapping,Id,No,,,,
immunizationvismapping,ImmId,No,,,,
immunizationvismapping,DateOnVIS,Yes,DATE_OFFSET,,,
immunizationvismapping,VISGivenDate,Yes,DATE_OFFSET,,,
immunizationvismapping,CVX,No,,,,
immunizationvismapping,VISGiven,No,,,,
immunizationvismapping,displayIndex,No,,,,
immunizationvismapping,deleteflag,No,,,,
immunizationvismapping,VISDocName,No,,,,
immunizationvismapping,VISGDTIDocCode,No,,,,
immunizationvismapping,VISEncodedString,No,,,,
immunizationstatus,Id,No,,,,
immunizationstatus,immstatusid,No,,,,
immunizationstatus,CODE,No,,,,
immunizationstatus,Description,No,,,,
immunizationstatus,TYPE,No,,,,
immitemkeys,name,No,,,,
immitemkeys,ImmId,No,,,,
immitemkeys,itemId,No,,,,
immitemkeys,value,No,,,,
imagingstudies,id,No,,,,
imagingstudies,encounterId,Yes,ENCOUNTER_ID,,,
imagingstudies,notes,Yes,NOTES,,,
imagingstudies,notesHtml,Yes,NOTES,,,
ihe_document_bkup,id,No,,,,
ihe_document_bkup,isCCD,No,,,,
ihe_document_bkup,ecwPid,Yes,PATIENT_ID,,,
ihe_document_bkup,lastRetrievalTime,Yes,DATE_OFFSET,,,
ihe_document_bkup,deleteFlag,No,,,,
ihe_document_bkup,ihePatientId,Yes,MASK,ihePatientId,,
ihe_document_bkup,DocumentName,Yes,NOTES,,,
ihe_document_bkup,source,Yes,NOTES,,,
ihe_document_bkup,UniqueId,Yes,MASK,UniqueId,,
ihe_document_bkup,RepositoryUniqueId,Yes,MASK,RepositoryUniqueId,,
ihe_document_bkup,URI,No,,,,
ihe_document_bkup,UUID,Yes,MASK,UUID,,
ihe_document_bkup,DocumentType,No,,,,
ihe_document_bkup,LanguageCode,No,,,,
ihe_document_bkup,CreationTime,Yes,DATE_OFFSET,,,
ihe_document_bkup,ServiceStartTime,Yes,DATE_OFFSET,,,
ihe_document_bkup,ServiceStopTime,Yes,DATE_OFFSET,,,
ihe_document_bkup,AssigningAuthorityId,Yes,MASK,AssigningAuthorityId,,
ihe_document_bkup,AssigningAuthorityName,No,,,,
ihe_document_bkup,contenttype,Yes,MASK,contenttype,,
ihe_document_bkup,homeCommunityID,Yes,MASK,homeCommunityID,,
ihe_document_bkup,CacheContextID,No,,,,
ihe_document_bkup,EndUserDispName,Yes,NOTES,,,
ihe_document_bkup,CreationDate,Yes,DATE_OFFSET,,,
ihe_document_bkup,outboundID,No,,,,
ihe_document_bkup,mergedCCRID,No,,,,
ihe_document_bkup,contentlocation,No,,,,
ihe_document_bkup,contentlocationTableName,No,,,,
ihe_document_bkup,contentlocationTableId,No,,,,
ihe_document_bkup,filename,Yes,NOTES,,,
ihe_document_bkup,contentFtpdirPath,Yes,NOTES,,,
ihe_document_bkup,iscompressed,No,,,,
ihe_document_bkup,isencrypted,No,,,,
ihe_document_bkup,providername,No,,,,
ihe_document_bkup,restrictInPrisma,No,,,,
ihe_document_bkup,isFileContentDeleted,No,,,,
ihe_document,id,No,,,,
ihe_document,isCCD,No,,,,
ihe_document,ecwPid,Yes,PATIENT_ID,,,
ihe_document,lastRetrievalTime,Yes,DATE_OFFSET,,,
ihe_document,deleteFlag,No,,,,
ihe_document,ihePatientId,Yes,MASK,ihePatientId,,
ihe_document,DocumentName,Yes,NOTES,,,
ihe_document,source,Yes,NOTES,,,
ihe_document,UniqueId,Yes,MASK,UniqueId,,
ihe_document,RepositoryUniqueId,Yes,MASK,RepositoryUniqueId,,
ihe_document,URI,No,,,,
ihe_document,UUID,Yes,MASK,UUID,,
ihe_document,DocumentType,No,,,,
ihe_document,LanguageCode,No,,,,
ihe_document,CreationTime,Yes,DATE_OFFSET,,,
ihe_document,ServiceStartTime,Yes,DATE_OFFSET,,,
ihe_document,ServiceStopTime,Yes,DATE_OFFSET,,,
ihe_document,AssigningAuthorityId,Yes,MASK,AssigningAuthorityId,,
ihe_document,AssigningAuthorityName,No,,,,
ihe_document,contenttype,Yes,MASK,contenttype,,
ihe_document,homeCommunityID,Yes,MASK,homeCommunityID,,
ihe_document,CacheContextID,No,,,,
ihe_document,EndUserDispName,Yes,NOTES,,,
ihe_document,CreationDate,Yes,DATE_OFFSET,,,
ihe_document,outboundID,No,,,,
ihe_document,mergedCCRID,No,,,,
ihe_document,contentlocation,No,,,,
ihe_document,contentlocationTableName,No,,,,
ihe_document,contentlocationTableId,No,,,,
ihe_document,filename,Yes,NOTES,,,
ihe_document,contentFtpdirPath,Yes,NOTES,,,
ihe_document,iscompressed,No,,,,
ihe_document,isencrypted,No,,,,
ihe_document,restrictInPrisma,No,,,,
icd9gem,id,No,,,,
icd9gem,ICD9S,No,,,,
icd9gem,ICD10D,No,,,,
icd9gem,Mapper,No,,,,
icd9_synonyms,Id,No,,,,
icd9_synonyms,code,No,,,,
icd9_synonyms,externallength,No,,,,
icd9_synonyms,title,No,,,,
icd9_synonyms,kndg_code,No,,,,
icd9_synonyms,kndg_title,No,,,,
icd9_synonyms,NON_SPECIFIC_CODE,No,,,,
icd9_synonyms,NON_PRIMARY_CODE,No,,,,
icd9_synonyms,GENDER_FLAG,No,,,,
icd9_synonyms,AGE_FLAG,No,,,,
icd9_synonyms,MCC_FLAG,No,,,,
icd9_synonyms,CC_FLAG,No,,,,
icd9_synonyms,HCC_MODEL_CAT,No,,,,
icd9_synonyms,HCC_COMMUNITY_FACTORS,No,,,,
icd9_synonyms,HCC_INSTITUTION_FACTORS,No,,,,
icd9_synonyms,RXHCC_MODEL_CAT,No,,,,
icd9_synonyms,RXHCC_RELATIVE_FACTORS,No,,,,
icd9_synonyms,RXHCC_DOLLAR_COEFFICIENTS,No,,,,
icd9_synonyms,HCC_MODEL_CAT_NEXT,No,,,,
icd9_synonyms,HCC_COMMUNITY_FACTORS_NEXT,No,,,,
icd9_synonyms,HCC_INSTITUTION_FACTORS_NEXT,No,,,,
icd9_synonyms,SECONDARY_ICD9_CODE1,No,,,,
icd9_synonyms,SECONDARY_ICD9_TEXT1,No,,,,
icd9_synonyms,SECONDARY_ICD9_CODE2,No,,,,
icd9_synonyms,SECONDARY_ICD9_TEXT2,No,,,,
icd9_synonyms,SCT_CONCEPT_ID,No,,,,
icd9_synonyms,SNOMED_DESCRIPTION,No,,,,
icd9_synonyms,RELATIONSHIP_TYPE,No,,,,
icd9_synonyms,vendorcode,No,,,,
icd9_synonyms,ItemId,No,,,,
icd9_synonyms,icd10,No,,,,
icd9_synonyms,SECONDARY_ICD9_CODE3,No,,,,
icd9_synonyms,SECONDARY_ICD9_TEXT3,No,,,,
icd9_synonyms,SECONDARY_ICD9_CODE4,No,,,,
icd9_synonyms,SECONDARY_ICD9_TEXT4,No,,,,
icd9_synonyms,SECONDARY_ICD10_CODE1,No,,,,
icd9_synonyms,SECONDARY_ICD10_TEXT1,No,,,,
icd9_synonyms,SECONDARY_ICD10_CODE2,No,,,,
icd9_synonyms,SECONDARY_ICD10_TEXT2,No,,,,
icd9_synonyms,SECONDARY_ICD10_CODE3,No,,,,
icd9_synonyms,SECONDARY_ICD10_TEXT3,No,,,,
icd9_synonyms,SECONDARY_ICD10_CODE4,No,,,,
icd9_synonyms,SECONDARY_ICD10_TEXT4,No,,,,
icd9_synonyms,baseicd9_code,No,,,,
icd9_synonyms,baseicd9_desc,No,,,,
icd9_synonyms,baseicd10_code,No,,,,
icd9_synonyms,baseicd10_desc,No,,,,
icd9_synonyms,PreferredLexicalID,No,,,,
icd9_synonyms,PreferredSNOMEDCode,No,,,,
icd9_synonyms,PreferredSNOMEDCodeDesc,No,,,,
icd9_synonyms,lexicaldesc,No,,,,
icd9_synonyms,icd_data,No,,,,
icd9_synonyms,SCT_US_CONCEPT_ID,No,,,,
icd9_synonyms,SNOMED_US_DESCRIPTION,No,,,,
icd9_synonyms,hassec,No,,,,
icd10gem,id,No,,,,
icd10gem,ICD10D,No,,,,
icd10gem,ICD9S,No,,,,
icd10gem,Mapper,No,,,,
icd10cm_order_union,id,No,,,,
icd10cm_order_union,icdcode,No,,,,
icd10cm_order_union,validfrom,No,,,,
icd10cm_order_union,validto,No,,,,
icd10cm_order_inactive_revised,id,No,,,,
icd10cm_order_inactive_revised,icdcode,No,,,,
icd10cm_order_inactive_revised,inactive,No,,,,
icd10cm_order_inactive_revised,revised,No,,,,
icd10cm_order_inactive_revised,shortdesc,No,,,,
icd10cm_order_inactive_revised,longdesc,No,,,,
icd10cm_order_addenda,id,No,,,,
icd10cm_order_addenda,type,No,,,,
icd10cm_order_addenda,validicd,No,,,,
icd10cm_order_addenda,code,No,,,,
icd10cm_order_addenda,shortdesc,No,,,,
icd10cm_order_addenda,longdesc,No,,,,
icd10cm_order_addenda,deleteflag,No,,,,
icd10cm_chronic,id,No,,,,
icd10cm_chronic,icd10code,No,,,,
icd10cm_chronic,deleteflag,No,,,,
icd10bygemsimporttask,id,No,,,,
icd10bygemsimporttask,truserid,No,,,,
icd10bygemsimporttask,begintime,No,,,,
icd10bygemsimporttask,lastupdatetime,No,,,,
icd10bygemsimporttask,endtime,No,,,,
icd10bygemsimporttask,icd10cmdescfilename,No,,,,
icd10bygemsimporttask,icd10cmchronicfilename,No,,,,
icd10bygemsimporttask,icd10cmrecordstoprocess,No,,,,
icd10bygemsimporttask,icd10cmrecordsprocessed,No,,,,
icd10bygemsimporttask,icd10cmcodesinserted,No,,,,
icd10bygemsimporttask,lastinserteditemid,No,,,,
icd10bygemsimporttask,lastinsertedicd10cmcode,No,,,,
icd10bygemsimporttask,icd10chronicrecordstoprocess,No,,,,
icd10bygemsimporttask,icd10chronicrecordsprocessed,No,,,,
icd10bygemsimporttask,lastupdatedicd10chroniccode,No,,,,
icd10bygemsimporttask,icd10chronicupdateditemscount,No,,,,
icd10bygemsimporttask,taskstatus,No,,,,
icd10bygemsimporttask,processinfo,No,,,,
icd10bygemsimporttask,notes,No,,,,
icd10bygemsimporttask,abortflag,No,,,,
icd10bygemsimporttask,abortuserid,No,,,,
icd10bygemsimporttask,deleteflag,No,,,,
icd10bygemsimporttask,icd10cmdescfileitemscount,No,,,,
icd10bygemsimporttask,icd10cmchronicfileitemscount,No,,,,
icd10bygemsimporttask,processflag,No,,,,
icd10bygemsimporttask,icd9gemsfileitemscount,No,,,,
icd10bygemsimporttask,icd10gemsfileitemscount,No,,,,
icd10bygemsimporttask,icd10gemfilename,No,,,,
icd10bygemsimporttask,icd9gemfilename,No,,,,
icd10bygemsimporttask,updatedinvalidicdcodescount,No,,,,
icd10bygemsimporttask,lastupdatedinvalidicdcode,No,,,,
icd10bygemsimporttask,icd10effective_fy,No,,,,
icd10bygemsimporttask,icd10cmaddendafilename,No,,,,
icd10bygemsimporttask,icd10cmaddendarecordscount,No,,,,
icd10bygemsimporttask,deactivated_icd10cmreviseddescitemscount,No,,,,
icd10bygemsimporttask,lastattempted_deactivate_icd10cmreviseditemid,No,,,,
icd10bygemsimporttask,lastattempted_deactivate_icd10cmrevisedcodedesc,No,,,,
icd10bygemsimporttask,invalidated_icd10cmdeletecodescount,No,,,,
icd10bygemsimporttask,lastattempted_invalidate_icd10cmdeletecode,No,,,,
icd10bygemsimporttask,deactivated_icd10cmdeletecodeitemscount,No,,,,
icd10bygemsimporttask,lastattempted_deactivate_icd10cmdeleteitemid,No,,,,
icd10bygemsimporttask,inactivefilename,No,,,,
icd10bygemsimporttask,inctiverevisedrecordscount,No,,,,
icd10bygemsimporttask,inactivetoprocess,No,,,,
icd10bygemsimporttask,inactiveprocessed,No,,,,
icd10bygemsimporttask,inactivelastprocessedcode,No,,,,
icd10bygemsimporttask,unionfilename,No,,,,
icd10bygemsimporttask,unionrecordscount,No,,,,
icd10bygemsimporttask,uniontoprocess,No,,,,
icd10bygemsimporttask,unionprocessed,No,,,,
icd10bygemsimporttask,unionlastprocessedcode,No,,,,
icd,ID,No,,,,
icd,Code,No,,,,
icd,ChangeIndicator,No,,,,
icd,Status,No,,,,
icd,ShortDesc,No,,,,
icd,MedDesc,No,,,,
icd,LongDesc,No,,,,
icd,ecwStatus,No,,,,
icd,ValidFrom,No,,,,
icd,ValidTo,No,,,,
icd,codetype,No,,,,
hospitalization,encounterID,Yes,ENCOUNTER_ID,,,
hospitalization,reason,Yes,NOTES,,,
hospitalization,date,Yes,DATE_OFFSET,,,
hospitalization,displayIndex,No,,,,
hcpcs,ID,No,,,,
hcpcs,Code,No,,,,
hcpcs,Flag,No,,,,
hcpcs,Name,No,,,,
hcc_lookup,DIAG,No,,,,
hcc_lookup,ICD,No,,,,
gynhistory,encounterId,Yes,ENCOUNTER_ID,,,
gynhistory,itemId,No,,,,
gynhistory,Notes,Yes,NOTES,,,
gynhistory,hxFlag,No,,,,
gynhistory,denyFlag,No,,,,
groupinsurance,groupInsuranceId,No,,,,
groupinsurance,insuranceId,Yes,MASK,insuranceId,,
groupinsurance,createdBy,No,,,,
groupinsurance,createdOn,No,,,,
groupinsurance,updatedBy,No,,,,
groupinsurance,updatedOn,No,,,,
globalkeywords,id,No,,,,
globalkeywords,name,No,,,,
globalkeywords,details,Yes,NOTES,,,
globalkeywords,deleteflag,No,,,,
globalkeywords,shortcut,No,,,,
globalkeywords,uid,No,,,,
globalkeywords,htmldetails,Yes,NOTES,,,
globalalertdetails,PatientId,Yes,PATIENT_ID,,,
globalalertdetails,Priority,No,,,,
globalalertdetails,AlertId,No,,,,
globalalertdetails,Notes,Yes,NOTES,,,
globalalertdetails,Id,No,,,,
globalalertdetails,deleteflag,No,,,,
globalalertdetails,ExpiryDate,Yes,DATE_OFFSET,,,
gender_identity_options,id,No,,,,
gender_identity_options,NAME,No,,,,
gender_identity_options,Description,No,,,,
gender_identity_options,Snomed_code,No,,,,
gender_identity_options,deleteflag,No,,,,
gender_identity_options,loincCode,No,,,,
gender_identity_options,loincDescription,No,,,,
fparlabsmapping,id,No,,,,
fparlabsmapping,categoryname,No,,,,
fparlabsmapping,labid,No,,,,
fparlabsmapping,labname,Yes,MASK,labname,,
fparlabsmapping,labattributeid,No,,,,
fparlabsmapping,labattributename,No,,,,
fparlabsmapping,deleteflag,No,,,,
formsource,id,No,,,,
formsource,sfid,No,,,,
formsource,jspname,Yes,NOTES,,,
formsource,fname,Yes,NOTES,,,
formsource,source,Yes,NOTES,,,
formsource,formtype,No,,,,
flowsheets,Id,No,,,,
flowsheets,name,No,,,,
flowsheets,deleteFlag,No,,,,
flowsheets,caption,No,,,,
flowsheets,encCount,No,,,,
flowsheets,virtualVisit,No,,,,
flowsheets,visionvisit,No,,,,
flowsheetitems,Id,No,,,,
flowsheetitems,flowSheetId,No,,,,
flowsheetitems,name,No,,,,
flowsheetitems,type,No,,,,
flowsheetitems,itemId,No,,,,
flowsheetitems,itemName,No,,,,
flowsheetitems,displayIndex,No,,,,
flowsheetitems,deleteFlag,No,,,,
flowsheetitems,CategoryId,No,,,,
flowsheetitems,GoalLowerLimit,No,,,,
flowsheetitems,GoalUpperLimit,No,,,,
flowsheetitems,groupName,No,,,,
flowsheetitems,labAttributes,No,,,,
flowsheetitems,displayinheader,No,,,,
familyicd,icdItemid,No,,,,
familyicd,icdCode,No,,,,
familyicd,icdDesc,No,,,,
familyicd,snomedCode,No,,,,
familyicd,custom_name,No,,,,
familyicd,displayindex,No,,,,
familyicd,showcustom_name,No,,,,
familyicd,snomeddesc,No,,,,
familyhxdetails,encounterId,Yes,ENCOUNTER_ID,,,
familyhxdetails,itemId,No,,,,
familyhxdetails,icdItemid,No,,,,
familyhxdetails,icdCode,No,,,,
familyhxdetails,icdDesc,No,,,,
familyhxdetails,snomedCode,No,,,,
familyhxdetails,diagnosedyear,No,,,,
familyhxdetails,diagnosedAge,No,,,,
familyhxdetails,name,No,,,,
familydetail,encounterID,Yes,ENCOUNTER_ID,,,
familydetail,brothers,No,,,,
familydetail,sisters,No,,,,
familydetail,SibHealth,No,,,,
familydetail,sons,No,,,,
familydetail,daughters,No,,,,
familydetail,ChiHealth,No,,,,
familydata,encounterID,Yes,ENCOUNTER_ID,,,
familydata,itemID,No,,,,
familydata,NAME,No,,,,
familydata,STATUS,No,,,,
familydata,age,No,,,,
familydata,dob,Yes,PATIENT_DOB,,,
ethnicity,Code,No,,,,
ethnicity,Name,No,,,,
ethnicity,EthId,No,,,,
ethnicity,OBMMapping,No,,,,
ethnicity,Favorite,No,,,,
epcs_reports,ReportId,No,,,,
epcs_reports,doctorId,No,,,,
epcs_reports,PatientId,Yes,PATIENT_ID,,,
epcs_reports,LastRunLogIdTo,No,,,,
epcs_reports,LastRunLogIdFrom,No,,,,
epcs_reports,Report_type,No,,,,
epcs_reports,StartDate,Yes,DATE_OFFSET,,,
epcs_reports,EndDate,Yes,DATE_OFFSET,,,
epcs_reports,DrugName,No,,,,
epcs_reports,PharmacyName,Yes,MASK,PharmacyName,,
epcs_reports,loggedDateTime,Yes,DATE_OFFSET,,,
epcs_reports,LoggedById,No,,,,
epcs_reports,scriptIds,No,,,,
enctelemed,Id,No,,,,
enctelemed,ptID,Yes,PATIENT_ID,,,
enctelemed,encID,Yes,ENCOUNTER_ID,,,
enctelemed,entityID,No,,,,
enctelemed,roomURL,Yes,MASK,roomURL,,
enctelemed,roomPIN,No,,,,
enctelemed,extension,No,,,,
enctelemed,ownerID,No,,,,
enctelemed,emailAddress,Yes,MASK,emailAddress,,
enctelemed,doctorID,No,,,,
enctelemed,trUserID,No,,,,
enctelemed,vendor,No,,,,
enctelemed,sessionId,No,,,,
enctelemed,websync,No,,,,
enctelemed,delFlag,No,,,,
enctelemed,grpEncId,Yes,ENCOUNTER_ID,,,
enctelemed,grpName,No,,,,
enctelemed,payload,No,,,,
enctelemed,unique_code,No,,,,
encdualdiagnosis,id,No,,,,
encdualdiagnosis,deleteflag,No,,,,
encdualdiagnosis,encounterid,Yes,ENCOUNTER_ID,,,
encdualdiagnosis,encdxitemid,Yes,MASK,encdxitemid,,
encdualdiagnosis,icd9itemid,No,,,,
encdualdiagnosis,icd9code,No,,,,
encdualdiagnosis,icd10itemid,No,,,,
encdualdiagnosis,icd10code,No,,,,
enc_utctimes,id,No,,,,
enc_utctimes,encounterID,Yes,ENCOUNTER_ID,,,
enc_utctimes,UTCTimeOut,Yes,DATE_OFFSET,,,
enc_utctimes,UTCDepTime,Yes,DATE_OFFSET,,,
enc_utctimes,UTCArrTime,Yes,DATE_OFFSET,,,
enc_utctimes,UTCTimeIn,Yes,DATE_OFFSET,,,
emrreferralattachmentdocs,Id,No,,,,
emrreferralattachmentdocs,ReferralReqId,No,,,,
emrreferralattachmentdocs,document,Yes,MASK,document,,
emrreferralattachmentdocs,filename,Yes,MASK,filename,,
emrreferralattachmentdocs,filelabel,Yes,MASK,filelabel,,
emrprogressnoteimages,Id,No,,,,
emrprogressnoteimages,ReferralReqId,No,,,,
emrprogressnoteimages,progressnoteencId,Yes,ENCOUNTER_ID,,,
emrprogressnoteimages,document,No,,,,
emrprogressnoteimages,filename,Yes,MASK,filename,,
employer,ID,No,,,,
employer,EmpName,Yes,MASK,EmpName,,
employer,empAddress1,Yes,MASK,empAddress1,,
employer,empAddress2,Yes,MASK,empAddress2,,
employer,empCity,Yes,MASK,empCity,,
employer,empState,No,,,,
employer,empFax,Yes,MASK,empFax,,
employer,empPhone,Yes,MASK,empPhone,,
employer,AddedBy,No,,,,
employer,AddedAt,No,,,,
employer,UpdatedBy,No,,,,
employer,UpdatedAt,No,,,,
employer,delFlag,No,,,,
employer,Notes,Yes,MASK,Notes,,
employer,ContactPerson,Yes,MASK,ContactPerson,,
employer,EmailAddress,Yes,MASK,EmailAddress,,
employer,empZip,Yes,ZIP_CODE,,,
employer,CompanyCode,No,,,,
employer,EnterpriseId,No,,,,
employer,faxDialingCountryId,No,,,,
empi_qualityreport,Id,No,,,,
empi_qualityreport,MeasureId,No,,,,
empi_qualityreport,FacilityCode,No,,,,
empi_qualityreport,ProviderLName,No,,,,
empi_qualityreport,ProviderFName,No,,,,
empi_qualityreport,ProviderMInitial,No,,,,
empi_qualityreport,ProviderSuffix,No,,,,
empi_qualityreport,ProviderPrefix,No,,,,
empi_qualityreport,ProviderInitial,No,,,,
empi_qualityreport,Numerator,No,,,,
empi_qualityreport,Denominator,No,,,,
empi_qualityreport,Exclusion,No,,,,
empi_qualityreport,Percentage,No,,,,
empi_qualityreport,ReportingPeriodFrom,No,,,,
empi_qualityreport,ReportingPeriodTo,NO,,,,
empi_qualityreport,IsReportExported,No,,,,
empi_qualityreport,ExportedTimeStamp,No,,,,
emcoderdmo,Id,No,,,,
emcoderdmo,EncId,Yes,ENCOUNTER_ID,,,
emcoderdmo,NewDx,No,,,,
emcoderdmo,NewDxLDI,No,,,,
emcoderdmo,Points,No,,,,
emcoder_roc_icd,id,No,,,,
emcoder_roc_icd,icdcode,No,,,,
emcoder_roc_icd,description,No,,,,
emcoder_roc_icd,icdtype,No,,,,
emcoder_roc_icd,groupflag,No,,,,
emcoder_roc_icd,deleteflag,No,,,,
emcoder_roc_icd,addedby,No,,,,
emcoder_roc_icd,addeddatetime,No,,,,
emcoder_roc_icd,deletedby,No,,,,
emcoder_roc_icd,deleteddatetime,No,,,,
emcoder_mdm2021,id,No,,,,
emcoder_mdm2021,serviceid,No,,,,
emcoder_mdm2021,patienttype,No,,,,
emcoder_mdm2021,mdmlevel,No,,,,
emcoder_mdm2021,Code,No,,,,
emcoder_mdm2021,deleteflag,No,,,,
emcoder,serviceId,No,,,,
emcoder,HistoryFlag,No,,,,
emcoder,ExamFlag,No,,,,
emcoder,DecisionFlag,No,,,,
emcoder,PatientFlag,No,,,,
emcoder,Code,No,,,,
emcoder,id,No,,,,
emar_medtype,medtypeid,No,,,,
emar_medtype,medtypename,No,,,,
emar_medtype,delflag,No,,,,
emar_frequency_time_mapping,Id,No,,,,
emar_frequency_time_mapping,FrequencyId,No,,,,
emar_frequency_time_mapping,ScheduledTimeId,No,,,,
emar_frequency,Id,No,,,,
emar_frequency,Description,No,,,,
emar_frequency,Abbr,No,,,,
emar_frequency,dose,No,,,,
emar_frequency,delflag,No,,,,
emar_frequency,customflag,No,,,,
emar_frequency,daysinterval,No,,,,
emar_frequency,frequency,No,,,,
ehi_map,id,No,,,,
ehi_map,sourceTableName,No,,,,
ehi_map,sourceTablePath,No,,,,
ehi_map,sourceDependencies,No,,,,
ehi_map,sourceDependenciesPath,No,,,,
ehi_map,columnExclusions,No,,,,
ehi_map,columnAlias,No,,,,
ehi_map,tableConstraints,No,,,,
edi_tos_del,Id,No,,,,
edi_tos_del,code,No,,,,
edi_tos_del,name,No,,,,
edi_tos_del,Description,No,,,,
edi_tos_del,EffectiveDate,No,,,,
edi_tos_del,DeactivateDate,No,,,,
edi_tos_del,LastModifiedDate,No,,,,
edi_tos_del,Notes,Yes,NOTES,,,
edi_tos,Id,No,,,,
edi_tos,code,No,,,,
edi_tos,name,No,,,,
edi_tos,Description,No,,,,
edi_tos,EffectiveDate,No,,,,
edi_tos,DeactivateDate,No,,,,
edi_tos,LastModifiedDate,No,,,,
edi_tos,Notes,Yes,NOTES,,,
edi_suppinsindicators,Code,No,,,,
edi_suppinsindicators,Name,No,,,,
edi_servauthexcodes,Code,No,,,,
edi_servauthexcodes,Name,No,,,,
edi_practicetypes,Code,No,,,,
edi_practicetypes,Name,No,,,,
edi_ndc_uom,Code,No,,,,
edi_ndc_uom,Name,No,,,,
edi_mhla_raceethnicity_codes,id,No,,,,
edi_mhla_raceethnicity_codes,description,No,,,,
edi_mhla_raceethnicity_codes,code,No,,,,
edi_mhla_raceethnicity_codes,deleteflag,No,,,,
edi_maritalstatus,Code,No,,,,
edi_maritalstatus,Name,No,,,,
edi_inspayments,paymentId,No,,,,
edi_inspayments,PayorType,No,,,,
edi_inspayments,payorId,Yes,PATIENT_ID,,,
edi_inspayments,providerId,No,,,,
edi_inspayments,amount,Yes,MASK,amount,,
edi_inspayments,checkNo,Yes,MASK,checkNo,,
edi_inspayments,type,No,,,,
edi_inspayments,date,Yes,DATE_OFFSET,,,
edi_inspayments,checkDate,Yes,DATE_OFFSET,,,
edi_inspayments,memo,Yes,NOTES,,,
edi_inspayments,PostedBy,No,,,,
edi_inspayments,PostedDt,Yes,DATE_OFFSET,,,
edi_inspayments,PostedTime,No,,,,
edi_inspayments,modifiedDate,Yes,DATE_OFFSET,,,
edi_inspayments,facilityId,No,,,,
edi_inspayments,paymentLock,No,,,,
edi_inspayments,lockedBy,No,,,,
edi_inspayments,deleteFlag,No,,,,
edi_inspayments,UnpostedAmount,Yes,MASK,UnpostedAmount,,
edi_inspayments,PaymentCode,No,,,,
edi_inspayments,EOMB1,No,,,,
edi_inspayments,creditCardType,No,,,,
edi_inspayments,closingId,No,,,,
edi_inspayments,UnpostedCPT,Yes,MASK,UnpostedCPT,,
edi_inspayments,checkTaxAmt,Yes,MASK,checkTaxAmt,,
edi_inspayments,checkTotalAmt,Yes,MASK,checkTotalAmt,,
edi_inspayments,eraDetailId,No,,,,
edi_inspayments,BatchId,Yes,NOTES,,,
edi_inspayments,VoidFlag,No,,,,
edi_inspayments,RecreatedFlag,No,,,,
edi_inspayments,ParentPaymentId,No,,,,
edi_inspayments,PracticeId,No,,,,
edi_inspayments,transid,No,,,,
edi_inspayments,depositDate,Yes,DATE_OFFSET,,,
edi_inspayments,voidId,No,,,,
edi_inspayments,isCollectionPayment,No,,,,
edi_inspayments,isreviewed,No,,,,
edi_inspayments,encid,Yes,ENCOUNTER_ID,,,
edi_inspayments,isexception,No,,,,
edi_inspayments,voidPayment,No,,,,
edi_inspayments,createdFromAppt,No,,,,
edi_icdcodes,Id,No,,,,
edi_icdcodes,ItemId,No,,,,
edi_icdcodes,Code,No,,,,
edi_icdcodes,IsImported,No,,,,
edi_icdcodes,ImportType,No,,,,
edi_icdcodes,InactiveFlag,No,,,,
edi_icdcodes,CreateTimeStamp,No,,,,
edi_icdcodes,UpdateTimeStamp,No,,,,
edi_icdcodes,ISStandardICDDesc,No,,,,
edi_icdcodes,icd10flag,No,,,,
edi_fingroup,Id,No,,,,
edi_fingroup,Code,No,,,,
edi_fingroup,Description,No,,,,
edi_dfr_cptdiagnosismap,Id,No,,,,
edi_dfr_cptdiagnosismap,encounterId,Yes,ENCOUNTER_ID,,,
edi_dfr_cptdiagnosismap,diagnosisName,No,,,,
edi_dfr_cptdiagnosismap,diagnosisItemId,No,,,,
edi_dfr_cptdiagnosismap,diagnosisCode,No,,,,
edi_dfr_cptdiagnosismap,cptName,No,,,,
edi_dfr_cptdiagnosismap,cptItemId,No,,,,
edi_dfr_cptdiagnosismap,cptcode,No,,,,
edi_dfr_cptdiagnosismap,otherInfo,No,,,,
edi_dfr_cptdiagnosismap,deleteFlag,No,,,,
edi_cptcodes,Id,No,,,,
edi_cptcodes,ItemId,No,,,,
edi_cptcodes,ShortDesc,No,,,,
edi_cptcodes,MedDesc,No,,,,
edi_cptcodes,LongDesc,No,,,,
edi_cptcodes,Fee,Yes,MASK,Fee,,
edi_cptcodes,Cost,Yes,MASK,Cost,,
edi_cptcodes,pos,No,,,,
edi_cptcodes,TOS,No,,,,
edi_cptcodes,BillToPt,Yes,MASK,BillToPt,,
edi_cptcodes,PtPortion,Yes,MASK,PtPortion,,
edi_cptcodes,AllowedFee,Yes,MASK,AllowedFee,,
edi_cptcodes,ReqCliaId,No,,,,
edi_cptcodes,ReqMammographyId,No,,,,
edi_cptcodes,Mod1,No,,,,
edi_cptcodes,Mod2,No,,,,
edi_cptcodes,Mod3,No,,,,
edi_cptcodes,HPSAFlag,No,,,,
edi_cptcodes,ExcludeCPT,No,,,,
edi_cptcodes,revcode,No,,,,
edi_cptcodes,NDCCode,No,,,,
edi_cptcodes,GlobalBillingDays,No,,,,
edi_cptcodes,ReqOrdPrInfo,No,,,,
edi_cptcodes,bActive,No,,,,
edi_cptcodes,minunits,No,,,,
edi_cptcodes,maxunits,No,,,,
edi_cptcodes,chargecode,No,,,,
edi_cptcodes,Instruction,No,,,,
edi_cptcodes,Mod4,No,,,,
edi_cptcodes,AnesthesiaBaseUnitValue,Yes,MASK,AnesthesiaBaseUnitValue,,
edi_cptcodes,CPSPMaxUnitsAllowed,No,,,,
edi_cptcodes,CPSPMinsPerUnit,No,,,,
edi_cptcodes,ServiceIdQualifier,No,,,,
edi_cptcodes,NDCUnitPrice,Yes,MASK,NDCUnitPrice,,
edi_cptcodes,NDCUom,No,,,,
edi_cptcodes,NDCUnits,No,,,,
edi_cptcodes,documentMinutes,No,,,,
edi_cptcodes,timedCode,No,,,,
edi_cptcodes,feeclaimedit,No,,,,
edi_cptcodes,nocdescription,No,,,,
edi_cptcodes,servicetype,No,,,,
edi_cptcodes,HCPCSCodeRange,No,,,,
edi_cptcodes,HCPCSCodeType,No,,,,
edi_cptcodes,HCPCSCodeUnit,No,,,,
edi_cptcodes,additionalinfo,No,,,,
edi_conditioncodetypes,Code,No,,,,
edi_conditioncodetypes,Name,No,,,,
edi_ambulance_contractcodes,Id,No,,,,
edi_ambulance_contractcodes,contractCode,No,,,,
edi_ambulance_contractcodes,Definition,No,,,,
edi_ambulance_contractcodes,deleteFlag,No,,,,
edi_278_servicetypecodes,ID,No,,,,
edi_278_servicetypecodes,ServiceTypeCode,No,,,,
edi_278_servicetypecodes,ServiceType,No,,,,
edi_278_servicetypecodes,isSupported,No,,,,
ecwstructoptions,ecwOptionId,No,,,,
ecwstructoptions,ecwStructId,No,,,,
ecwstructoptions,deleteFlag,No,,,,
ecwstructoptions,displayIndex,No,,,,
ecwstructoptions,name,No,,,,
ecwstructoptions,isCDSS,No,,,,
ecwstructoptions,diagnosisid,No,,,,
ecwstructitems,ecwStructId,No,,,,
ecwstructitems,name,No,,,,
ecwstructitems,ecwItemId,No,,,,
ecwstructitems,ecwCatId,No,,,,
ecwstructitems,ecwStructParentId,No,,,,
ecwstructitems,type,No,,,,
ecwstructitems,deleteFlag,No,,,,
ecwstructitems,localStructId,No,,,,
ecwstructitems,keyName,No,,,,
ecwstructitems,triggerText,No,,,,
ecwstructitems,itemType,No,,,,
ecwstructitems,nodelevel,No,,,,
ecwstructitems,triggerflag,No,,,,
ecwstructitems,isSF,No,,,,
ecwstructitems,isCDSS,No,,,,
ecwstructitems,mandatory,No,,,,
ecwstructitems,multiselect,No,,,,
ecwstructitems,copyrightflag,No,,,,
ecwstructitems,DoNotPublishToPortal,No,,,,
ecwstruct_loincmapping,id,No,,,,
ecwstruct_loincmapping,communityid,No,,,,
ecwstruct_loincmapping,structtype,No,,,,
ecwstruct_loincmapping,structdescription,No,,,,
ecwstruct_loincmapping,loinccode,No,,,,
ecwstruct_loincmapping,uom,No,,,,
ecwproperties,ecwPropId,No,,,,
ecwproperties,name,No,,,,
ecwproperties,ecwCatId,No,,,,
ecwproperties,deleteFlag,No,,,,
ecwproperties,localPropId,No,,,,
ecwproperties,isSF_Cat,No,,,,
ecwproperties,map_specialityId,No,,,,
ecwproceduremapper,ItemId,No,,,,
ecwproceduremapper,CPTCode,No,,,,
ecwloguri,ecwloguri_id,No,,,,
ecwloguri,ecwuri,No,,,,
ecwloguri,ptcolname,No,,,,
ecwloguri,enccolname,No,,,,
ecwloguri,user_action,No,,,,
ecwloguri,featurename,No,,,,
ecwloguri,itemcolname,No,,,,
ecwloguri,reportidcolname,No,,,,
ecwfamilyhxmapper,keyname,No,,,,
ecwfamilyhxmapper,localid,No,,,,
ecwfamilyhxitems,id,No,,,,
ecwfamilyhxitems,keyname,No,,,,
ecwfamilyhxitems,dispname,No,,,,
ecwfamilyhxitems,relativetype,No,,,,
ecwfamilyhxitems,snomedcode,No,,,,
ecw_standardlist,KeyCode,No,,,,
ecw_standardlist,KeyName,No,,,,
ecw_standardlist,KeyDisplayName,No,,,,
ecliniforms,ID,No,,,,
ecliniforms,Name,No,,,,
ecliniforms,ParentID,No,,,,
ecliniforms,Date_Created,No,,,,
ecliniforms,Date_Modified,No,,,,
ecliniforms,FileName,No,,,,
ecliniforms,DocType,No,,,,
ecliniforms,DelFlag,No,,,,
ecliniforms,ECWSIGX,No,,,,
ecliniforms,ECWSIGY,No,,,,
ecliniforms,PATIDX,No,,,,
ecliniforms,PATIDY,No,,,,
ecliniforms,DispIndex,No,,,,
ecliniforms,practiceid,No,,,,
ecliniforms,practicename,No,,,,
ecliniforms,facilityid,No,,,,
ecliniforms,facilityname,Yes,MASK,facilityname,,
ecliniforms,truserid,Yes,MASK,truserid,,
ecliniforms,StampX,No,,,,
ecliniforms,StampY,No,,,,
ecliniforms,zoomFactor,No,,,,
ecliniforms,validity,No,,,,
ecliniforms,StampPageNo,No,,,,
ecliniforms,SignPageNo,No,,,,
ebo_portal_defaults,id,No,,,,
ebo_portal_defaults,tile_id,No,,,,
ebo_portal_defaults,sequence,No,,,,
ebo_portal_defaults,report_path,Yes,NOTES,,,
ebo_cptlevel_cascodes,Id,No,,,,
ebo_cptlevel_cascodes,eobId,No,,,,
ebo_cptlevel_cascodes,cptId,No,,,,
ebo_cptlevel_cascodes,groupcode,No,,,,
ebo_cptlevel_cascodes,reasoncode,No,,,,
ebo_cptlevel_cascodes,ins_payments_date,No,,,,
drugfrequency,Id,No,,,,
drugfrequency,frequency_abbr,No,,,,
drugfrequency,frequency_description,No,,,,
docsrefdata,id,No,,,,
docsrefdata,refID,Yes,MASK,refID,,
docsrefdata,source,No,,,,
docsrefdata,docType,No,,,,
docsrefdata,patientID,Yes,PATIENT_ID,,,
docsrefdata,updatedOn,Yes,DATE_OFFSET,,,
docsrefdata,name,Yes,NOTES,,,
docsrefdata,addInfo,Yes,NOTES,,,
docidtyperef,Code,No,,,,
docidtyperef,Name,No,,,,
diagnosis,EncounterId,Yes,ENCOUNTER_ID,,,
diagnosis,ItemId,No,,,,
diagnosis,PrimaryAsmt,No,,,,
diagnosis,Specify,Yes,NOTES,,,
diagnosis,Notes,Yes,NOTES,,,
diagnosis,displayIndex,No,,,,
diagnosis,axis,No,,,,
diagnosis,AsmtOnsetDate,Yes,DATE_OFFSET,,,
diagnosis,SlNo,No,,,,
diagnosis,websync,No,,,,
diagnosis,Risk,No,,,,
diagnosis,SNOMED,No,,,,
diagnosis,synonymid,No,,,,
diagnosis,SNOMEDDesc,No,,,,
diagnosis,specifyHtml,No,,,,
diagnosis,notesHtml,Yes,NOTES,,,
deviceconfigdata,id,No,,,,
deviceconfigdata,facilityId,No,,,,
deviceconfigdata,TrUserId,No,,,,
deviceconfigdata,vendor,Yes,MASK,vendor,,
deviceconfigdata,modality,Yes,MASK,modality,,
deviceconfigdata,machinename,Yes,MASK,machinename,,
deviceconfigdata,hostmac,Yes,MASK,hostmac,,
deviceconfigdata,active,No,,,,
deviceconfigdata,dateCreated,No,,,,
deviceconfigdata,dateModified,No,,,,
deviceconfigdata,xmldata,Yes,MASK,xmldata,,
deviceconfigdata,delflag,No,,,,
deviceconfigdata,newXmlData,Yes,MASK,newXmlData,,
descofservice,DescId,No,,,,
descofservice,PatientId,Yes,PATIENT_ID,,,
descofservice,InvoiceId,No,,,,
descofservice,EncounterId,Yes,ENCOUNTER_ID,,,
descofservice,RelId,No,,,,
descofservice,date,Yes,DATE_OFFSET,,,
descofservice,Name,Yes,NOTES,,,
descofservice,descType,No,,,,
descofservice,charges,Yes,MASK,charges,,
descofservice,paid,Yes,MASK,paid,,
descofservice,adjustment,Yes,MASK,adjustment,,
descofservice,withheld,Yes,MASK,withheld,,
descofservice,balance,Yes,MASK,balance,,
descofservice,TotBalance,Yes,MASK,TotBalance,,
descofservice,AgeBalCur,Yes,MASK,AgeBalCur,,
descofservice,AgeBal30,Yes,MASK,AgeBal30,,
descofservice,AgeBal60,Yes,MASK,AgeBal60,,
descofservice,AgeBal90,Yes,MASK,AgeBal90,,
descofservice,AgeBal120,Yes,MASK,AgeBal120,,
descofservice,practiceId,No,,,,
descofservice,InvCptId,No,,,,
descofservice,StatementType,No,,,,
descofservice,guid,Yes,MASK,guid,,
descofservice,stmtno,No,,,,
descofservice,insid,Yes,MASK,insid,,
descofservice,icd,No,,,,
descofservice,cptBalance,Yes,MASK,cptBalance,,
descofservice,displayCPTbalance,Yes,MASK,displayCPTbalance,,
descofservice,ptRespFlag,No,,,,
derm_structkeywords,keyid,No,,,,
derm_structkeywords,id,No,,,,
derm_structkeywords,deleteflag,No,,,,
derm_structkeywords,displayindex,No,,,,
derm_structkeywords,notes,No,,,,
derm_lesionusermap,lesionusermapid,No,,,,
derm_lesionusermap,lesionid,No,,,,
derm_lesionusermap,userid,No,,,,
derm_lesionusermap,status,No,,,,
derm_lesionusermap,createdby,No,,,,
derm_lesionusermap,createdon,No,,,,
derm_lesionusermap,modifiedby,No,,,,
derm_lesionusermap,modifiedon,No,,,,
derm_lesionusermap,lesionorder,No,,,,
derm_lesionusermap,lesiondescription,No,,,,
derm_diagrams,diagramid,No,,,,
derm_diagrams,diagramname,No,,,,
dentalquickbuttonitems,id,No,,,,
dentalquickbuttonitems,categoryID,No,,,,
dentalquickbuttonitems,buttonName,No,,,,
dentalquickbuttonitems,procedureCode,No,,,,
dentalitems,id,No,,,,
dentalitems,itemID,No,,,,
dentalitems,categoryid,No,,,,
dentalitems,treatmentAreaID,No,,,,
dentalitems,paintTypeID,No,,,,
dentalitems,procedureCode,No,,,,
dentalitems,aliasName,No,,,,
dentalitems,providerTime,No,,,,
dentalitems,resourceTime,No,,,,
dentalitems,chairTime,No,,,,
dentalitems,cptDuration,No,,,,
dcf_ptdemo,ID,No,,,,
dcf_ptdemo,patientid,Yes,PATIENT_ID,,,
dcf_ptdemo,dob,Yes,PATIENT_DOB,,,
dcf_ptdemo,gender,No,,,,
dcf_ptdemo,age,No,,,,
dcf_ptdemo,ageinmonths,No,,,,
dashboard_sticky_notes,PtId,Yes,PATIENT_ID,,,
dashboard_sticky_notes,PtNotes,Yes,NOTES,,,
dashboard_sticky_notes,securenotes,Yes,NOTES,,,
cvxvismapping,id,No,,,,
cvxvismapping,CVX_code,No,,,,
cvxvismapping,CVXVaccineDesc,No,,,,
cvxvismapping,VISDocName,No,,,,
cvxvismapping,VISEncodedString,No,,,,
cvxvismapping,VISEditionDate,No,,,,
cvxvismapping,VISGDTIDocCode,No,,,,
cvxvismapping,VISEditionStatus,No,,,,
cvxvismapping,VISLastUpdatedDate,No,,,,
customrx,Id,No,,,,
customrx,ItemId,No,,,,
customrx,NDC_Code,No,,,,
cre_criteria_dataelements,Id,No,,,,
cre_criteria_dataelements,MasterFile,No,,,,
cre_criteria_dataelements,DataElementName,No,,,,
cre_criteria_dataelements,DataElementDBColName,No,,,,
cre_criteria_dataelements,DataElementTableName,No,,,,
cre_criteria_dataelements,DataElementType,No,,,,
cqm_lookup,Id,No,,,,
cqm_lookup,ValuesetId,No,,,,
cqm_lookup,Valueset,No,,,,
cqm_lookup,Codes,No,,,,
cqm_lookup,CodeSystem,No,,,,
cqm_lookup,Notes,Yes,MASK,Notes,,
cqm_lookup,VERSION,No,,,,
cqm_lookup,keyId,No,,,,
cpticdcodes,CPTCode,No,,,,
cpticdcodes,ICDCode,No,,,,
cpthcpcsmodifiers_crosswalk,id,No,,,,
cpthcpcsmodifiers_crosswalk,CODE,No,,,,
cpthcpcsmodifiers_crosswalk,modifiercode,No,,,,
cpthcpcsmodifiers_crosswalk,description,No,,,,
cpthcpcsmodifiers_crosswalk,TYPE,No,,,,
cpthcpcsmodifiers_crosswalk,YEAR,No,,,,
cpthcpcsmodifiers_crosswalk,deleteflag,No,,,,
cpthcpcschanges,id,No,,,,
cpthcpcschanges,CODE,No,,,,
cpthcpcschanges,change_type,No,,,,
cpthcpcschanges,original_startdt,No,,,,
cpthcpcschanges,version_enddt,No,,,,
cpthcpcschanges,revised_startdt,No,,,,
cpthcpcschanges,terminationdt,No,,,,
cpthcpcschanges,status_indicator,No,,,,
cpthcpcschanges,replacement_code_crosswalk,No,,,,
cpthcpcschanges,old_fulldesc,No,,,,
cpthcpcschanges,new_fulldesc,No,,,,
cpthcpcschanges,releasedt,No,,,,
cpthcpcschanges,datatype,No,,,,
cpthcpcschanges,YEAR,No,,,,
cpthcpcschanges,deleteflag,No,,,,
cptcvx_cdc,VaccineName,No,,,,
cptcvx_cdc,CPT,No,,,,
cptcvx_cdc,CVX,No,,,,
cptcvx_cdc,cvx_name,No,,,,
cptcvx_cdc,CPTCodeStatus,No,,,,
cptcvx_cdc,VaccineStatus,No,,,,
cptcvx_cdc,inactive,No,,,,
cptcodes,ID,No,,,,
cptcodes,Code,No,,,,
cptcodes,Name,No,,,,
cpt_cvx,Id,No,,,,
cpt_cvx,Status,No,,,,
cpt_cvx,CPT,No,,,,
cpt_cvx,CPTDesc,No,,,,
cpt_cvx,CVX,No,,,,
cpt_cvx,CVXVaccineName,No,,,,
cpo_cpt_exclude,id,No,,,,
cpo_cpt_exclude,cptCode,No,,,,
cpo_cpt_exclude,deleteFlag,No,,,,
cpo_cpt_exclude,modiBy,No,,,,
cpo_cpt_exclude,modiTime,No,,,,
cpc_measure_config,Id,No,,,,
cpc_measure_config,Measure_Id,No,,,,
cpc_measure_config,Num_Desc,No,,,,
cpc_measure_config,Den_Desc,No,,,,
cpc_measure_config,Excl_Desc,No,,,,
cpc_measure_config,Inactive_Flg,No,,,,
cpc_measure_config,Publish_Flg,No,,,,
cpc_measure_config,Num_Key,No,,,,
cpc_measure_config,Den_Key,No,,,,
cpc_measure_config,Excl_Key,No,,,,
cpc_measure_config,Starttime,No,,,,
cpc_measure_config,Endtime,No,,,,
cpc_measure_config,MeasureLevel,No,,,,
cpc_measure_config,Exception_Desc,No,,,,
cpc_measure_config,threshold,No,,,,
cpc_measure_config,Num_Exclusion,No,,,,
cpc_measure_config,IPP_Desc,No,,,,
cpc_measure_config,Version,No,,,,
cpc_measure_config,optionid,No,,,,
cpc_measure_config,ecwstructid,No,,,,
cpc_ethnicity_lookup,id,No,,,,
cpc_ethnicity_lookup,code,No,,,,
cpc_ethnicity_lookup,flag,No,,,,
county,id,No,,,,
county,stateabbr,No,,,,
county,statecode,No,,,,
county,countycode,No,,,,
county,countyname,No,,,,
county,deleteflag,No,,,,
copyencountermapping,id,No,,,,
copyencountermapping,encounterid,Yes,ENCOUNTER_ID,,,
copyencountermapping,newencounterid,Yes,ENCOUNTER_ID,,,
contacts,contactId,No,,,,
contacts,pid,Yes,PATIENT_ID,,,
contacts,name,Yes,MASK,name,,
contacts,relation,No,,,,
contacts,address,Yes,MASK,address,,
contacts,address2,Yes,MASK,address2,,
contacts,city,Yes,MASK,city,,
contacts,state,No,,,,
contacts,zipcode,Yes,ZIP_CODE,,,
contacts,homePhone,Yes,MASK,homePhone,,
contacts,workPhone,Yes,MASK,workPhone,,
contacts,vmid,Yes,MASK,vmid,,
contacts,delflag,No,,,,
contacts,Lname,Yes,MASK,Lname,,
contacts,Fname,Yes,MASK,Fname,,
contacts,MI,Yes,MASK,MI,,
contacts,Guardian,No,,,,
contacts,RelatedPtId,Yes,PATIENT_ID,,,
contacts,HExt,No,,,,
contacts,WExt,No,,,,
contacts,Type1,No,,,,
contacts,Type2,No,,,,
contacts,Fax,Yes,MASK,Fax,,
contacts,Email,Yes,MASK,Email,,
contacts,Notes,Yes,NOTES,,,
contacts,Hippa,No,,,,
contacts,displayorder,No,,,,
contacts,maidenname,Yes,MASK,maidenname,,
contacts,CountryCode,No,,,,
contacts,CellPhone,Yes,MASK,CellPhone,,
contacts,isFamilyMember,No,,,,
contacts,ECOrder,No,,,,
contacts,isEmergencyContact,No,,,,
contacts,preferredPhone,Yes,MASK,preferredPhone,,
communityelements,id,No,,,,
communityelements,itemname,No,,,,
communityelements,CommunityId,No,,,,
communityelements,sortoverride,No,,,,
communityelements,itemType,No,,,,
coc,id,No,,,,
coc,name,No,,,,
coc,createdby,No,,,,
coc,createdon,Yes,DATE_OFFSET,,,
coc,patientid,Yes,PATIENT_ID,,,
coc,description,Yes,NOTES,,,
coc,primarycontactid,No,,,,
coc,delflag,No,,,,
coc,isccmrcontact,No,,,,
coc,hasCareManager,No,,,,
coc,ccmrdispname,No,,,,
coc,ccmrprogid,No,,,,
coc,activeFlag,No,,,,
clinitekstrips,name,No,,,,
clinitekstrips,field,No,,,,
clinicianallergies,customname,No,,,,
clinicianallergies,itemname,No,,,,
clinicianallergies,id,No,,,,
clinicianallergies,viewType,No,,,,
clinicianallergies,deleteFlag,No,,,,
clinicianallergies,synonymId,No,,,,
clinicianallergies,drugnameid,No,,,,
clinicianallergies,drugGUID,No,,,,
clia_cpt_list,Id,No,,,,
clia_cpt_list,HCPCS,No,,,,
clia_cpt_list,MOD,No,,,,
clia_cpt_list,DESCRIPTION,No,,,,
clia_cpt_list,LABORATORY_CODECERTIFICATION_LC,No,,,,
clearinghouseclaimactioncodes,Id,No,,,,
clearinghouseclaimactioncodes,ClearingHouse,No,,,,
clearinghouseclaimactioncodes,Code,No,,,,
clearinghouseclaimactioncodes,Description,No,,,,
clearinghouseclaimactioncodes,deleteFlag,No,,,,
clearinghouseclaimactioncodes,CSCODE,No,,,,
chronic_drug_class,Id,No,,,,
chronic_drug_class,ClassID,No,,,,
chronic_drug_class,descdisplay,No,,,,
chronic_drug_class,drugdatabase,No,,,,
celldynrangevalues,lowerLimit,No,,,,
celldynrangevalues,upperLimit,No,,,,
celldynrangevalues,RBC,No,,,,
celldynrangevalues,HGB,No,,,,
celldynrangevalues,HCT,No,,,,
celldynrangevalues,MCV,No,,,,
celldynrangevalues,MCH,No,,,,
celldynrangevalues,MCHC,No,,,,
celldynrangevalues,WBC,No,,,,
celldynrangevalues,GRANPERCENT,No,,,,
celldynrangevalues,LYMPERCENT,No,,,,
celldynrangevalues,MONOS,No,,,,
celldynrangevalues,PLT,No,,,,
celldynrangevalues,SEX,No,,,,
celldynrangevalues,MID,No,,,,
celldynrangevalues,MIDPERCENT,No,,,,
celldynrangevalues,RDW,No,,,,
celldynrangevalues,LYM,No,,,,
celldynrangevalues,GRAN,No,,,,
cdss_lab_propids,ItemId,No,,,,
cdss_lab_propids,labname,No,,,,
cdss_cptcodes,cptcode,No,,,,
cdss_cptcodes,name,No,,,,
cdss_codes,Id,No,,,,
cdss_codes,Name,No,,,,
cdss_codes,Codes,No,,,,
cdss_codes,Type,No,,,,
cdss_codes,description,Yes,NOTES,,,
cdss_codes,structQuesResp,No,,,,
ccmr_cpt_claim_codes,id,No,,,,
ccmr_cpt_claim_codes,programId,No,,,,
ccmr_cpt_claim_codes,cptCode,No,,,,
ccmr_cpt_claim_codes,cpt_desc,No,,,,
ccmr_cpt_claim_codes,thresholds,No,,,,
ccmr_cpt_claim_codes,MinimumValue,No,,,,
ccmr_cpt_claim_codes,MaximumValue,No,,,,
ccmr_cpt_claim_codes,isInActive,No,,,,
ccmr_cpt_claim_codes,claimOrder,No,,,,
ccmr_careplan,ccmrID,No,,,,
ccmr_careplan,PatientID,Yes,PATIENT_ID,,,
ccmr_careplan,Discharge_date,Yes,DATE_OFFSET,,,
ccmr_careplan,CPStat,No,,,,
ccmr_careplan,LastScreen,No,,,,
ccmr_careplan,Lock_Ind,No,,,,
ccmr_careplan,DelStat,No,,,,
ccmr_careplan,Uname,No,,,,
ccmr_careplan,Upd_Date,Yes,DATE_OFFSET,,,
ccmr_careplan,AsmtID,No,,,,
ccmr_careplan,AsmtValue,No,,,,
ccmr_careplan,Created_Date,Yes,DATE_OFFSET,,,
ccmr_careplan,PrimaryProviderId,No,,,,
ccm_chronicgroup,id,No,,,,
ccm_chronicgroup,Groupid,No,,,,
ccm_chronicgroup,ICDGroupName,No,,,,
ccm_chronicgroup,GroupDesc,No,,,,
ccm_chronicgroup,programId,No,,,,
ccm_chronicgroup,modiBy,No,,,,
ccm_chronicgroup,modiTime,No,,,,
ccm_chronicgroup,deleteFlag,No,,,,
ccm_chronicgroup,isSelected,No,,,,
ccm_chroniccodes,id,No,,,,
ccm_chroniccodes,ICDCode,No,,,,
ccm_chroniccodes,CodeDesc,No,,,,
ccm_chroniccodes,modiBy,No,,,,
ccm_chroniccodes,modiTime,No,,,,
ccm_chroniccodes,deleteFlag,No,,,,
ccm_chroniccodes,isAutoMig,No,,,,
case_management,CaseId,No,,,,
case_management,CaseName,Yes,NOTES,,,
case_management,CreatedBy,No,,,,
case_management,AssignedTo,No,,,,
case_management,deleteflag,No,,,,
case_management,Status,No,,,,
case_details,CaseId,No,,,,
case_details,PatientId,Yes,PATIENT_ID,,,
case_details,ProviderId,No,,,,
case_details,GuarantorId,Yes,PATIENT_ID,,,
case_details,AttorneyId,No,,,,
case_details,CaseManagerId,No,,,,
case_details,InsuranceId,Yes,MASK,InsuranceId,,
case_details,CaseType,No,,,,
case_details,BillToPatient,No,,,,
case_details,PreAuth,Yes,NOTES,,,
case_details,Referral,No,,,,
case_details,CourtName,No,,,,
case_details,CourtLocation,No,,,,
case_details,CourtCase,Yes,MASK,CourtCase,,
case_details,CourtDate,Yes,DATE_OFFSET,,,
case_details,DateOfInjury,Yes,DATE_OFFSET,,,
case_details,WorkRelated,No,,,,
case_details,Accident,No,,,,
case_details,AccidentState,No,,,,
case_details,AccidentTime,No,,,,
case_details,AccidentCause,No,,,,
case_details,MissedWorkFrom,Yes,DATE_OFFSET,,,
case_details,MissedWorkTo,Yes,DATE_OFFSET,,,
case_details,HospitalizationFrom,Yes,DATE_OFFSET,,,
case_details,HospitalizationTo,Yes,DATE_OFFSET,,,
case_details,city,Yes,MASK,city,,
case_details,county,No,,,,
case_details,AddressNoStNo,Yes,MASK,AddressNoStNo,,
case_details,DescAccOccur,No,,,,
case_details,addressline1,Yes,MASK,addressline1,,
case_details,addressline2,Yes,MASK,addressline2,,
case_details,zipcode,Yes,ZIP_CODE,,,
case_details,externalCaseNo,Yes,MASK,externalCaseNo,,
case_details,empDetailId,No,,,,
blbs_partcipatinglab,id,No,,,,
blbs_partcipatinglab,SuperHubLabId,No,,,,
blbs_partcipatinglab,LabName,Yes,MASK,LabName,,
blbs_partcipatinglab,LabCompany,Yes,MASK,LabCompany,,
automapproblemlisticdtosnomed,id,No,,,,
automapproblemlisticdtosnomed,patientid,Yes,PATIENT_ID,,,
automapproblemlisticdtosnomed,asmtid,No,,,,
automapproblemlisticdtosnomed,plslno,No,,,,
automapproblemlisticdtosnomed,icdcode,No,,,,
automapproblemlisticdtosnomed,icddesc,No,,,,
automapproblemlisticdtosnomed,snomed,No,,,,
automapproblemlisticdtosnomed,snomeddesc,No,,,,
automapproblemlisticdtosnomed,deleteflag,No,,,,
attachedpastorders,Id,No,,,,
attachedpastorders,ReportId,No,,,,
attachedpastorders,AttachedToEncId,Yes,ENCOUNTER_ID,,,
attachedpastorders,deleteFlag,No,,,,
attachedpastorders,labAttributes,Yes,NOTES,,,
attachedpastorders,performedDate,Yes,DATE_OFFSET,,,
assignedpnenc,id,No,,,,
assignedpnenc,EncounterID,Yes,ENCOUNTER_ID,,,
assignedpnenc,AssignedToId,No,,,,
assignedpnenc,LockStatus,No,,,,
assignedpnenc,Notes,Yes,NOTES,,,
assignedpnenc,randomselection,No,,,,
assignedpnenc,assigntosupprid,No,,,,
assessment_rx_history,Id,No,,,,
assessment_rx_history,AsmtId,No,,,,
assessment_rx_history,OldRxId,No,,,,
assessment_rx_history,RxItemId,No,,,,
assessment_rx_history,encounterId,Yes,ENCOUNTER_ID,,,
assessment_rx_history,patientsFlag,No,,,,
assessment_rx_history,doctorsFlag,No,,,,
assessment_rx_history,encDate,Yes,DATE_OFFSET,,,
assessment_rx_history,patientId,Yes,PATIENT_ID,,,
assessment_rx_history,doctorId,No,,,,
assessment_rx_history,facilityId,No,,,,
assessment_rx_history,visitType,No,,,,
assessment_rx_history,RxStrengthId,No,,,,
assessment_rx_history,RxStrengthValue,Yes,NOTES,,,
assessment_rx_history,RxTakeId,No,,,,
assessment_rx_history,RxTakeValue,Yes,NOTES,,,
assessment_rx_history,RxFrequencyId,No,,,,
assessment_rx_history,RxFrequencyValue,Yes,NOTES,,,
assessment_rx_history,RxDurationId,No,,,,
assessment_rx_history,RxDurationValue,Yes,NOTES,,,
assessment_rx_history,RxDispenseId,No,,,,
assessment_rx_history,RxDispenseValue,Yes,NOTES,,,
assessment_rx_history,RxRefillsId,No,,,,
assessment_rx_history,RxRefillsValue,Yes,NOTES,,,
assessment_rx_history,RxRouteId,No,,,,
assessment_rx_history,RxRouteValue,Yes,NOTES,,,
assessment_rx_history,LastHistoryDate,Yes,DATE_OFFSET,,,
assessment_rx_history,FavouriteHistoryItem,No,,,,
assessment_rx_history,delFlag,No,,,,
assessment_rx_history,icdCode,No,,,,
assessment_rx_history,icdGroup,No,,,,
assessment_rx_history,RxFormulationValue,Yes,NOTES,,,
assessment_rx_history,RxFormulationId,No,,,,
assessment_rx_history,ndc_code,No,,,,
assessment_referral_history,Id,No,,,,
assessment_referral_history,AsmtId,No,,,,
assessment_referral_history,speciality,No,,,,
assessment_referral_history,referralId,Yes,MASK,referralId,,
assessment_referral_history,encounterId,Yes,ENCOUNTER_ID,,,
assessment_referral_history,encDate,Yes,DATE_OFFSET,,,
assessment_referral_history,patientId,Yes,PATIENT_ID,,,
assessment_referral_history,doctorId,No,,,,
assessment_referral_history,facilityId,No,,,,
assessment_referral_history,visitType,No,,,,
assessment_referral_history,LastHistoryDate,Yes,DATE_OFFSET,,,
assessment_referral_history,FavouriteHistoryItem,No,,,,
assessment_referral_history,delFlag,No,,,,
assessment_referral_history,icdCode,No,,,,
assessment_referral_history,icdGroup,No,,,,
assessment_lab_history,Id,No,,,,
assessment_lab_history,AsmtId,No,,,,
assessment_lab_history,LabId,No,,,,
assessment_lab_history,LabItemId,No,,,,
assessment_lab_history,LabType,No,,,,
assessment_lab_history,encounterId,Yes,ENCOUNTER_ID,,,
assessment_lab_history,encDate,Yes,DATE_OFFSET,,,
assessment_lab_history,patientId,Yes,PATIENT_ID,,,
assessment_lab_history,doctorId,No,,,,
assessment_lab_history,facilityId,No,,,,
assessment_lab_history,visitType,No,,,,
assessment_lab_history,LastHistoryDate,Yes,DATE_OFFSET,,,
assessment_lab_history,FavouriteHistoryItem,No,,,,
assessment_lab_history,delFlag,No,,,,
assessment_lab_history,icdCode,No,,,,
assessment_lab_history,icdGroup,No,,,,
asc_vitals_images_master,id,No,,,,
asc_vitals_images_master,imageName,No,,,,
asc_vitals_images_master,imagePath,No,,,,
asc_vitals_images_master,vitalTypeId,No,,,,
asc_vitals_images_master,displayIndex,No,,,,
asc_vitals_images_master,defaultAbbreviation,No,,,,
asc_vitals_images_master,modifiedBy,No,,,,
asc_vitals_images_master,modifiedDatetime,No,,,,
asc_vitals_images_master,deleteFlag,No,,,,
asc_pnsectionmaster,MasterSectionId,No,,,,
asc_pnsectionmaster,MasterSectionName,No,,,,
asc_pnsectionmaster,Path,Yes,MASK,Path,,
asc_pnsectionmaster,deleteflag,No,,,,
asc_pnsectionmaster,jsfiles,Yes,MASK,jsfiles,,
asc_pnsectionmaster,appName,No,,,,
anesthesiamapping,Id,No,,,,
anesthesiamapping,CPTCode,No,,,,
anesthesiamapping,AnesthesiaCode,No,,,,
anesthesiamapping,delFlag,No,,,,
allergy_general_setting,ID,No,,,,
allergy_general_setting,NAME,No,,,,
allergy_general_setting,VALUE,No,,,,
allergy_general_setting,DISPLAYNAME,No,,,,
allergy_general_setting,DELETEFLAG,No,,,,
allergy_general_setting,CONTROLTYPE,No,,,,
allergy_general_setting,VALUE2,No,,,,
alertdata,Id,No,,,,
alertdata,PatientId,Yes,PATIENT_ID,,,
alertdata,MeasureId,No,,,,
alertdata,MeasureName,No,,,,
alertdata,ItemId,No,,,,
alertdata,Frequency,No,,,,
alertdata,LastDone,Yes,DATE_OFFSET,,,
alertdata,DueDate,Yes,DATE_OFFSET,,,
alertdata,Value,No,,,,
alertdata,controlstatus,No,,,,
alertdata,RegistryAlert,No,,,,
alertdata,labReceived,No,,,,
alertdata,mdate,Yes,DATE_OFFSET,,,
alertdata,isExternalAlert,No,,,,
alertdata,isMergedToCdssAlert,No,,,,
addressmanager,id,No,,,,
addressmanager,patientId,Yes,PATIENT_ID,,,
addressmanager,AddressStatus,No,,,,
addressmanager,Address_type_id,No,,,,
addressmanager,addressline1,Yes,MASK,addressline1,,
addressmanager,addressline2,Yes,MASK,addressline2,,
addressmanager,Effectivedatefrom,Yes,DATE_OFFSET,,,
addressmanager,Effectivedateto,Yes,DATE_OFFSET,,,
addressmanager,city,Yes,MASK,city,,
addressmanager,County,No,,,,
addressmanager,state,No,,,,
addressmanager,zip,Yes,ZIP_CODE,,,
addressmanager,Country,No,,,,
addressmanager,countycode,No,,,,
addressmanager,deleteflag,No,,,,
additionalnotes,Id,No,,,,
additionalnotes,patientId,Yes,PATIENT_ID,,,
additionalnotes,LoggedInUid,No,,,,
additionalnotes,date,Yes,DATE_OFFSET,,,
additionalnotes,time,No,,,,
additionalnotes,Message,Yes,NOTES,,,
additionalnotes,deleteFlag,No,,,,
additionalnotes,moduleName,No,,,,
additionalnotes,createdOn,Yes,DATE_OFFSET,,,
additionalnotes,createdBy,No,,,,
additionalnotes,subjectData,Yes,NOTES,,,
additionalnotes,subject,No,,,,
abncodes,itemId,No,,,,
abncodes,ABN,No,,,,
abncodes,CPTCode,No,,,,
abncodes,CPTItemId,No,,,,
userprofile,Id,No,,,,
userprofile,UserId,No,,,,
userprofile,FacilityId,No,,,,
userprofile,PatientHub,No,,,,
userprofile,DefaultPmtDateOption,No,,,,
userprofile,FutureOrderChecked,No,,,,
userprofile,DefaultPmtMaxCount,No,,,,
userprofile,DefaultPmtMethod,No,,,,
userprofile,AllergyPopupLevel,No,,,,
userprofile,FutureOrderCheckedXRays,No,,,,
userprofile,UseComputerSpecificFaiclity,No,,,,
userprofile,ShowEcliniFormsInPN,No,,,,
userprofile,ClaimNoLabs,No,,,,
userprofile,ClaimNoAutomaticChecks,No,,,,
userprofile,ProgressNotesRightPanel,No,,,,
userprofile,ProgressNotesTopPanel,No,,,,
userprofile,ProgressNotesInitials,No,,,,
userprofile,MultiPVDSelection,No,,,,
userprofile,PerformanceRptMsg,No,,,,
userprofile,OutlookBar,No,,,,
userprofile,ShowDiscontinuedDrugs,No,,,,
userprofile,DefaultOfficevisitMaxCount,No,,,,
userprofile,ShowSignature,No,,,,
userprofile,ShowOutlookTreeview,No,,,,
userprofile,OutlookBarLeftPanel,No,,,,
userprofile,UseNewLabReview,No,,,,
userprofile,UseNewDocReview,No,,,,
userprofile,TelEncTopPanel,No,,,,
userprofile,TelEncRightPanel,No,,,,
userprofile,LabTopPanel,No,,,,
userprofile,LabRightPanel,No,,,,
userprofile,DocTopPanel,No,,,,
userprofile,DocRightPanel,No,,,,
userprofile,UseNewTelEnc,No,,,,
userprofile,LookupPagesStyle,No,,,,
userprofile,DefaultOutOfOfficeDateOption,No,,,,
userprofile,PerformanceRptMsgPmt,No,,,,
userprofile,ApptNonBillableWarning,No,,,,
userprofile,DisplayPayInsGrp,No,,,,
userprofile,ClaimsLookUp,No,,,,
userprofile,PatientHubRightPanel,No,,,,
userprofile,DefaultLibraryForAssessment,No,,,,
userprofile,DefaultLibraryForChiefComplaint,No,,,,
userprofile,DefaultLibraryForMedicalHistory,No,,,,
userprofile,DefaultLibraryForTreatmentRx,No,,,,
userprofile,DefaultLibraryForTreatmentDx,No,,,,
userprofile,AllLotsScreen,No,,,,
userprofile,AllLotsImmScreen,No,,,,
userprofile,OnlySelectedVaccine,No,,,,
userprofile,ShowDDR,No,,,,
userprofile,DefaultSearchPtBy,No,,,,
userprofile,CentralizedScheduling,No,,,,
userprofile,ShowInvalidCpt,No,,,,
userprofile,DefaultPrintLogMaxCount,No,,,,
userprofile,EnableProactiveDrugInteraction,No,,,,
userprofile,DefaultFaxLogMaxCount,No,,,,
userprofile,ShowLineBal,No,,,,
userprofile,DefaultOutOfOfficeFacilityId,No,,,,
userprofile,DefaultIcdAssignment,No,,,,
userprofile,ClaimsDupCptSelOption,No,,,,
userprofile,RptPMTByFacility,No,,,,
userprofile,DoNotShowPostingDateMessage,No,,,,
userprofile,Default_Referral_visits,No,,,,
userprofile,DefaultProgressNoteTemplates,No,,,,
userprofile,ShowMultumDosesForCustomDrugs,No,,,,
userprofile,DefaultSuperBill,Yes,MASK,DefaultSuperBill,,
userprofile,DefaultLabReqForm,No,,,,
userprofile,DefaultImagingReqForm,No,,,,
userprofile,EnableFacilityBasedFilter,No,,,,
userprofile,RxListViewPrintFax,No,,,,
userprofile,ShowMessageForFutureVisit,No,,,,
userprofile,CopyTreatmentNotesForDx,No,,,,
userprofile,HideAliasColumn,No,,,,
userprofile,ImmunLockPop,No,,,,
userprofile,DefaultUomInGrowthCharts,No,,,,
userprofile,DefaultLabCompany,No,,,,
userprofile,DefaultStyleInProgressNotes,No,,,,
userprofile,faxInboxSortAsc,No,,,,
userprofile,ExportERAFolder,Yes,MASK,ExportERAFolder,,
userprofile,faxInboxRefreshRate,Yes,MASK,faxInboxRefreshRate,,
userprofile,xmlhttptimeout_send,Yes,MASK,xmlhttptimeout_send,,
userprofile,xmlhttptimeout_receive,Yes,MASK,xmlhttptimeout_receive,,
userprofile,ServerXMLHTTPObject,Yes,MASK,ServerXMLHTTPObject,,
userprofile,EnableTabletSignaturePad,Yes,MASK,EnableTabletSignaturePad,,
userprofile,DefaultLookup_LabComReport,No,,,,
userprofile,DefaultSortBy_LabComReport,No,,,,
userprofile,DefaultFormat_LabComReport,No,,,,
userprofile,Default_EMR_IcdAssignments,No,,,,
userprofile,PopDgRefAuto,No,,,,
userprofile,referrelPop,No,,,,
userprofile,DefaultCoPayMethod,No,,,,
userprofile,ShowSpecify,No,,,,
userprofile,HideReasonColumn,No,,,,
userprofile,alertstype,No,,,,
userprofile,LotsLabInventory,No,,,,
userprofile,LotsLabReview,No,,,,
userprofile,LotsOnlySelectedLab,No,,,,
userprofile,ClaimRightPanel,No,,,,
userprofile,ShowSingleButtonForRx,No,,,,
userprofile,EnableLabInstruction,No,,,,
userprofile,ShowLabDICategories,No,,,,
userprofile,ShowUpToDate,No,,,,
userprofile,DefaultSignaturePad,No,,,,
userprofile,RPaneTabs,No,,,,
userprofile,CDSSOption,No,,,,
userprofile,DoNotShowDymoDialog,No,,,,
userprofile,ManageRx,No,,,,
userprofile,ShowAdjustment,No,,,,
userprofile,ShowWithHeld,No,,,,
userprofile,picklistbyfacility,No,,,,
userprofile,ContactLensFav,No,,,,
userprofile,GetMyHomePage,No,,,,
userprofile,ShowExamTree,No,,,,
userprofile,ShowCptCopyRight,No,,,,
userprofile,ShowRxEditModern,No,,,,
userprofile,DefaultLookupFee,Yes,MASK,DefaultLookupFee,,
userprofile,DefaultFeeFilter,No,,,,
userprofile,ShowFeeSchAllowed,No,,,,
userprofile,AccountInquiryRightPanel,No,,,,
userprofile,MedicalRecordPrint,No,,,,
userprofile,DefaultDICompany,No,,,,
userprofile,PatientDefaultPrimaryServiceLocation,No,,,,
userprofile,jellybeans,No,,,,
userprofile,DoNotShowDigitalInkWarn,No,,,,
userprofile,DigitalInk,No,,,,
userprofile,PtLabsViewMode,No,,,,
userprofile,ShowTransferDays,No,,,,
userprofile,UseClaimFacilityAsDefaultFacOnSingleInsPmt,No,,,,
userprofile,ShowMyFavLabs,No,,,,
userprofile,ShowMyFavDI,No,,,,
userprofile,ShowMyFavProcedures,No,,,,
userprofile,VisionExamDefaultAcuties,No,,,,
userprofile,ShowOSFormularies,No,,,,
userprofile,DefaultViewAllReportBy,No,,,,
userprofile,DefaultViewReportLookupBy,No,,,,
userprofile,DefaultViewReportSortBy,No,,,,
userprofile,CumLabsViewMode,No,,,,
userprofile,DisplayStyleForStructDataPN,No,,,,
userprofile,DefaultRightPanel,No,,,,
userprofile,DefFacilityForVirtLabs,No,,,,
userprofile,OutofOfficeFrmDate,No,,,,
userprofile,OutofOfficeToDate,No,,,,
userprofile,FormularyManageRx,No,,,,
userprofile,selectSingleAssessment,No,,,,
userprofile,ShowOnlyProvidersWithSelectedFacility,No,,,,
userprofile,excludeBookedSlot,No,,,,
userprofile,SearchBeginsWith,No,,,,
userprofile,MUParticipate,No,,,,
userprofile,countForDeleteMsg,No,,,,
userprofile,DaysForDeleteMsg,No,,,,
userprofile,date_archiveMsg,No,,,,
userprofile,isSmartSearchEnabled,No,,,,
userprofile,isSmartSearchSetToDefault,No,,,,
userprofile,LabDIOrderScreenView,No,,,,
userprofile,ShowMedSummaryinPNCurrMed,No,,,,
userprofile,ShowMedSummaryinPNTrtCurrMed,No,,,,
userprofile,ShowMedSummaryinPtHubCurrMed,No,,,,
userprofile,ShowMedSummaryinPNRPCurrMed,No,,,,
userprofile,ShowMedSummaryinTelEncCurMed,No,,,,
userprofile,CustomRxEditSetting,No,,,,
userprofile,EnableAddAsmtwhenaddingRx,No,,,,
userprofile,PtDemo_ProperCase,No,,,,
userprofile,modiInstallLocation,Yes,MASK,modiInstallLocation,,
userprofile,ScribeExamNotes,Yes,MASK,ScribeExamNotes,,
userprofile,ScribeHPINotes,Yes,MASK,ScribeHPINotes,,
userprofile,ScribeProcedureNotes,Yes,MASK,ScribeProcedureNotes,,
userprofile,ScribeROSNotes,Yes,MASK,ScribeROSNotes,,
userprofile,ScribePrevMedNotes,Yes,MASK,ScribePrevMedNotes,,
userprofile,ScribePhyExamNotes,Yes,MASK,ScribePhyExamNotes,,
userprofile,ScribeSocialNotes,Yes,MASK,ScribeSocialNotes,,
userprofile,ShowMyFavOSnotes,Yes,MASK,ShowMyFavOSnotes,,
userprofile,isScribeVisible,No,,,,
userprofile,ShowTemplateOption,No,,,,
userprofile,DefaultFolderForIPadCameraFiles,No,,,,
userprofile,DefaultInteractionOption,No,,,,
userprofile,HardResetPwdEnabled,No,,,,
userprofile,VisionExamDefaultSPH,No,,,,
userprofile,prNotesScreenWidth,No,,,,
userprofile,OfficeVisitProviderList,No,,,,
userprofile,DefaultLookupPositionDI,No,,,,
userprofile,DefaultLookupTypeDI,No,,,,
userprofile,DefaultLookupPositionLabs,No,,,,
userprofile,DefaultLookupTypeLabs,No,,,,
userprofile,DefaultLookupPositionProc,No,,,,
userprofile,DefaultLookupTypeProc,No,,,,
userprofile,FutureOrderCheckedProcedures,No,,,,
userprofile,ShowPreview,No,,,,
userprofile,MyPreviewLinks,No,,,,
userprofile,confirmNote,No,,,,
userprofile,expandNotesSectionForHPI,No,,,,
userprofile,expandNotesSectionForTreatment,No,,,,
userprofile,expandNotesSectionForAssessment,No,,,,
userprofile,ImmunizationViewMode,No,,,,
userprofile,DefViewImmunizations,No,,,,
userprofile,browseSurgicalByKeyword,No,,,,
userprofile,browseMedicalByKeyword,No,,,,
userprofile,ConfigMiddGraph,No,,,,
userprofile,MultiApptSrchAllFacilities,No,,,,
userprofile,DefaultRxSearchOptions,No,,,,
userprofile,ERAColumnDisplay,No,,,,
userprofile,IsScribeDefault,No,,,,
userprofile,ScribeActiveUsers,No,,,,
userprofile,browseFamilyHxByICD,No,,,,
userprofile,ExcludeTakingFromRxHIcon,No,,,,
userprofile,ShowTRF,No,,,,
userprofile,ShowFormularyinModernMedScreen,No,,,,
userprofile,DefaultRefill30,No,,,,
userprofile,DefaultRefill90,No,,,,
userprofile,ImmunizationDtScreenView,No,,,,
userprofile,NoPopupMessageDeleteICDs,No,,,,
userprofile,ShowDxOnVisitSummary,No,,,,
userprofile,DevicesDIViewScreen,No,,,,
userprofile,AlertTemplateFavorites,No,,,,
userprofile,immInjMyFavorites,No,,,,
userprofile,IsEPCSEnabled,No,,,,
userprofile,FavSurgicalNotes,No,,,,
userprofile,FavHospitalizationNotes,No,,,,
userprofile,FavMedicalHxNotes,No,,,,
userprofile,FaxChiefComplaintsNotes,No,,,,
userprofile,LJellyBeanOrderbyPatient,No,,,,
userprofile,showUnreviewedOrders,No,,,,
userprofile,RxDosagesOption,No,,,,
userprofile,RPaneTabsSequence,No,,,,
userprofile,AutoHidePNPanels,No,,,,
userprofile,showPNInScribe,No,,,,
userprofile,showpnheader,No,,,,
userprofile,ApptRightPanel,No,,,,
userprofile,AutoHideTRPanelsInProgressNotes,No,,,,
userprofile,AutoHideTRPanelsInScribe,No,,,,
userprofile,AutoHideTRPanelsInCarePlan,No,,,,
userprofile,AutoHideTRPanelsInOB,No,,,,
userprofile,ChargesRightPanel,No,,,,
userprofile,CommonSendScreen,No,,,,
userprofile,templatecategory,No,,,,
userprofile,templatefacility,No,,,,
userprofile,templatelistcategory,No,,,,
userprofile,templatelistfacility,No,,,,
userprofile,FavROSOption,No,,,,
userprofile,officevisitviewscreen,No,,,,
userprofile,StopAutoExtractROS,No,,,,
userprofile,StopAutoHPICODenies,No,,,,
userprofile,ReconcileMenuFromLJellyBean,No,,,,
userprofile,RPNDefaultProvID,No,,,,
userprofile,patientDocTreeExpand,No,,,,
userprofile,viewAllReportsAssignedToMe,No,,,,
userprofile,ClinicalNotesTabInTreatment,No,,,,
userprofile,quickSearchFavoriteOrders,No,,,,
userprofile,quickSearchRxOrders,No,,,,
userprofile,quickSearchLabOrders,No,,,,
userprofile,quickSearchDIOrders,No,,,,
userprofile,quickSearchProcedureOrders,No,,,,
userprofile,quickSearchImmInjOrders,No,,,,
userprofile,forwardtoid,No,,,,
userprofile,quickSearchALLLabDICompanies,No,,,,
userprofile,ccmrcareplanview,No,,,,
userprofile,patientDocSortAsc,No,,,,
userprofile,defaultRxCategoryinQuickSearch,No,,,,
userprofile,refreshptdocstree,No,,,,
userprofile,TeleVisitActiveUser,No,,,,
userprofile,allowepcs,Yes,MASK,allowepcs,,
userprofile,timeUnits,No,,,,
userprofile,CCMRPtHubActiveTab,No,,,,
userprofile,PrePostOpFilter,No,,,,
userprofile,CCMRDefaultTab,No,,,,
userprofile,EnableCCMRDocumentationScreen,No,,,,
userprofile,ViewCommentSection,No,,,,
userprofile,careplanfavques,No,,,,
userprofile,imofilterresults,No,,,,
userprofile,PNICDConvConfirmDisplay,No,,,,
userprofile,CCMPrePostOpFilter,No,,,,
userprofile,DefaultMedSummaryGroupBy,No,,,,
userprofile,ePrescriptionScreenFromTreatment,No,,,,
userprofile,panelid,No,,,,
userprofile,FavRx,No,,,,
userprofile,DefaultInteractionGrpByOpt,No,,,,
userprofile,filteralertsviewnot,No,,,,
userprofile,PhysicalTherapyFavouritesList,No,,,,
userprofile,enablePathologyScreen,No,,,,
userprofile,InjuriesDefaultGame,No,,,,
userprofile,defaultApptVisitFromTime,No,,,,
userprofile,defaultApptVisitToTime,No,,,,
userprofile,userchoice,No,,,,
userprofile,alertschoice,No,,,,
userprofile,defaultApptAdvanceOption,No,,,,
userprofile,defaultApptMaxWaitTime,Yes,MASK,defaultApptMaxWaitTime,,
userprofile,rcmnotification,No,,,,
userprofile,defaultFacilityProvider,No,,,,
userprofile,quickSearchInHouseDIFilter,No,,,,
userprofile,quickSearchInHouseLabFilter,No,,,,
userprofile,eclinisensevisitoption,No,,,,
userprofile,defaultreviewlabletter,No,,,,
userprofile,eclinisensegroupflag,No,,,,
userprofile,eclinisensepatspecific,No,,,,
userprofile,eclinisensefullwidthview,No,,,,
userprofile,eclinisensedefaultprovider,No,,,,
userprofile,PatientDocsTreeWidth,No,,,,
userprofile,cpreviewdaterange,No,,,,
userprofile,chkCouselingByDefaultForImmInj,No,,,,
userprofile,claimautomaticchecksasync,No,,,,
userprofile,DefaultOutOfOfficeProviderId,No,,,,
userprofile,DefaultOutOfOfficeResourceId,No,,,,
userprofile,DefaultOutOfOfficePOS,No,,,,
userprofile,caseFilter,No,,,,
userprofile,currRxDisplayIndex,No,,,,
userprofile,SoundfieldFreqData,No,,,,
userprofile,FreqSettingsData,No,,,,
userprofile,DefaultPtSearchFacilityName,No,,,,
userprofile,DefaultPtSearchFacilityId,No,,,,
userprofile,ordersetfullwidthview,No,,,,
userprofile,dxCategoryNotchFlag,No,,,,
userprofile,DefaultSearchPtByExt,No,,,,
userprofile,DeaultProcedureReqForm,No,,,,
userprofile,rxNameOnly,No,,,,
userprofile,expandNotesSectionForExam,No,,,,
userprofile,dxCategoryItemId,No,,,,
userprofile,structureddataview,No,,,,
userprofile,stafflookupmyfavourites,No,,,,
userprofile,stafflookupdefaultlocationid,No,,,,
userprofile,stafflookupdefaultlocation,Yes,MASK,stafflookupdefaultlocation,,
userprofile,DefaultVisitTypeId,No,,,,
userprofile,closeCommonSendAfterProgress,No,,,,
userprofile,isHelpIntroduced,No,,,,
userprofile,RightPanelInPNPopup,No,,,,
userprofile,isHelpReviewed,No,,,,
userprofile,DocumentNames,No,,,,
userprofile,DocumentDescription,No,,,,
userprofile,dxIMOPatientAgeFlag,No,,,,
userprofile,DefaultPtSearchAllFacilities,No,,,,
userprofile,dxFavoriteFlag,No,,,,
userprofile,showOnlyBillableApptsOnSchedule,No,,,,
userprofile,ShowReconciliationWarningInPastEnc,No,,,,
userprofile,superbillview,No,,,,
userprofile,v10eBrowserURL,No,,,,
userprofile,remindPluginPopUp,No,,,,
userprofile,ICD_starts_with,No,,,,
userprofile,ICD_FindIn,No,,,,
userprofile,icdtype_sticky,No,,,,
userprofile,DefaultDrugDBLookUp,No,,,,
userprofile,FavRxItemNotes,No,,,,
userprofile,ShowDefaltEncounterSetting,No,,,,
userprofile,ShowVisitType,No,,,,
userprofile,quickSearchRxFormularyFilter,No,,,,
userprofile,ShowFavoritesLeftMenu,No,,,,
userprofile,CodeCorrectEditsForEMR,No,,,,
userprofile,ccmrPrintStyle,No,,,,
userprofile,ccmrCareTeamShowEmailAddress,No,,,,
userprofile,defaultsuperbill_outofoffice,Yes,MASK,defaultsuperbill_outofoffice,,
userprofile,ShowGuarantorName,No,,,,
userprofile,ShowClaimResponsibleParty,No,,,,
userprofile,OtherPmtDefault,No,,,,
userprofile,ccmDisclaimerAcceptDt,No,,,,
userprofile,ccmDisclaimerStatus,No,,,,
userprofile,CpcDashboardPtPrePostOpFilter,No,,,,
userprofile,PrePostOpFilterTask,No,,,,
userprofile,donotshowUnReconciledWarning,No,,,,
userprofile,defaulthpicategory,No,,,,
userprofile,defaultexamcategory,No,,,,
userprofile,CCMRSignaturePad,No,,,,
userprofile,EMCoderVersionType,No,,,,
userprofile,CarryForwardSocialPopup,No,,,,
userprofile,CPOCertPtPrePostOpFilter,No,,,,
userprofile,CPOIncompleteCertPtPrePostOpFilter,No,,,,
userprofile,CPOClosedCertPtPrePostOpFilter,No,,,,
userprofile,cpoDisclaimerStatus,No,,,,
userprofile,cpoDisclaimerAcceptDt,No,,,,
userprofile,isTemplateConsent,No,,,,
userprofile,PatientDocsShowEmptyFolder,No,,,,
userprofile,PatientDocsView,No,,,,
userprofile,RCPOSLabOrdersExpandCollapse,No,,,,
userprofile,RCPResultedLabOrdersExpandCollapse,No,,,,
userprofile,RCPOSLabOrdersSorting,No,,,,
userprofile,RCPResultedLabOrdersSorting,No,,,,
userprofile,RCPResultedLabOrdersDateFilter,No,,,,
userprofile,showprismadisclaimer,No,,,,
userprofile,showAllRace,No,,,,
userprofile,showAllLanguage,No,,,,
userprofile,showAllEthnicity,No,,,,
userprofile,dxShowHCCDetailsChkbx,No,,,,
userprofile,CollapseExpandCCMBand,No,,,,
userprofile,CarryForwardPreviousDiagnosis,No,,,,
userprofile,AllergyPopupLevelFoCommonSend,No,,,,
userprofile,RPMEnrollmentQueueFilter,No,,,,
userprofile,RPMEnrolledPatientQueueFilter,No,,,,
userprofile,genericimmformalertdate,No,,,,
userprofile,enableWorkQueCount,No,,,,
userprofile,enableRegistrationRuleCount,No,,,,
userprofile,DefaultFlowsheetDateRange,No,,,,
userprofile,receiveTCNAlerts,No,,,,
userprofile,includeTCNCountOnTJellyBean,No,,,,
userprofile,TreatmentNotesRightPanel,No,,,,
userprofile,outofofficefrmtime,No,,,,
userprofile,outofofficetotime,No,,,,
userprofile,outofofficedelegateduserid,No,,,,
userprofile,outofofficedelegatedcaregrpid,No,,,,
userprofile,outofofficereassigneduserid,No,,,,
userprofile,outofofficesetbyuserid,No,,,,
userprofile,outOfOfficeNotificationSent,No,,,,
userprofile,TreatmentNotesRightPanelDefaultTab,No,,,,
userprofile,frameSearchOptionInDispense,No,,,,
userprofile,showHideDeaPrintMessagePopup,No,,,,
userprofile,cancelRxAlert,No,,,,
userprofile,chromiumZoomSetting,No,,,,
userprofile,documentAttachToReviewedOrderPopup,No,,,,
userprofile,showHideDeaPrintMessagePopupDate,No,,,,
userprofile,multidocument,No,,,,
userprofile,showHidePrintLockedControlledRx,No,,,,
userprofile,ContactLensSearchOptionInVision,No,,,,
userprofile,quickSearchRxDrugSearchType,No,,,,
userprofile,CcmPcmEnrollmentQueueFilter,No,,,,
userprofile,CcmPcmEnrolledPatientQueueFilter,No,,,,
userprofile,CcmPcmEnrolledPatientQueueLastVisit,No,,,,
userprofile,CcmPcmEnrollmentQueueLastVisit,No,,,,
userprofile,UseEnhancedMedicationSearch,No,,,,
userprofile,UseStartsWithContainsSearch,No,,,,
userprofile,UseFuzzySearch,No,,,,
userprofile,UseMnemonicSearch,No,,,,
userprofile,UseProximitySearch,No,,,,
userprofile,UseGenericWithBrandSearch,No,,,,
userprofile,UseTrendingSearch,No,,,,
userprofile,ScribePTADefCatId,No,,,,
userprofile,actionTypeFav,No,,,,
userprofile,PhmCMDBEQFilter,No,,,,
userprofile,PhmCMDBEPFilter,No,,,,
userprofile,indicateEligibilityDataMismatch,No,,,,
userprofile,showTreatmentNotesInTreatmentTimeline,No,,,,
userprofile,showClinicalNotesInTreatmentTimeline,No,,,,
userprofile,showMedicationsInTreatmentTimeline,No,,,,
userprofile,showLabsInTreatmentTimeline,No,,,,
userprofile,showDIInTreatmentTimeline,No,,,,
userprofile,showProcedureInTreatmentTimeline,No,,,,
userprofile,showImmInTreatmentTimeline,No,,,,
userprofile,showInjInTreatmentTimeline,No,,,,
userprofile,showReferralInTreatmentTimeline,No,,,,
userprofile,AgentVersion,No,,,,
userprofile,documentAssociationPopup,No,,,,
userprofile,hideOOOAlert,Yes,MASK,hideOOOAlert,,
userprofile,showNotification,No,,,,
userprofile,showToDoDisclaimer,No,,,,
userprofile,quickSearchAssessments,No,,,,
userprofile,quickSearchGenericTemplates,No,,,,
userprofile,quickSearchOrderSets,No,,,,
userprofile,SpectacleProcessorDropdownInVision,No,,,,
userprofile,ContactLensProcessorDropdownInVision,No,,,,
userprofile,verticalExpandNotesSectionForExam,No,,,,
userprofile,displayAssessmentNotesRightPanel,No,,,,
userprofile,autofitoption,No,,,,
userprofile,verticalExpandNotesSectionForProcedures,No,,,,
userprofile,EnableClosedEpaNotification,No,,,,
userprofile,ordersprogressconfig,No,,,,
userprofile,PNResponsiveScreenPercentage,No,,,,
userprofile,RxSearchTypeSearch,No,,,,
userprofile,printFaxSaveAsPdfPopup,No,,,,
userprofile,AllergyPopupLevelAdministeringDrug,No,,,,
userprofile,DefaultePaymentDevice,No,,,,
userprofile,selectAssessmentPaginationCount,No,,,,
userprofile,eyeExamDefaultCategory,No,,,,
userprofile,verticalExpandNotesSectionForSocial,No,,,,
userprofile,verticalExpandNotesSectionForRos,No,,,,
userprofile,verticalExpandNotesSectionForPreventive,No,,,,
userprofile,verticalExpandNotesSectionForPhysicalExam,No,,,,
userprofile,verticalExpandNotesSectionForFamilyHistory,No,,,,
userprofile,RPMEnrollmentQueueNoOfRecords,No,,,,
userprofile,RPMEnrolledQueueNoOfRecords,No,,,,
userprofile,periodmacroconfig,No,,,,
userprofile,EnablePDMPNotesOnEncounter,No,,,,
userprofile,RPMEligibleQueueFilter,No,,,,
userprofile,phmpgoifav,No,,,,
userprofile,phmAssessmentSortBy,No,,,,
userprofile,phmHealthAssessmentDocView,No,,,,
userprofile,carePlanVisitDocView,No,,,,
userprofile,phmCPVisitPrintCareTeamShowEmailAdd,No,,,,
userprofile,phmCPVisitPrintCareTeamShowPhoneNum,No,,,,
userprofile,phmCPReviewPrintShowNotes,No,,,,
userprofile,phmCPReviewPrintShowName,No,,,,
userprofile,phmCPPrintthisvisitVisitType,No,,,,
userprofile,phmCPViewthisvisitVisitType,No,,,,
userprofile,showElectronicSign,No,,,,
userprofile,myorallfacilities,No,,,,
userprofile,RtbcSettings,No,,,,
userprofile,commonsendexpandflag,No,,,,
userprofile,csendexpandCompletedRxflag,No,,,,
userprofile,Results_DoNotSuggestForDetailedResultEntry,No,,,,
userprofile,showEPASaveDetailsPopup,No,,,,
userprofile,phmproblemsortoption,No,,,,
userprofile,donotshowCPVisitPastEncounterWarning,No,,,,
userprofile,showHideMismatchRxPopup,No,,,,
userprofile,evaFloatingIconRequiredOnLogin,No,,,,
userprofile,RenewalDefaultRightPanel,No,,,,
userprofile,showFloatingButton,No,,,,
userprofile,RPMEligibleQueueNoOfRecords,No,,,,
surveillance_measures,MeasureID,No,,,,
surveillance_measures,MeasureName,No,,,,
surveillance_measures,date,No,,,,
surveillance_measures,AgeGroup,No,,,,
surveillance_measures,PatientNumTotal,No,,,,
surveillance_measures,PatientDenomTotal,No,,,,
surveillance_measures,ECWAPUID,No,,,,
surveillance_measures,ReportDateTime,No,,,,
surveillance_measures,PatientNumeratorTotal,No,,,,
surveillance_measures,PatientDenominatorTotal,No,,,,
structsocialhistory_recover,encounterId,Yes,ENCOUNTER_ID,,,
structsocialhistory_recover,catId,No,,,,
structsocialhistory_recover,itemId,No,,,,
structsocialhistory_recover,detailId,No,,,,
structsocialhistory_recover,VALUE,Yes,NOTES,,,
structsocialhistory_recover,valueId,No,,,,
structsocialhistory_recover,notes,Yes,NOTES,,,
structsocialhistory_recover,chartdisplay,No,,,,
structsocialhistory_recover,displayindex,No,,,,
structsocialhistory_recover,freeformtext,No,,,,
structsocialhistory_recover,taskId,No,,,,
sparcreportcountycodes,id,No,,,,
sparcreportcountycodes,zipcode,No,,,,
sparcreportcountycodes,fipscode,No,,,,
sparcreportcountycodes,countycode,No,,,,
sparcreportcountycodes,statecode,No,,,,
sparcreportcountycodes,countyname,No,,,,
sparcreportcountycodes,deleteFlag,No,,,,
rwstructdatamapping,id,No,,,,
rwstructdatamapping,elementno,No,,,,
rwstructdatamapping,elementname,No,,,,
rwstructdatamapping,structdatacategory,No,,,,
rwstructdatamapping,structureddataitems,No,,,,
rwstructdatamapping,structdataitemid,No,,,,
rulesinsicd,id,No,,,,
rulesinsicd,RuleId,No,,,,
rulesinsicd,AssocICDCode,No,,,,
rulesinsicd,DeleteFlag,No,,,,
ruleblockvisittypes,Id,No,,,,
ruleblockvisittypes,RefBlockId,No,,,,
ruleblockvisittypes,VTDesc,Yes,NOTES,,,
ruleblockvisittypes,TotalVisits,No,,,,
ruleblockvisittypes,VisitDuration,No,,,,
ruleblockvisittypes,DeleteFlag,No,,,,
ruleblockvisittypes,visitSubTypeId,No,,,,
ruleblockvisittypes,startTime,No,,,,
ruleblockvisittypes,endTime,No,,,,
rpm_device_measure,id,No,,,,
rpm_device_measure,measure_name,No,,,,
rpm_device_measure,description,No,,,,
rpm_device_measure,deleteFlag,No,,,,
reminderdata,patientId,Yes,PATIENT_ID,,,
reminderdata,itemId,No,,,,
reminderdata,suppress,No,,,,
reminderdata,dueDate,Yes,DATE_OFFSET,,,
reminderdata,notes,Yes,NOTES,,,
reminderdata,alert_status,No,,,,
provider_measureconfiguration_2017,Id,No,,,,
provider_measureconfiguration_2017,ProviderId,No,,,,
provider_measureconfiguration_2017,MeasureId,No,,,,
provider_measureconfiguration_2017,MeasureDesc,No,,,,
provider_measureconfiguration_2017,MeasureIdLabel,No,,,,
provider_measureconfiguration_2017,Dictionary,No,,,,
provider_measureconfiguration_2017,InactiveFlag,No,,,,
provider_measureconfiguration_2017,ExclusionFlag,No,,,,
provider_measureconfiguration_2017,InsertedDateTime,No,,,,
provider_measureconfiguration_2017,AgeFlag,No,,,,
provider_measureconfiguration_2017,AgeFrom,No,,,,
provider_measureconfiguration_2017,AgeTo,No,,,,
provider_measureconfiguration_2017,Gender,No,,,,
provider_measureconfiguration_2017,tin,No,,,,
provider_measureconfiguration_2017,group_extract_ids,NO,,,,
provider_measureconfiguration_2017,multi_tin,No,,,,
provider_measureconfiguration,Id,No,,,,
provider_measureconfiguration,ProviderId,No,,,,
provider_measureconfiguration,MeasureId,No,,,,
provider_measureconfiguration,MeasureDesc,No,,,,
provider_measureconfiguration,MeasureIdLabel,No,,,,
provider_measureconfiguration,Dictionary,No,,,,
provider_measureconfiguration,InactiveFlag,No,,,,
provider_measureconfiguration,ExclusionFlag,No,,,,
provider_measureconfiguration,InsertedDateTime,No,,,,
provider_measureconfiguration,AgeFlag,No,,,,
provider_measureconfiguration,AgeFrom,No,,,,
provider_measureconfiguration,AgeTo,No,,,,
provider_measureconfiguration,Gender,No,,,,
provider_measureconfiguration,tin,No,,,,
provider_measureconfiguration,group_extract_ids,No,,,,
provider_measureconfiguration,multi_tin,No,,,,
prisma_standard_uomname_master,uomNameId,No,,,,
prisma_standard_uomname_master,uomName,No,,,,
prisma_standard_uomname_master,keyId,No,,,,
prisma_standard_uomname_master,deleteFlag,No,,,,
prisma_kpi_info,kpiNumber,No,,,,
prisma_kpi_info,frequencyInMinute,No,,,,
prisma_kpi_info,lastSentDateTime,No,,,,
prisma_kpi_info,kpiName,No,,,,
prisma_kpi_info,supportRemarks,Yes,NOTES,,,
prisma_kpi_info,deleteFlag,No,,,,
pgm_kpi_visual,kpi_visual_id,No,,,,
pgm_kpi_visual,kpi_id,No,,,,
pgm_kpi_visual,visual_id,No,,,,
pgm_kpi_visual,header_text,Yes,NOTES,,,
pgm_kpi_visual,footer_text,Yes,NOTES,,,
pgm_kpi_visual,multiple_y_axis,No,,,,
pgm_kpi_visual,y_axis_title_text,Yes,NOTES,,,
pgm_kpi_visual,y_axis_label_format,No,,,,
pgm_kpi_visual,default_feature_id,No,,,,
pgm_kpi_visual,display_order,No,,,,
pgm_kpi_visual,active_flag,No,,,,
pgm_kpi_visual,mssql_query_id,No,,,,
pgm_kpi_visual,mysql_query_id,No,,,,
ordersetrx,Id,No,,,,
ordersetrx,ItemId,No,,,,
ordersetrx,OrderSetEncId,Yes,ENCOUNTER_ID,,,
ordersetrx,deleteFlag,No,,,,
ordersetrx,CommunityId,No,,,,
ordersetrx,DisplayIndex,No,,,,
ordersetrx,oldrxmainid,No,,,,
ordersetlab,Id,No,,,,
ordersetlab,ItemId,No,,,,
ordersetlab,OrderSetEncId,Yes,ENCOUNTER_ID,,,
ordersetlab,deleteFlag,No,,,,
ordersetlab,CommunityID,No,,,,
ordersetlab,displayindex,No,,,,
ordersetlab,frequency,No,,,,
ordersetlab,duration,No,,,,
ordersetlab,futureFlag,No,,,,
ordersetdi,Id,No,,,,
ordersetdi,ItemId,No,,,,
ordersetdi,OrderSetEncId,Yes,ENCOUNTER_ID,,,
ordersetdi,deleteFlag,No,,,,
ordersetdi,CommunityID,No,,,,
ordersetdi,displayindex,No,,,,
ordersetdi,frequency,No,,,,
ordersetdi,duration,No,,,,
ordersetdi,futureFlag,No,,,,
obhistory,encounterId,Yes,ENCOUNTER_ID,,,
obhistory,itemId,No,,,,
obhistory,Notes,Yes,NOTES,,,
myfavouriteproviders,id,No,,,,
myfavouriteproviders,userid,No,,,,
myfavouriteproviders,favid,No,,,,
myfavouriteproviders,displayindex,No,,,,
myfavouriteproviders,websync,No,,,,
musclebalancevalues,mbid,No,,,,
musclebalancevalues,name,No,,,,
musclebalancevalues,displayindex,No,,,,
mips_practice_settings_measure_conf,id,No,,,,
mips_practice_settings_measure_conf,apuid,No,,,,
mips_practice_settings_measure_conf,submission_year,No,,,,
mips_practice_settings_measure_conf,cms_quality_id,No,,,,
mips_practice_settings_measure_conf,p_value,No,,,,
mips_practice_settings_measure_conf,deleteflag,No,,,,
mips_practice_settings_measure_conf,cb_user_id,No,,,,
mips_practice_settings_measure_conf,created_time,No,,,,
mips_practice_settings_measure_conf,emr_created_time,No,,,,
mips_practice_settings_measure_conf,mb_user_id,No,,,,
mips_practice_settings_measure_conf,modified_time,No,,,,
mips_practice_settings_measure_conf,emr_modified_time,No,,,,
mips_exception_report,id,No,,,,
mips_exception_report,apuid,No,,,,
mips_exception_report,providerid,No,,,,
mips_exception_report,tin,No,,,,
mips_exception_report,dictionary,No,,,,
mips_exception_report,reportid,No,,,,
mips_exception_report,measure_id,No,,,,
mips_exception_report,perf_rate,No,,,,
mips_exception_report,decile,No,,,,
mips_exception_report,createdate,No,,,,
mips_exception_report,prioritycode,No,,,,
mips_exception_report,providercount,No,,,,
mips_exception_report,computation_date,No,,,,
mips_exception_report,submission_status,No,,,,
mips_exception_report,submission_date,No,,,,
mips_exception_report,deleteflag,No,,,,
mips_exception_report,value1,No,,,,
mips_exception_report,value2,No,,,,
mips_exception_report,value3,No,,,,
mips_exception_report,value4,No,,,,
mips_exception_report,value5,No,,,,
mips_exception_report,npi,No,,,,
mips_exception_report,reporting_start_date,No,,,,
mips_exception_report,reporting_end_date,No,,,,
mips_exception_report,parent_measure_id,No,,,,
mips_exception_report,Priority_Category,No,,,,
mips_exception_report,den,No,,,,
mips_exception_report,num,No,,,,
mips_exception_report,perf_rate_calc_type_code,No,,,,
measuretemp,patientid,Yes,PATIENT_ID,,,
measureparaconfig,id,No,,,,
measureparaconfig,measureId,No,,,,
measureparaconfig,parameter,No,,,,
measureparaconfig,paraValue,No,,,,
measureparaconfig,paraOrder,No,,,,
measureparaconfig,paraFrontName,No,,,,
measureparaconfig,paraBackName,No,,,,
measureparaconfig,deleteFlag,No,,,,
measure_reportdata_460,id,No,,,,
measure_reportdata_460,reportid,No,,,,
measure_reportdata_460,measid,No,,,,
measure_reportdata_460,ipp,No,,,,
measure_reportdata_460,den,No,,,,
measure_reportdata_460,excl,No,,,,
measure_reportdata_460,num,No,,,,
measure_reportdata_460,excp,No,,,,
measure_reportdata_460,ur,No,,,,
measure_reportdata_460,extractdate,No,,,,
measure_reportdata_460,deleteflag,No,,,,
measure_reportdata_430,id,No,,,,
measure_reportdata_430,reportid,No,,,,
measure_reportdata_430,measid,No,,,,
measure_reportdata_430,ipp,No,,,,
measure_reportdata_430,den,No,,,,
measure_reportdata_430,excl,No,,,,
measure_reportdata_430,num,No,,,,
measure_reportdata_430,excp,No,,,,
measure_reportdata_430,ur,No,,,,
measure_reportdata_430,extractdate,No,,,,
measure_reportdata_430,deleteflag,No,,,,
measure_reportdata_410,id,No,,,,
measure_reportdata_410,reportid,No,,,,
measure_reportdata_410,measid,No,,,,
measure_reportdata_410,ipp,No,,,,
measure_reportdata_410,den,No,,,,
measure_reportdata_410,excl,No,,,,
measure_reportdata_410,num,No,,,,
measure_reportdata_410,excp,No,,,,
measure_reportdata_410,ur,No,,,,
measure_reportdata_410,extractdate,No,,,,
measure_reportdata_410,deleteflag,No,,,,
measure_provider_configuration_2024,Id,No,,,,
measure_provider_configuration_2024,ecw_Provider_Id,No,,,,
measure_provider_configuration_2024,MeasureId,No,,,,
measure_provider_configuration_2024,Dictionary,No,,,,
measure_provider_configuration_2024,InactiveFlag,No,,,,
measure_provider_configuration_2024,InsertedDateTime,No,,,,
measure_provider_configuration_2024,apuid,No,,,,
measure_provider_configuration_2024,moddatetime,No,,,,
measure_provider_configuration_2024,modbyid,No,,,,
measure_provider_configuration_2024,deleteflag,No,,,,
measure_provider_configuration_2024,MEASURE_CATEGORY_ID,No,,,,
measure_provider_configuration_2024,mips_enrolment,No,,,,
measure_provider_configuration_2024,trUserId,No,,,,
measure_provider_configuration_2024,measure_type,No,,,,
measure_provider_configuration_2024,tin,No,,,,
measure_provider_configuration_2024,group_extract_ids,No,,,,
measure_provider_configuration_2024,emr_InsertedDateTime,No,,,,
measure_provider_configuration_2024,emr_moddatetime,No,,,,
measure_provider_configuration_2024,multi_tin,No,,,,
measure_provider_configuration_2023,Id,No,,,,
measure_provider_configuration_2023,ecw_Provider_Id,No,,,,
measure_provider_configuration_2023,MeasureId,No,,,,
measure_provider_configuration_2023,Dictionary,No,,,,
measure_provider_configuration_2023,InactiveFlag,No,,,,
measure_provider_configuration_2023,InsertedDateTime,No,,,,
measure_provider_configuration_2023,apuid,No,,,,
measure_provider_configuration_2023,moddatetime,No,,,,
measure_provider_configuration_2023,modbyid,No,,,,
measure_provider_configuration_2023,deleteflag,No,,,,
measure_provider_configuration_2023,MEASURE_CATEGORY_ID,No,,,,
measure_provider_configuration_2023,mips_enrolment,No,,,,
measure_provider_configuration_2023,trUserId,No,,,,
measure_provider_configuration_2023,measure_type,No,,,,
measure_provider_configuration_2023,tin,No,,,,
measure_provider_configuration_2023,group_extract_ids,No,,,,
measure_provider_configuration_2023,emr_InsertedDateTime,No,,,,
measure_provider_configuration_2023,emr_moddatetime,No,,,,
measure_provider_configuration_2023,multi_tin,No,,,,
measure_provider_configuration_2022,Id,No,,,,
measure_provider_configuration_2022,ecw_Provider_Id,No,,,,
measure_provider_configuration_2022,MeasureId,No,,,,
measure_provider_configuration_2022,Dictionary,No,,,,
measure_provider_configuration_2022,InactiveFlag,No,,,,
measure_provider_configuration_2022,InsertedDateTime,No,,,,
measure_provider_configuration_2022,apuid,No,,,,
measure_provider_configuration_2022,moddatetime,No,,,,
measure_provider_configuration_2022,modbyid,No,,,,
measure_provider_configuration_2022,deleteflag,No,,,,
measure_provider_configuration_2022,MEASURE_CATEGORY_ID,No,,,,
measure_provider_configuration_2022,mips_enrolment,No,,,,
measure_provider_configuration_2022,trUserId,No,,,,
measure_provider_configuration_2022,measure_type,No,,,,
measure_provider_configuration_2022,tin,No,,,,
measure_provider_configuration_2022,group_extract_ids,No,,,,
measure_provider_configuration_2022,emr_InsertedDateTime,No,,,,
measure_provider_configuration_2022,emr_moddatetime,No,,,,
measure_provider_configuration_2022,multi_tin,No,,,,
measure_provider_configuration_2021,Id,No,,,,
measure_provider_configuration_2021,ecw_Provider_Id,No,,,,
measure_provider_configuration_2021,MeasureId,No,,,,
measure_provider_configuration_2021,Dictionary,No,,,,
measure_provider_configuration_2021,InactiveFlag,No,,,,
measure_provider_configuration_2021,InsertedDateTime,No,,,,
measure_provider_configuration_2021,apuid,No,,,,
measure_provider_configuration_2021,moddatetime,No,,,,
measure_provider_configuration_2021,modbyid,No,,,,
measure_provider_configuration_2021,deleteflag,No,,,,
measure_provider_configuration_2021,MEASURE_CATEGORY_ID,No,,,,
measure_provider_configuration_2021,mips_enrolment,No,,,,
measure_provider_configuration_2021,trUserId,No,,,,
measure_provider_configuration_2021,measure_type,No,,,,
measure_provider_configuration_2021,tin,No,,,,
measure_provider_configuration_2021,group_extract_ids,No,,,,
measure_provider_configuration_2021,emr_InsertedDateTime,No,,,,
measure_provider_configuration_2021,emr_moddatetime,No,,,,
measure_provider_configuration_2021,multi_tin,No,,,,
measure_provider_configuration_2020,Id,No,,,,
measure_provider_configuration_2020,ecw_Provider_Id,No,,,,
measure_provider_configuration_2020,MeasureId,No,,,,
measure_provider_configuration_2020,Dictionary,No,,,,
measure_provider_configuration_2020,InactiveFlag,No,,,,
measure_provider_configuration_2020,InsertedDateTime,No,,,,
measure_provider_configuration_2020,apuid,No,,,,
measure_provider_configuration_2020,moddatetime,No,,,,
measure_provider_configuration_2020,modbyid,No,,,,
measure_provider_configuration_2020,deleteflag,No,,,,
measure_provider_configuration_2020,MEASURE_CATEGORY_ID,No,,,,
measure_provider_configuration_2020,mips_enrolment,No,,,,
measure_provider_configuration_2020,trUserId,No,,,,
measure_provider_configuration_2020,measure_type,No,,,,
measure_provider_configuration_2020,tin,No,,,,
measure_provider_configuration_2020,group_extract_ids,No,,,,
measure_provider_configuration_2020,emr_InsertedDateTime,No,,,,
measure_provider_configuration_2020,emr_moddatetime,No,,,,
measure_provider_configuration_2020,multi_tin,No,,,,
measure_provider_configuration_2019,Id,No,,,,
measure_provider_configuration_2019,ecw_Provider_Id,No,,,,
measure_provider_configuration_2019,MeasureId,No,,,,
measure_provider_configuration_2019,Dictionary,No,,,,
measure_provider_configuration_2019,InactiveFlag,No,,,,
measure_provider_configuration_2019,InsertedDateTime,No,,,,
measure_provider_configuration_2019,apuid,No,,,,
measure_provider_configuration_2019,moddatetime,No,,,,
measure_provider_configuration_2019,modbyid,No,,,,
measure_provider_configuration_2019,deleteflag,No,,,,
measure_provider_configuration_2019,MEASURE_CATEGORY_ID,No,,,,
measure_provider_configuration_2019,mips_enrolment,No,,,,
measure_provider_configuration_2019,trUserId,No,,,,
measure_provider_configuration_2019,measure_type,No,,,,
measure_provider_configuration_2019,tin,No,,,,
measure_provider_configuration_2019,group_extract_ids,No,,,,
measure_provider_configuration_2019,emr_InsertedDateTime,No,,,,
measure_provider_configuration_2019,emr_moddatetime,No,,,,
measure_provider_configuration_2019,multi_tin,No,,,,
measure_provider_configuration_2018,Id,No,,,,
measure_provider_configuration_2018,ecw_Provider_Id,No,,,,
measure_provider_configuration_2018,MeasureId,No,,,,
measure_provider_configuration_2018,Dictionary,No,,,,
measure_provider_configuration_2018,InactiveFlag,No,,,,
measure_provider_configuration_2018,InsertedDateTime,No,,,,
measure_provider_configuration_2018,apuid,No,,,,
measure_provider_configuration_2018,moddatetime,No,,,,
measure_provider_configuration_2018,modbyid,No,,,,
measure_provider_configuration_2018,deleteflag,No,,,,
measure_provider_configuration_2018,MEASURE_CATEGORY_ID,No,,,,
measure_provider_configuration_2018,mips_enrolment,No,,,,
measure_provider_configuration_2018,trUserId,No,,,,
measure_provider_configuration_2018,measure_type,No,,,,
measure_provider_configuration_2018,tin,No,,,,
measure_provider_configuration_2018,group_extract_ids,No,,,,
measure_provider_configuration_2018,emr_InsertedDateTime,No,,,,
measure_provider_configuration_2018,emr_moddatetime,No,,,,
measure_provider_configuration_2018,multi_tin,No,,,,
measure_provider_configuration,Id,No,,,,
measure_provider_configuration,ecw_Provider_Id,No,,,,
measure_provider_configuration,MeasureId,No,,,,
measure_provider_configuration,Dictionary,No,,,,
measure_provider_configuration,InactiveFlag,No,,,,
measure_provider_configuration,InsertedDateTime,No,,,,
measure_provider_configuration,apuid,No,,,,
measure_provider_configuration,moddatetime,No,,,,
measure_provider_configuration,modbyid,No,,,,
measure_provider_configuration,deleteflag,No,,,,
measure_provider_configuration,MEASURE_CATEGORY_ID,No,,,,
measure_provider_configuration,mips_enrolment,No,,,,
measure_provider_configuration,trUserId,No,,,,
measure_provider_configuration,measure_type,No,,,,
measure_provider_configuration,tin,No,,,,
measure_provider_configuration,group_extract_ids,No,,,,
measure_provider_configuration,emr_InsertedDateTime,No,,,,
measure_provider_configuration,emr_moddatetime,No,,,,
measure_provider_configuration,multi_tin,No,,,,
measure_patientdata_430,id,No,,,,
measure_patientdata_430,reportid,No,,,,
measure_patientdata_430,patientid,Yes,PATIENT_ID,,,
measure_patientdata_430,measure_signature,Yes,NOTES,,,
measure_patientdata_410,id,No,,,,
measure_patientdata_410,reportid,No,,,,
measure_patientdata_410,patientid,Yes,PATIENT_ID,,,
measure_patientdata_410,measure_signature,Yes,NOTES,,,
measure_extract,reportid,No,,,,
measure_extract,extractid,No,,,,
measure_extract,extractfw,No,,,,
measure_extract,scheduleid,No,,,,
measure_extract,dictionary,No,,,,
measure_extract,startdate,No,,,,
measure_extract,enddate,No,,,,
measure_extract,extractperiod,No,,,,
measure_extract,scheduledate,No,,,,
measure_extract,extractstatus,No,,,,
measure_extract,deleteflag,No,,,,
measure_extract,group_extract_ids,No,,,,
measure_extract,tin,No,,,,
measure_extract,aputoolversion,No,,,,
measure_encounterdata_460,id,No,,,,
measure_encounterdata_460,measurereportid,No,,,,
measure_encounterdata_460,patientid,Yes,PATIENT_ID,,,
measure_encounterdata_460,encounterid,Yes,ENCOUNTER_ID,,,
measure_encounterdata_460,encounterdate,Yes,DATE_OFFSET,,,
measure_encounterdata_460,measure_signature,No,,,,
measure_encounterdata_460,prid,No,,,,
measure_encounterdata_430,id,No,,,,
measure_encounterdata_430,measurereportid,No,,,,
measure_encounterdata_430,patientid,Yes,PATIENT_ID,,,
measure_encounterdata_430,encounterid,Yes,ENCOUNTER_ID,,,
measure_encounterdata_430,encounterdate,Yes,DATE_OFFSET,,,
measure_encounterdata_430,measure_signature,No,,,,
measure_encounterdata_430,prid,No,,,,
measure_encounterdata_410,id,No,,,,
measure_encounterdata_410,measurereportid,No,,,,
measure_encounterdata_410,patientid,Yes,PATIENT_ID,,,
measure_encounterdata_410,encounterid,Yes,ENCOUNTER_ID,,,
measure_encounterdata_410,encounterdate,Yes,DATE_OFFSET,,,
measure_encounterdata_410,measure_signature,No,,,,
measure_encounterdata_410,prid,No,,,,
measure_compendium,id,No,,,,
measure_compendium,muid,No,,,,
measure_compendium,measure_id,No,,,,
measure_compendium,measure_desc,No,,,,
measure_compendium,measure_strat,No,,,,
measure_compendium,measure_pos,No,,,,
measure_compendium,measure_signature,No,,,,
measure_compendium,createddate,No,,,,
measure_compendium,modifieddate,No,,,,
measure_compendium,deleteflag,No,,,,
measure_compendium,measure_pos2,No,,,,
measure_compendium,dictionary,No,,,,
measure_compendium,measure_type,No,,,,
masked_doc_id_mapping,id,No,,,,
masked_doc_id_mapping,encounter_id,Yes,ENCOUNTER_ID,,,
masked_doc_id_mapping,masked_doc_id,No,,,,
masked_doc_id_mapping,patient_id,Yes,PATIENT_ID,,,
masked_doc_id_mapping,doc_type,No,,,,
masked_doc_id_mapping,date_created,Yes,DATE_OFFSET,,,
maq_measure_provider_referal,id,No,,,,
maq_measure_provider_referal,apuid,No,,,,
maq_measure_provider_referal,referal,No,,,,
maq_measure_provider_referal,modbyid,No,,,,
maq_measure_provider_referal,createddate,No,,,,
maq_measure_provider_referal,modifieddate,No,,,,
maq_measure_provider_referal,deleteflag,No,,,,
maq_measure_provider_referal,referaltype,No,,,,
immforecastingcache,id,No,,,,
immforecastingcache,pid,Yes,PATIENT_ID,,,
immforecastingcache,immseriescvxid,No,,,,
immforecastingcache,forecastingcode,No,,,,
immforecastingcache,forecastingdate,Yes,DATE_OFFSET,,,
immforecastingcache,recommendation,No,,,,
immforecastingcache,interpretation,No,,,,
immforecastingcache,deleteflag,No,,,,
immforecastingcache,lastupdatedon,Yes,DATE_OFFSET,,,
immforecastingcache,lastshotgivendate,Yes,DATE_OFFSET,,,
idslistdetail,keyid,No,,,,
idslistdetail,id,No,,,,
ia_measures,id,No,,,,
ia_measures,measure_code,No,,,,
ia_measures,cms_measure_code,No,,,,
ia_measures,measure_type,No,,,,
ia_measures,measure_points,No,,,,
ia_measures,pi_bonus,No,,,,
ia_measures,subcategory,No,,,,
ia_measures,short_name,No,,,,
ia_measures,measure_description,No,,,,
ia_measures,deleteflag,No,,,,
ia_measures,submission_year,No,,,,
ia_measures,dictionary,No,,,,
groupcodes,Id,No,,,,
groupcodes,GroupType,No,,,,
groupcodes,Name,No,,,,
groupcodes,Description,Yes,NOTES,,,
groupcodes,deleteFlag,No,,,,
favouritekeywords,id,No,,,,
favouritekeywords,doctorId,No,,,,
favouritekeywords,section,No,,,,
favouritekeywords,favouriteText,Yes,NOTES,,,
favouritekeywords,favouriteId,No,,,,
favouritekeywords,structuredAllergy,No,,,,
examdefaultdetail,defaultId,No,,,,
examdefaultdetail,catId,No,,,,
examdefaultdetail,itemId,No,,,,
examdefaultdetail,value,Yes,NOTES,,,
examdefaultdetail,value2,Yes,NOTES,,,
examdefaultdetail,deleteFlag,No,,,,
epcs_users,id,No,,,,
epcs_users,userId,No,,,,
epcs_users,userRef,No,,,,
epcs_users,ecwRef,Yes,MASK,ecwRef,,
epcs_users,npi,No,,,,
epcs_users,Hardwaretokenid,Yes,MASK,Hardwaretokenid,,
epcs_users,HwTokenStatus,No,,,,
epcs_users,fname,No,,,,
epcs_users,mname,No,,,,
epcs_users,status,No,,,,
epcs_users,lname,No,,,,
epcs_users,facilityid,No,,,,
epcs_users,dea,No,,,,
epcs_users,emailId,Yes,MASK,emailId,,
epcs_users,licensekey,Yes,MASK,licensekey,,
epcs_users,delflag,No,,,,
epcs_users,ActivateKey,Yes,MASK,ActivateKey,,
epcs_users,ApprovedBy,No,,,,
epcs_users,ApprovalTime,No,,,,
epcs_users,servicelevelUpdated,No,,,,
epcs_users,serLevupdateError,No,,,,
epcs_users,phone_1,Yes,MASK,phone_1,,
epcs_users,phone_1_Status,No,,,,
epcs_users,phone_2,Yes,MASK,phone_2,,
epcs_users,phone_2_Status,No,,,,
epcs_users,phone_3,Yes,MASK,phone_3,,
epcs_users,phone_3_Status,No,,,,
epcs_users,subscription_name,No,,,,
epcs_users,subscription_expiry,No,,,,
epcs_users,laststatuschange,No,,,,
epcs_users,disableUser,No,,,,
epcs_users,DisableReason,No,,,,
epcs_users,EPCSApprover,No,,,,
epcs_users,videoProfingInt,No,,,,
epcs_users,isredirect,No,,,,
epcs_users,DefaultEPCSSignInType,No,,,,
ecwitems,ecwItemId,No,,,,
ecwitems,name,No,,,,
ecwitems,ecwParentId,No,,,,
ecwitems,deleteFlag,No,,,,
ecwitems,itemType,No,,,,
ecwitems,keyName,No,,,,
ecwitems,localItemId,No,,,,
dw_dim_psm_flat_tables,Id,No,,,,
dw_dim_psm_flat_tables,TABLE_ID,No,,,,
dw_dim_psm_flat_tables,TABLE_Name,No,,,,
dw_dim_psm_flat_tables,TABLE_Description,No,,,,
dw_dim_psm_flat_tables,TABLE_DB_Name,No,,,,
dw_dim_psm_flat_tables,DATA_QUERY_MYSQL,No,,,,
dw_dim_psm_flat_tables,DATA_QUERY_MSSQL,No,,,,
dw_dim_psm_flat_tables,Is_Active,No,,,,
dw_dim_psm_flat_tables,RefreshRequired,No,,,,
dw_dim_psm_flat_tables,ActivationDate,No,,,,
dw_dim_psm_flat_tables,refreshStartDate,No,,,,
dw_dim_psm_flat_tables,refreshEndDate,No,,,,
dw_dim_psm_flat_tables,Created_Ts,Yes,STATIC_OFFSET,,,
dw_dim_psm_flat_tables,CREATED_UID,No,,,,
dw_dim_psm_flat_tables,Update_TS,Yes,STATIC_OFFSET,,,
dw_dim_psm_flat_tables,Update_UID,No,,,,
dw_dim_psm_flat_tables,is_full_reload,No,,,,
dw_dim_psm_flat_tables,id_column_name,No,,,,
dw_dim_psm_flat_tables,date_column_name,No,,,,
dw_dim_psm_flat_tables,Priority,No,,,,
dw_dim_psm,Id,No,,,,
dw_dim_psm,KPI_ID,No,,,,
dw_dim_psm,KPI_Name,No,,,,
dw_dim_psm,KPI_Description,No,,,,
dw_dim_psm,Unit_of_Measure,No,,,,
dw_dim_psm,KPI_Category,No,,,,
dw_dim_psm,Priority,No,,,,
dw_dim_psm,Num_Query_mysql,No,,,,
dw_dim_psm,Num_Query_mssql,No,,,,
dw_dim_psm,Deno_Query,No,,,,
dw_dim_psm,Frequency,No,,,,
dw_dim_psm,Is_Active,No,,,,
dw_dim_psm,Is_Display,No,,,,
dw_dim_psm,modifiable,No,,,,
dw_dim_psm,Is_Default,No,,,,
dw_dim_psm,ActivationRequired,No,,,,
dw_dim_psm,ActivationDate,No,,,,
dw_dim_psm,Created_Ts,No,,,,
dw_dim_psm,Update_TS,No,,,,
dw_dim_psm,Update_UID,No,,,,
dw_dim_psm,Aggregation_Method,No,,,,
dw_dim_psm,Aggregation_Description,No,,,,
dw_dim_psm,KPI_Progress_Ind,No,,,,
dw_dim_psm,KPI_Viz,No,,,,
dw_dim_psm,Is_Deleted,No,,,,
dw_dim_psm,MedType,No,,,,
dw_dim_psm,categoryID,No,,,,
dw_dim_psm,d_target,No,,,,
dw_dim_psm,m_target,No,,,,
dw_dim_psm,y_target,No,,,,
dw_dim_psm,Group_By_Required,No,,,,
dw_dim_psm,IS_TREND_REQUIRED,No,,,,
dw_dim_psm,KPI_Link,No,,,,
dw_dim_psm,parent_kpi_id,No,,,,
dw_dim_psm,kpi_action,No,,,,
dw_dim_psm,report_url,Yes,MASK,report_url,,
dw_dim_psm,kpi_live_mysql_query_id,No,,,,
dw_dim_psm,kpi_live_mssql_query_id,No,,,,
dw_dim_psm,num_query_mysql_id,No,,,,
dw_dim_psm,num_query_mssql_id,No,,,,
dw_dim_psm,module_id,No,,,,
dw_dim_psm,drilldown_1_label,No,,,,
dw_dim_psm,drilldown_2_label,No,,,,
dw_dim_psm,drilldown_3_label,No,,,,
dw_dim_psm,drilldown_1_query_alias,No,,,,
dw_dim_psm,drilldown_2_query_alias,No,,,,
dw_dim_psm,drilldown_3_query_alias,No,,,,
dw_dim_psm,kpi_bound_type,No,,,,
dw_dim_psm,template_id,No,,,,
dw_dim_psm,alert_priority,No,,,,
dw_dim_psm,threshold_calculation_type,No,,,,
dw_dim_psm,threshold_calculation_subtype,No,,,,
dw_dim_psm,threshold_calculation_frequency,No,,,,
dw_dim_psm,threshold_updated_uid,No,,,,
dw_dim_psm,threshold_updated_ts,No,,,,
dw_dim_psm,threshold_percentage_value,No,,,,
dw_dim_kpis_master,Id,No,,,,
dw_dim_kpis_master,KPI_ID,No,,,,
dw_dim_kpis_master,KPI_Name,No,,,,
dw_dim_kpis_master,KPI_Description,No,,,,
dw_dim_kpis_master,Unit_of_Measure,No,,,,
dw_dim_kpis_master,KPI_Category,No,,,,
dw_dim_kpis_master,Priority,No,,,,
dw_dim_kpis_master,Num_Query_mysql,Yes,MASK,Num_Query_mysql,,
dw_dim_kpis_master,Num_Query_mssql,Yes,MASK,Num_Query_mssql,,
dw_dim_kpis_master,Num_Query_facility_mysql,Yes,MASK,Num_Query_facility_mysql,,
dw_dim_kpis_master,Num_Query_facility_mssql,Yes,MASK,Num_Query_facility_mssql,,
dw_dim_kpis_master,Num_Query_provider_mysql,Yes,MASK,Num_Query_provider_mysql,,
dw_dim_kpis_master,Num_Query_provider_mssql,Yes,MASK,Num_Query_provider_mssql,,
dw_dim_kpis_master,Deno_Query,Yes,MASK,Deno_Query,,
dw_dim_kpis_master,Frequency,No,,,,
dw_dim_kpis_master,Is_Active,No,,,,
dw_dim_kpis_master,Is_Display,No,,,,
dw_dim_kpis_master,modifiable,No,,,,
dw_dim_kpis_master,Is_Default,No,,,,
dw_dim_kpis_master,ActivationRequired,No,,,,
dw_dim_kpis_master,ActivationDate,No,,,,
dw_dim_kpis_master,Created_Ts,No,,,,
dw_dim_kpis_master,Update_TS,No,,,,
dw_dim_kpis_master,Update_UID,No,,,,
dw_dim_kpis_master,Aggregation_Method,No,,,,
dw_dim_kpis_master,Aggregation_Description,No,,,,
dw_dim_kpis_master,KPI_Progress_Ind,No,,,,
dw_dim_kpis_master,KPI_Viz,No,,,,
dw_dim_kpis_master,Is_Deleted,No,,,,
dw_dim_kpis_master,MedType,No,,,,
dw_dim_kpis_master,categoryID,No,,,,
dw_dim_kpis_master,Group_By_Required,No,,,,
dw_dim_kpis_master,IS_TREND_REQUIRED,No,,,,
dw_dim_kpis_master,Parent_id,No,,,,
dw_dim_kpis_master,KPI_Scope,No,,,,
dw_dim_kpis_master,Dashboard_Id,No,,,,
dw_dim_kpis_master,icon,No,,,,
dw_dim_kpis_master,kpi_link,No,,,,
dw_dim_kpis_master,drill_down_one_mysql,Yes,MASK,drill_down_one_mysql,,
dw_dim_kpis_master,drill_down_one_mssql,Yes,MASK,drill_down_one_mssql,,
dw_dim_kpis_master,drill_down_two_mysql,Yes,MASK,drill_down_two_mysql,,
dw_dim_kpis_master,drill_down_two_mssql,Yes,MASK,drill_down_two_mssql,,
dw_dim_kpis_master,drill_down_three_mysql,Yes,MASK,drill_down_three_mysql,,
dw_dim_kpis_master,drill_down_three_mssql,Yes,MASK,drill_down_three_mssql,,
dw_dim_kpis_master,drill_down_four_mysql,Yes,MASK,drill_down_four_mysql,,
dw_dim_kpis_master,drill_down_four_mssql,Yes,MASK,drill_down_four_mssql,,
dw_dim_kpis_master,facility_live_mysql,Yes,MASK,facility_live_mysql,,
dw_dim_kpis_master,facility_live_mssql,Yes,MASK,facility_live_mssql,,
dw_dim_kpi_op,Id,No,,,,
dw_dim_kpi_op,KPI_ID,No,,,,
dw_dim_kpi_op,KPI_Name,No,,,,
dw_dim_kpi_op,KPI_Description,No,,,,
dw_dim_kpi_op,Unit_of_Measure,No,,,,
dw_dim_kpi_op,KPI_Category,No,,,,
dw_dim_kpi_op,KPI_Identifier_Color,No,,,,
dw_dim_kpi_op,Priority,No,,,,
dw_dim_kpi_op,Num_Query_mysql,Yes,MASK,Num_Query_mysql,,
dw_dim_kpi_op,Num_Query_mssql,Yes,MASK,Num_Query_mssql,,
dw_dim_kpi_op,Deno_Query,Yes,MASK,Deno_Query,,
dw_dim_kpi_op,Frequency,No,,,,
dw_dim_kpi_op,Is_Active,No,,,,
dw_dim_kpi_op,Is_Display,No,,,,
dw_dim_kpi_op,modifiable,No,,,,
dw_dim_kpi_op,Is_Default,No,,,,
dw_dim_kpi_op,ActivationRequired,No,,,,
dw_dim_kpi_op,ActivationDate,No,,,,
dw_dim_kpi_op,Created_Ts,No,,,,
dw_dim_kpi_op,Update_TS,No,,,,
dw_dim_kpi_op,Update_UID,No,,,,
dw_dim_kpi_op,KPI_Identifier,No,,,,
dw_dim_kpi_op,Aggregation_Method,No,,,,
dw_dim_kpi_op,Aggregation_Description,No,,,,
dw_dim_kpi_op,KPI_Progress_Ind,No,,,,
dw_dim_kpi_op,KPI_Viz,No,,,,
dw_dim_kpi_op,Is_Deleted,No,,,,
dw_dim_kpi_op,MedType,No,,,,
dw_dim_kpi_op,categoryID,No,,,,
dw_dim_kpi_op,d_target,No,,,,
dw_dim_kpi_op,m_target,No,,,,
dw_dim_kpi_op,y_target,No,,,,
dw_dim_kpi_op,Group_By_Required,No,,,,
dw_dim_kpi_op,IS_TREND_REQUIRED,No,,,,
dl_cube_psms,Id,No,,,,
dl_cube_psms,KPI_Id,No,,,,
dl_cube_psms,KPI_Name,No,,,,
dl_cube_psms,KPI_Category,No,,,,
dl_cube_psms,kpi_value,No,,,,
dl_cube_psms,UoM,No,,,,
dl_cube_psms,Calc_TS,No,,,,
dl_cube_psms,Frequency,No,,,,
dl_cube_psms,batch_identifier,Yes,MASK,batch_identifier,,
dl_cube_psms,ReadStatus,No,,,,
dl_cube_noshow_daily_data,id,No,,,,
dl_cube_noshow_daily_data,encounterId,Yes,ENCOUNTER_ID,,,
dl_cube_noshow_daily_data,patientId,Yes,MASK,patientId,,
dl_cube_noshow_daily_data,patientName,Yes,MASK,patientName,,
dl_cube_noshow_daily_data,patientAge,No,,,,
dl_cube_noshow_daily_data,patientEmail,Yes,MASK,patientEmail,,
dl_cube_noshow_daily_data,patientPhone,Yes,MASK,patientPhone,,
dl_cube_noshow_daily_data,noShowDateTime,Yes,DATE_OFFSET,,,
dl_cube_noshow_daily_data,bookedDateTime,Yes,DATE_OFFSET,,,
dl_cube_noshow_daily_data,facilityId,No,,,,
dl_cube_noshow_daily_data,providerId,No,,,,
dl_cube_noshow_daily_data,providerName,No,,,,
dl_cube_noshow_daily_data,visitType,No,,,,
dl_cube_noshow_daily_data,emailSentDate,Yes,DATE_OFFSET,,,
dl_cube_noshow_daily_data,smsSentDate,Yes,DATE_OFFSET,,,
dl_cube_noshow_daily_data,eMessageSentDate,Yes,DATE_OFFSET,,,
dl_cube_noshow_daily_data,voiceCallSentDate,Yes,DATE_OFFSET,,,
dl_cube_noshow_daily_data,lagDays,No,,,,
dl_cube_noshow_daily_data,batchIdentifier,Yes,MASK,batchIdentifier,,
dl_cube_noshow_daily_data,updatedBy,No,,,,
dl_cube_noshow_daily_data,updatedDateTime,Yes,DATE_OFFSET,,,
dl_cube_noshow_daily_data,deleteFlag,No,,,,
dl_cube_noshow_appointment_data,id,Yes,ENCOUNTER_ID,,,
dl_cube_noshow_appointment_data,encDate,Yes,DATE_OFFSET,,,
dl_cube_noshow_appointment_data,appointmentCount,No,,,,
dl_cube_noshow_appointment_data,facilityId,No,,,,
dl_cube_noshow_appointment_data,providerId,No,,,,
dl_cube_noshow_appointment_data,batchIdentifier,Yes,MASK,batchIdentifier,,
dl_cube_noshow_appointment_data,deleteFlag,No,,,,
dl_cube_kpis_op_referraldata,REF_REFERRALID,Yes,MASK,REF_REFERRALID,,
dl_cube_kpis_op_referraldata,REF_DATE,Yes,DATE_OFFSET,,,
dl_cube_kpis_op_referraldata,REF_ASSIGNEDTOID,No,,,,
dl_cube_kpis_op_referraldata,REF_STATUS,No,,,,
dl_cube_kpis_op_referraldata,REF_REFERRALTYPE,No,,,,
dl_cube_kpis_op_referraldata,REF_PATIENTID,Yes,PATIENT_ID,,,
dl_cube_kpis_op_referraldata,REF_PRIORITY,No,,,,
dl_cube_kpis_op_referraldata,REF_TOFACILITY,No,,,,
dl_cube_kpis_op_referraldata,REF_FROMFACILITY,No,,,,
dl_cube_kpis_op_referraldata,REF_REFFROM,No,,,,
dl_cube_kpis_op_referraldata,REF_REFTO,No,,,,
dl_cube_kpis_op_referraldata,REF_SPECIALITY,No,,,,
dl_cube_kpis_op_referraldata,U_STATUS,No,,,,
dl_cube_kpis_op_referraldata,M_FROMPATIENTID,Yes,PATIENT_ID,,,
dl_cube_kpis_op_referraldata,UP_OUTOFOFFICEFRMDATE,Yes,DATE_OFFSET,,,
dl_cube_kpis_op_referraldata,UP_OUTOFOFFICETODATE,Yes,DATE_OFFSET,,,
dl_cube_kpis_op_medication,ReqId,No,,,,
dl_cube_kpis_op_medication,SentById,No,,,,
dl_cube_kpis_op_medication,StatusDesc,No,,,,
dl_cube_kpis_op_medication,LastAttemptTimestamp,Yes,DATE_OFFSET,,,
dl_cube_kpis_op_medication,SentTime,Yes,DATE_OFFSET,,,
dl_cube_kpis_op_medication,XmlResponseData,Yes,MASK,XmlResponseData,,
dl_cube_kpis_op_medication,PatientId,Yes,PATIENT_ID,,,
dl_cube_kpis_op_medication,RxType,No,,,,
dl_cube_kpis_op_medication,DrugDescription,Yes,NOTES,,,
dl_cube_kpis_op_medication,PharmacyId,Yes,MASK,PharmacyId,,
dl_cube_kpis_op_medication,DoctorId,No,,,,
dl_cube_kpis_op_medication,ItemId,No,,,,
dl_cube_kpis_op_medication,FacilityId,No,,,,
dl_cube_kpis_op_lsmactionsdata,la_id,No,,,,
dl_cube_kpis_op_lsmactionsdata,la_patientid,Yes,PATIENT_ID,,,
dl_cube_kpis_op_lsmactionsdata,la_assignedtoid,No,,,,
dl_cube_kpis_op_lsmactionsdata,la_duedate,Yes,DATE_OFFSET,,,
dl_cube_kpis_op_lsmactionsdata,la_creationdate,Yes,DATE_OFFSET,,,
dl_cube_kpis_op_lsmactionsdata,la_status,No,,,,
dl_cube_kpis_op_lsmactionsdata,la_priority,No,,,,
dl_cube_kpis_op_lsmactionsdata,la_facilityid,No,,,,
dl_cube_kpis_op_lsmactionsdata,action_type_id,No,,,,
dl_cube_kpis_op_lsmactionsdata,action_type,No,,,,
dl_cube_kpis_op_lsmactionsdata,u_status,No,,,,
dl_cube_kpis_op_lsmactionsdata,m_frompatientid,Yes,PATIENT_ID,,,
dl_cube_kpis_op_lsmactionsdata,up_outofofficefrmdate,Yes,DATE_OFFSET,,,
dl_cube_kpis_op_lsmactionsdata,up_outofofficetodate,Yes,DATE_OFFSET,,,
dl_cube_kpis_op_labdata,ld_reportid,No,,,,
dl_cube_kpis_op_labdata,ld_itemid,No,,,,
dl_cube_kpis_op_labdata,ld_encounterid,Yes,PATIENT_ID,,,
dl_cube_kpis_op_labdata,ld_resultdate,Yes,DATE_OFFSET,,,
dl_cube_kpis_op_labdata,ld_assignedtoid,No,,,,
dl_cube_kpis_op_labdata,ld_status,No,,,,
dl_cube_kpis_op_labdata,ld_received,No,,,,
dl_cube_kpis_op_labdata,ld_billable,No,,,,
dl_cube_kpis_op_labdata,ld_futureflag,No,,,,
dl_cube_kpis_op_labdata,ld_cancelled,No,,,,
dl_cube_kpis_op_labdata,ld_type,No,,,,
dl_cube_kpis_op_labdata,ld_result,Yes,NOTES,,,
dl_cube_kpis_op_labdata,ld_approvalstatus,No,,,,
dl_cube_kpis_op_labdata,ld_tolabid,No,,,,
dl_cube_kpis_op_labdata,list_id,No,,,,
dl_cube_kpis_op_labdata,list_name,No,,,,
dl_cube_kpis_op_labdata,lc_labid,No,,,,
dl_cube_kpis_op_labdata,lc_itemid,No,,,,
dl_cube_kpis_op_labdata,enc_patientid,Yes,PATIENT_ID,,,
dl_cube_kpis_op_labdata,enc_date,Yes,DATE_OFFSET,,,
dl_cube_kpis_op_labdata,enc_facilityid,No,,,,
dl_cube_kpis_op_labdata,enc_doctorid,No,,,,
dl_cube_kpis_op_labdata,up_outofofficefrmdate,Yes,DATE_OFFSET,,,
dl_cube_kpis_op_labdata,up_outofofficetodate,Yes,DATE_OFFSET,,,
dl_cube_kpis_op_labdata,users_uid,No,,,,
dl_cube_kpis_op_labdata,users_status,No,,,,
dl_cube_kpis_op_labdata,users_usertype,No,,,,
dl_cube_kpis_op_labdata,m_frompatientid,Yes,PATIENT_ID,,,
dl_cube_kpis_op_labdata,m_mergedate,No,DATE_OFFSET,,,
dl_cube_kpis_op_labdata,ld_priority,No,,,,
dl_cube_kpis_op_encdata,enc_encounterid,Yes,ENCOUNTER_ID,,,
dl_cube_kpis_op_encdata,enc_date,Yes,DATE_OFFSET,,,
dl_cube_kpis_op_encdata,enc_status,No,,,,
dl_cube_kpis_op_encdata,enc_lock,No,,,,
dl_cube_kpis_op_encdata,enc_starttime,Yes,DATE_OFFSET,,,
dl_cube_kpis_op_encdata,enc_endtime,Yes,DATE_OFFSET,,,
dl_cube_kpis_op_encdata,enc_arrivedtime,Yes,DATE_OFFSET,,,
dl_cube_kpis_op_encdata,enc_claimreq,No,,,,
dl_cube_kpis_op_encdata,enc_enctype,No,,,,
dl_cube_kpis_op_encdata,enc_visittype,No,,,,
dl_cube_kpis_op_encdata,enc_practiceid,No,,,,
dl_cube_kpis_op_encdata,enc_facilityid,No,,,,
dl_cube_kpis_op_encdata,enc_doctorid,No,,,,
dl_cube_kpis_op_encdata,enc_patientid,Yes,PATIENT_ID,,,
dl_cube_kpis_op_encdata,vsts_nonbillable,No,,,,
dl_cube_kpis_op_encdata,telenc_encounterid,Yes,ENCOUNTER_ID,,,
dl_cube_kpis_op_encdata,telenc_priority,No,,,,
dl_cube_kpis_op_encdata,telenc_telenclock,No,,,,
dl_cube_kpis_op_encdata,telenc_telenctype,No,,,,
dl_cube_kpis_op_encdata,telenc_assignedtoid,No,,,,
dl_cube_kpis_op_encdata,pn_id,Yes,MASK,pn_id,,
dl_cube_kpis_op_encdata,pn_lockstatus,No,,,,
dl_cube_kpis_op_encdata,pn_assignedtoid,No,,,,
dl_cube_kpis_op_encdata,users_status,No,,,,
dl_cube_kpis_op_encdata,m_frompatientid,Yes,PATIENT_ID,,,
dl_cube_kpis_op_encdata,up_outofofficefrmdate,Yes,DATE_OFFSET,,,
dl_cube_kpis_op_encdata,up_outofofficetodate,Yes,DATE_OFFSET,,,
dl_cube_kpis_op_electroniclabs,el_hl7msgid,No,,,,
dl_cube_kpis_op_electroniclabs,el_messagestatus,No,,,,
dl_cube_kpis_op_electroniclabs,el_datereceived,Yes,DATE_OFFSET,,,
dl_cube_kpis_op_electroniclabs,el_messageid,No,,,,
dl_cube_kpis_op_electroniclabs,el_messagetype,No,,,,
dl_cube_kpis_op_electroniclabs,el_labid,No,,,,
dl_cube_kpis_op_electroniclabs,el_patientid,Yes,PATIENT_ID,,,
dl_cube_kpis_op_electroniclabs,el_reportid,No,,,,
dl_cube_kpis_op_electroniclabs,el_providerid,No,,,,
dl_cube_kpis_op_electroniclabs,el_docname,No,,,,
dl_cube_kpis_op_electroniclabs,rel_actiontaken,No,,,,
dl_cube_kpis_op_electroniclabs,rel_messageid,No,,,,
dl_cube_kpis_op_electroniclabs,hl7_labid,No,,,,
dl_cube_kpis_op_electroniclabs,hl7_status,No,,,,
dl_cube_kpis_op_electroniclabs,hl7_datereceived,Yes,DATE_OFFSET,,,
dl_cube_kpis_op_electroniclabs,hl7_hl7msgid,No,,,,
dl_cube_kpis_op_electroniclabs,m_frompatientid,Yes,PATIENT_ID,,,
dl_cube_kpis_op_documents,doc_docid,No,,,,
dl_cube_kpis_op_documents,doc_patientid,Yes,PATIENT_ID,,,
dl_cube_kpis_op_documents,doc_review,No,,,,
dl_cube_kpis_op_documents,doc_reviewerid,No,,,,
dl_cube_kpis_op_documents,doc_facilityid,No,,,,
dl_cube_kpis_op_documents,doc_scandate,Yes,DATE_OFFSET,,,
dl_cube_kpis_op_documents,u_status,No,,,,
dl_cube_kpis_op_documents,up_outofofficefrmdate,Yes,DATE_OFFSET,,,
dl_cube_kpis_op_documents,up_outofofficetodate,Yes,DATE_OFFSET,,,
dl_cube_kpis_op_documents,m_mergedate,Yes,DATE_OFFSET,,,
dl_cube_kpis_op_documents,m_frompatientid,Yes,PATIENT_ID,,,
dl_cube_echeckin_data,id,No,,,,
dl_cube_echeckin_data,encounterId,Yes,ENCOUNTER_ID,,,
dl_cube_echeckin_data,patientId,Yes,PATIENT_ID,,,
dl_cube_echeckin_data,patientControlNo,Yes,PATIENT_ID,,,
dl_cube_echeckin_data,patientName,Yes,MASK,patientName,,
dl_cube_echeckin_data,patientDob,Yes,DATE_OFFSET,,,
dl_cube_echeckin_data,patientEmail,Yes,MASK,patientEmail,,
dl_cube_echeckin_data,patientPhone,Yes,MASK,patientPhone,,
dl_cube_echeckin_data,patientGender,No,,,,
dl_cube_echeckin_data,providerId,No,,,,
dl_cube_echeckin_data,providerName,No,,,,
dl_cube_echeckin_data,facilityId,No,,,,
dl_cube_echeckin_data,facilityName,Yes,MASK,facilityName,,
dl_cube_echeckin_data,visitType,No,,,,
dl_cube_echeckin_data,encDate,Yes,DATE_OFFSET,,,
dl_cube_echeckin_data,encTime,No,,,,
dl_cube_echeckin_data,smsSent,No,,,,
dl_cube_echeckin_data,smsSentDate,Yes,DATE_OFFSET,,,
dl_cube_echeckin_data,enablearrival,No,,,,
dl_cube_echeckin_data,arrived,No,,,,
dl_cube_echeckin_data,echeckinCompleted,No,,,,
dl_cube_echeckin_data,echeckinCompletedDate,Yes,DATE_OFFSET,,,
dl_cube_echeckin_data,smsreplyid,No,,,,
dl_cube_echeckin_data,policyid,Yes,MASK,policyid,,
dl_cube_echeckin_data,batchIdentifier,Yes,NOTES,,,
dl_cube_echeckin_data,deleteFlag,No,,,,
dl_cube_echeckin_data,echeckinStart,No,,,,
dj_ctl_kpi_category,id,No,,,,
dj_ctl_kpi_category,categoryID,No,,,,
dj_ctl_kpi_category,categoryName,No,,,,
dj_ctl_kpi_category,isDefault,No,,,,
dj_ctl_kpi_category,updated_uid,No,,,,
dj_ctl_kpi_category,isDeleted,No,,,,
dj_ctl_kpi_category,isActive,No,,,,
dj_ctl_kpi_category,updated_TS,No,,,,
cqm_pcfmeasureconfig,ConfigId,No,,,,
cqm_pcfmeasureconfig,Measure_Id,No,,,,
cqm_pcfmeasureconfig,Year,No,,,,
cqm_pcfmeasureconfig,eCQM,No,,,,
cqm_pcfmeasureconfig,MeasureVersion,No,,,,
cqm_pcfmeasureconfig,IPP_Desc,No,,,,
cqm_pcfmeasureconfig,Num_Desc,No,,,,
cqm_pcfmeasureconfig,Den_Desc,No,,,,
cqm_pcfmeasureconfig,Excl_Desc,No,,,,
cqm_pcfmeasureconfig,Excp_Desc,No,,,,
cqm_pcfmeasureconfig,Inactive_Flg,No,,,,
cqm_pcfmeasureconfig,Publish_Flg,No,,,,
cqm_pcfmeasureconfig,inverse,No,,,,
cqm_pcfmeasureconfig,version,No,,,,
cqm_pcfmeasureconfig,Threshold,No,,,,
cqm_pcfmeasureconfig,decile_3_lb,No,,,,
cqm_pcfmeasureconfig,decile_3_ub,No,,,,
cqm_pcfmeasureconfig,decile_4_lb,No,,,,
cqm_pcfmeasureconfig,decile_4_ub,No,,,,
cqm_pcfmeasureconfig,decile_5_lb,No,,,,
cqm_pcfmeasureconfig,decile_5_ub,No,,,,
cqm_pcfmeasureconfig,decile_6_lb,No,,,,
cqm_pcfmeasureconfig,decile_6_ub,No,,,,
cqm_pcfmeasureconfig,decile_7_lb,No,,,,
cqm_pcfmeasureconfig,decile_7_ub,No,,,,
cqm_pcfmeasureconfig,decile_8_lb,No,,,,
cqm_pcfmeasureconfig,decile_8_ub,No,,,,
cqm_pcfmeasureconfig,decile_9_lb,No,,,,
cqm_pcfmeasureconfig,decile_9_ub,No,,,,
cqm_pcfmeasureconfig,decile_10_lb,No,,,,
cqm_pcfmeasureconfig,decile_10_ub,No,,,,
cqm_measures,measureId,No,,,,
cqm_measures,selected,No,,,,
cqm_measures,thresholdHigh,No,,,,
cqm_measures,thresholdLow,No,,,,
cqm_measures,measureConfigId,No,,,,
cqm_measures,alertEnabled,No,,,,
cqm_measures,ordersetEncId,Yes,ENCOUNTER_ID,,,
cqm_measures,viewOnRightChart,No,,,,
cqm_measures,osSelectionType,No,,,,
countrycodes,id,No,,,,
countrycodes,name,No,,,,
countrycodes,code,No,,,,
countrycodes,dialInCode,No,,,,
billablelab,Id,No,,,,
billablelab,code,No,,,,
billablelab,billable,No,,,,
billablelab,publishportal,No,,,,
billablelab,approvalrequired,No,,,,
billablelab,ExcludeFromMU,No,,,,
billablelab,showOnVaccineRecord,No,,,,
billablelab,autoreview,No,,,,
billablelab,loweragelimit,No,,,,
billablelab,upperagelimit,No,,,,
billablelab,asctype,No,,,,
billablelab,controlLineValid,No,,,,
billablelab,IHResultNormalValue,No,,,,
billablelab,IHResultAbnormalValue,No,,,,
billablelab,documentStructuredResults,No,,,,
billablelab,vascular,No,,,,
billablelab,exceptionReasonId,No,,,,
billablelab,exceptionReasonComment,No,,,,
billablelab,ignoreprocedurevalidations,No,,,,
visitstscodes,codeId,No,,,,
visitstscodes,code,No,,,,
visitstscodes,status,Yes,NOTES,,,
visitstscodes,color,No,,,,
visitstscodes,NonBillable,No,,,,
visitstscodes,TriggerManFieldsCheck,No,,,,
visitstscodes,MUExclude,No,,,,
visitstscodes,triggermanappfieldscheck,No,,,,
visitstscodes,ExcludeRefFieldsCheck,No,,,,
visitstscodes,UsageRestriction,No,,,,
visitstscodes,CodesAfterStartTime,No,,,,
visitstscodes,CodesDurationAfterStartTime,No,,,,
visitstscodes,includeInRotation,No,,,,
visitstscodes,ReasonRequired,No,,,,
visitstscodes,excludeAsapList,No,,,,
document,docID,No,,,,
document,encId,Yes,ENCOUNTER_ID,,,
document,customName,Yes,NOTES,,,
document,doc_Type,No,,,,
document,scanDate,Yes,DATE_OFFSET,,,
document,refId,No,,,,
document,ScannedBy,No,,,,
document,Description,Yes,NOTES,,,
document,PatientId,Yes,PATIENT_ID,,,
document,Review,No,,,,
document,ReviewerId,No,,,,
document,Priority,No,,,,
document,delFlag,No,,,,
document,folderName,No,,,,
document,oldfilename,No,,,,
document,migrateflag,No,,,,
document,uniqueDocId,No,,,,
document,publishToEHX,No,,,,
document,eHXSentStatus,No,,,,
document,FacilityId,No,,,,
document,ftpserver,No,,,,
document,refReqId,No,,,,
document,dirpath,Yes,NOTES,,,
document,TempDocId,No,,,,
document,pnCatId,No,,,,
document,pnItemId,No,,,,
document,injuryId,No,,,,
document,consentDocEHX,No,,,,
document,insuranceid,Yes,MASK,insuranceid,,
document,modifieddatetime,Yes,DATE_OFFSET,,,
document,refType,No,,,,
document,claimRef,No,,,,
document,expirydate,Yes,DATE_OFFSET,,,
document,servicedate,Yes,DATE_OFFSET,,,
document,expiresuppress,No,,,,
document,suggestedpatients,No,,,,
document,pagecount,No,,,,
document,sizeinbytes,No,,,,
document,fileformat,No,,,,
document,drawingid,No,,,,
document,documentheight,No,,,,
document,documentwidth,No,,,,
document,resolution,No,,,,
document,websync,No,,,,
document,portalboxUpload,No,,,,
document,scanbyid,No,,,,
document,source,No,,,,
document,wcReportTypeCode,No,,,,
document,proxyuid,No,,,,
document,tocId,No,,,,
document,isCorrupt,No,,,,
document,publishToEmployerPortal,No,,,,
document,needtraining,No,,,,
document,faxInboxLogId,No,,,,
rxhub_rxhistoryrequestlog,ErrorCode,No,,,,
rxhub_rxhistoryrequestlog,SentTime,No,,,,
rxhub_rxhistoryrequestlog,ResponseString,Yes,NOTES,,,
rxhub_rxhistoryrequestlog,RequestString,Yes,NOTES,,,
rxhub_rxhistoryrequestlog,PatientId,Yes,PATIENT_ID,,,
rxhub_rxhistoryrequestlog,StatusDesc,No,,,,
rxhub_rxhistoryrequestlog,EncId,Yes,ENCOUNTER_ID,,,
rxhub_rxhistoryrequestlog,TransactionId,No,,,,
rxhub_rxhistoryrequestlog,ReqType,No,,,,
rxhub_rxhistoryrequestlog,RelatedTransactionId,No,,,,
rxhub_rxhistoryrequestlog,ReqId,No,,,,
rxhub_rxhistoryrequestlog,SentDate,Yes,DATE_OFFSET,,,
rxhub_rxhistoryrequestlog,ErrorDesc,No,,,,
rxhub_rxhistoryrequestlog,bMoreHistoryAvailable,No,,,,
rxhub_scriptlog,CSASchedule,No,,,,
rxhub_scriptlog,sendToRxLogId,No,,,,
rxhub_scriptlog,LogStatus,No,,,,
rxhub_scriptlog,Freq,No,,,,
rxhub_scriptlog,Take,No,,,,
rxhub_scriptlog,TransactionTime,Yes,DATE_OFFSET,,,
rxhub_scriptlog,LoginUserId,No,,,,
rxhub_scriptlog,Route,No,,,,
rxhub_scriptlog,IpAddress,Yes,MASK,IpAddress,,
rxhub_scriptlog,SuprPrId,No,,,,
rxhub_scriptlog,EncounterId,Yes,ENCOUNTER_ID,,,
rxhub_scriptlog,LogBatchId,No,,,,
rxhub_scriptlog,encType,No,,,,
rxhub_scriptlog,ItemId,No,,,,
rxhub_scriptlog,HealthPlanId,No,,,,
rxhub_scriptlog,XMLReceived,No,,,,
rxhub_scriptlog,PatientId,Yes,PATIENT_ID,,,
rxhub_scriptlog,doctorId,No,,,,
rxhub_scriptlog,MailOrderPharmacy,No,,,,
rxhub_scriptlog,OriginalScript,No,,,,
rxhub_scriptlog,Refills,No,,,,
rxhub_scriptlog,DAW,No,,,,
rxhub_scriptlog,CoverageId,No,,,,
rxhub_scriptlog,NCPDPID,No,,,,
rxhub_scriptlog,AlternativeId,No,,,,
rxhub_scriptlog,NPI,No,,,,
rxhub_scriptlog,CopayId,No,,,,
rxhub_scriptlog,PayorSourceCode,No,,,,
rxhub_scriptlog,HealthPlanGroupId,No,,,,
rxhub_scriptlog,Doc_FName,No,,,,
rxhub_scriptlog,Doc_LName,No,,,,
rxhub_scriptlog,DrugName,No,,,,
rxhub_scriptlog,NDCCode,No,,,,
rxhub_scriptlog,FormularyStatus,No,,,,
rxhub_scriptlog,PDHViewed,No,,,,
rxhub_scriptlog,ESIMail,No,,,,
rxhub_scriptlog,ScriptId,No,,,,
rxhub_scriptlog,FormularyId,No,,,,
rxhub_scriptlog,PayorSourceName,Yes,NOTES,,,
rxhub_scriptlog,Formulation,No,,,,
rxhub_scriptlog,Quantity,No,,,,
rxhub_scriptlog,StartDate,Yes,DATE_OFFSET,,,
rxhub_scriptlog,pharmacyID,No,,,,
rxhub_scriptlog,FaxLogID,No,,,,
rxhub_scriptlog,RxChannel,No,,,,
rxhub_scriptlog,Generic,No,,,,
rxhub_scriptlog,ID,No,,,,
rxhub_scriptlog,Pt_PBMId,No,,,,
rxhub_scriptlog,Pt_LName,Yes,MASK,Pt_LName,,
rxhub_scriptlog,Pt_FName,Yes,MASK,Pt_FName,,
rxhub_scriptlog,ScriptDate,Yes,DATE_OFFSET,,,
rxhub_scriptlog,OTCCode,No,,,,
rxhub_scriptlog,PharmacyName,No,,,,
rxhub_scriptlog,Duration,No,,,,
rxhub_scriptlog,Doc_DeaNo,No,,,,
rxhub_scriptxml,XMLScript,Yes,NOTES,,,
rxhub_scriptxml,PostedToServer,No,,,,
rxhub_scriptxml,Id,No,,,,
rxhub_scriptxml,TimeStamped,Yes,DATE_OFFSET,,,
rxndcexceptionlogs,id,No,,,,
rxndcexceptionlogs,encounterid,Yes,ENCOUNTER_ID,,,
rxndcexceptionlogs,rxorderNo,No,,,,
rxndcexceptionlogs,corrected_strength,No,,,,
rxndcexceptionlogs,corrected_formulation,No,,,,
rxndcexceptionlogs,isSigChanged,No,,,,
rxndcexceptionlogs,strength,No,,,,
rxndcexceptionlogs,formulation,No,,,,
rxndcexceptionlogs,drugname,No,,,,
rxndcexceptionlogs,viewtype,No,,,,
rxndcexceptionlogs,uniqueid,No,,,,
rxndcexceptionlogs,oldrxid,No,,,,
rxndcexceptionlogs,oldndc,No,,,,
rxndcexceptionlogs,itemid,No,,,,
rxndcexceptionlogs,updated,Yes,STATIC_OFFSET,,,
rxndcexceptionlogs,newndc,No,,,,
apptblocks,Notes,Yes,NOTES,,,
apptblocks,BlockColor,No,,,,
apptblocks,blocktype,No,,,,
apptblocks,StartTime,Yes,STATIC_OFFSET,,,
apptblocks,createdon,Yes,STATIC_OFFSET,,,
apptblocks,StartDate,Yes,STATIC_OFFSET,,,
apptblocks,Recurrence,No,,,,
apptblocks,Id,?,,,,
apptblocks,modifiedTime,Yes,STATIC_OFFSET,,,
apptblocks,reason,No,,,,
apptblocks,createdby,?,,,,
apptblocks,facilityId,No,,,,
apptblocks,EndDate,Yes,STATIC_OFFSET,,,
apptblocks,EndTime,Yes,STATIC_OFFSET,,,
apptblocks,AllDay,No,,,,
apptblocks,Description,Yes,NOTES,,,
dmportal,path,Yes,NOTES,,,
dmportal,id,No,,,,
dmportal,delflag,No,,,,
dmportal,websync,No,,,,
dmportal,publishDate,Yes,DATE_OFFSET,,,
dmportal,truserid,No,,,,
dmportal,doctype,No,,,,
dmportal,docname,No,,,,
dmportal,docid,No,,,,
dmportal,pid,Yes,PATIENT_ID,,,
dmportal,customName,Yes,NOTES,,,
dmportal,size,No,,,,
dmportal,ftpDeleted,No,,,,
dmportal,source,No,,,,
message,date_transfered,Yes,STATIC_OFFSET,,,
message,deleteFlag,No,,,,
message,MsgId,No,,,,
message,MsgFrom,No,,,,
message,portalid,No,,,,
message,msgStyle,No,,,,
message,time24,Yes,STATIC_OFFSET,,,
message,portalsync,No,,,,
message,date_recieved,Yes,STATIC_OFFSET,,,
message,category_id,No,,,,
message,fromP2PNPI,No,,,,
message,p2pFromProviderName,No,,,,
message,subject,Yes,NOTES,,,
message,MsgStatus,No,,,,
message,message,Yes,NOTES,,,
message,status,No,,,,
message,priority,No,,,,
message,time,Yes,STATIC_OFFSET,,,
message,date,Yes,STATIC_OFFSET,,,
message,MsgTo,No,,,,
message,box,No,,,,
message,p2pDeliveryStatus,No,,,,
message,archiveFlag,No,,,,
message,folder_id,No,,,,
message,is_favorite,No,,,,
message,pinned_date,No,,,,
message,msgTxId,No,,,,
message,uniqueMsgId,No,,,,
message,statusUpdateDate,Yes,STATIC_OFFSET,,,
nhxtelenc,date,Yes,DATE_OFFSET,,,
nhxtelenc,nhxPatientId,Yes,PATIENT_ID,,,
nhxtelenc,FromProviderP2pNPI,No,,,,
nhxtelenc,requestapuId,No,,,,
nhxtelenc,toProviderId,No,,,,
nhxtelenc,toProvider,No,,,,
nhxtelenc,refReqId,No,,,,
nhxtelenc,fromProviderId,No,,,,
nhxtelenc,top2pnpi,No,,,,
nhxtelenc,fromp2pnpi,No,,,,
nhxtelenc,message,Yes,NOTES,,,
nhxtelenc,ccP2PNPIs,No,,,,
nhxtelenc,priority,No,,,,
nhxtelenc,startTime,No,,,,
nhxtelenc,patientId,No,,,,
nhxtelenc,reviewed,No,,,,
nhxtelenc,readStatus,No,,,,
nhxtelenc,status,No,,,,
nhxtelenc,ReqId,No,,,,
nhxtelenc,fromProvider,No,,,,
nhxtelenc,assignedToId,No,,,,
nhxtelenc,deleteFlag,No,,,,
nhxtelenc,reason,Yes,NOTES,,,
phrlog,id,No,,,,
phrlog,uid,Yes,PATIENT_ID,,,
phrlog,requestDate,Yes,DATE_OFFSET,,,
phrlog,phrdata,Yes,NOTES,,,
phrlog,status,No,,,,
phrlog,healowrequest,No,,,,
phrlog,requestedBy,Yes,PATIENT_ID,,,
phrlog,fromDate,Yes,DATE_OFFSET,,,
phrlog,correlation_id,No,,,,
phrlog,toDate,Yes,DATE_OFFSET,,,
printlogs,PrintType,No,,,,
printlogs,PatientID,Yes,PATIENT_ID,,,
printlogs,EncounterID,Yes,ENCOUNTER_ID,,,
printlogs,DoctorID,No,,,,
printlogs,PrintTransaction,Yes,MASK,PrintTransaction,,
printlogs,PrintLogBatch,No,,,,
printlogs,RxList,No,,,,
printlogs,PrintLogStatus,No,,,,
printlogs,PrintData,Yes,NOTES,,,
printlogs,PrintDate,Yes,DATE_OFFSET,,,
printlogs,LoginID,No,,,,
printlogs,LogID,No,,,,
statusnotifications,body,Yes,NOTES,,,
statusnotifications,userId,No,,,,
statusnotifications,patientId,Yes,PATIENT_ID,,,
statusnotifications,id,No,,,,
statusnotifications,title,No,,,,
statusnotifications,failedTransactionId,No,,,,
documentlog,userid,No,,,,
documentlog,docid,No,,,,
documentlog,timestamp,Yes,STATIC_OFFSET,,,
documentlog,actionFlag,No,,,,
documentlog,ipAddress,Yes,MASK,ipAddress,,
documentlog,logData,Yes,NOTES,,,
documentlog,notes,Yes,NOTES,,,
encounterlog,encid,Yes,ENCOUNTER_ID,,,
encounterlog,logdetails,Yes,NOTES,,,
encounterlog,id,No,,,,
encounterlog,userid,No,,,,
encounterlog,modifydate,Yes,STATIC_OFFSET,,,
encounterlog,modifiedcolumns,No,,,,
encounterlog,username,No,,,,
encounterlog,timezone,No,,,,
encounterlog,actiontype,No,,,,
faxlogs,Retry,No,,,,
faxlogs,Status,No,,,,
faxlogs,FaxStatus,No,,,,
faxlogs,SendDate,No,STATIC_OFFSET,,,
faxlogs,FaxType,No,,,,
faxlogs,LogID,?,PATIENT_ID,,,
faxlogs,LoginID,Yes,PATIENT_ID,,,
faxlogs,DoctorID,No,,,,
faxlogs,PatientID,Yes,PATIENT_ID,,,
faxlogs,ToID,?,PATIENT_ID,,,
faxlogs,ToName,Yes,MASK,PATIENT_NAME,,
faxlogs,ToFax,Yes,MASK,FAX,,
faxlogs,isTextMsgSent,No,,,,
faxlogs,isFaxContentEdited,No,,,,
faxlogs,LoginName,Yes,MASK,PATIENT_NAME,,
faxlogs,isMsgSent,No,,,,
faxlogs,FaxInitTime2,No,STATIC_OFFSET,,,
faxlogs,OriginalFaxDoc,No,,,,
faxlogs,FromName,Yes,MASK,PATIENT_NAME,,
faxlogs,FromVoice,Yes,MASK,PHONE_NUMBER,,
faxlogs,sentnotification,No,,,,
faxlogs,OriginalFaxFile,No,,,,
faxlogs,splitFaxesBatchId,No,,,,
faxlogs,suffix,No,,,,
faxlogs,dialInCode,No,,,,
faxlogs,isAddressed,No,,,,
faxlogs,addressedComment,No,,,,
faxlogs,FacilityID,No,,,,
faxlogs,FaxInitTime,No,STATIC_OFFSET,,,
faxlogs,EncounterID,Yes,ENCOUNTER_ID,,,
faxlogs,remindedDate,No,STATIC_OFFSET,,,
faxlogs,FaxCoverPage,No,,,,
faxlogs,FaxStatusMsg,?,,,,
faxlogs,FaxCoverPageID,No,,,,
faxlogs,scheduledDate,No,STATIC_OFFSET,,,
faxlogs,FaxTransaction,?,,,,
faxlogs,FaxManLogID,No,,,,
faxlogs,FaxPrefix,No,,,,
faxlogs,FaxFile,No,,,,
faxlogs,FaxLogStatus,No,,,,
faxlogs,RxIds,No,,,,
faxlogs,FacilityName,?,,,,
faxlogs,reminded,No,,,,
faxlogs,FaxLogBatch,No,,,,
incomingreferrallogs,id,No,,,,
incomingreferrallogs,log1,Yes,MASK,log1,,
incomingreferrallogs,log2,Yes,MASK,log2,,
incomingreferrallogs,log3,Yes,MASK,log3,,
incomingreferrallogs,modifiedDate,No,STATIC_OFFSET,,,
incomingreferrallogs,log4,Yes,MASK,log4,,
incomingreferrallogs,action,No,,,,
incomingreferrallogs,ipAddress,Yes,MASK,ipAddress,,
incomingreferrallogs,refId,No,,,,
incomingreferrallogs,truserid,No,,,,
medicationlogsdetail,Id,No,,,,
medicationlogsdetail,Prop,No,,,,
medicationlogsdetail,OldRxId,No,,,,
prisma_ccd_document_section,id,No,,,,
prisma_ccd_document_section,ccdId,No,,,,
prisma_ccd_document_section,section,No,,,,
prisma_ccd_document_section,sectionTitle,No,,,,
prisma_ccd_document_section,htmlText,Yes,NOTES,,,
prisma_ccd_document_section,error,No,,,,
prisma_ccd_document_section,patDocId,No,,,,
prisma_ccd_document_section,ccdDeleteFlag,No,,,,
prisma_ccd_document_section,dataTruncationFlag,No,,,,
prisma_ccd_document_section,patientid,Yes,PATIENT_ID,,,
prisma_ccd_document_section,adtId,No,,,,
prisma_ccd_document_section,payorId,No,,,,
prisma_ccd_document_section,fhirId,No,,,,
prisma_ccd_document_section,dpcId,No,,,,
prisma_ccd_document_section,ccrId,No,,,,
prisma_ccd_document_section,isTxnFailed,No,,,,
prisma_ccd_document_section,preprocessTxId,No,,,,
prisma_ccd_document_section,sourceId,No,,,,
prisma_ccd_document_section,ccrTimeStamp,No,,,,
prisma_ccd_document_section,docRefAttchId,No,,,,
problemlistlog,patientId,Yes,PATIENT_ID,,,
problemlistlog,userId,No,,,,
problemlistlog,asmtId,No,,,,
problemlistlog,deleteFlag,No,,,,
problemlistlog,itemName,No,,,,
problemlistlog,Id,No,,,,
problemlistlog,action,No,,,,
problemlistlog,logCategory,No,,,,
problemlistlog,item,No,,,,
problemlistlog,previousValue,No,,,,
problemlistlog,encounterId,Yes,ENCOUNTER_ID,,,
problemlistlog,itemType,No,,,,
problemlistlog,newValue,No,,,,
problemlistlog,logDate,Yes,DATE_OFFSET,,,
problemlistlog,userName,No,,,,
problemlistnoteslog,notes,Yes,NOTES,,,
problemlistnoteslog,risk,No,,,,
problemlistnoteslog,modifiedDate,Yes,DATE_OFFSET,,,
problemlistnoteslog,modifiedBy,No,,,,
problemlistnoteslog,specify,No,,,,
problemlistnoteslog,id,No,,,,
problemlistnoteslog,asmtId,No,,,,
problemlistnoteslog,encounterId,Yes,ENCOUNTER_ID,,,
problemlistnoteslog,patientId,Yes,PATIENT_ID,,,
problemlistnoteslog,problemListID,No,,,,
problemlistnoteslog,onsetdate,Yes,DATE_OFFSET,,,
smsmsglogs,AppServMacAddr,No,,,,
smsmsglogs,VendorMsgId,No,,,,
smsmsglogs,SentByFirstName,Yes,MASK,SentByFirstName,,
smsmsglogs,SentBy,No,,,,
smsmsglogs,ScheduledDateTime,No,STATIC_OFFSET,,,
smsmsglogs,csdata,No,,,,
smsmsglogs,prearrduration,No,,,,
smsmsglogs,arrivalspanish,No,,,,
smsmsglogs,arrivaleng,No,,,,
smsmsglogs,enablearrival,No,,,,
smsmsglogs,rscancflag,No,,,,
smsmsglogs,parentid,No,,,,
smsmsglogs,smsmsgreply_id,No,,,,
smsmsglogs,smsmsgreply,Yes,NOTES,,,
smsmsglogs,ConfirmNumber,No,,,,
smsmsglogs,RequiredConfirm,No,,,,
smsmsglogs,DoctorId,No,,,,
smsmsglogs,uploadlocation,No,,,,
smsmsglogs,TemplateId,No,,,,
smsmsglogs,ptemail,Yes,MASK,EMAIL_ID,,
smsmsglogs,eRxReqID,No,,,,
smsmsglogs,ecmversion,No,,,,
smsmsglogs,AutoUpgradeKey,No,,,,
smsmsglogs,ecwversion,No,,,,
smsmsglogs,AppServMachineIP,Yes,MASK,AppServMachineIP,,
smsmsglogs,AppServMachineName,Yes,MASK,AppServMachineName,,
smsmsglogs,PatientId,Yes,PATIENT_ID,,,
smsmsglogs,Language,No,,,,
smsmsglogs,PtStatementId,No,,,,
smsmsglogs,FacilityId,No,,,,
smsmsglogs,EncounterID,Yes,ENCOUNTER_ID,,,
smsmsglogs,LabID,No,,,,
smsmsglogs,VendorSMSresponse,No,,,,
smsmsglogs,VendorSmsId,No,,,,
smsmsglogs,MsgExpireTime,No,STATIC_OFFSET,,,
smsmsglogs,customreportid,No,,,,
smsmsglogs,FromSMSNumber,Yes,MASK,PHONE_NUMBER,,
smsmsglogs,ApptStatus,No,,,,
smsmsglogs,slotid,No,,,,
smsmsglogs,ptmulogid,No,,,,
smsmsglogs,smsguid,No,,,,
smsmsglogs,updateflag,No,,,,
smsmsglogs,measureid,No,,,,
smsmsglogs,msgkeywords,No,,,,
smsmsglogs,SMSSubject,No,,,,
smsmsglogs,policyid,No,,,,
smsmsglogs,FaxLogId,No,,,,
smsmsglogs,ActualMessage,Yes,NOTES,,,
smsmsglogs,ResourceId,No,,,,
smsmsglogs,msgSource,No,,,,
smsmsglogs,ID,No,,,,
smsmsglogs,ToSMSName,Yes,MASK,PATIENT_NAME,,
smsmsglogs,ToSMSNumber,Yes,MASK,PHONE_NUMBER,,
smsmsglogs,ToSMSProvider,No,,,,
smsmsglogs,Retry,No,,,,
smsmsglogs,SMSMessageID,No,,,,
smsmsglogs,vststsupdated,No,,,,
smsmsglogs,eRxReFillReqID,No,,,,
smsmsglogs,campaignid,No,,,,
smsmsglogs,campaign,No,,,,
smsmsglogs,ScheduledDate,No,STATIC_OFFSET,,,
smsmsglogs,ScheduledTime,No,,,,
smsmsglogs,FromSMSName,No,,,,
smsmsglogs,FromSMSProvider,No,,,,
smsmsglogs,Priority,No,,,,
smsmsglogs,ClientId,No,,,,
smsmsglogs,EcwWebSMSUser,No,,,,
smsmsglogs,ErrorId,No,,,,
smsmsglogs,responseupdatedtime,No,STATIC_OFFSET,,,
smsmsglogs,ErrorMsg,Yes,MASK,ErrorMsg,,
smsmsglogs,DateCreated,No,STATIC_OFFSET,,,
smsmsglogs,isDeleted,No,,,,
smsmsglogs,SentTime,No,,,,
surescript_requestlog,RxType,No,,,,
surescript_requestlog,MessageID,No,,,,
surescript_requestlog,RelatedMessageID,No,,,,
surescript_requestlog,SentTo,Yes,MASK,EMAIL_ID,,
surescript_requestlog,SentFrom,Yes,MASK,EMAIL_ID,,
surescript_requestlog,SentTime,Yes,DATE_OFFSET,,,
surescript_requestlog,FileID,No,,,,
surescript_requestlog,epastatus,No,,,,
surescript_requestlog,ReqID,No,,,,
surescript_requestlog,PharmacyID,No,,,,
surescript_requestlog,NCPDPID,No,,,,
surescript_requestlog,Pharmacy_AddressLine1,No,,,,
surescript_requestlog,Pharmacy_City,No,,,,
surescript_requestlog,Pharmacy_State,No,,,,
surescript_requestlog,RxReferenceNo,No,,,,
surescript_requestlog,Pharmacy_Zipcode,No,,,,
surescript_requestlog,MessageText,No,,,,
surescript_requestlog,DrugDBCode,No,,,,
surescript_requestlog,StrengthUnits,No,,,,
surescript_requestlog,Strength,No,,,,
surescript_requestlog,DosageForm,No,,,,
surescript_requestlog,ProductCodeQualifier,No,,,,
surescript_requestlog,ProductCode,No,,,,
surescript_requestlog,DrugDescription,No,,,,
surescript_requestlog,PhA_LName,No,,,,
surescript_requestlog,PhA_FName,No,,,,
surescript_requestlog,Ph_LName,No,,,,
surescript_requestlog,Ph_FName,No,,,,
surescript_requestlog,Pharmacy_Email,No,,,,
surescript_requestlog,Pharmacy_Fax,No,,,,
surescript_requestlog,Pharmacy_Phone,No,,,,
surescript_requestlog,DEANo,No,,,,
surescript_requestlog,doc_FName,No,,,,
surescript_requestlog,doc_LName,No,,,,
surescript_requestlog,doc_MName,No,,,,
surescript_requestlog,doc_suffix,No,,,,
surescript_requestlog,docA_FName,No,,,,
surescript_requestlog,doc_Primaryphone,Yes,MASK,PHONE_NUMBER,,
surescript_requestlog,doc_Pagerno,Yes,MASK,doc_Pagerno,,
surescript_requestlog,doc_Mobilephone,Yes,MASK,PHONE_NUMBER,,
surescript_requestlog,ZipCode,Yes,ZIP_CODE,,,
surescript_requestlog,Patient_CellPhone,Yes,MASK,PHONE_NUMBER,,
surescript_requestlog,DoctorID,No,,,,
surescript_requestlog,SPI,No,,,,
surescript_requestlog,StateLicenseNumber,No,,,,
surescript_requestlog,doc_ssn,Yes,MASK,SSN,,
surescript_requestlog,Patient_LName,Yes,MASK,PATIENT_NAME,,
surescript_requestlog,Patient_MName,Yes,MASK,PATIENT_NAME,,
surescript_requestlog,DateOfBirth,Yes,PATIENT_DOB,,,
surescript_requestlog,Sex,No,,,,
surescript_requestlog,Ssn,Yes,MASK,SSN,,
surescript_requestlog,AddressLine1,Yes,MASK,PO_BOX_STREET,,
surescript_requestlog,AddressLine2,Yes,MASK,PO_BOX_STREET,,
surescript_requestlog,City,Yes,MASK,PO_BOX_STREET,,
surescript_requestlog,State,No,,,,
surescript_requestlog,Patient_FName,Yes,MASK,PATIENT_NAME,,
surescript_requestlog,RefillNo,No,,,,
surescript_requestlog,RefillResponse,No,,,,
surescript_requestlog,Refills,No,,,,
surescript_requestlog,Take,No,,,,
surescript_requestlog,Quantity,No,,,,
surescript_requestlog,duration,No,,,,
surescript_requestlog,Frequency,No,,,,
surescript_requestlog,DrugDBCodeQualifier,No,,,,
surescript_requestlog,requestedPatientId,Yes,PATIENT_ID,,,
surescript_requestlog,isPatientManualMatched,No,,,,
surescript_requestlog,stoprxflag,No,,,,
surescript_requestlog,StatusCode,No,,,,
surescript_requestlog,followuprequest,No,,,,
surescript_requestlog,MD_EffectiveDate,Yes,DATE_OFFSET,,,
surescript_requestlog,EffectiveDate,Yes,DATE_OFFSET,,,
surescript_requestlog,TxMode,No,,,,
surescript_requestlog,isRequestSave,No,,,,
surescript_requestlog,MD_DEASchedule,No,,,,
surescript_requestlog,DEASchedule,No,,,,
surescript_requestlog,isTextMsgSent,No,,,,
surescript_requestlog,assigntoId,No,,,,
surescript_requestlog,isVoiceMsgSent,No,,,,
surescript_requestlog,MD_WrittenDate,Yes,DATE_OFFSET,,,
surescript_requestlog,MD_CodeListQualifier,No,,,,
surescript_requestlog,CodeListQualifier,No,,,,
surescript_requestlog,MD_LastFillDate,Yes,DATE_OFFSET,,,
surescript_requestlog,MD_Comments,Yes,NOTES,,,
surescript_requestlog,MD_SubsMedAllowed,No,,,,
surescript_requestlog,MD_RefillsQualifier,No,,,,
surescript_requestlog,MD_Refills,No,,,,
surescript_requestlog,MD_Take,No,,,,
surescript_requestlog,MD_Quantity,No,,,,
surescript_requestlog,doc_Zipcode,Yes,ZIP_CODE,,,
surescript_requestlog,doc_State,No,,,,
surescript_requestlog,doc_City,Yes,MASK,PO_BOX_STREET,,
surescript_requestlog,doc_AddressLine2,Yes,MASK,PO_BOX_STREET,,
surescript_requestlog,doc_AddressLine1,Yes,MASK,PO_BOX_STREET,,
surescript_requestlog,SpecialityCode,No,,,,
surescript_requestlog,Speciality,No,,,,
surescript_requestlog,docA_LName,No,,,,
surescript_requestlog,MD_ProductCode,No,,,,
surescript_requestlog,MD_DrugDescription,No,,,,
surescript_requestlog,RxOrderNo,No,,,,
surescript_requestlog,IpAddress,Yes,MASK,IpAddress,,
surescript_requestlog,SentById,No,,,,
surescript_requestlog,AddressedBy,No,,,,
surescript_requestlog,Addressed,No,,,,
surescript_requestlog,RouteSource,No,,,,
surescript_requestlog,RxhubId,No,,,,
surescript_requestlog,SentBy,No,,,,
surescript_requestlog,ScriptVersion,No,,,,
surescript_requestlog,bVerified,No,,,,
surescript_requestlog,bAsynMsgPostedToDoc,No,,,,
surescript_requestlog,RefillsQualifier,No,,,,
surescript_requestlog,XMLResponseData,Yes,NOTES,,,
surescript_requestlog,XMLData,Yes,NOTES,,,
surescript_requestlog,QuantityQualifier,No,,,,
surescript_requestlog,DenialReason,No,,,,
surescript_requestlog,LastFillDate,Yes,DATE_OFFSET,,,
surescript_requestlog,WrittenDate,Yes,DATE_OFFSET,,,
surescript_requestlog,Comments,Yes,NOTES,,,
surescript_requestlog,SubsMedAllowed,No,,,,
surescript_requestlog,RefillNotes,No,,,,
surescript_requestlog,PatientID,Yes,PATIENT_ID,,,
surescript_requestlog,EncounterID,Yes,ENCOUNTER_ID,,,
surescript_requestlog,bPostedToDoc,No,,,,
surescript_requestlog,LastAttemptTimeStamp,Yes,DATE_OFFSET,,,
surescript_requestlog,AttemptNo,No,,,,
surescript_requestlog,MD_DrugDBCodeQualifier,No,,,,
surescript_requestlog,MD_DrugDBCode,No,,,,
surescript_requestlog,MD_duration,No,,,,
surescript_requestlog,MD_QuantityQualifier,No,,,,
surescript_requestlog,MD_StrengthUnits,No,,,,
surescript_requestlog,MD_Strength,No,,,,
surescript_requestlog,MD_ProductCodeQualifier,No,,,,
surescript_requestlog,MD_DosageForm,No,,,,
updaterxndclog,viewtype,No,,,,
updaterxndclog,itemid,No,,,,
updaterxndclog,formulation,No,,,,
updaterxndclog,faxfailid,No,,,,
updaterxndclog,uniqueid,No,,,,
updaterxndclog,drugname,No,,,,
updaterxndclog,newndc,No,,,,
updaterxndclog,oldndc,No,,,,
updaterxndclog,Strength,No,,,,
updaterxndclog,corrected_formulation,No,,,,
updaterxndclog,UpdatedBy,No,,,,
updaterxndclog,encounterId,Yes,ENCOUNTER_ID,,,
updaterxndclog,revertflag,No,,,,
updaterxndclog,updated,No,,,,
updaterxndclog,id,No,,,,
updaterxndclog,oldrxid,No,,,,
updaterxndclog,corrected_strength,No,,,,
viewpatientallergylogs,id,No,,,,
viewpatientallergylogs,patientid,Yes,PATIENT_ID,,,
viewpatientallergylogs,viewdate,Yes,DATE_OFFSET,,,
viewpatientallergylogs,userid,No,,,,
viewpatientallergylogs,encounterid,No,ENCOUNTER_ID,,,
viewpatientallergylogs,data,Yes,NOTES,,,
viewpatientallergylogs,user_name,No,,,,
viewpatientallergylogs,viewtime,No,,,,
visitsummarylog,ccddata,No,,,,
visitsummarylog,correlation_id,No,,,,
visitsummarylog,id,No,,,,
visitsummarylog,requestDate,Yes,DATE_OFFSET,,,
visitsummarylog,uid,Yes,PATIENT_ID,,,
visitsummarylog,loggedfrom,No,,,,
visitsummarylog,status,No,,,,
visitsummarylog,vsdata,Yes,NOTES,,,
visitsummarylog,requestedBy,No,,,,
visitsummarylog,encId,Yes,ENCOUNTER_ID,,,
apptblocklog,Id,No,,,,
apptblocklog,actiontype,No,,,,
apptblocklog,blockid,No,,,,
apptblocklog,logdetails,Yes,NOTES,,,
apptblocklog,modifiedcolumns,No,,,,
apptblocklog,modifyby,No,,,,
apptblocklog,modifydate,Yes,STATIC_OFFSET,,,
apptblocklog,modifytime,No,,,,
apptblocklog,timezone,No,,,,
documentlog,ipAddress,No,,,,
documentlog,logData,No,,,,
documentlog,notes,No,,,,
documentlog,timestamp,No,,,,
problemlistnoteslog,specify,Yes,NOTES,,,
visittyperules,BlockDesc,No,,,,
visittyperules,EndTime,No,,,,
visittyperules,Id,No,,,,
visittyperules,SetId,No,,,,
visittyperules,StartTime,No,,,,
visittyperules,TotalVisits,No,,,,
visittyperules,VisitTypeDesc,No,,,,
visittyperules,VisitTypeId,No,,,,
visittyperules,ruleblocks_id,No,,,,
visittyperules,rulesetgroupid,No,,,,
visittyperules,visitSubTypeId,No,,,,
ecwstructitems_loincmapping,id,No,,,,
ecwstructitems_loincmapping,communityid,No,,,,
ecwstructitems_loincmapping,description,No,,,,
ecwstructitems_loincmapping,loinccode,No,,,,
ecwstructitems_loincmapping,uom,No,,,,
ecwstructitems_loincmapping,loinctype,No,,,,
ecwstructoptions_loincmapping,id,No,,,,
ecwstructoptions_loincmapping,communityid,No,,,,
ecwstructoptions_loincmapping,description,No,,,,
ecwstructoptions_loincmapping,loinccode,No,,,,
ecwstructoptions_loincmapping,uom,No,,,,
ecwstructoptions_loincmapping,loinctype,No,,,,
ecwstructquestion_loincmapping,id,No,,,,
ecwstructquestion_loincmapping,communityid,No,,,,
ecwstructquestion_loincmapping,description,No,,,,
ecwstructquestion_loincmapping,loinccode,No,,,,
ecwstructquestion_loincmapping,uom,No,,,,
ecwstructquestion_loincmapping,loinctype,No,,,,
claim_smartleftpanelicons,id,No,,,,
claim_smartleftpanelicons,iconname,No,,,,
cqm_measure_trees,id,No,,,,
cqm_measure_trees,jsonTree,No,,,,
cqm_measure_trees,formula,No,,,,
cqm_measure_trees,treeName,No,,,,
cqm_measure_trees,treeDescription,No,,,,
cqm_measure_trees,recommendations,No,,,,
cqm_measure_trees,tags,No,,,,
cqm_measure_trees,userId,No,,,,
cqm_measure_trees,dateModified,Yes,STATIC_OFFSET,,,
cqm_measure_trees,deleteflag,No,,,,
electronichl7content_status,statusId,No,,,,
p_dsi,id,No,,,,
p_dsi,pdsi,No,,,,
p_dsi,deleteFlag,No,,,,
p_dsi_data_elements,Id,No,,,,
p_dsi_data_elements,dataElementName,No,,,,
p_dsi_data_elements,delFlag,No,,,,
p_dsi_source_attributes,Id,No,,,,
p_dsi_source_attributes,sourceAttributeName,No,,,,
p_dsi_source_attributes,delFlag,No,,,,
wv_code_itemid_mapping,itemId,No,,,,
wv_code_itemid_mapping,cptCodeId,No,,,,
sunoh_assessment_medical_terms,ID,No,,,,
sunoh_assessment_medical_terms,diagnosis,No,,,,
sunoh_assessment_medical_terms,icdname,No,,,,
sunoh_assessment_medical_terms,createddate,Yes,STATIC_OFFSET,,,
sunoh_assessment_medical_terms,deleteflag,No,,,,
report_writer_form_type,id,No,,,,
p_dsi_source_attribute_details,Id,No,,,,
p_dsi_source_attribute_details,pdsiId,No,,,,
p_dsi_source_attribute_details,sourceAttributeId,No,,,,
p_dsi_source_attribute_details,section,No,,,,
p_dsi_source_attribute_details,category,No,,,,
p_dsi_source_attribute_details,dataElement,No,,,,
p_dsi_source_attribute_details,response,No,,,,
p_dsi_source_attribute_details,delFlag,No,,,,
p_dsi_source_attribute_details,dataElementId,No,,,,
visitcodes,CodeId,No,,,,
visitcodes,Name,No,,,,
visitcodes,Description,No,,,,
visitcodes,ChartTitle,No,,,,
visitcodes,color,No,,,,
visitcodes,phyFlag,No,,,,
visitcodes,visitType,No,,,,
visitcodes,obGyn,No,,,,
visitcodes,PhysicalTherapy,No,,,,
visitcodes,ReqClaim,No,,,,
visitcodes,ReqCopay,No,,,,
visitcodes,pregVisit,No,,,,
visitcodes,Active,No,,,,
visitcodes,ProgDisplay,No,,,,
visitcodes,OrthoVisit,No,,,,
visitcodes,VisionVisit,No,,,,
visitcodes,webVisit,No,,,,
visitcodes,DentalVisit,No,,,,
visitcodes,CarePlanVisit,No,,,,
visitcodes,segVisit,No,,,,
visitcodes,vmsgspanishtext,No,,,,
visitcodes,txtspanishtext,No,,,,
visitcodes,vmsgtemplatetext,No,,,,
visitcodes,txttemplatetext,No,,,,
visitcodes,MUExclude,No,,,,
visitcodes,apptMachineEnglish,No,,,,
visitcodes,apptMachineSpanish,No,,,,
visitcodes,exclude,No,,,,
visitcodes,NuclearTestVisit,No,,,,
visitcodes,CareMgmtVisit,No,,,,
visitcodes,AllowCurRxReconcilationVisit,No,,,,
visitcodes,CCMRVisit,No,,,,
visitcodes,nsexclude,No,,,,
visitcodes,ReferralVisit,No,,,,
visitcodes,telemedVisit,No,,,,
visitcodes,PhysicalTherapyVisit,No,,,,
visitcodes,DermVisit,No,,,,
visitcodes,allergyskintestvisit,No,,,,
visitcodes,occHealthVisit,No,,,,
visitcodes,enablecollectubclaimdata,No,,,,
visitcodes,TCMVisit,No,,,,
visitcodes,insplantype,No,,,,
visitcodes,ccmrGroupMaxCapacity,No,,,,
visitcodes,VascularVisit,No,,,,
visitcodes,rpmVisit,No,,,,
visitcodes,wellChildVisit,No,,,,
visitcodes,rheumatologyVisit,No,,,,
visitcodes,warfarinFlowsheetVisit,No,,,,
visitcodes,dynamicForm,No,,,,
visitstatuscodemappings,mapId,No,,,,
visitstatuscodemappings,visitstatusId,No,,,,
visitstatuscodemappings,visitcodeId,No,,,,
visitstatuscodemappings,mappedBy,No,,,,
visitstatuscodemappings,mappedDateTime,Yes,STATIC_OFFSET,,,
visitstatuscodemappings,modifiedBy,No,,,,
visitstatuscodemappings,modifiedDateTime,Yes,STATIC_OFFSET,,,
visitstatuscodemappings,delflag,No,,,,
visitsummary,Name,No,,,,
visitsummary,optionId,No,,,,
