TABLE_NAME,COLUMN_NAME,IS_PHI,DE_IDENTIFICATION_RULE,MASK_VALUE,REFERENCE_PATIENT_ID,REFERENCE_ENCOUNTER_ID
additionalnotes_logs,notesId,No,,,,
additionalnotes_logs,modifiedBy,No,,,,
additionalnotes_logs,modifiedOn,Yes,STATIC_OFFSET,,,
additionalnotes_logs,actionTaken,No,,,,
additionalnotes_logs,notes,Yes,NOTES,,,
additionalnotes_logs,subjectData,Yes,NOTES,,,
additionalnotes_logs,isCompleted,No,,,,
additionalnotes_logs,moduleName,No,,,,
additionalnotes_logs,assignedTo,No,,,,
additionalnotes_logs,tagIds,No,,,,
adjustmentposting,Id,No,,,,
adjustmentposting,AdjustmentId,No,,,,
adjustmentposting,InvId,No,,,,
adjustmentposting,LineItemId,No,,,,
adjustmentposting,amount,Yes,MASK,COLUMN_NAME,,
adjustmentposting,DeleteFlag,No,,,,
adjustmentposting,AddedBy,No,,,,
adjustmentposting,AddedTime,Yes,STATIC_OFFSET,,,
adjustmentposting,UpdatedBy,No,,,,
adjustmentposting,UpdatedTime,Yes,STATIC_OFFSET,,,
adjustmentposting,closingId,No,,,,
adjustmentposting,discountType,No,,,,
ages_seen,id,No,,,,
ages_seen,doctorID,No,,,,
ages_seen,fromAge,No,,,,
ages_seen,toAge,No,,,,
ages_seen,unit,No,,,,
ages_seen,fromMonth,No,,,,
ages_seen,toMonth,No,,,,
batchfaxing,id,No,,,,
batchfaxing,encounterid,Yes,ENCOUNTER_ID,,,
batchfaxing,encounterdate,Yes,DATE_OFFSET,,,
batchfaxing,processeddate,Yes,DATE_OFFSET,,,
batchfaxing,deleted,No,,,,
batchfaxing,faxLogIds,No,,,,
batchfaxing,ruleId,No,,,,
batchfaxing,description,Yes,NOTES,,,
batchfaxing,faxes,No,,,,
billinglogs,Id,No,,,,
billinglogs,EntityType,No,,,,
billinglogs,EntityId,Yes,PATIENT_ID,,,
billinglogs,LogType,No,,,,
billinglogs,action,No,,,,
billinglogs,LogCategory,No,,,,
billinglogs,LogNotes,Yes,NOTES,,,
billinglogs,logDate,Yes,DATE_OFFSET,,,
billinglogs,LogTime,No,,,,
billinglogs,UserId,Yes,PATIENT_ID,,,
billinglogs,UserName,Yes,MASK,COLUMN_NAME,,
billinglogs,InterfaceUniqueId,No,,,,
billinglogs,InterfaceReceived,No,,,,
billinglogs,RedirectURL,Yes,MASK,COLUMN_NAME,,
carryforwardlogs,id,No,,,,
carryforwardlogs,encounterId,Yes,ENCOUNTER_ID,,,
carryforwardlogs,tableName,No,,,,
carryforwardlogs,logData,Yes,NOTES,,,
carryforwardlogs,createdTimestamp,Yes,DATE_OFFSET,,,
ccda_code_translation_log,ccda_code_translation_log_id,No,,,,
ccda_code_translation_log,correlation_id,No,,,,
ccda_code_translation_log,translation_type,No,,,,
ccda_code_translation_log,status,No,,,,
ccda_code_translation_log,requested_at,Yes,STATIC_OFFSET,,,
ccda_code_translation_log,finished_at,Yes,STATIC_OFFSET,,,
ccda_code_translation_log,error_message,Yes,NOTES,,,
claimviewhistory,id,No,,,,
claimviewhistory,claimId,No,,,,
claimviewhistory,createdDatetime,Yes,STATIC_OFFSET,,,
edi_batchqueue,QueueId,No,,,,
edi_batchqueue,Parameter,Yes,NOTES,,,
edi_batchqueue,ProcessStatus,No,,,,
edi_batchqueue,Result,No,,,,
edi_batchqueue,JobResult,Yes,NOTES,,,
edi_batchqueue,Notes,No,,,,
edi_batchqueue,DeleteFlag,No,,,,
edi_batchqueue,threadstarttime,Yes,STATIC_OFFSET,,,
edi_batchqueue,threadaliveupdate,Yes,STATIC_OFFSET,,,
edi_claimorlinelevel_cascodes,Id,No,,,,
edi_claimorlinelevel_cascodes,DetailId,No,,,,
edi_claimorlinelevel_cascodes,GroupCode,No,,,,
edi_claimorlinelevel_cascodes,ReasonCode,No,,,,
edi_claimorlinelevel_cascodes,Amount,Yes,MASK,COLUMN_NAME,,
edi_claimorlinelevel_cascodes,ClaimLevelCasCode,No,,,,
edi_claimorlinelevel_cascodes,deleteFlag,No,,,,
edi_claimorlinelevel_cascodes,PostedAs,No,,,,
edi_claimorlinelevel_eraremarkcodes,Id,No,,,,
edi_claimorlinelevel_eraremarkcodes,DetailId,No,,,,
edi_claimorlinelevel_eraremarkcodes,CodeType,No,,,,
edi_claimorlinelevel_eraremarkcodes,RemarkCode,No,,,,
edi_claimorlinelevel_eraremarkcodes,ClaimLevel,No,,,,
edi_claimorlinelevel_eraremarkcodes,deleteFlag,No,,,,
edi_eob_msgcode,Id,No,,,,
edi_eob_msgcode,paymentId,No,,,,
edi_eob_msgcode,eobId,No,,,,
edi_eob_msgcode,cascode,No,,,,
edi_eob_msgcode,cascode2,No,,,,
edi_eob_msgcode,cascode3,No,,,,
edi_eob_msgcode,cascode4,No,,,,
edi_eob_msgcode,cascode5,No,,,,
edi_eob_msgcode,cascode6,No,,,,
edi_eob_msgcode,numcode,No,,,,
edi_eob_msgcode,numcode2,No,,,,
edi_eob_msgcode,numcode3,No,,,,
edi_eob_msgcode,numcode4,No,,,,
edi_eob_msgcode,numcode5,No,,,,
edi_eob_msgcode,numcode6,No,,,,
edi_eob_msgcode,customcode,No,,,,
edi_eob_msgcode,customcode2,No,,,,
edi_globalmasterforera,Id,No,,,,
edi_globalmasterforera,GroupCode,No,,,,
edi_globalmasterforera,ReasonCode,No,,,,
edi_globalmasterforera,InsuranceSequence,No,,,,
edi_globalmasterforera,ApplyTo,No,,,,
edi_globalmasterforera,deleteFlag,No,,,,
edi_globalmasterforera,AllReasonCodes,No,,,,
edi_icdvalidity,itemId,No,,,,
edi_icdvalidity,valid,No,,,,
edi_inv_adjustments,Id,No,,,,
edi_inv_adjustments,InvId,No,,,,
edi_inv_adjustments,date,Yes,STATIC_OFFSET,,,
edi_inv_adjustments,code,No,,,,
edi_inv_adjustments,amount,Yes,MASK,COLUMN_NAME,,
edi_inv_adjustments,UserId,No,,,,
edi_inv_adjustments,modifiedDate,Yes,STATIC_OFFSET,,,
edi_inv_adjustments,CreatedBy,No,,,,
edi_inv_adjustments,closingId,No,,,,
edi_inv_adjustments,unpostedCPT,Yes,MASK,COLUMN_NAME,,
edi_inv_adjustments,UnpostedAmount,Yes,MASK,COLUMN_NAME,,
edi_inv_adjustments,adjlock,No,,,,
edi_inv_claimdata,InvId,No,,,,
edi_inv_claimdata,EmpRelated,No,,,,
edi_inv_claimdata,AccInd,No,,,,
edi_inv_claimdata,AccState,No,,,,
edi_inv_claimdata,SymInd,No,,,,
edi_inv_claimdata,SymDate,Yes,STATIC_OFFSET,,,
edi_inv_claimdata,ExtAccCause,No,,,,
edi_inv_claimdata,AccRespInd,No,,,,
edi_inv_claimdata,AccHour,No,,,,
edi_inv_claimdata,SimSymInd,No,,,,
edi_inv_claimdata,SimSymDate,Yes,STATIC_OFFSET,,,
edi_inv_claimdata,UnWorkFromDt,Yes,STATIC_OFFSET,,,
edi_inv_claimdata,UnWorkToDt,Yes,STATIC_OFFSET,,,
edi_inv_claimdata,RefProvId,No,,,,
edi_inv_claimdata,RefProvNPI,No,,,,
edi_inv_claimdata,RefProvIdType,No,,,,
edi_inv_claimdata,AdmDate,Yes,STATIC_OFFSET,,,
edi_inv_claimdata,DisDate,Yes,STATIC_OFFSET,,,
edi_inv_claimdata,LabInd,No,,,,
edi_inv_claimdata,LabCharges,Yes,MASK,COLUMN_NAME,,
edi_inv_claimdata,DocInd,No,,,,
edi_inv_claimdata,RelInfoInd,No,,,,
edi_inv_claimdata,RelInfoDate,Yes,STATIC_OFFSET,,,
edi_inv_claimdata,DateLastSeen,Yes,STATIC_OFFSET,,,
edi_inv_claimdata,initialTrmtDate,Yes,STATIC_OFFSET,,,
edi_inv_claimdata,PtWeight,No,,,,
edi_inv_claimdata,AmbTnsCode,No,,,,
edi_inv_claimdata,AmbTnsReasonCode,No,,,,
edi_inv_claimdata,AmbTnsDistance,No,,,,
edi_inv_claimdata,RoundTripPurposeDescription,Yes,MASK,,,
edi_inv_claimdata,StretcherPurposeDescription,Yes,MASK,,,
edi_inv_claimdata,AmbCondCode,No,,,,
edi_inv_claimdata,AmbCondId1,No,,,,
edi_inv_claimdata,AmbCondId2,No,,,,
edi_inv_claimdata,AmbCondId3,No,,,,
edi_inv_claimdata,AmbCondId4,No,,,,
edi_inv_claimdata,AmbCondId5,No,,,,
edi_inv_claimdata,HomeBoundCondCode,No,,,,
edi_inv_claimdata,HomeBoundCondId1,No,,,,
edi_inv_claimdata,ideNumber,No,,,,
edi_inv_claimdata,SplPgmId,No,,,,
edi_inv_claimdata,EPSDTReferral,No,,,,
edi_inv_claimdata,EPSDTRefSts,No,,,,
edi_inv_claimdata,AdjustVoidClaimCode,No,,,,
edi_inv_claimdata,DXCode,No,,,,
edi_inv_claimdata,CrimeRelated,No,,,,
edi_inv_claimdata,DocIdType,No,,,,
edi_inv_claimdata,DocSentDate,Yes,STATIC_OFFSET,,,
edi_inv_claimdata,OrgRefProvNPI,No,,,,
edi_inv_claimdata,OrgRefProvIdType,No,,,,
edi_inv_claimdata,PWK06,No,,,,
edi_inv_claimdata,ConditionCode,No,,,,
edi_inv_claimdata,YesOrNoResponseCode,No,,,,
edi_inv_claimdata,PregIndctor,No,,,,
edi_inv_claimdata,AcuteManifestationDate,Yes,STATIC_OFFSET,,,
edi_inv_claimdata,ConditionInformationCode,No,,,,
edi_inv_claimdata,LastXrayDate,Yes,STATIC_OFFSET,,,
edi_inv_claimdata,HearingVisionPrescriptionDt,Yes,STATIC_OFFSET,,,
edi_inv_claimdata,LastWorkedDate,Yes,STATIC_OFFSET,,,
edi_inv_claimdata,AuthReturnToworkDt,Yes,STATIC_OFFSET,,,
edi_inv_claimdata,RelinquishedCareDt,Yes,STATIC_OFFSET,,,
edi_inv_claimdata,PropCasualityFirstDt,Yes,STATIC_OFFSET,,,
edi_inv_claimdata,RepricerReceivedDt,Yes,STATIC_OFFSET,,,
edi_inv_claimdata,AssumedCareDate,Yes,STATIC_OFFSET,,,
edi_inv_claimdata,InvestigationalExemptionNo,No,,,,
edi_inv_claimdata,claimIdForTrans,No,,,,
edi_inv_claimdata,demonstrationprojectid,No,,,,
edi_inv_claimdata,careplanoversight,No,,,,
edi_inv_claimdata,isInpatient,No,,,,
edi_inv_claimdata,isFacility,No,,,,
edi_inv_claimheader,InvId,No,,,,
edi_inv_claimheader,ResType,No,,,,
edi_inv_claimheader,StudentStatus,No,,,,
edi_inv_claimheader,EmpStatus,No,,,,
edi_inv_claimheader,PlanType,No,,,,
edi_inv_claimheader,ClaimType,No,,,,
edi_inv_claimheader,FacilityIdIns,No,,,,
edi_inv_claimheader,FacilityIdInsType,No,,,,
edi_inv_claimheader,Resubmittal,No,,,,
edi_inv_claimheader,ResubmitRefNo,No,,,,
edi_inv_claimheader,HCFA19,Yes,NOTES,,,
edi_inv_claimheader,PrAssignInd,No,,,,
edi_inv_claimheader,HealthyKidsService,No,,,,
edi_inv_claimheader,FamilyPlanning,No,,,,
edi_inv_claimheader,SterlizationAbortion,No,,,,
edi_inv_claimheader,HCFA10d,Yes,NOTES,,,
edi_inv_claimheader,DelayReason,No,,,,
edi_inv_claimheader,ResubmissionCode,No,,,,
edi_inv_claimheader,TransControlNo,No,,,,
edi_inv_claimheader,EPSDT,No,,,,
edi_inv_claimheader,PossDisability,No,,,,
edi_inv_claimheader,SterilizationAbortionCode,No,,,,
edi_inv_claimheader,StatusCode,No,,,,
edi_inv_claimheader,PaySrcCode,No,,,,
edi_inv_claimheader,EmergencyRel,No,,,,
edi_inv_claimheader,ClaimNote,Yes,NOTES,,,
edi_inv_claimheader,LocatorCd,No,,,,
edi_inv_claimheader,PrescriptionNumber,No,,,,
edi_inv_claimheader,isInvoiced,No,,,,
edi_inv_claimstatus_log,Id,No,,,,
edi_inv_claimstatus_log,InvId,No,,,,
edi_inv_claimstatus_log,FromStatus,No,,,,
edi_inv_claimstatus_log,ToStatus,No,,,,
edi_inv_claimstatus_log,TrUserId,No,,,,
edi_inv_claimstatus_log,date,Yes,STATIC_OFFSET,,,
edi_inv_claimstatus_log,time,Yes,STATIC_OFFSET,,,
edi_inv_deleted_adj,Id,No,,,,
edi_inv_deleted_adj,RefId,No,,,,
edi_inv_deleted_adj,InvId,No,,,,
edi_inv_deleted_adj,Code,No,,,,
edi_inv_deleted_adj,Amount,Yes,MASK,COLUMN_NAME,,
edi_inv_deleted_adj,UserId,No,,,,
edi_inv_deleted_adj,modifiedDate,Yes,STATIC_OFFSET,,,
edi_inv_eob,Id,No,,,,
edi_inv_eob,PaymentDetailId,No,,,,
edi_inv_eob,InvCptId,No,,,,
edi_inv_eob,Allowed,Yes,MASK,COLUMN_NAME,,
edi_inv_eob,deduct,Yes,MASK,COLUMN_NAME,,
edi_inv_eob,coins,Yes,MASK,COLUMN_NAME,,
edi_inv_eob,MemResp,Yes,MASK,COLUMN_NAME,,
edi_inv_eob,Paid,Yes,MASK,COLUMN_NAME,,
edi_inv_eob,Adjustment,Yes,MASK,COLUMN_NAME,,
edi_inv_eob,WithHeld,Yes,MASK,COLUMN_NAME,,
edi_inv_eob,MsgCode,No,,,,
edi_inv_eob,eraAdjustment,Yes,MASK,COLUMN_NAME,,
edi_inv_eob,closingId,No,,,,
edi_inv_eob,lineTaxAmt,Yes,MASK,COLUMN_NAME,,
edi_inv_eob,CalculatedAdjustment,Yes,MASK,COLUMN_NAME,,
edi_inv_eob,createdBy,No,,,,
edi_inv_eob,createdDateTime,Yes,STATIC_OFFSET,,,
edi_inv_eob,modifiedBy,No,,,,
edi_inv_eob,modifiedDateTime,Yes,STATIC_OFFSET,,,
edi_inv_eob,timestamp,Yes,STATIC_OFFSET,,,
edi_inv_eob,RecreatedFlag,No,,,,
edi_inv_insurance,Id,No,,,,
edi_inv_insurance,InvoiceId,No,,,,
edi_inv_insurance,SeqNo,No,,,,
edi_inv_insurance,PayorId,?,,,,
edi_inv_insurance,InsId,No,,,,
edi_inv_insurance,groupNo,No,,,,
edi_inv_insurance,subscriberNo,No,,,,
edi_inv_insurance,InsType,No,,,,
edi_inv_insurance,FileStatus,No,,,,
edi_inv_insurance,InsOrder,No,,,,
edi_inv_insurance,ClaimIndicator,No,,,,
edi_inv_insurance,PaymentSource,No,,,,
edi_inv_insurance,PayerClaimOfficeNo,No,,,,
edi_inv_insurance,PPOIndex,No,,,,
edi_inv_insurance,PPOId,No,,,,
edi_inv_insurance,PtSigSource,No,,,,
edi_inv_insurance,groupName,No,,,,
edi_inv_insurance,AssignBenefits,No,,,,
edi_inv_insurance,GrId,Yes,MASK,GrId,,
edi_inv_insurance,GrRel,No,,,,
edi_inv_insurance,IsGrPt,No,,,,
edi_inv_insurance,deleteFlag,No,,,,
edi_inv_insurance,displayIndex,No,,,,
edi_inv_insurance,SuppInsInd,No,,,,
edi_inv_insurance,MedicaidId,No,,,,
edi_inv_insurance,patSubscriberNo,No,,,,
edi_inv_insurance,KenPAC,No,,,,
edi_inv_insurance,InsuranceClass,No,,,,
edi_inv_insurance,ReferralNumber,No,,,,
edi_inv_insurance,ServAuthExCode,No,,,,
edi_inv_insurance,OrgClaimIndicator,No,,,,
edi_inv_insurance,InsTypeOrg,No,,,,
edi_inv_insurance,InsTypeTransitionStage,No,,,,
edi_inv_insurance,SubscriberSecondaryInvRef,No,,,,
edi_inv_insurance,SubscriberSecondaryInvRefQualifier,No,,,,
edi_inv_insurance,InsuredAltLName,Yes,MASK,PATIENT_NAME,,
edi_inv_insurance,InsuredAltFName,Yes,MASK,PATIENT_NAME,,
edi_inv_insurance,InsuredAltMiddleInitial,Yes,MASK,PATIENT_NAME,,
edi_inv_insurance,SubscriberSecondaryIdentifier,Yes,NOTES,,,
edi_inv_insurance,SubscriberIdentificationQualifier,No,,,,
edi_inv_insurance,PatientAltLName,Yes,MASK,PATIENT_NAME,,
edi_inv_insurance,PatientAltFName,Yes,MASK,PATIENT_NAME,,
edi_inv_insurance,PatientAltMiddleInitial,Yes,MASK,PATIENT_NAME,,
edi_inv_insurance,SecondaryInsuranceTransitionDelete,No,,,,
edi_inv_insurance,EAFAmt,Yes,MASK,Amount,,
edi_inv_insurance,PropertyCasualtyClaimNumber,Yes,MASK,PropertyCasualtyClaimNumber,,
edi_inv_insurance,cobamt_totalnoncovered,No,,,,
edi_inv_insurance,casualtycontactname,Yes,MASK,casualtycontactname,,
edi_inv_insurance,casualtyphoneno,Yes,MASK,casualtyphoneno,,
edi_inv_insurance,casualtyextn,No,,,,
edi_inveob_cas,InvEobCASId,No,,,,
edi_inveob_cas,InvEobId,No,,,,
edi_inveob_cas,GroupCode,No,,,,
edi_inveob_cas,ReasonCode,No,,,,
edi_inveob_cas,amount,Yes,MASK,COLUMN_NAME,,
edi_inveob_cas,deleteFlag,No,,,,
edi_inveob_cas,CreatedBy,No,,,,
edi_inveob_cas,CreatedDate,Yes,STATIC_OFFSET,,,
edi_inveob_cas,CreatedTime,No,,,,
edi_inveob_cas,ModifiedBy,No,,,,
edi_inveob_cas,MOdifiedDate,Yes,STATIC_OFFSET,,,
edi_inveob_cas,ModifiedTime,No,,,,
edi_inveob_cas,timestamp,Yes,STATIC_OFFSET,,,
edi_inveob_cas,IsERAPostedCASCode,No,,,,
edi_inveob_cas,PostedAs,No,,,,
edi_online_requests,Id,No,,,,
edi_online_requests,date,Yes,,,,
edi_online_requests,NSF,No,,,,
edi_online_requests,SubFlag,No,,,,
edi_online_requests,deleteFlag,No,,,,
edi_online_requests,vmid,No,,,,
edi_online_requests,Description,Yes,NOTES,,,
edi_online_requests,Amount,Yes,MASK,COLUMN_NAME,,
edi_online_requests,ReceiverID,No,,,,
edi_online_requests,NumClaims,No,,,,
edi_online_requests,BHT03,No,,,,
edi_online_requests,ST02,No,,,,
edi_online_requests,GS06,No,,,,
edi_online_requests,ISA15,No,,,,
edi_online_requests,ISA13,No,,,,
edi_online_requests,ISA08,No,,,,
edi_online_requests,ISA06,No,,,,
edi_online_requests,fileType,No,,,,
edi_online_requests,updateFlag,No,,,,
edi_online_requests,TimeStamp,Yes,STATIC_OFFSET,,,
edi_online_requests,InsId,?,,,,
edi_online_requests,ProviderId,No,,,,
edi_online_requests,PatientId,Yes,PATIENT_ID,,,
edi_online_requests,EncId,Yes,ENCOUNTER_ID,,,
edi_online_requests,FacilityId,No,,,,
edi_online_requests,Response,Yes,NOTES,,,
edi_online_requests,Received,No,,,,
edi_online_requests,RemoteErr,No,,,,
edi_online_requests,LocalErr,No,,,,
edi_online_requests,Submitted,No,,,,
edi_online_requests,ErrorMessage,Yes,NOTES,,,
edi_online_requests,InsSeqNo,No,,,,
edi_online_requests,RespEligibilityStatus,No,,,,
edi_online_requests,InvoiceId,No,,,,
edi_online_requests,PCPMatchStatus,No,,,,
edi_online_requests,isManualVerified,No,,,,
edi_paymentbatch,Id,No,,,,
edi_paymentbatch,BatchName,No,,,,
edi_paymentbatch,batchDate,Yes,,,,
edi_paymentbatch,userId,No,,,,
edi_paymentbatch,createdDate,Yes,STATIC_OFFSET,,,
edi_paymentbatch,deleteflag,No,,,,
edi_paymentbatch,BatchStatus,No,,,,
edi_paymentbatch,BatchAmt,Yes,MASK,COLUMN_NAME,,
edi_paymentbatch,reconcileStatus,No,,,,
edi_paymentbatch,notes,?,,,,
edi_paymentbatch,depositStatus,No,,,,
edi_paymentbatch,depositedBy,No,,,,
edi_paymentbatch,amountOnHand,No,,,,
edi_paymentbatch,depositSlipId,No,,,,
edi_paymentbatch,facilityId,No,,,,
edi_paymentbatch,depositDate,Yes,STATIC_OFFSET,,,
edi_paymentbatch,deleteby,No,,,,
edi_paymentdetail,PmtDetailId,No,,,,
edi_paymentdetail,paymentId,No,,,,
edi_paymentdetail,encounterId,Yes,ENCOUNTER_ID,,,
edi_paymentdetail,invoiceId,No,,,,
edi_paymentdetail,adjustment,Yes,MASK,COLUMN_NAME,,
edi_paymentdetail,allowed,Yes,MASK,COLUMN_NAME,,
edi_paymentdetail,deduct,Yes,MASK,COLUMN_NAME,,
edi_paymentdetail,coins,Yes,MASK,COLUMN_NAME,,
edi_paymentdetail,memberBalance,Yes,MASK,COLUMN_NAME,,
edi_paymentdetail,paid,Yes,MASK,COLUMN_NAME,,
edi_paymentdetail,withheld,Yes,MASK,COLUMN_NAME,,
edi_paymentdetail,MsgCode,No,,,,
edi_paymentdetail,timestamp,Yes,DATE_OFFSET,,,
edi_paymentdetail,eraAdjustment,Yes,MASK,COLUMN_NAME,,
edi_paymentdetail,closingId,No,,,,
edi_paymentdetail,claimTaxAmt,Yes,MASK,COLUMN_NAME,,
edi_paymentdetail,CalculatedAdjustment,Yes,MASK,COLUMN_NAME,,
edi_paymentdetail,createdBy,No,,,,
edi_paymentdetail,createdDateTime,Yes,DATE_OFFSET,,,
edi_paymentdetail,modifiedBy,No,,,,
edi_paymentdetail,modifiedDateTime,Yes,DATE_OFFSET,,,
edi_paymentdetail,ClaimInsId,?,,,,
edi_paymentdetail,seqno,No,,,,
edi_paymentdetail,RecreatedFlag,No,,,,
edi_paymentdetail,ERACASPostedAsIs,No,,,,
edi_paymentdetail,ERAClaimStatusCLP02,No,,,,
edi_paymentdetail,hl7id,No,,,,
edi_paymentdetail,isreviewed,No,,,,
edi_paymentdetail,isexception,No,,,,
edi_paymentdetail,SubscriberSecondaryInvRef,No,,,,
edi_paymentdetail_del,PmtDetailId,No,,,,
edi_paymentdetail_del,paymentId,No,,,,
edi_paymentdetail_del,encounterId,Yes,ENCOUNTER_ID,,,
edi_paymentdetail_del,invoiceId,No,,,,
edi_paymentdetail_del,adjustment,Yes,MASK,COLUMN_NAME,,
edi_paymentdetail_del,allowed,Yes,MASK,COLUMN_NAME,,
edi_paymentdetail_del,deduct,Yes,MASK,COLUMN_NAME,,
edi_paymentdetail_del,coins,Yes,MASK,COLUMN_NAME,,
edi_paymentdetail_del,memberBalance,Yes,MASK,COLUMN_NAME,,
edi_paymentdetail_del,paid,Yes,MASK,COLUMN_NAME,,
edi_paymentdetail_del,withheld,Yes,MASK,COLUMN_NAME,,
edi_paymentdetail_del,MsgCode,No,,,,
edi_paymentdetail_del,timestamp,Yes,DATE_OFFSET,,,
edi_paymentdetail_del,eraAdjustment,Yes,MASK,COLUMN_NAME,,
edi_paymentdetail_del,closingId,No,,,,
edi_paymentdetail_del,claimTaxAmt,Yes,MASK,COLUMN_NAME,,
edi_paymentdetail_del,CalculatedAdjustment,Yes,MASK,COLUMN_NAME,,
edi_paymentdetail_del,ClaimInsId,?,,,,
edi_paymentdetail_del,seqno,No,,,,
edi_paymentdetail_del,RecreatedFlag,No,,,,
edi_paymentdetail_del,ERAClaimStatusCLP02,No,,,,
edi_paymentdetail_del,ERACASPostedAsIs,No,,,,
edi_paymentdetail_del,hl7id,No,,,,
edi_payors,Id,No,,,,
edi_payors,PayorID,No,,,,
edi_payors,Name,No,,,,
edi_pmd_msgcode,Id,No,,,,
edi_pmd_msgcode,paymentId,No,,,,
edi_pmd_msgcode,invoiceId,No,,,,
edi_pmd_msgcode,cascode,No,,,,
edi_pmd_msgcode,cascode2,No,,,,
edi_pmd_msgcode,cascode3,No,,,,
edi_pmd_msgcode,cascode4,No,,,,
edi_pmd_msgcode,cascode5,No,,,,
edi_pmd_msgcode,cascode6,No,,,,
edi_pmd_msgcode,numcode,No,,,,
edi_pmd_msgcode,numcode2,No,,,,
edi_pmd_msgcode,numcode3,No,,,,
edi_pmd_msgcode,numcode4,No,,,,
edi_pmd_msgcode,numcode5,No,,,,
edi_pmd_msgcode,numcode6,No,,,,
edi_pmd_msgcode,customcode,No,,,,
edi_pmd_msgcode,customcode2,No,,,,
edi_submissions,Id,No,,,,
edi_submissions,date,Yes,STATIC_OFFSET,,,
edi_submissions,NSF,No,,,,
edi_submissions,SubFlag,No,,,,
edi_submissions,deleteFlag,No,,,,
edi_submissions,vmid,Yes,MASK,COLUMN_NAME,,
edi_submissions,Description,Yes,NOTES,,,
edi_submissions,Amount,Yes,MASK,COLUMN_NAME,,
edi_submissions,ReceiverID,No,,,,
edi_submissions,NumClaims,No,,,,
edi_submissions,BHT03,No,,,,
edi_submissions,ST02,No,,,,
edi_submissions,GS06,No,,,,
edi_submissions,ISA15,No,,,,
edi_submissions,ISA13,No,,,,
edi_submissions,ISA08,No,,,,
edi_submissions,ISA06,No,,,,
edi_submissions,fileType,No,,,,
edi_submissions,updateFlag,No,,,,
edi_submissions,trackingno,No,,,,
edi_submissions,lognotes,No,,,,
edi_submissions,Tracknotes,No,,,,
edi_submissions,UploadStatus,No,,,,
edi_submissions_addldata,Id,No,,,,
edi_submissions_addldata,BatchCreatedBy,No,,,,
edi_submissions_addldata,ANSI5010,No,,,,
edi_submissions_addldata,practiceid,No,,,,
edi_submissions_addldata,ReceiverName,No,,,,
edi_submissions_addldata,BatchStatus,No,,,,
edi_submissions_addldata,PostedDate,No,,,,
edi_submissions_addldata,RetriedAttempts,No,,,,
edi_ub92,InvId,Yes,PATIENT_ID,,,
edi_ub92,BillTypeFacility,No,,,,
edi_ub92,BillTypeClassification,No,,,,
edi_ub92,BillTypeFrequency,No,,,,
edi_ub92,BillType,No,,,,
edi_ub92,AdmDate,Yes,DATE_OFFSET,,,
edi_ub92,AdmHr,No,,,,
edi_ub92,AdmType,No,,,,
edi_ub92,AdmSrc,No,,,,
edi_ub92,DischargeHr,No,,,,
edi_ub92,PatientStat,No,,,,
edi_ub92,ConditionCode1,No,,,,
edi_ub92,ConditionCode2,No,,,,
edi_ub92,ConditionCode3,No,,,,
edi_ub92,ConditionCode4,No,,,,
edi_ub92,ConditionCode5,No,,,,
edi_ub92,ConditionCode6,No,,,,
edi_ub92,ConditionCode7,No,,,,
edi_ub92,OccCode_1a,No,,,,
edi_ub92,OccDate_1a,Yes,DATE_OFFSET,,,
edi_ub92,OccCode_2a,No,,,,
edi_ub92,OccDate_2a,Yes,DATE_OFFSET,,,
edi_ub92,OccCode_3a,No,,,,
edi_ub92,OccDate_3a,Yes,DATE_OFFSET,,,
edi_ub92,OccCode_4a,No,,,,
edi_ub92,OccDate_4a,Yes,DATE_OFFSET,,,
edi_ub92,OccCode_1b,No,,,,
edi_ub92,OccDate_1b,Yes,DATE_OFFSET,,,
edi_ub92,OccCode_2b,No,,,,
edi_ub92,OccDate_2b,Yes,DATE_OFFSET,,,
edi_ub92,OccCode_3b,No,,,,
edi_ub92,OccDate_3b,Yes,DATE_OFFSET,,,
edi_ub92,OccCode_4b,No,DATE_OFFSET,,,
edi_ub92,OccDate_4b,Yes,DATE_OFFSET,,,
edi_ub92,OccSpanCode_a,No,,,,
edi_ub92,OccSpanFromDate_a,Yes,,,,
edi_ub92,OccSpanToDate_a,Yes,,,,
edi_ub92,OccSpanCode_b,No,,,,
edi_ub92,OccSpanFromDate_b,Yes,,,,
edi_ub92,OccSpanToDate_b,Yes,,,,
edi_ub92,fg37_a,No,,,,
edi_ub92,fg37_b,No,,,,
edi_ub92,fg37_c,No,,,,
edi_ub92,fg56_a,No,,,,
edi_ub92,StmtFromDate,Yes,,,,
edi_ub92,StmtToDate,Yes,,,,
edi_ub92,CovDays,No,,,,
edi_ub92,NonCovDays,No,,,,
edi_ub92,CoInsDays,No,,,,
edi_ub92,LRDays,No,,,,
edi_ub92,ValueCode_1a_Code,No,,,,
edi_ub92,ValueCode_1a_Amount,No,,,,
edi_ub92,ValueCode_2a_Code,No,,,,
edi_ub92,ValueCode_2a_Amount,No,,,,
edi_ub92,ValueCode_3a_Code,No,,,,
edi_ub92,ValueCode_3a_Amount,No,,,,
edi_ub92,ValueCode_3b_Amount,No,,,,
edi_ub92,ValueCode_3c_Amount,No,,,,
edi_ub92,ValueCode_3d_Amount,No,,,,
edi_ub92,ValueCode_2b_Amount,No,,,,
edi_ub92,ValueCode_2c_Amount,No,,,,
edi_ub92,ValueCode_2d_Amount,No,,,,
edi_ub92,ValueCode_1b_Amount,No,,,,
edi_ub92,ValueCode_1c_Amount,No,,,,
edi_ub92,ValueCode_1d_Amount,No,,,,
edi_ub92,ValueCode_1b_Code,No,,,,
edi_ub92,ValueCode_1c_Code,No,,,,
edi_ub92,ValueCode_1d_Code,No,,,,
edi_ub92,ValueCode_2d_Code,No,,,,
edi_ub92,ValueCode_2c_Code,No,,,,
edi_ub92,ValueCode_2b_Code,No,,,,
edi_ub92,ValueCode_3b_Code,No,,,,
edi_ub92,ValueCode_3c_Code,No,,,,
edi_ub92,ValueCode_3d_Code,No,,,,
edi_ub92,fg56_b,No,,,,
edi_ub92,fg56_c,No,,,,
edi_ub92,fg57,No,,,,
edi_ub92,fg2_a,No,,,,
edi_ub92,fg2_b,No,,,,
edi_ub92,fg11,No,,,,
edi_ub92,fg31,No,,,,
edi_ub92,TreatmentAuthCode_a,No,,,,
edi_ub92,TreatmentAuthCode_b,No,,,,
edi_ub92,TreatmentAuthCode_c,No,,,,
edi_ub92,EmpStatusCode_a,No,,,,
edi_ub92,EmpStatusCode_b,No,,,,
edi_ub92,EmpStatusCode_c,No,,,,
edi_ub92,AdmDiagCode,No,,,,
edi_ub92,ECode,No,,,,
edi_ub92,fg78,No,,,,
edi_ub92,PC,No,,,,
edi_ub92,PP_Code,No,,,,
edi_ub92,PP_Date,Yes,DATE_OFFSET,,,
edi_ub92,OP_Code_1,No,,,,
edi_ub92,OP_Code_2,No,,,,
edi_ub92,OP_Code_3,No,,,,
edi_ub92,OP_Code_4,No,,,,
edi_ub92,OP_Code_5,No,,,,
edi_ub92,OP_Date_5,Yes,,,,
edi_ub92,OP_Date_4,Yes,,,,
edi_ub92,OP_Date_3,Yes,,,,
edi_ub92,OP_Date_2,Yes,,,,
edi_ub92,OP_Date_1,Yes,,,,
edi_ub92,AttendingPhysicianID,No,,,,
edi_ub92,OPhysicianID_a,No,,,,
edi_ub92,OPhysicianID_b,No,,,,
edi_ub92,Remarks_a,No,,,,
edi_ub92,Remarks_b,No,,,,
edi_ub92,Remarks_c,No,,,,
edi_ub92,ProviderRep,No,,,,
edi_ub92,submissionDate,Yes,DATE_OFFSET,,,
edi_ub92,RespParty_a,No,,,,
edi_ub92,RespParty_b,No,,,,
edi_ub92,RespParty_c,No,,,,
edi_ub92,Remarks_a_icd,No,,,,
edi_ub92,Remarks_b_icd,No,,,,
edi_ub92,Remarks_c_icd,No,,,,
edi_ub92,fgCC_a_1,No,,,,
edi_ub92,fgCC_a_2,No,,,,
edi_ub92,fgCC_a_3,No,,,,
edi_ub92,fgCC_b_1,No,,,,
edi_ub92,fgCC_b_2,No,,,,
edi_ub92,fgCC_b_3,No,,,,
edi_ub92,fgCC_c_1,No,,,,
edi_ub92,fgCC_c_2,No,,,,
edi_ub92,fgCC_c_3,No,,,,
edi_ub92,fgCC_d_1,No,,,,
edi_ub92,fgCC_d_2,No,,,,
edi_ub92,fgCC_d_3,No,,,,
edi_ub92,AcdtState,No,,,,
edi_ub92,DrgCode,No,,,,
edi_ub92,OccSpanCode_c,No,,,,
edi_ub92,OccSpanFromDate_c,No,,,,
edi_ub92,OccSpanToDate_c,No,,,,
edi_ub92,OccSpanCode_d,No,,,,
edi_ub92,OccSpanFromDate_d,No,,,,
edi_ub92,OccSpanToDate_d,No,,,,
edi_ub92,ConditionCode8,No,,,,
edi_ub92,ConditionCode9,No,,,,
edi_ub92,ConditionCode10,No,,,,
edi_ub92,ConditionCode11,No,,,,
ediprintmap,Id,No,,,,
ediprintmap,InsId,No,,,,
ediprintmap,InsSeq,No,,,,
ediprintmap,ClaimType,No,,,,
ediprintmap,FieldName,No,,,,
ediprintmap,MappedValue,No,,,,
ediprintmap,ListIndex,No,,,,
ediprintmap,SeqNo,No,,,,
claim_assignedto_history,Id,No,,,,
claim_assignedto_history,ClaimNo,No,,,,
claim_assignedto_history,assignedById,No,,,,
claim_assignedto_history,assignedToId,No,,,,
claim_assignedto_history,assignedTo,No,,,,
claim_assignedto_history,Date,Yes,STATIC_OFFSET,,,
claim_assignedto_history,Time,No,,,,
claim_assignedto_history,startDate,Yes,STATIC_OFFSET,,,
claim_assignedto_history,status,No,,,,
claim_assignedto_history,DueDate,Yes,STATIC_OFFSET,,,
claim_assignedto_history,completedDt,Yes,STATIC_OFFSET,,,
claim_assignedto_history,priority,No,,,,
claim_assignedto_history,startTime,No,,,,
claim_assignedto_history,endTime,No,,,,
claim_assignedto_history,totalTime,No,,,,
claim_assignedto_history,queueId,No,,,,
claim_assignedto_history,isactive,No,,,,
claim_assignedto_historydetail,detailId,Yes,PATIENT_ID,,,
claim_assignedto_historydetail,ClmHistoryId,Yes,PATIENT_ID,,,
claim_assignedto_historydetail,actionId,No,,,,
claim_assignedto_historydetail,ModifiedDate,Yes,DATE_OFFSET,,,
claim_assignedto_historydetail,EnteredBy,No,,,,
claim_assignedto_historydetail,resultCodeId,No,,,,
claim_assignedto_historydetail,notetype,No,,,,
claim_assignedto_historydetail,fromAppeal,No,,,,
claim_transfer_history,Id,No,,,,
claim_transfer_history,ClaimNo,No,,,,
claim_transfer_history,BilledToId,Yes,PATIENT_ID,,,
claim_transfer_history,BilledToIdType,No,,,,
claim_transfer_history,Date,Yes,DATE_OFFSET,,,
claim_transfer_history,Time,Yes,DATE_OFFSET,,,
claim_transfer_history,UserId,No,,,,
claim_transfer_history,ModifiedDate,Yes,DATE_OFFSET,,,
claimlock_history,Id,No,,,,
claimlock_history,InvId,Yes,,,,
claimlock_history,ClaimLockStatus,No,,,,
claimlock_history,setBy,No,,,,
claimlock_history,ModifiedDateTime,Yes,DATE_OFFSET,,,
claimlock_history,lastlock,No,,,,
claimrefund,Id,No,,,,
claimrefund,RefundId,?,,,,
claimrefund,EncounterId,Yes,ENCOUNTER_ID,,,
claimrefund,ClaimNo,No,,,,
claimrefund,Amount,Yes,MASK,COLUMN_NAME,,
claimrefund,DeleteFlag,No,,,,
claimrefund,parentdelete,No,,,,
claimrefund,ClosingId,No,,,,
claimsuppressederrors,Id,No,,,,
claimsuppressederrors,TrUserId,No,,,,
claimsuppressederrors,ClaimNo,No,,,,
claimsuppressederrors,ErrDesc,Yes,NOTES,,,
claimsuppressederrors,deleteFlag,No,,,,
clearinghousereports,reportId,No,,,,
clearinghousereports,reportDnLoadDate,Yes,STATIC_OFFSET,,,
clearinghousereports,reportFileDate,Yes,STATIC_OFFSET,,,
clearinghousereports,reportFileName,No,,,,
clearinghousereports,parentZipFile,No,,,,
clearinghousereports,reportFilePath,No,,,,
clearinghousereports,delFlag,No,,,,
clearinghousereports,mode,No,,,,
clearinghousereports,messagetype,No,,,,
clearinghousereports,downloadtype,No,,,,
clearinghousereports,reviewedFlag,No,,,,
clearinghousereports,reviewedDate,Yes,STATIC_OFFSET,,,
clearinghousereports,reviewedTime,No,,,,
clearinghousereports,reviewedBy,No,,,,
clearinghousereports,comments,Yes,NOTES,,,
clearinghousereports,notes,Yes,NOTES,,,
ebo_claimlevel_cascodes,Id,No,,,,
ebo_claimlevel_cascodes,paymentId,No,,,,
ebo_claimlevel_cascodes,InvoiceId,No,,,,
ebo_claimlevel_cascodes,groupcode,No,,,,
ebo_claimlevel_cascodes,reasoncode,No,,,,
ebo_claimlevel_cascodes,ins_payments_date,No,,,,
insurance,insId,Yes,MASK,IsuranceID,,
insurance,insuranceName,Yes,MASK,insuranceName,,
insurance,insurancephone,No,,,,
insurance,insurancefax,No,,,,
insurance,insuranceemail,No,,,,
insurance,insuranceaddress,No,,,,
insurance,insuranceaddress2,No,,,,
insurance,insurancecity,No,,,,
insurance,insurancestate,No,,,,
insurance,insurancezip,No,,,,
insurance,PayorId,?,,,,
insurance,ERAPayorId,?,,,,
insurance,ClaimOfficeNumber,No,,,,
insurance,ClaimOfficeNumberType,No,,,,
insurance,MedigapID,No,,,,
insurance,carrierCode,No,,,,
insurance,ProviderIdRef,No,,,,
insurance,TestProdIndicator,No,,,,
insurance,ANSI,No,,,,
insurance,SendSVT,No,,,,
insurance,SendDecimalUnit,No,,,,
insurance,PaymentSrc,No,,,,
insurance,capitationplan,No,,,,
insurance,capitationpayment,Yes,MASK,Amount,,
insurance,deleteFlag,No,,,,
insurance,vmid,Yes,MASK,vmid,,
insurance,labcorpid,No,,,,
insurance,website,Yes,NOTES,,,
insurance,Send2310EAlways,No,,,,
insurance,ClaimSubmitType,No,,,,
insurance,Inactive,No,,,,
insurance,AllCodesCapitated,No,,,,
insurance,SelCodesCapitated,No,,,,
insurance,ReqOrdPrInfo,No,,,,
insurance,sendDupSubNoForPat,No,,,,
insurance,prodDateAsCheckDate,Yes,STATIC_OFFSET,,,
insurance,ReqUPINInEA021,No,,,,
insurance,hl7id1,No,,,,
insurance,hl7id2,No,,,,
insurance,InsTypeMedicare,No,,,,
insurance,InsTypeOthers,No,,,,
insurance,FeeSchedId,No,,,,
insurance,SecClaimsElectronic,No,,,,
insurance,PrAssignInd,No,,,,
insurance,Notes,Yes,NOTES,,,
insurance,Box31Format,No,,,,
insurance,Box17ProviderType,No,,,,
insurance,Box17ProviderIdType,No,,,,
insurance,Box17ProviderRuleEnabled,No,,,,
insurance,SendInsPinForSupr,No,,,,
insurance,insurancephone2,No,,,,
insurance,InsuranceType,No,,,,
insurance,ClaimType,No,,,,
insurance,Box31Line2Format,No,,,,
insurance,sendSubDemAlways,No,,,,
insurance,EnableReferralNumber,No,,,,
insurance,Box17ProviderIdTypeMap,No,,,,
insurance,DoNotPrintHcfa29,No,,,,
insurance,DoNotPrintHcfa30,No,,,,
insurance,McaidNYPlanCode,No,,,,
insurance,PrintHcfa22,No,,,,
insurance,EnableSympDate,Yes,STATIC_OFFSET,,,
insurance,EnableSimilarSympDate,Yes,STATIC_OFFSET,,,
insurance,SupressFacAddrForPOS11Enic,No,,,,
insurance,UseNpi,No,,,,
insurance,UseLegacy,No,,,,
insurance,UseGroupNoForEligibility,No,,,,
insurance,CalculateAllowed,No,,,,
insurance,x270payorId,?,,,,
insurance,SupressFacAddrForPOS11Paper,No,,,,
insurance,x270LegacyNPI,No,,,,
insurance,FirstLinePost,No,,,,
insurance,HCFA_Box19,No,,,,
insurance,SendGrpNoin2310B,No,,,,
insurance,SendOTAFSeg,No,,,,
insurance,Send2420CAlways,No,,,,
insurance,Send2420CIf2310DOmited,No,,,,
insurance,UseLegacyForPrint,No,,,,
insurance,InsuranceAlert,Yes,NOTES,,,
insurance,UseNPIForPrint,No,,,,
insurance,PrintEPSDTReferralCodeInHcfa24C,No,,,,
insurance,SubscriberMask,No,,,,
insurance,subscriberLength,No,,,,
insurance,SendStrictDOS,No,,,,
insurance,RequiredReferral,No,,,,
insurance,FeeSchedulesByLocation,No,,,,
insurance,UseFacilityPrvForRendProv,No,,,,
insurance,sendP2ProvPrvAlways,No,,,,
insurance,FPStringMandatory,No,,,,
insurance,SubNoMaxLen,No,,,,
insurance,SubNoMinLen,No,,,,
insurance,InsurancePrimaryType,No,,,,
insurance,ExcludeInPtStmts,No,,,,
insurance,UseExtendedPrvOption,No,,,,
insurance,Send2000APrv,No,,,,
insurance,Send2310BPrv,No,,,,
insurance,Send2420APrv,No,,,,
insurance,SuppressRefProvUPIN,No,,,,
insurance,SuppressTaxIdInLoop2310A,No,,,,
insurance,SuppressTaxIdInLoop2310B,No,,,,
insurance,SuppressTaxIdInLoop2420A,No,,,,
insurance,SuppressTaxIdInLoop2310DAnd2420C,No,,,,
insurance,SubmitPtPmts,No,,,,
insurance,SuppressPrvInLoop2310A,No,,,,
insurance,SuppressRendProvUPIN,No,,,,
insurance,SuppressSuperProvUPIN,No,,,,
insurance,SuppressOrderProvUPIN,No,,,,
insurance,SuppressPurchasedProvUPIN,No,,,,
insurance,SuppressServiceFacilityUPIN,No,,,,
insurance,SuppressTaxIdInLoop2310C,No,,,,
insurance,SuppressTaxIdInLoop2310E,No,,,,
insurance,SuppressTaxIdInLoop2420E,No,,,,
insurance,CO42MapCode,No,,,,
insurance,X270SendTrnAlways,No,,,,
insurance,X270CustomMapLegacy,No,,,,
insurance,SendOtafInPrimary,No,,,,
insurance,x270SendEbDateRange,No,,,,
insurance,x270SendPrv,No,,,,
insurance,x270SendEbAddlInfo,No,,,,
insurance,BestMatchCpt,No,,,,
insurance,DoNotAddSalesTax,No,,,,
insurance,x270SendGroupNo,No,,,,
insurance,x270SendRelationShip,No,,,,
insurance,x270SendSSN,No,,,,
insurance,x270SendInsuredN4,No,,,,
insurance,HPSAQualify,No,,,,
insurance,PrintEPSDTDataInHcfa10d,No,,,,
insurance,ConsiderToothNumberAsModifier,No,,,,
insurance,IsAnesthesiaMinutesInHCFA,No,,,,
insurance,X270SendDoi,No,,,,
insurance,X270SendDosAsDoi,No,,,,
insurance,enrollmentReq,No,,,,
insurance,CountryCode,No,,,,
insurance,NDCFormat,No,,,,
insurance,SendHyphenInTaxId,No,,,,
insurance,PrimaryTimelyFiling,No,,,,
insurance,SecondaryTimelyFiling,No,,,,
insurance,IsServiceLocationAddressinLoop2010AA,No,,,,
insurance,NoPrimaryOtafIn2400,No,,,,
insurance,StripLeadingZeroFromMoney,No,,,,
insurance,SendMedicalRecordNumber,No,,,,
insurance,StripTrailingZerosFromMoney,No,,,,
insurance,insuranceNameANSI,No,,,,
insurance,LiabilityCarrierCode,No,,,,
insurance,DoNotAddFinanceChrg,No,,,,
insurance,ecwMasterId,No,,,,
insurance,CapitationType,No,,,,
insurance,EnterpriseId,No,,,,
insurance,DoNotChangeClmAssgnmntAfterCapAdj,No,,,,
insurance,modifiedDate,Yes,STATIC_OFFSET,,,
insurance,AdditionalMask,No,,,,
insurance,isCompany,No,,,,
insurance,IsEmployer,No,,,,
insurance,isChargeForNoShow,No,,,,
insurance,isChargeForCancelled,No,,,,
insurance,isBookinAgentOnFly,No,,,,
insurance,isPreApprovedBookingAgent,No,,,,
insurance,orderNoReq,No,,,,
insurance,ExemptVatCode,No,,,,
insurance,ExemptionType,No,,,,
insurance,isHSActive,No,,,,
insurance,oa_p2p_sync,No,,,,
insurance,ClientBill,No,,,,
insurance,faxDialingCountryId,No,,,,
insurance_refundaddress,Id,No,,,,
insurance_refundaddress,InsId,No,,,,
insurance_refundaddress,RefundAddr1,No,,,,
insurance_refundaddress,RefundAddr2,No,,,,
insurance_refundaddress,RefundCity,No,,,,
insurance_refundaddress,RefundState,No,,,,
insurance_refundaddress,RefundZip,No,,,,
insurance_refundaddress,RefundEmail,No,,,,
insurance_refundaddress,RefundWebSite,No,,,,
insurance_refundaddress,RefundFax,No,,,,
insurance_refundaddress,RefundContact,No,,,,
insurance_refundaddress,RefundCountryCode,No,,,,
insurance_refundaddress,RefundPhone,No,,,,
insurance_refundaddress,RefundPhone2,No,,,,
insurance_refundaddress,deleteFlag,No,,,,
insuranceaddlinfo,insuranceId,No,,,,
insuranceaddlinfo,X270DoNotSendDependt,No,,,,
insuranceaddlinfo,X270SendAccessCardNo,No,,,,
insuranceaddlinfo,BillingProvIn2010AAOrgIn2010ABCheck2310B,No,,,,
insuranceaddlinfo,sendProviderDetailsForServiceIn278,No,,,,
insuranceaddlinfo,EnableServiceAuthorization,No,,,,
insuranceaddlinfo,BillingFacilityStreetAddressIn2010AA,No,,,,
insuranceaddlinfo,ANSI5010,No,,,,
insuranceaddlinfo,SendPaymentsAtClaimLevel,No,,,,
insuranceaddlinfo,DoNotSendPaymentsAtCPTLevel,No,,,,
insuranceaddlinfo,SendNegativeAdjustments,No,,,,
insuranceaddlinfo,DoNotSendSecondaryInsuranceInHcfa,No,,,,
insuranceaddlinfo,DoNotSendSecondaryInsuranceInAnsi,No,,,,
insuranceaddlinfo,ServiceFacilityAddressAlwaysIn2010AA,No,,,,
insuranceaddlinfo,SendCASCodesInSameSegment,No,,,,
insuranceaddlinfo,DoNotSend2310BLoopWithBillingNpi,No,,,,
insuranceaddlinfo,SendLineItemControlNumberInRef,No,,,,
insuranceaddlinfo,SendPtAddressIn2310CForPOS12,No,,,,
insuranceaddlinfo,X270SendApptFacility,No,,,,
insuranceaddlinfo,SubmitBothSBR04andSBR03In5010,No,,,,
insuranceaddlinfo,UseSVC06AsCPTCode,No,,,,
insuranceaddlinfo,DoNotTransferToRespParty,No,,,,
insuranceaddlinfo,DoNotTransferClaimStatus,No,,,,
insuranceaddlinfo,DoNotTransferClaimStatusID,No,,,,
insuranceaddlinfo,SplitClaimBasedOnDiagnosisCodes,No,,,,
insuranceaddlinfo,printSubscriberIdInProgressNotes,No,,,,
insuranceaddlinfo,printName,No,,,,
insuranceaddlinfo,BillingFacStAddrIn2010AAAndBillingAddrIn2010AB,No,,,,
insuranceaddlinfo,SendProviderDetailIn278Loop2000B,No,,,,
insuranceaddlinfo,splitclaimonicdnodupcpt,No,,,,
insuranceaddlinfo,PayerId_SC_ASC_ORS,No,,,,
insuranceaddlinfo,PayerCode_TN_ASC,No,,,,
insuranceaddlinfo,PayerCode_NC702,No,,,,
insuranceaddlinfo,icd10effectivedateoverride,No,,,,
insuranceaddlinfo,X270sendsuffix,No,,,,
insuranceaddlinfo,X270sendprefix,No,,,,
insuranceaddlinfo,printcliainhcfafield19,No,,,,
insuranceaddlinfo,HCFA0212effectivedateoverride,No,,,,
insuranceaddlinfo,pmtsouce_asc_wi,No,,,,
insuranceaddlinfo,pmtsoucetype_asc_wi,No,,,,
insuranceaddlinfo,cms1500box30printoverride,No,,,,
insuranceaddlinfo,cms1500box33printoverride,No,,,,
insuranceaddlinfo,cms1500box14printoverride,No,,,,
insuranceaddlinfo,purchasingprovider2420c,No,,,,
insuranceaddlinfo,icd10claimsubmissiondateoverride,No,,,,
insuranceaddlinfo,rcmicd10effectivedateoverride,No,,,,
insuranceaddlinfo,PBMId,No,,,,
insuranceaddlinfo,X270sendpreventiveCodes,No,,,,
insuranceaddlinfo,x276payorid,No,,,,
insuranceaddlinfo,x276sendtaxidin2100b,No,,,,
insuranceaddlinfo,SendRenderingProviderNPI,No,,,,
insuranceaddlinfo,DHA_ReceiverID,No,,,,
insuranceaddlinfo,sendmhla_claimnotes2300NTE,No,,,,
insuranceaddlinfo,X270SendSplRefX1,No,,,,
insuranceaddlinfo,X270SendMedicalRecord,Yes,MASK,MRN,,
insuranceaddlinfo,X270SendPatientAcctNo,Yes,MASK,Account Number,,
insuranceaddlinfo,emcoderoverride,No,,,,
insuranceaddlinfo,useFirstCPTForClaimPOS,No,,,,
insuranceaddlinfo,insplantype,No,,,,
insuranceaddlinfo,X270SendAltNames,No,,,,
insuranceaddlinfo,CPTAssignmntIndCLM08Loop2300ForBBClaim,No,,,,
insuranceaddlinfo,SplitClaimBasedOnICDCounts,No,,,,
insuranceaddlinfo,supplementalCPTCode,No,,,,
insuranceaddlinfo,supplementalCPTFee,Yes,MASK,Amount,,
insuranceaddlinfo,nevadaascpayercode,No,,,,
insuranceaddlinfo,typology,No,,,,
insuranceaddlinfo,sendNPIProvname_claimnotes2300NTE,No,,,,
insuranceaddlinfo,lastseendate,Yes,STATIC_OFFSET,,,
insuranceaddlinfo,paymentreceiptdays,No,,,,
insuranceaddlinfo,RTServiceAuthorization,No,,,,
insuranceaddlinfo,X270EnablePCPCheck,No,,,,
insuranceaddlinfo,sendloop2310c,No,,,,
insuranceaddlinfo,donotsend2310cfac,No,,,,
insuranceaddlinfo,donotprintpos32,No,,,,
insuranceaddlinfo,payerid_asc_il,No,,,,
insuranceaddlinfo,sendOkMProvContractCode_claimnotes2300NTE02,No,,,,
insurancedetail,Id,No,,,,
insurancedetail,pid,Yes,PATIENT_ID,,,
insurancedetail,insid,No,,,,
insurancedetail,startDate,Yes,DATE_OFFSET,,,
insurancedetail,endDate,Yes,DATE_OFFSET,,,
insurancedetail,groupNo,Yes,MASK,groupNo,,
insurancedetail,subscriberNo,Yes,MASK,subscriberNo,,
insurancedetail,copays,Yes,NOTES,,,
insurancedetail,copayType,No,,,,
insurancedetail,insOrder,No,,,,
insurancedetail,DeleteFlag,No,,,,
insurancedetail,GrId,Yes,MASK,GrId,,
insurancedetail,GrRel,No,,,,
insurancedetail,IsGrPt,No,,,,
insurancedetail,PaymentSource,No,,,,
insurancedetail,groupName,Yes,NOTES,,,
insurancedetail,InsType,No,,,,
insurancedetail,AssignBenefits,No,,,,
insurancedetail,SeqNo,No,,,,
insurancedetail,PtSigSource,No,,,,
insurancedetail,PPOIndex,No,,,,
insurancedetail,PPOId,No,,,,
insurancedetail,PayerClaimOfficeNo,No,,,,
insurancedetail,SuppInsInd,No,,,,
insurancedetail,MedicaidId,No,,,,
insurancedetail,patSubscriberNo,No,,,,
insurancedetail,KenPAC,No,,,,
insurancedetail,InsuranceClass,No,,,,
insurancedetail,MedicaidSeqNo,No,,,,
insurancedetail,EncEligibilityStatus,No,,,,
insurancedetail,EligibilityMessage,Yes,NOTES,,,
insurancedetail,InsuredAltLName,Yes,MASK,InsuredAltLName,,
insurancedetail,InsuredAltFName,Yes,MASK,InsuredAltFName,,
insurancedetail,InsuredAltMiddleInitial,Yes,MASK,InsuredAltMiddleInitial,,
insurancedetail,notes,Yes,NOTES,,,
insurancedetail,PatientAltLName,Yes,MASK,,,
insurancedetail,PatientAltFName,Yes,MASK,,,
insurancedetail,PatientAltMiddleInitial,Yes,MASK,,,
insurancedetail,SubscriberSecondaryIdentifier,No,,,,
insurancedetail,SubscriberIdentificationQualifier,No,,,,
insurancedetail,DentalIns,No,,,,
insurancedetail,MedicaidSubId,No,,,,
insurancedetail,SubscriberSecondaryInvRef,No,,,,
insurancedetail,SubscriberSecondaryInvRefQualifier,No,,,,
insurancedetail,InsuranceImgName,No,,,,
insurancedetail,MultipleCoPay,No,,,,
insurancedetail,PCPCoPay,No,,,,
insurancedetail,SpecialistCoPay,No,,,,
insurancedetail,OtherCoPay,No,,,,
insurancedetail,CoInsurance,No,,,,
insurancedetail,hl7id,No,,,,
insurancedetail,FtpDirPath,No,,,,
insurancedetail,ScannedInsName,No,,,,
insurancedetail,IsFreshScan,No,,,,
insurancedetail,ptInsStartDate,Yes,DATE_OFFSET,,,
insurancedetail,ptInsEndDate,Yes,DATE_OFFSET,,,
insurancedetail,ptInsmodifiedDatetime,Yes,DATE_OFFSET,,,
lab_sync,Id,No,,,,
lab_sync,LabId,No,,,,
lab_sync,websync,No,,,,
lab_sync,delFlag,No,,,,
lab_sync,LastUpdateTime,Yes,STATIC_OFFSET,,,
lab_sync,last_sync_time,Yes,STATIC_OFFSET,,,
labassessments,Id,No,,,,
labassessments,LabId,No,,,,
labassessments,AssessmentId,No,,,,
labassessments,displayIndex,No,,,,
labcodes,labId,No,,,,
labcodes,itemId,No,,,,
labcodes,Flag,No,,,,
labcodes,category,No,,,,
labcodes,prevCode,No,,,,
labcodes,abnprice,No,,,,
registry_labs,Id,No,,,,
registry_labs,PtId,Yes,PATIENT_ID,,,
registry_labs,HDL,No,,,,
registry_labs,HDL_Date,Yes,DATE_OFFSET,,,
registry_labs,HDL_propid,No,,,,
registry_labs,HDL_parentid,No,,,,
registry_labs,TC,No,,,,
registry_labs,TC_Date,Yes,DATE_OFFSET,,,
registry_labs,TC_propid,No,,,,
registry_labs,TC_parentid,No,,,,
registry_labs,LDL,No,,,,
registry_labs,LDL_Date,Yes,DATE_OFFSET,,,
registry_labs,LDL_propid,No,,,,
registry_labs,LDL_parentid,No,,,,
registry_labs,A1C,No,,,,
registry_labs,A1C_Date,Yes,DATE_OFFSET,,,
registry_labs,A1C_propid,No,,,,
registry_labs,A1C_parentid,No,,,,
registry_labs,HIV_LABS,No,,,,
registry_labs,HIV_LABS_Date,Yes,DATE_OFFSET,,,
registry_labs,HIV_LABS_propid,No,,,,
registry_labs,HIV_LABS_parentid,No,,,,
registry_labs,CHLAMYDIA,No,,,,
registry_labs,CHLAMYDIA_Date,Yes,DATE_OFFSET,,,
registry_labs,CHLAMYDIA_propid,No,,,,
registry_labs,CHLAMYDIA_parentid,No,,,,
registry_labs,LEAD_LEVEL_LABS,No,,,,
registry_labs,LEAD_LEVEL_LABS_Date,Yes,DATE_OFFSET,,,
registry_labs,LEAD_LEVEL_LABS_propid,No,,,,
registry_labs,LEAD_LEVEL_LABS_parentid,No,,,,
registry_labs,HIV_VIRAL_LOAD,No,,,,
registry_labs,HIV_VIRAL_LOAD_Date,Yes,DATE_OFFSET,,,
registry_labs,HIV_VIRAL_LOAD_propid,No,,,,
registry_labs,HIV_VIRAL_LOAD_parentid,No,,,,
registry_labs,HIV_CD4,No,,,,
registry_labs,HIV_CD4_Date,Yes,DATE_OFFSET,,,
registry_labs,HIV_CD4_propid,No,,,,
registry_labs,HIV_CD4_parentid,No,,,,
registry_labs,PAPSMEAR_LOINC,No,,,,
registry_labs,PAPSMEAR_LOINC_Date,Yes,DATE_OFFSET,,,
registry_labs,PAPSMEAR_LOINC_propid,No,,,,
registry_labs,PAPSMEAR_LOINC_parentid,No,,,,
dl_cube_kpis_ar,invoice_balance_sum,Yes,MASK,COLUMN_NAME,,
dl_cube_kpis_ar,invoice_claim_count,No,,,,
dl_cube_kpis_ar,invoice_FacilityID,No,,,,
dl_cube_kpis_ar,invoice_RenProviderId,No,,,,
dl_cube_kpis_ar,invoice_DOSProviderId,No,,,,
dl_cube_kpis_ar,invoice_PracticeID,No,,,,
dl_cube_kpis_ar,ARLoadDate,Yes,STATIC_OFFSET,,,
dl_cube_kpis_ar,invoice_BilledToIdType,No,,,,
dl_cube_kpis_ar,insurance_insId,No,,,,
dl_cube_kpis_ar,invoice_PayToProviderId,No,,,,
dl_cube_kpis_ar,id,No,,,,
dl_cube_kpis_charges,invoice_claim_count,No,,,,
dl_cube_kpis_charges,id,No,,,,
dl_cube_kpis_charges,invoice_Payment,Yes,MASK,COLUMN_NAME,,
dl_cube_kpis_charges,invoice_Balance,Yes,MASK,COLUMN_NAME,,
dl_cube_kpis_charges,invoice_InvoiceDt,Yes,STATIC_OFFSET,,,
dl_cube_kpis_charges,invoice_RenProviderId,No,,,,
dl_cube_kpis_charges,invoice_InvFacilityId,No,,,,
dl_cube_kpis_charges,invoice_PracticeId,No,,,,
dl_cube_kpis_charges,insurance_InsId,No,,,,
dl_cube_kpis_charges,insurance_CurrentInsID,No,,,,
dl_cube_kpis_charges,invoice_BilledToIDType,No,,,,
dl_cube_kpis_charges,cpt_BilledFee_total,Yes,MASK,COLUMN_NAME,,
dl_cube_kpis_charges,invoice_ServiceDt,Yes,STATIC_OFFSET,,,
dl_cube_kpis_charges,invoice_DOSProviderId,No,,,,
dl_cube_kpis_charges,invoice_PayToProviderId,No,,,,
dl_cube_kpis_charges,invoice_FileStatus,No,,,,
dl_cube_kpis_current_ar,ServiceBucket,No,,,,
dl_cube_kpis_current_ar,invoice_InvoiceDt,Yes,STATIC_OFFSET,,,
dl_cube_kpis_current_ar,PayerID,No,,,,
dl_cube_kpis_current_ar,invoice_claim_count,No,,,,
dl_cube_kpis_current_ar,ClaimBucket,No,,,,
dl_cube_kpis_current_ar,invoice_PracticeID,No,,,,
dl_cube_kpis_current_ar,invoice_ServiceDt,Yes,STATIC_OFFSET,,,
dl_cube_kpis_current_ar,invoice_FacilityID,No,,,,
dl_cube_kpis_current_ar,invoice_balance_sum,Yes,MASK,COLUMN_NAME,,
dl_cube_kpis_current_ar,invoice_BilledToIdType,No,,,,
dl_cube_kpis_current_ar,id,No,,,,
dl_cube_kpis_payments,invoice_InvoiceDt,Yes,STATIC_OFFSET,,,
dl_cube_kpis_payments,enc_date,Yes,STATIC_OFFSET,,,
dl_cube_kpis_payments,invoice_PayToProviderId,No,,,,
dl_cube_kpis_payments,payment_payorId,No,,,,
dl_cube_kpis_payments,paymentdetail_paid,Yes,MASK,COLUMN_NAME,,
dl_cube_kpis_payments,paymentdetail_adjustment,Yes,MASK,COLUMN_NAME,,
dl_cube_kpis_payments,enc_PracticeID,No,,,,
dl_cube_kpis_payments,enc_FacilityID,No,,,,
dl_cube_kpis_payments,id,No,,,,
dl_cube_kpis_payments,payment_date,Yes,STATIC_OFFSET,,,
dl_cube_kpis_payments,invoice_RenProviderId,No,,,,
dl_cube_kpis_payments,enc_doctorID,No,,,,
dl_cube_kpis_transactions,TransactionType,No,,,,
dl_cube_kpis_transactions,TotalCount,No,,,,
dl_cube_kpis_transactions,id,No,,,,
dl_cube_kpis_transactions,transaction_date,Yes,STATIC_OFFSET,,,
dl_cube_kpis_transactions,invoice_PracticeID,No,,,,
dl_cube_kpis_transactions,invoice_FacilityID,No,,,,
dl_cube_kpis_transactions,Amount,Yes,MASK,COLUMN_NAME,,
dl_cube_kpis_visits,enc_FacilityID,No,,,,
dl_cube_kpis_visits,enc_PracticeID,No,,,,
dl_cube_kpis_visits,id,No,,,,
dl_cube_kpis_visits,visit_count,No,,,,
dl_cube_kpis_visits,enc_doctorID,No,,,,
dl_cube_kpis_visits,insurancedetail_id,No,,,,
dl_cube_kpis_visits,enc_date,Yes,STATIC_OFFSET,,,
dl_cube_kpis_visits,billable_flag,No,,,,
rxhub_eligibilityvalidationlogs,patientId,Yes,PATIENT_ID,,,
rxhub_eligibilityvalidationlogs,encId,Yes,ENCOUNTER_ID,,,
rxhub_eligibilityvalidationlogs,id,No,,,,
rxhub_eligibilityvalidationlogs,failurereason,Yes,NOTES,,,
rxhub_eligibilityvalidationlogs,SubmissionId,No,,,,
rxhub_eligibilityvalidationlogs,datelogged,Yes,DATE_OFFSET,,,
rxhub_errorlog,ErrorCode,Yes,NOTES,,,
rxhub_errorlog,EncId,Yes,ENCOUNTER_ID,,,
rxhub_errorlog,TransactionId,No,,,,
rxhub_errorlog,SentDate,Yes,DATE_OFFSET,,,
rxhub_errorlog,PatientId,Yes,PATIENT_ID,,,
rxhub_errorlog,ReqType,No,,,,
rxhub_errorlog,ErrorDesc,Yes,NOTES,,,
rxhub_errorlog,StatusDesc,Yes,,,,
rxhub_errorlog,ErrorID,Yes,,,,
rxhub_formulary,encID,Yes,ENCOUNTER_ID,,,
rxhub_formulary,FormularyName,No,,,,
rxhub_formulary,CoverageId,?,,,,
rxhub_formulary,FormularySourceCode,No,,,,
rxhub_formulary,FormularyID,No,,,,
rxhub_formulary,PatientRxHistoryViewed,No,,,,
rxhub_formulary,TimeEligibiltyCheckPerformed,Yes,DATE_OFFSET,,,
rxhub_formulary,MemberId,?,,,,
rxhub_formulary,PBMId,?,,,,
rxhub_formulary,GroupId,?,,,,
rxhub_formulary,CardHolderName,Yes,MASK,COLUMN_NAME,,
rxhub_formulary,CopayId,?,,,,
rxhub_formulary,TimeEligibiltyChecked,Yes,DATE_OFFSET,,,
rxhub_formulary,PlanNetIdNo,?,,,,
rxhub_formulary,isaControlNo,?,,,,
rxhub_formulary,AlternativeId,?,,,,
rxhub_formulary,FormularySourceType,No,,,,
rxhub_formulary,patientid,Yes,ENCOUNTER_ID,,,
accounts_assignedto_history,Id,No,,,,
accounts_assignedto_history,status,No,,,,
accounts_assignedto_history,Time,No,,,,
accounts_assignedto_history,QueueId,No,,,,
accounts_assignedto_history,endTime,Yes,DATE_OFFSET,DATE_OFFSET,,
accounts_assignedto_history,Date,Yes,DATE_OFFSET,DATE_OFFSET,,
accounts_assignedto_history,assignedTo,No,,,,
accounts_assignedto_history,assignedToId,No,,,,
accounts_assignedto_history,assignedById,No,,,,
accounts_assignedto_history,PatientId,Yes,DATE_OFFSET,DATE_OFFSET,,
accounts_assignedto_history,startDate,Yes,DATE_OFFSET,DATE_OFFSET,,
accounts_assignedto_history,startTime,Yes,DATE_OFFSET,DATE_OFFSET,,
accounts_assignedto_history,priority,No,,,,
accounts_assignedto_history,completedDt,Yes,DATE_OFFSET,DATE_OFFSET,,
accounts_assignedto_history,DueDate,Yes,DATE_OFFSET,DATE_OFFSET,,
accounts_assignedto_historydetail,EnteredBy,No,,,,
accounts_assignedto_historydetail,resultCodeId,No,,,,
accounts_assignedto_historydetail,AcctsHistoryId,No,,,,
accounts_assignedto_historydetail,detailId,No,,,,
accounts_assignedto_historydetail,Notes,Yes,NOTES,,,
accounts_assignedto_historydetail,ModifiedDate,Yes,STATIC_OFFSET,,,
accounts_assignedto_historydetail,actionId,No,,,,
alertdata_status,isInsertInProgress,No,,,,
alertdata_status,patientId,Yes,PATIENT_ID,PATIENT_ID,,
alertdata_status,lockTakenAt,Yes,DATE_OFFSET,,,
apptblockdetails,UserId,No,,,,
apptblockdetails,Id,No,,,,
apptbuffer,patientID,Yes,PATIENT_ID,,,
apptbuffer,trusername,Yes,MASK,PATIENT_NAME,,
apptbuffer,encounterID,Yes,ENCOUNTER_ID,,,
apptbuffer,Id,No,,,,
apptbuffer,User,Yes,MASK,PATIENT_NAME,,
apptbuffer,InBuffer,No,,,,
apptbuffer,OperationType,No,,,,
apufilemanagement,FileOrFolderToDeleteType,No,,,,
apufilemanagement,deleteFlag,No,,,,
apufilemanagement,FileOrFolderToDelete,No,,,,
apufilemanagement,RequestUniqueId,No,,,,
apufilemanagement,Id,No,,,,
apufilemanagement,Reason,No,,,,
apufilemanagement,RequestedBy,?,,,,
apufilemanagement,FileToLookFor,No,,,,
cci_edits_c1_c2,deleteFlag,No,,,,
cci_edits_c1_c2,Id,No,,,,
cci_edits_c1_c2,Column2Code,No,,,,
cci_edits_c1_c2,Column1Code,No,,,,
cci_edits_c1_c2,ModifierInd,No,,,,
cci_edits_c1_c2,EffectiveDate,Yes,STATIC_OFFSET,,,
cci_edits_c1_c2,DeletionDate,Yes,STATIC_OFFSET,,,
cci_edits_mutually_ex,DeletionDate,Yes,STATIC_OFFSET,,,
cci_edits_mutually_ex,Id,No,,,,
cci_edits_mutually_ex,deleteFlag,No,,,,
cci_edits_mutually_ex,ModifierInd,No,,,,
cci_edits_mutually_ex,Column1Code,No,,,,
cci_edits_mutually_ex,EffectiveDate,Yes,STATIC_OFFSET,,,
cci_edits_mutually_ex,Column2Code,No,,,,
ccm_group_item_map,modiTime,Yes,STATIC_OFFSET,,,
ccm_group_item_map,isAutoMig,No,,,,
ccm_group_item_map,modiBy,No,,,,
ccm_group_item_map,itemid,No,,,,
ccm_group_item_map,id,No,,,,
ccm_group_item_map,groupid,No,,,,
ccm_group_item_map,deleteFlag,No,,,,
cdss_cached_itemids,ItemId,No,,,,
cdss_cached_itemids,Id,No,,,,
cdss_drug_ids,measureid,No,,,,
cdss_drug_ids,itemid,No,,,,
cdss_failed_attempts_logs,id,No,,,,
cdss_failed_attempts_logs,loggedDateTime,Yes,DATE_OFFSET,,,
cdss_failed_attempts_logs,errorCategory,No,,,,
cdss_failed_attempts_logs,errorDescription,Yes,NOTES,,,
cdss_failed_attempts_logs,measureId,No,,,,
cdss_failed_attempts_logs,userId,No,,,,
cdss_failed_attempts_logs,patientId,Yes,PATIENT_ID,,,
cdss_fluhighrisk_icdcodes,icdcode,No,,,,
cdss_logs,MeasureName,No,,,,
cdss_logs,Id,No,,,,
cdss_logs,PatientId,Yes,PATIENT_ID,,,
cdss_logs,AlertRunDate,Yes,DATE_OFFSET,,,
cdss_logs,MeasureId,No,,,,
cdss_logs,UserId,No,,,,
cdss_logs,ItemId,No,,,,
cdss_logs,AlertStatus,No,,,,
cdss_logs,alert_unit_name,No,,,,
cdss_logs,alert_unit_id,No,,,,
chromium_session_tracker,id,No,,,,
chromium_session_tracker,activesessions,No,,,,
chromium_session_tracker,sessionid,No,,,,
collectionmanagement,LettersentFlag,No,,,,
collectionmanagement,PrevCollectionType,No,,,,
collectionmanagement,patientid,Yes,PATIENT_ID,,,
collectionmanagement,FullyPaidFlag,No,,,,
collectionmanagement,guarantorId,No,,,,
collectionmanagement,collectiontype,No,,,,
collectionmanagement,userid,No,,,,
collectionmanagement,ActionTaken,No,,,,
collectionmanagement,InsertedDate,Yes,DATE_OFFSET,,,
collectionmanagement,Id,No,,,,
commonpasswords,id,No,,,,
commonpasswords,commonPassword,Yes,MASK,COLUMN_NAME,,
cp_temp_ques,templateid,No,,,,
cp_temp_ques,deleteflag,No,,,,
cp_temp_ques,catid,No,,,,
cp_temp_ques,quesid,No,,,,
cp_temp_ques,id,No,,,,
cp_template_mapper,type,No,,,,
cp_template_mapper,id,No,,,,
cp_template_mapper,localid,No,,,,
cp_template_mapper,deleteflag,No,,,,
cp_template_mapper,communityid,No,,,,
cptfeesch,Fee,Yes,MASK,COLUMN_NAME,,
cptfeesch,AllowedFee,Yes,MASK,COLUMN_NAME,,
cptfeesch,FeeSchId,No,,,,
cptfeesch,CDMCode,No,,,,
cptfeesch,RVU,No,,,,
cptfeesch,id,No,,,,
cptfeesch,Cost,Yes,MASK,COLUMN_NAME,,
cptfeesch,PtPercentage,No,,,,
cptfeesch,DeleteFlag,No,,,,
cptfeesch,PtPortion,Yes,MASK,COLUMN_NAME,,
cptfeesch,BillToPt,No,,,,
cptfeesch,nocoinsurance,No,,,,
cptfeesch,ModifiedDate,Yes,STATIC_OFFSET,,,
cptfeesch,itemId,No,,,,
currentaccountsactionresultcode,resultCodeId,No,,,,
currentaccountsactionresultcode,patientId,Yes,PATIENT_ID,PATIENT_ID,,
currentaccountsactionresultcode,actionCodeId,No,,,,
deleted_messages,date_transfered,Yes,STATIC_OFFSET,,,
deletelabsfromportal,last_sync_time,Yes,STATIC_OFFSET,,,
diwftetrack,DateTo,Yes,STATIC_OFFSET,,,
diwftetrack,DateFrom,Yes,STATIC_OFFSET,,,
dj_run_log_batch,SCHEDULER_END_TIME,Yes,STATIC_OFFSET,,,
dj_run_log_batch,RUN_DATE,Yes,STATIC_OFFSET,,,
dj_run_log_batch,BATCH_IDENTIFIER,Yes,STATIC_OFFSET,,,
dj_run_log_batch,SCHEDULER_START_TIME,Yes,STATIC_OFFSET,,,
dj_run_log_batch,FINISHER_START_TIME,Yes,STATIC_OFFSET,,,
dj_run_log_batch,FINISHER_END_TIME,Yes,STATIC_OFFSET,,,
dj_run_log_batch_psm,FINISHER_START_TIME,Yes,STATIC_OFFSET,,,
dj_run_log_batch_psm,FINISHER_END_TIME,Yes,STATIC_OFFSET,,,
dj_run_log_batch_psm,RUN_DATE,Yes,STATIC_OFFSET,,,
dj_run_log_batch_psm,BATCH_IDENTIFIER,Yes,STATIC_OFFSET,,,
dj_run_log_batch_psm,SCHEDULER_END_TIME,Yes,STATIC_OFFSET,,,
dj_run_log_batch_psm,SCHEDULER_START_TIME,Yes,STATIC_OFFSET,,,
dw_dim_sql,updated_ts,Yes,STATIC_OFFSET,,,
dw_dim_sql,created_ts,Yes,STATIC_OFFSET,,,
dw_dim_sql,created_uid,Yes,PATIENT_ID,,,
dw_dim_sql,query_id,No,,,,
dw_dim_sql,query_text,No,,,,
dw_dim_sql,updated_uid,Yes,PATIENT_ID,,,
dw_staging_analytics,varchar_4,No,,,,
dw_staging_analytics,BATCH_IDENTIFIER,No,,,,
dw_staging_analytics,varchar_2,No,,,,
dw_staging_analytics,Int_2,No,,,,
dw_staging_analytics,Int_4,No,,,,
dw_staging_analytics,Int_5,No,,,,
dw_staging_analytics,varchar_5,No,,,,
dw_staging_analytics,varchar_1,No,,,,
dw_staging_analytics,ROW_IDENTIFIER,No,,,,
dw_staging_analytics,Int_3,No,,,,
dw_staging_analytics,varchar_3,No,,,,
dw_staging_analytics,Flat_table_id,No,,,,
dw_staging_analytics,Int_1,No,,,,
ebocaldate,eBODay,No,,,,
ebocaldate,eBOMonth,No,,,,
ebocaldate,eBOMonthOfWeek,No,,,,
ebocaldate,eBOYearOfWeek,No,,,,
ebocaldate,eBOweekDay,No,,,,
ebocaldate,eBOWeek,No,,,,
ebocaldate,MMDDYYYY,No,,,,
ebocaldate,eBODD,No,,,,
ebocaldate,eBOMM,No,,,,
ebocaldate,eBOYear,No,,,,
ebocaldate,Id,No,,,,
ebocaldate,eBOCalMonth,No,,,,
ebocaldate,eBODate,No,,,,
ecri_caret_categories,Id,No,,,,
ecri_caret_categories,logId,No,,,,
ecri_caret_categories,categoryId,No,,,,
ecri_clipboard_logs,id,No,,,,
ecri_clipboard_logs,module,No,,,,
ecri_clipboard_logs,dataref,No,,,,
ecri_clipboard_logs,destid,No,,,,
ecri_clipboard_logs,data,Yes,NOTES,,,
ecri_clipboard_logs,featureid,No,,,,
ecri_clipboard_logs,userid,Yes,PATIENT_ID,PATIENT_ID,,
ecri_clipboard_logs,entrydatetime,No,STATIC_OFFSET,DATE_OFFSET,,
ecri_clipboard_submodules,logId,No,,,,
ecri_clipboard_submodules,Id,No,,,,
ecri_clipboard_submodules,chartId,No,,,,
ecri_template_cp_logs,id,No,,,,
ecri_template_cp_logs,entrydatetime,No,STATIC_OFFSET,DATE_OFFSET,,
ecri_template_cp_logs,featureid,No,,,,
ecri_template_cp_logs,srcid,No,,,,
ecri_template_cp_logs,destid,No,,,,
ecri_template_cp_logs,userid,Yes,PATIENT_ID,PATIENT_ID,,
ecri_template_cp_logs,copyMergeFlag,No,,,,
ecri_template_cp_logs,module,No,,,,
ecri_template_submodules,logId,No,,,,
ecri_template_submodules,chartId,No,,,,
ecri_template_submodules,Id,No,,,,
ecwschtaskstatus,TaskType,No,,,,
ecwschtaskstatus,schTaskId,No,,,,
ecwschtaskstatus,status,No,,,,
ecwschtaskstatus,timestamp,No,STATIC_OFFSET,DATE_OFFSET,,
ecwschtaskstatus,delFlag,No,,,,
ecwschtaskstatus,notes,No,,,,
ecwschtaskstatus,TaskInstanceId,No,,,,
ecwschtaskstatus,EndTime,No,STATIC_OFFSET,DATE_OFFSET,,
ecwschtaskstatus,BeginDate,No,STATIC_OFFSET,DATE_OFFSET,,
ecwschtaskstatus,BeginTime,No,STATIC_OFFSET,DATE_OFFSET,,
ecwschtaskstatus,EndDate,No,STATIC_OFFSET,DATE_OFFSET,,
ecwschtaskstatus,serverId,No,,,,
ecwschtaskstatus,TaskDescription,No,,,,
enc_multiappt,id,No,,,,
enc_multiappt,guId,No,,,,
enc_multiappt,encounterID,Yes,ENCOUNTER_ID,ENCOUNTER_ID,,
enc_sync,delFlag,No,,,,
enc_sync,websync,No,,,,
enc_sync,encounterId,Yes,ENCOUNTER_ID,ENCOUNTER_ID,,
enc_sync,LastUpdateTime,No,STATIC_OFFSET,DATE_OFFSET,,
enc_sync,Id,No,,,,
enc_vital,id,No,,,,
enc_vital,encounterid,Yes,ENCOUNTER_ID,ENCOUNTER_ID,,
enc_vital,vitalstage,No,,,,
encdetail,FeeSchId,No,,,,
encdetail,emergencyFlag,No,,,,
encdetail,occFlag,No,,,,
encdetail,encounterID,Yes,ENCOUNTER_ID,ENCOUNTER_ID,,
encex,Id,No,,,,
encex,EncId,Yes,ENCOUNTER_ID,ENCOUNTER_ID,,
encex,RPUserId,Yes,PATIENT_ID,PATIENT_ID,,
encex,rpstatus,No,,,,
encex,CaseId,No,,,,
encex,HospNewEstFlag,No,,,,
encportalvisitsummaryoptions,optionsids,No,,,,
encportalvisitsummaryoptions,createdby,No,,,,
encportalvisitsummaryoptions,id,No,,,,
encportalvisitsummaryoptions,encounterid,Yes,ENCOUNTER_ID,ENCOUNTER_ID,,
encportalvisitsummaryoptions,deleteflag,No,,,,
encportalvisitsummaryoptions,createddate,No,STATIC_OFFSET,DATE_OFFSET,,
encstatushistory,encId,Yes,ENCOUNTER_ID,ENCOUNTER_ID,,
encstatushistory,id,No,,,,
encstatushistory,statusCode,No,,,,
encstatushistory,userId,Yes,PATIENT_ID,PATIENT_ID,,
encstatushistory,statusName,No,,,,
encstatushistory,UTClogDate,No,STATIC_OFFSET,DATE_OFFSET,,
encstatushistory,logDate,No,STATIC_OFFSET,DATE_OFFSET,,
epatientstatementbatch,generateddate,Yes,STATIC_OFFSET,,,
epatientstatementbatch,batchdata,Yes,NOTES,,,
epatientstatementbatch,billingfacilityid,No,,,,
epatientstatementbatch,guid,?,,,,
epatientstatementbatch,batchname,Yes,NOTES,,,
epatientstatementbatch,generatedby,No,,,,
epatientstatementbatch,practicesiteid,No,,,,
epatientstatementbatch,deleteFlag,No,,,,
epatientstatementbatch,ftppath,Yes,NOTES,,,
epatientstatementbatch,totalacc,No,,,,
epatientstatementbatch,batchid,No,,,,
epatientstatementbatch,submitedby,No,,,,
epatientstatementbatch,submitedstatus,No,,,,
epatientstatementbatch,resubmitedby,No,,,,
epatientstatementbatch,logstatus,No,,,,
epatientstatementbatch,uploadvendorname,No,,,,
epatientstatementbatch,totalduebalance,Yes,MASK,Amount,,
epcs_reportsdetail,messageid,No,,,,
epcs_reportsdetail,reportId,No,,,,
epcs_reportsdetail,scriptlogId,No,,,,
eptstmts,PtStmtBillingFacilityId,No,,,,
eptstmts,statementId,No,,,,
eptstmts,PracticeId,No,,,,
eptstmts,statementXml,Yes,NOTES,,,
eptstmts,patientId,Yes,PATIENT_ID,,,
eptstmts,RelId,No,,,,
eptstmts,statementdate,Yes,DATE_OFFSET,,,
eptstmts,remindedDate,Yes,DATE_OFFSET,,,
eptstmts,totalBalance,Yes,MASK,Amount,,
eptstmts,OptOutPtStmt,No,,,,
eptstmts,websync,No,,,,
eptstmts,StatementType,No,,,,
eptstmts,ePtStmtSlNo,No,,,,
eptstmts,uploadId,No,,,,
eptstmts,createdtime,Yes,DATE_OFFSET,,,
eptstmts,reminded,No,,,,
eptstmts,balanceDueWithoutPP,No,,,,
era_parentfilesplit,deleteFlag,No,,,,
era_parentfilesplit,SplitDate,Yes,STATIC_OFFSET,,,
era_parentfilesplit,FileName,Yes,NOTES,,,
era_parentfilesplit,id,No,,,,
era_splitfiles,deleteFlag,No,,,,
era_splitfiles,SplitFileId,No,,,,
era_splitfiles,id,No,,,,
era_splitfiles,ParentFileId,No,,,,
eradetail,NPI,No,,,,
eradetail,TaxId,No,,,,
eradetail,PayeeName,No,,,,
eradetail,ProviderId,No,,,,
eradetail,StOrderId,No,,,,
eradetail,ST02,No,,,,
eradetail,PostedDate,Yes,STATIC_OFFSET,,,
eradetail,TransactionDate,Yes,STATIC_OFFSET,,,
eradetail,TransactionNumber,No,,,,
eradetail,PayorName,No,,,,
eradetail,TransactionAmount,Yes,MASK,Amount,,
eradetail,PaymentId,No,,,,
eradetail,ProviderName,Yes,MASK,Facility name,,
eradetail,TransactionType,No,,,,
eradetail,IsaOrderId,No,,,,
eradetail,FileId,No,,,,
eradetail,id,No,,,,
eradetail,practiceid,No,,,,
eradetail,DeletedBy,No,,,,
eradetail,DeletedDate,Yes,STATIC_OFFSET,,,
eradetail,DeletedReason,No,,,,
eradetail,DeleteFlag,No,,,,
eradetail,PostedBy,No,,,,
eradetail,GsOrderId,No,,,,
eradetail,readytopost,No,,,,
eradetail,ActionBy,No,,,,
eradetail,PayorId,No,,,,
eraheader,CheckSumValueforFile,No,,,,
eraheader,ImportedDate,Yes,STATIC_OFFSET,,,
eraheader,RawFileName,Yes,NOTES,,,
eraheader,ANSI5010,No,,,,
eraheader,FileId,No,,,,
eraheader,ST02,No,,,,
eraheader,DeletedReason,No,,,,
eraheader,XML,Yes,NOTES,,,
eraheader,ISA13,No,,,,
eraheader,DeleteFlag,No,,,,
eraheader,ImportedBy,No,,,,
eraheader,DeletedDate,Yes,STATIC_OFFSET,,,
eraheader,TRN03,No,,,,
eraheader,TRN02,No,,,,
eraheader,DeletedBy,No,,,,
eraheader,ISA06,No,,,,
faxinboxbilling,faxInboxLogId,No,,,,
faxinboxbilling,senderFaxNumber,Yes,MASK,senderFaxNumber,,
faxinboxbilling,receiverFaxNumber,Yes,MASK,receiverFaxNumber,,
faxinboxbilling,duration,No,,,,
faxinboxbilling,transactionId,No,,,,
faxinboxbilling,receivedDateTime,Yes,STATIC_OFFSET,,,
faxinboxbilling,didRequestedDate,Yes,STATIC_OFFSET,,,
faxinboxbilling,cutOffDate,Yes,STATIC_OFFSET,,,
faxinboxbilling,createdOn,Yes,STATIC_OFFSET,,,
faxinboxbilling,totalPages,No,,,,
faxinboxbilling,id,No,,,,
flowsheetdata,itemId,No,,,,
flowsheetdata,value,No,,,,
flowsheetdata,encounterId,Yes,ENCOUNTER_ID,,,
flowsheetdata,flowsheetId,No,,,,
flowsheetsettings,user_id,No,,,,
flowsheetsettings,id,No,,,,
flowsheetsettings,flowsheet_id,No,,,,
flowsheetsettings,patient_id,Yes,PATIENT_ID,,,
healowmergedccrcache,ptid,Yes,PATIENT_ID,,,
healowmergedccrcache,id,No,,,,
healowmergedccrcache,consent,No,,,,
healowmergedccrcache,encounterid,Yes,ENCOUNTER_ID,,,
healowmergedccrcache,fetcheddatetime,Yes,DATE_OFFSET,,,
healowmergedccrcache,readflag,No,,,,
healowmergedccrcache,delflag,No,,,,
healowmergedccrcache,timestamp,Yes,DATE_OFFSET,,,
healowmergedccrcache,ccrid,No,,,,
healowmergedccrcache,mergedCCR,No,,,,
healowmergedccrcache,hasphr,No,,,,
healowmergedccrcache,isdevicelinked,No,,,,
healowmergedccrcache,ccrstatus,No,,,,
healowmergedccrcache,isenc,No,,,,
healowmergedccrcache,hastracker,No,,,,
hotkeys,screenSelector,No,,,,
hotkeys,underlineCharacter,No,,,,
hotkeys,hotkey,No,,,,
hotkeys,inlineHint,No,,,,
hotkeys,clickableContainer,No,,,,
hotkeys,guideOffset,No,,,,
hotkeys,elementSelector,No,,,,
hotkeys,id,No,,,,
hotkeys,guideLocation,No,,,,
interfaceflaggedresults,id,No,,,,
interfaceflaggedresults,labId,No,,,,
interfaceflaggedresults,hl7MsgId,No,,,,
interfaceflaggedresults,emailSent,No,,,,
interfaceflaggedresults,createdTime,Yes,STATIC_OFFSET,,,
interfaceflaggedresults,description,No,,,,
interfaceflaggedresults,invalidSegments,No,,,,
interfaceflaggedresults,updatedDateTime,Yes,STATIC_OFFSET,,,
interfacexml,Rid,No,,,,
interfacexml,XMlId,No,,,,
interfacexml,sentid,No,,,,
interfacexml,Moddate,Yes,STATIC_OFFSET,,,
interfacexml,hl7msgId,No,,,,
interfacexml,XML,Yes,NOTES,,,
interfacexml,type,No,,,,
interop_pt_transaction_mapping,deleteflag,No,,,,
interop_pt_transaction_mapping,patientId,Yes,PATIENT_ID,,,
interop_pt_transaction_mapping,reqdatetime,Yes,DATE_OFFSET,,,
interop_pt_transaction_mapping,failedTransId,No,,,,
interop_pt_transaction_mapping,activeTransId,No,,,,
interop_pt_transaction_mapping,completedTransId,No,,,,
interop_pt_transaction_mapping,id,No,,,,
interopbatch,totalCnt,No,,,,
interopbatch,dtCreated,Yes,STATIC_OFFSET,,,
interopbatch,dtModified,Yes,STATIC_OFFSET,,,
interopbatch,STATUS,No,,,,
interopbatch,ACTION,No,,,,
interopbatch,ID,No,,,,
interopbatch,pidList,Yes,NOTES,,,
interopbatch,hubBatchId,No,,,,
interopbatch,retryCnt,No,,,,
interopbatchack,STATUS,No,,,,
interopbatchack,ss_downloaded,No,,,,
interopbatchack,retryCnt,No,,,,
interopbatchack,dtModified,Yes,STATIC_OFFSET,,,
interopbatchack,hubSentStatus,No,,,,
interopbatchack,cq_downloaded,No,,,,
interopbatchack,cw_downloaded,No,,,,
interopbatchack,CW_Enabled,No,,,,
interopbatchack,CQ_Enabled,No,,,,
interopbatchack,ID,No,,,,
interopbatchack,dtCreated,Yes,STATIC_OFFSET,,,
interopbatchack,SS_Enabled,No,,,,
interopbatchack,ACTION,No,,,,
interopbatchack,batchId,No,,,,
isplugininstalled,userId,No,,,,
isplugininstalled,id,No,,,,
isplugininstalled,ipaddress,Yes,MASK,COLUMN_NAME,,
isplugininstalled,macaddress,Yes,MASK,COLUMN_NAME,,
isplugininstalled,createdon,Yes,STATIC_OFFSET,,,
isplugininstalled,SESSION,No,,,,
kioskcheckedinenc,startTime,Yes,DATE_OFFSET,,,
kioskcheckedinenc,endTime,Yes,DATE_OFFSET,,,
kioskcheckedinenc,isCheckedIn,No,,,,
kioskcheckedinenc,encounterId,Yes,ENCOUNTER_ID,,,
kioskcheckedinenc,id,No,,,,
kioskcheckedinenc,dateTime,Yes,DATE_OFFSET,,,
kioskreports,userid,Yes,PATIENT_ID,,,
kioskreports,loggedInTime,Yes,DATE_OFFSET,,,
kioskreports,demoUpdateTime,Yes,DATE_OFFSET,,,
kioskreports,id,No,,,,
kioskreports,isPCPUpdateTime,Yes,DATE_OFFSET,,,
kioskreports,isRendProvUpdated,No,,,,
kioskreports,isRefProvUpdateTime,Yes,DATE_OFFSET,,,
kioskreports,isContactsUpdated,No,,,,
kioskreports,isAddnInsuranceScannedTime,Yes,DATE_OFFSET,,,
kioskreports,isAddnInsuranceScanned,No,,,,
kioskreports,appntCreationTime,Yes,DATE_OFFSET,,,
kioskreports,checkedInTime,Yes,DATE_OFFSET,,,
kioskreports,consentFormSignedTime,Yes,DATE_OFFSET,,,
kioskreports,isContactsUpdatedTime,Yes,DATE_OFFSET,,,
kioskreports,isLoggedOut,No,,,,
kioskreports,source,No,,,,
kioskreports,isProfilePictureUploaded,No,,,,
kioskreports,isProfilePictureUploadedTime,Yes,DATE_OFFSET,,,
kioskreports,isPtStructuredDataUpdated,No,,,,
kioskreports,isProfilePictureUpdateTime,Yes,DATE_OFFSET,,,
kioskreports,regKey,No,,,,
kioskreports,isEligPrimaryStatus,No,,,,
kioskreports,isEligPrimaryStatusTime,Yes,DATE_OFFSET,,,
kioskreports,isRefProvUpdated,No,,,,
kioskreports,isRendProvUpdateTime,Yes,DATE_OFFSET,,,
kioskreports,isVoiceEnabledStatusTime,Yes,DATE_OFFSET,,,
kioskreports,isSurgicalHistEdited,No,,,,
kioskreports,isSurgicalHistEditedTime,Yes,DATE_OFFSET,,,
kioskreports,isTextEnabledStatusTime,Yes,DATE_OFFSET,,,
kioskreports,isTextEnabled,No,,,,
kioskreports,isHospitalizationHistEditedTime,Yes,DATE_OFFSET,,,
kioskreports,isHospitalizationHistEdited,No,,,,
kioskreports,isWebEnabled,No,,,,
kioskreports,isWebEnabledTime,Yes,DATE_OFFSET,,,
kioskreports,isAllergyEdited,No,,,,
kioskreports,isAllergyEditedTime,Yes,DATE_OFFSET,,,
kioskreports,isEligSecondaryStatusTime,Yes,DATE_OFFSET,,,
kioskreports,isEligSecondaryStatus,No,,,,
kioskreports,isImmunizationEditedTime,Yes,DATE_OFFSET,,,
kioskreports,isImmunizationEdited,No,,,,
kioskreports,isEligOtherStatus,No,,,,
kioskreports,isEligOtherStatusTime,Yes,DATE_OFFSET,,,
kioskreports,demographicsVerifiedTime,Yes,DATE_OFFSET,,,
kioskreports,insuranceAcceptTime,Yes,DATE_OFFSET,,,
kioskreports,isInsuranceAccepted,No,,,,
kioskreports,isDemographicsVerified,No,,,,
kioskreports,isPCPUpdated,No,,,,
kioskreports,isPharmacyDataUpdateTime,Yes,DATE_OFFSET,,,
kioskreports,isPharmacyDataUpdated,No,,,,
kioskreports,isPtStructuredDataUpdateTime,Yes,DATE_OFFSET,,,
kioskreports,insuranceDocsCapturediPadTime,Yes,DATE_OFFSET,,,
kioskreports,isInsuranceDocsCaptured,No,,,,
kioskreports,QueSubmitedTime,No,,,,
kioskreports,isQueSubmiited,No,,,,
kioskreports,isProfilePictureUpdate,No,,,,
kioskreports,driversIDScannedTime,Yes,DATE_OFFSET,,,
kioskreports,isDriversIDScanned,No,,,,
kioskreports,isInsuranceDocsCapturediPad,No,,,,
kioskreports,consentPHIFormSignedTime,Yes,DATE_OFFSET,,,
kioskreports,isPHIFormSigned,No,,,,
kioskreports,consentROIFormSignedTime,Yes,DATE_OFFSET,,,
kioskreports,isROIFormSigned,No,,,,
kioskreports,insuranceRejectTime,Yes,DATE_OFFSET,,,
kioskreports,isInsuranceRejected,No,,,,
kioskreports,isEligTertiaryStatus,No,,,,
kioskreports,isEligTertiaryStatusTime,Yes,DATE_OFFSET,,,
kioskreports,isVoiceEnabled,No,,,,
kioskreports,isDemographicUpdated,No,,,,
kioskreports,userName,No,,,,
kioskreports,paymentdoneTime,Yes,DATE_OFFSET,,,
kioskreports,ptCreateTime,Yes,DATE_OFFSET,,,
kioskreports,isPtCreated,No,,,,
kioskreports,amtPaid,Yes,DATE_OFFSET,,,
kioskreports,isAmtPaid,No,,,,
kioskreports,loggedoutTime,Yes,DATE_OFFSET,,,
maskedpatientmapping,CQ,No,,,,
maskedpatientmapping,CW,No,,,,
maskedpatientmapping,dtCreated,Yes,DATE_OFFSET,,,
maskedpatientmapping,pid,Yes,PATIENT_ID,,,
maskedpatientmapping,deleteflag,No,,,,
maskedpatientmapping,batchId,No,,,,
maskedpatientmapping,maskedpid,?,,,,
maskedpatientmapping,SS,No,,,,
maskedpatientmapping,ID,No,,,,
msgdetail,MsgTo,No,,,,
msgdetail,MsgId,No,,,,
msgdetail,toP2PNPI,No,,,,
msgdetail,Isdeleted,No,,,,
msgdetail,p2pToProviderName,No,,,,
muccdavalidresponse,id,No,,,,
muccdavalidresponse,referralId,No,,,,
muccdavalidresponse,validationResponse,No,,,,
my_favourites,id,No,,,,
my_favourites,userid,No,,,,
my_favourites,websync,No,,,,
my_favourites,displayindex,No,,,,
my_favourites,favid,No,,,,
ndcmismatchjobpatienttracking,DATETIME,Yes,DATE_OFFSET,,,
ndcmismatchjobpatienttracking,id,No,,,,
ndcmismatchjobpatienttracking,jobEndTime,Yes,DATE_OFFSET,,,
ndcmismatchjobpatienttracking,lastPatientid,Yes,PATIENT_ID,,,
ndcmismatchjobpatienttracking,patientName,Yes,MASK,PATIENT_NAME,,
nhxapptreferral,NHXApptBlockId,No,,,,
nhxapptreferral,referralId,Yes,PATIENT_ID,,,
nhxapptreferral,RefReqId,No,,,,
nhxapptreferral,RemoteEMRRefId,No,,,,
nhxapptreferral,apuId,No,,,,
nhxapptreferral,encounterId,Yes,ENCOUNTER_ID,,,
orderedsetsforenc,PtEncId,Yes,ENCOUNTER_ID,,,
orderedsetsforenc,deleteFlag,No,,,,
orderedsetsforenc,SelRxList,No,,,,
orderedsetsforenc,OrderSetEncId,Yes,ENCOUNTER_ID,,,
orderedsetsforenc,Id,No,,,,
orderedsetsforenc,SelImmList,No,,,,
orderedsetsforenc,SelLabList,No,,,,
orderedsetsforenc,SelProcList,No,,,,
orderedsetsforenc,SelDIList,No,,,,
ordersetdiagnoses,ItemId,No,,,,
ordersetdiagnoses,Id,No,,,,
ordersetdiagnoses,CommunityID,No,,,,
ordersetdiagnoses,OrderSetEncId,Yes,ENCOUNTER_ID,,,
ordersetdiagnoses,AsmtCode,No,,,,
ordersetdiagnoses,Risk,No,,,,
ordersetdiagnoses,deleteFlag,No,,,,
patientpicdimensions,height,No,,,,
patientpicdimensions,width,No,,,,
patientpicdimensions,pid,Yes,PATIENT_ID,,,
paymentlock_history,lastlock,No,,,,
paymentlock_history,Id,No,,,,
paymentlock_history,ModifiedDateTime,Yes,STATIC_OFFSET,,,
paymentlock_history,setBy,No,,,,
paymentlock_history,PaymentId,No,,,,
paymentlock_history,PaymentLockStatus,No,,,,
pcphistory,pid,Yes,PATIENT_ID,,,
pcphistory,userid,No,,,,
pcphistory,pcpid,No,,,,
pcphistory,Id,No,,,,
permissions,userId,No,,,,
permissions,itemId,No,,,,
permissions,permission,No,,,,
permissions,id,No,,,,
pharmacy,faxDialingCountryId,No,,,,
pharmacy,EPCSEnabled,No,,,,
pharmacy,pharmacyfaxprefix,No,,,,
pharmacy,ServiceLevel,No,,,,
pharmacy,vmid,No,,,,
pharmacy,delFlag,No,,,,
pharmacy,StoreName,No,,,,
pharmacy,pharmacystate,No,,,,
pharmacy,pharmacyzip,No,,,,
pharmacy,pmcid,No,,,,
pharmacy,pharmacyname,No,,,,
pharmacy,ss_pharmacyfax,No,,,,
pharmacy,pharmacyaddress,No,,,,
pharmacy,PillPassLocation,No,,,,
pharmacy,CrossStreet,No,,,,
pharmacy,NPI,No,,,,
pharmacy,pharmacyPhoneExt,No,,,,
pharmacy,pharmacyphone,No,,,,
pharmacy,pharmacyfax,No,,,,
pharmacy,pharmacyemail,No,,,,
pharmacy,MailOrderPharmacy,No,,,,
pharmacy,NCPDPID,No,,,,
pharmacy,EnterpriseId,No,,,,
pharmacy,EPrescribeEnabledBy,No,,,,
pharmacy,EPrescribeEnabled,No,,,,
pharmacy,pharmacyaddress2,No,,,,
pharmacy,pharmacycity,No,,,,
phyportalaccnt,securitypinstatus,No,,,,
phyportalaccnt,useICDFavourites,No,,,,
phyportalaccnt,useCPTFavourites,No,,,,
phyportalaccnt,tele_facid,No,,,,
phyportalaccnt,tele_visit_codeid,No,,,,
phyportalaccnt,mobileOtpType,No,,,,
phyportalaccnt,upwd,No,,,,
phyportalaccnt,securityA,No,,,,
phyportalaccnt,uname,No,,,,
phyportalaccnt,upincode,No,,,,
phyportalaccnt,uid,No,,,,
phyportalaccnt,Id,No,,,,
phyportalaccnt,lockedpincode,No,,,,
phyportalaccnt,useFavorites,No,,,,
phyportalaccnt,defaultIcdlink,No,,,,
phyportalaccnt,formsigneddate,No,,,,
phyportalaccnt,umemail,No,,,,
phyportalaccnt,FormsSigned,No,,,,
phyportalaccnt,accessNEnabled,No,,,,
phyportalaccnt,nimbusOtpType,No,,,,
phyportalaccnt,oncallprovider,No,,,,
phyportalaccnt,websync,No,,,,
phyportalaccnt,securityQ,No,,,,
phyportalaccnt,accessEnabled,No,,,,
phyportalaccnt,delFlag,No,,,,
preventive,displayIndex,No,,,,
preventive,catID,No,,,,
preventive,encounterID,Yes,ENCOUNTER_ID,,,
preventive,itemID,No,,,,
preventive,value,No,,,,
preventive,propID,No,,,,
prinsnumbers,ADAFL55TPIdType,No,,,,
prinsnumbers,LOOP2310BTP,No,,,,
prinsnumbers,useDentalElecOverride,No,,,,
prinsnumbers,HCFA24K,No,,,,
prinsnumbers,HCFA33Pin,No,,,,
prinsnumbers,HCFA33Grp,No,,,,
prinsnumbers,ADAFL50BPIdType,No,,,,
prinsnumbers,ADAFL50BP,No,,,,
prinsnumbers,ADAFL55TP,No,,,,
prinsnumbers,GroupNumber,No,,,,
prinsnumbers,LOOP2010AABPIdType,No,,,,
prinsnumbers,LOOP2010AABP,No,,,,
prinsnumbers,LOOP2310BTPIdType,No,,,,
prinsnumbers,UseHCFADefaults,No,,,,
prinsnumbers,Id,No,,,,
prinsnumbers,UseEMCDefaults,No,,,,
prinsnumbers,BillingFacilityId,No,,,,
prinsnumbers,TaxIdType,No,,,,
prinsnumbers,BA0_15,No,,,,
prinsnumbers,CA0_28,No,,,,
prinsnumbers,deleteflag,No,,,,
prinsnumbers,BA0_2,No,,,,
prinsnumbers,TaxId,No,,,,
prinsnumbers,useDentalFormOverride,No,,,,
prinsnumbers,ProviderNumber,No,,,,
prinsnumbers,RefProvGrpIdType,No,,,,
prinsnumbers,UseDefaults,No,,,,
prinsnumbers,SiteId,No,,,,
prinsnumbers,InsuranceId,Yes,MASK,COLUMN_NAME,,
prinsnumbers,EffDate,Yes,STATIC_OFFSET,,,
prinsnumbers,RefProvIdType,No,,,,
prinsnumbers,ProviderId,No,,,,
problemlist_ext,deleteFlag,No,,,,
problemlist_ext,Id,No,,,,
problemlist_ext,NKPFlag,No,,,,
problemlist_ext,PatientId,Yes,PATIENT_ID,,,
problemlist_ext,NKPDate,Yes,DATE_OFFSET,,,
proceduresattachments,catid,No,,,,
proceduresattachments,document,No,,,,
proceduresattachments,id,No,,,,
proceduresattachments,filename,No,,,,
proceduresattachments,itemid,No,,,,
proceduresattachments,docid,No,,,,
proceduresattachments,displayindex,No,,,,
proceduresattachments,encounterid,Yes,ENCOUNTER_ID,,,
proceduresattachments,deleteflag,No,,,,
pt_adv_directives,delflag,No,,,,
pt_adv_directives,displayindex,No,,,,
pt_adv_directives,Name,Yes,NOTES,,,
pt_adv_directives,PtId,Yes,PATIENT_ID,,,
pt_adv_directives,Id,No,,,,
pt_adv_directives,MDate,Yes,DATE_OFFSET,,,
pt_adv_directives,Code,No,,,,
ptrecalltemp,patientid,Yes,PATIENT_ID,,,
ptrecalltemp,id,No,,,,
qrda_validation_rules,contextXPath,Yes,NOTES,,,
qrda_validation_rules,validationTypeId,No,,,,
qrda_validation_rules,id,No,,,,
qrda_validation_rules,valueSetId,No,,,,
qrda_validation_rules,name,Yes,NOTES,,,
qrda_validation_rules,deleteFlag,No,,,,
qrda_validation_rules,prerequisiteRuleId,No,,,,
qrda_validation_rules,templateId,No,,,,
questaoe,inactive,No,,,,
questaoe,MaxChar,No,,,,
questaoe,itemid,No,,,,
questaoe,Required,No,,,,
questaoe,deleteflag,No,,,,
questaoe,FieldType,No,,,,
questaoe,QsId,No,,,,
questaoe,OBRCode,No,,,,
questaoe,ABN,No,,,,
questaoe,groupid,No,,,,
questaoe,labid,No,,,,
reasoncodes,AlphaId,No,,,,
reasoncodes,Deactivation_Date,Yes,STATIC_OFFSET,,,
reasoncodes,LastModified_Date,Yes,STATIC_OFFSET,,,
reasoncodes,Effective_Date,Yes,STATIC_OFFSET,,,
reasoncodes,id,No,,,,
reasoncodes,Description,Yes,NOTES,,,
reasoncodes,NumId,No,,,,
reasoncodes,Notes,Yes,NOTES,,,
reasoncodes,deactivationdate2,Yes,STATIC_OFFSET,,,
reasoncodes,deleteflag,No,,,,
reasoncodes,Code_value,No,,,,
reasoncodes,Code_type,No,,,,
reasoncodes,code_id,No,,,,
reasoncodes,lastmodifieddate2,Yes,STATIC_OFFSET,,,
reasoncodes,effectivedate2,Yes,STATIC_OFFSET,,,
reasoncodes_del,AlphaId,No,,,,
reasoncodes_del,Deactivation_Date,Yes,STATIC_OFFSET,,,
reasoncodes_del,LastModified_Date,Yes,STATIC_OFFSET,,,
reasoncodes_del,Effective_Date,Yes,STATIC_OFFSET,,,
reasoncodes_del,id,No,,,,
reasoncodes_del,Description,Yes,NOTES,,,
reasoncodes_del,NumId,No,,,,
reasoncodes_del,Notes,Yes,NOTES,,,
reasoncodes_del,deactivationdate2,Yes,STATIC_OFFSET,,,
reasoncodes_del,deleteflag,No,,,,
reasoncodes_del,Code_value,No,,,,
reasoncodes_del,Code_type,No,,,,
reasoncodes_del,code_id,No,,,,
reasoncodes_del,lastmodifieddate2,Yes,STATIC_OFFSET,,,
reasoncodes_del,effectivedate2,Yes,STATIC_OFFSET,,,
reasoncodesebo,AlphaId,No,,,,
reasoncodesebo,Deactivation_date,Yes,STATIC_OFFSET,,,
reasoncodesebo,effective_date,Yes,STATIC_OFFSET,,,
reasoncodesebo,NumId,No,,,,
reasoncodesebo,deactivationdate2,Yes,STATIC_OFFSET,,,
reasoncodesebo,Notes,Yes,NOTES,,,
reasoncodesebo,LastModified_Date,Yes,STATIC_OFFSET,,,
reasoncodesebo,code_id,No,,,,
reasoncodesebo,Code_type,No,,,,
reasoncodesebo,id,No,,,,
reasoncodesebo,effectivedate2,Yes,STATIC_OFFSET,,,
reasoncodesebo,description,Yes,NOTES,,,
reasoncodesebo,Code_value,No,,,,
reasoncodesebo,lastmodifieddate2,Yes,STATIC_OFFSET,,,
reasoncodesebo,deleteflag,No,,,,
record_history,keyColumn,Yes,NOTES,,,
record_history,keyColumnValue,No,,,,
record_history,Id,No,,,,
record_history,Message,No,,,,
record_history,tablename,No,,,,
record_history,ModifiedDate,Yes,STATIC_OFFSET,,,
record_history,ModifiedBy,No,,,,
ref_attachments,doctype,No,,,,
ref_attachments,RefId,No,,,,
ref_attachments,size,No,,,,
ref_attachments,docId,No,,,,
ref_attachments,id,No,,,,
referraldetail,visitNo,No,,,,
referraldetail,referralId,No,,,,
referraldetail,invoiceId,No,,,,
referraldetail,unitsUsed,No,,,,
referraldetail,encounterID,Yes,ENCOUNTER_ID,,,
referralex,Id,No,,,,
referralex,CaseId,No,,,,
referralex,ReferralId,No,,,,
refillpres_sync,id,No,,,,
refillpres_sync,delflag,No,,,,
refillpres_sync,refillId,No,,,,
refillpres_sync,websync,No,,,,
refillpres_sync,lastupdatetime,Yes,STATIC_OFFSET,,,
refreshproviderlicense,userid,Yes,PATIENT_ID,,,
refreshproviderlicense,modifieddate,Yes,DATE_OFFSET,,,
refunds,PrintTime,No,,,,
refunds,ReceiverType,No,,,,
refunds,ReceiverId,Yes,PATIENT_ID,,,
refunds,type,No,,,,
refunds,RefundId,No,,,,
refunds,refundLock,No,,,,
refunds,facilityId,No,,,,
refunds,modifiedDate,Yes,DATE_OFFSET,,,
refunds,VoidRefundRefId,No,,,,
refunds,PrintedBy,No,,,,
refunds,UnpostedCPT,Yes,MASK,COLUMN_NAME,,
refunds,unpostedrefunds,Yes,MASK,COLUMN_NAME,,
refunds,closingId,No,,,,
refunds,refundType,No,,,,
refunds,PayeeName,No,,,,
refunds,amount,Yes,MASK,COLUMN_NAME,,
refunds,checkNo,Yes,MASK,COLUMN_NAME,,
refunds,PostedTime,No,,,,
refunds,PostedDt,Yes,DATE_OFFSET,,,
refunds,deleteFlag,No,,,,
refunds,lockedBy,No,,,,
refunds,PostedBy,No,,,,
refunds,memo,Yes,NOTES,,,
refunds,PrintStatus,No,,,,
refunds,CheckRemitNotes,Yes,NOTES,,,
refunds,date,Yes,DATE_OFFSET,,,
refunds,PrintDate,Yes,DATE_OFFSET,,,
registry_currentmeds_lmd,Id,No,,,,
registry_currentmeds_lmd,LmToDate,No,,,,
registry_currentmeds_lmd,LmDateTime,Yes,STATIC_OFFSET,,,
registry_currentmeds_lmd,Description,No,,,,
registry_currentmeds_lmd,Migration_Status,No,,,,
registry_currentmeds_lmd,LmFromDate,No,,,,
registry_currentmeds_lmd,userId,No,,,,
rolepermissions,ItemId,No,,,,
rolepermissions,Id,No,,,,
rolepermissions,permission,No,,,,
rolepermissions,GroupId,No,,,,
rulesbatch,RuleBatchId,No,,,,
rulesbatch,UserId,No,,,,
rulesbatch,Start,Yes,STATIC_OFFSET,,,
rulesbatch,RunType,No,,,,
rulesbatch,Finish,Yes,STATIC_OFFSET,,,
rvu,ENDO_BASE,No,,,,
rvu,CONV_FACTOR,No,,,,
rvu,FACILITY_NA_INDICATOR,No,,,,
rvu,mp_RVU,No,,,,
rvu,FULLY_IMPLEMENTED_NON_FACILITY_TOTAL,No,,,,
rvu,FULLY_IMPLEMENTED_FACILITY_TOTAL,No,,,,
rvu,Pctc_ind,No,,,,
rvu,GLOB_DAYS,No,,,,
rvu,BILAT_SURG,No,,,,
rvu,ASST_SURG,No,,,,
rvu,CO_SURG,No,,,,
rvu,TEAM_SURG,No,,,,
rvu,MULT_PROC,No,,,,
rvu,POST_OP,No,,,,
rvu,MP_USED_FOR_OPPS_PAYMENT_AMOUNT,No,,,,
rvu,TRANSITIONED_NON_FAC_PE_RVU,No,,,,
rvu,FULLY_IMPLEMENTED_FACILITY_PE_RVU,No,,,,
rvu,ID,No,,,,
rvu,Year,No,,,,
rvu,Code,No,,,,
rvu,Diagnostic_Imaging_Family_Indicator,No,,,,
rvu,TRANSITIONED_FACILITY_PE_RVU,No,,,,
rvu,CALCULATION_FLAG,No,,,,
rvu,INTRA_OP,No,,,,
rvu,non_fac_NA_INDICATOR,No,,,,
rvu,FULLY_IMPLEMENTED_NON_FAC_PE_RVU,No,,,,
rvu,WORK_RVU,No,,,,
rvu,NOT_USED_FOR_MEDICARE__PAYMENT,No,,,,
rvu,STATUS_CODE,No,,,,
rvu,DESCRIPTION,No,,,,
rvu,Modifier,No,,,,
rvu,PRE_OP,No,,,,
rvu,deleteflag,No,,,,
rvu,type,No,,,,
rvu,fileversion,No,,,,
rvu,physc_supervision_of_diagnostic_PROCEDURES,No,,,,
rvu,TRANSITIONED_FACILITY__NA_INDICATOR,No,,,,
rvu,TRANSITIONED_NON_FAC_NA_INDICATOR,No,,,,
rvu,TRANSITIONED_NON_FACILITY_TOTAL,No,,,,
rvu,TRANSITIONED_FACILITY_TOTAL,No,,,,
rvu,FACILITY_PE_USED_FOR_OPPS_PAYMENT_AMOUNT,No,,,,
rvu,NON_FACILITY_PE_USED_FOR_OPPS_PAYMENT_AMOUNT,No,,,,
rvucms,non_facility_total,No,,,,
rvucms,non_fac_pe_rvu,No,,,,
rvucms,pctc_ind,No,,,,
rvucms,facility_total,No,,,,
rvucms,co_surg,No,,,,
rvucms,asst_surg,No,,,,
rvucms,pre_op,No,,,,
rvucms,glob_days,No,,,,
rvucms,bilat_surg,No,,,,
rvucms,mult_proc,No,,,,
rvucms,post_op,No,,,,
rvucms,intra_op,No,,,,
rvucms,facility_pe_used_for_opps_payment_amount,No,,,,
rvucms,non_facility_pe_used_for_opps_payment_amount,No,,,,
rvucms,mp_used_for_opps_payment_amount,No,,,,
rvucms,deleteflag,No,,,,
rvucms,diagnostic_imaging_family_indicator,No,,,,
rvucms,calculation_flag,No,,,,
rvucms,physc_supervision_of_diagnostic_proc,No,,,,
rvucms,conv_factor,No,,,,
rvucms,endo_base,No,,,,
rvucms,team_surg,No,,,,
rvucms,mp_rvu,No,,,,
rvucms,not_used_for_medicare_payment,No,,,,
rvucms,status_code,No,,,,
rvucms,year,No,,,,
rvucms,modifier,No,,,,
rvucms,hcpcs,No,,,,
rvucms,fileversion,No,,,,
rvucms,id,No,,,,
rvucms,work_rvu,No,,,,
rvucms,non_fac_na_indicator,No,,,,
rvucms,facility_pe_rvu,No,,,,
rvucms,description,No,,,,
rvucms,facility_na_indicator,No,,,,
rvucmscodes_base,physc_supervision_of_diagnostic_proc,No,,,,
rvucmscodes_base,facility_pe_used_for_opps_payment_amount,No,,,,
rvucmscodes_base,diagnostic_imaging_family_indicator,No,,,,
rvucmscodes_base,status_code,No,,,,
rvucmscodes_base,not_used_for_medicare_payment,No,,,,
rvucmscodes_base,work_rvu,No,,,,
rvucmscodes_base,non_facility_pe_used_for_opps_payment_amount,No,,,,
rvucmscodes_base,bilat_surg,No,,,,
rvucmscodes_base,deleteflag,No,,,,
rvucmscodes_base,asst_surg,No,,,,
rvucmscodes_base,mp_used_for_opps_payment_amount,No,,,,
rvucmscodes_base,non_facility_total,No,,,,
rvucmscodes_base,team_surg,No,,,,
rvucmscodes_base,endo_base,No,,,,
rvucmscodes_base,conv_factor,No,,,,
rvucmscodes_base,facility_total,No,,,,
rvucmscodes_base,calculation_flag,No,,,,
rvucmscodes_base,non_fac_na_indicator,No,,,,
rvucmscodes_base,non_fac_pe_rvu,No,,,,
rvucmscodes_base,post_op,No,,,,
rvucmscodes_base,year,No,,,,
rvucmscodes_base,description,No,,,,
rvucmscodes_base,id,No,,,,
rvucmscodes_base,hcpcs,No,,,,
rvucmscodes_base,fileversion,No,,,,
rvucmscodes_base,pctc_ind,No,,,,
rvucmscodes_base,modifier,No,,,,
rvucmscodes_base,facility_pe_rvu,No,,,,
rvucmscodes_base,mult_proc,No,,,,
rvucmscodes_base,pre_op,No,,,,
rvucmscodes_base,intra_op,No,,,,
rvucmscodes_base,mp_rvu,No,,,,
rvucmscodes_base,facility_na_indicator,No,,,,
rvucmscodes_base,co_surg,No,,,,
rvucmscodes_base,glob_days,No,,,,
securityitems,DeleteFlag,No,,,,
securityitems,isHealowPlus,No,,,,
securityitems,ItemGroupId,No,,,,
securityitems,IsPessimistic,No,,,,
securityitems,viewName,No,,,,
securityitems,keyName,No,,,,
securityitems,KeyDescription,No,,,,
securityitems,ID,No,,,,
securityitems,dispName,No,,,,
server_resource_utilization,TotalMemory,No,,,,
server_resource_utilization,logDateTime,No,,,,
server_resource_utilization,threadCount,No,,,,
server_resource_utilization,UsedMemory,No,,,,
server_resource_utilization,serverId,No,,,,
server_resource_utilization,cpuUsage,No,,,,
server_resource_utilization,id,No,,,,
siginfo,jsonImg,No,,,,
siginfo,signedDate,Yes,DATE_OFFSET,,,
siginfo,consentFormId,No,,,,
siginfo,signedByUserRelation,No,,,,
siginfo,loggedInUserType,No,,,,
siginfo,signedByUserFname,Yes,MASK,signedByUserFname,,
siginfo,uid,Yes,PATIENT_ID,,,
siginfo,isFormAccepted,No,,,,
siginfo,id,No,,,,
siginfo,byteImg,No,,,,
siginfo,documentId,No,,,,
siginfo,content,Yes,NOTES,,,
siginfo,signedByUserLname,Yes,MASK,signedByUserLname,,
smartsearchsettingsinfo,screenSelector,No,,,,
smartsearchsettingsinfo,elementSelectorForHighlighting,No,,,,
smartsearchsettingsinfo,settingName,No,,,,
smartsearchsettingsinfo,fieldSelector,No,,,,
smartsearchsettingsinfo,screenId,No,,,,
smartsearchsettingsinfo,settingDescription,No,,,,
smartsearchsettingsinfo,id,No,,,,
surescript_pharmacylist,pharmacyemail,No,,,,
surescript_pharmacylist,NPI,No,,,,
surescript_pharmacylist,pharmacyfax,No,,,,
surescript_pharmacylist,pharmacyphone,No,,,,
surescript_pharmacylist,pharmacyzip,No,,,,
surescript_pharmacylist,pharmacystate,No,,,,
surescript_pharmacylist,pharmacycity,No,,,,
surescript_pharmacylist,pharmacyaddress2,No,,,,
surescript_pharmacylist,pharmacyaddress,No,,,,
surescript_pharmacylist,PharmacyType,No,,,,
surescript_pharmacylist,phDeActiveDate,Yes,STATIC_OFFSET,,,
surescript_pharmacylist,phActiveDate,Yes,STATIC_OFFSET,,,
surescript_pharmacylist,ServiceLevel,No,,,,
surescript_pharmacylist,ServiceCode,No,,,,
surescript_pharmacylist,StatusFlag,No,,,,
surescript_pharmacylist,RouteSource,No,,,,
surescript_pharmacylist,CrossStreet,No,,,,
surescript_pharmacylist,NCPDPID,No,,,,
surescript_pharmacylist,pharmacyname,No,,,,
sws_attrib_mapper_master_normalization,id,No,,,,
sws_attrib_mapper_master_normalization,masterId,No,,,,
sws_attrib_mapper_master_normalization,linkid,No,,,,
sws_attrib_mapper_master_normalization,linktype,No,,,,
sws_attrib_mapper_master_normalization,delflag,No,,,,
sws_attrib_mapper_master_normalization,exceptioncommunityid,No,,,,
sws_attrib_mapper_master_normalization,checkPastImm,No,,,,
sws_attrib_mapper_master_normalization,cqwid,No,,,,
sws_attrib_mapper_master_normalization,isMeasureOnTestResult,No,,,,
sws_attrib_mapper_master_normalization,isMeasureOnCollectionDate,No,,,,
tbladditionalinfo,pid,Yes,PATIENT_ID,,,
tbladditionalinfodecrypted,ethnicity,No,,,,
tbladditionalinfodecrypted,RefPrId,No,,,,
tbladditionalinfodecrypted,mobileno,Yes,MASK,PHONE_NUMBER,,
tbladditionalinfodecrypted,workPhone,Yes,MASK,PHONE_NUMBER,,
tbladditionalinfodecrypted,PcpID,No,,,,
tbladditionalinfodecrypted,strAddress1,Yes,MASK,PO_BOX_STREET,,
tbladditionalinfodecrypted,city,Yes,MASK,CITY,,
tbladditionalinfodecrypted,restype,No,,,,
tbladditionalinfodecrypted,Id,No,,,,
tbladditionalinfodecrypted,pid,Yes,PATIENT_ID,,,
tbladditionalinfodecrypted,uparea,No,,,,
tbladditionalinfodecrypted,portalUpdateTimeVal,Yes,DATE_OFFSET,,,
tbladditionalinfodecrypted,empAddress1,Yes,MASK,COLUMN_NAME,,
tbladditionalinfodecrypted,empAddress2,Yes,MASK,COLUMN_NAME,,
tbladditionalinfodecrypted,strAddress2,Yes,MASK,PO_BOX_STREET,,
tbladditionalinfodecrypted,empName,Yes,MASK,COLUMN_NAME,,
tbladditionalinfodecrypted,empState,No,,,,
tbladditionalinfodecrypted,empCity,Yes,MASK,COLUMN_NAME,,
tbladditionalinfodecrypted,pharmacyId,No,,,,
tbladditionalinfodecrypted,empZipCode,Yes,ZIP_CODE,,,
tbladditionalinfodecrypted,timeVal,Yes,DATE_OFFSET,,,
tbladditionalinfodecrypted,race,No,,,,
tbladditionalinfodecrypted,maritalStatus,No,,,,
tbladditionalinfodecrypted,RendPrId,No,,,,
tbladditionalinfodecrypted,language,No,,,,
tbladditionalinfodecrypted,zip,Yes,ZIP_CODE,,,
tbladditionalinfodecrypted,state,No,,,,
tblportalcontacts,id,No,,,,
tblportalcontacts,pid,Yes,PATIENT_ID,,,
tblportalcontacts,contactId,Yes,PATIENT_ID,,,
tblportalmsg,dtDeleted,Yes,STATIC_OFFSET,,,
tblportalmsg,RefMsgId,No,,,,
tblportalmsg,dtSent,Yes,DATE_OFFSET,,,
tblportalmsg,dtArchived,Yes,STATIC_OFFSET,,,
tblportalmsg,dtReceived,Yes,DATE_OFFSET,,,
tblportalmsg,MsgTo,No,,,,
tblportalmsg,MsgFrom,Yes,PATIENT_ID,,,
tblportalmsg,uid,Yes,PATIENT_ID,,,
tblportalmsg,MsgType,No,,,,
tblportalmsg,MsgId,No,,,,
tblportalmsg,FolderId,No,,,,
tblportalmsg,Subject,No,,,,
tblportalmsg,Priority,No,,,,
tblportalmsg,dtRead,No,,,,
tblportalmsg,Body,No,,,,
tblportalusers,uid,Yes,,,,
tblportalusers,uname,Yes,MASK,PATIENT_NAME,,
tblportalusers,prefix,No,,,,
tblportalusers,suffix,No,,,,
tblportalusers,upaddress2,Yes,MASK,PO_BOX_STREET,,
tblportalusers,sex,No,,,,
tblportalusers,FormsSigned,No,,,,
tblportalusers,locked,No,,,,
tblportalusers,initials,No,,,,
tblportalusers,vmid,No,,,,
tblportalusers,resetPassword,No,,,,
tblportalusersdecrypted,isUnsubscribed,No,,,,
tblportalusersdecrypted,portalUpdateTimeVal,Yes,STATIC_OFFSET,,,
tblportalusersdecrypted,delFlag,No,,,,
tblportalusersdecrypted,pmcid,No,,,,
tblportalusersdecrypted,ssn,Yes,MASK,SSN,,
tblportalusersdecrypted,uwebPage,No,,,,
tblportalusersdecrypted,emailSent,No,,,,
tblportalusersdecrypted,activationdate,Yes,STATIC_OFFSET,,,
tblportalusersdecrypted,resetPassword,No,,,,
tblportalusersdecrypted,vmid,No,,,,
tblportalusersdecrypted,convDone,No,,,,
tblportalusersdecrypted,invalid,No,,,,
tblportalusersdecrypted,facilityId,No,,,,
tblportalusersdecrypted,upaddress2,Yes,MASK,PO_BOX_STREET,,
tblportalusersdecrypted,FormsSigned,No,,,,
tblportalusersdecrypted,sex,No,,,,
tblportalusersdecrypted,suffix,No,,,,
tblportalusersdecrypted,initials,No,,,,
tblportalusersdecrypted,ufname,Yes,MASK,PATIENT_NAME,,
tblportalusersdecrypted,uminitial,Yes,MASK,PATIENT_NAME,,
tblportalusersdecrypted,upwd,?,MASK,,,
tblportalusersdecrypted,uname,Yes,MASK,PATIENT_NAME,,
tblportalusersdecrypted,decryptedPreferredName,Yes,MASK,PATIENT_NAME,,
tblportalusersdecrypted,uid,Yes,PATIENT_ID,,,
tblportalusersdecrypted,locked,No,,,,
tblportalusersdecrypted,pwdGUID,No,,,,
tblportalusersdecrypted,timeVal,Yes,STATIC_OFFSET,,,
tblportalusersdecrypted,upstate,Yes,MASK,COLUMN_NAME,,
tblportalusersdecrypted,upPhone,Yes,MASK,PHONE_NUMBER,,
tblportalusersdecrypted,pwdCreated,No,,,,
tblportalusersdecrypted,id,No,,,,
tblportalusersdecrypted,oldSchemePwdReset,No,,,,
tblportalusersdecrypted,prefix,No,,,,
tblportalusersdecrypted,uemail,Yes,MASK,EMAIL_ID,,
tblportalusersdecrypted,dob,Yes,PATIENT_DOB,,,
tblportalusersdecrypted,zipcode,Yes,ZIP_CODE,,,
tblportalusersdecrypted,upcity,Yes,MASK,CITY,,
tblportalusersdecrypted,upaddress,Yes,MASK,PO_BOX_STREET,,
tblportalusersdecrypted,ulname,Yes,MASK,PATIENT_NAME,,
tblwebencdata,ReplyStatus,No,,,,
tblwebencdata,TransferStatus,No,,,,
tblwebencdata,LastModified,Yes,STATIC_OFFSET,,,
tblwebencdata,encounterID,Yes,ENCOUNTER_ID,,,
tblwebencdata,MsgId,No,,,,
tblwebmsgext,ParamName,No,,,,
tblwebmsgext,MsgId,No,,,,
tblwebmsgext,ParamValue,No,,,,
tcny_temp_ex,PatientId,Yes,PATIENT_ID,PATIENT_ID,,
tcny_utilization_ex,MeasureId,No,,,,
tcny_utilization_ex,Id,No,,,,
tcny_utilization_ex,Numerator,No,,,,
tcny_utilization_ex,Denominator,No,,,,
tcny_utilization_ex,PCGName,No,,,,
tcny_utilization_ex,PCGId,No,,,,
tcny_utilization_ex,FacId,No,,,,
tcny_utilization_ex,FacName,No,,,,
tcny_utilization_ex,InsName,No,,,,
tcny_utilization_ex,InsId,No,,,,
tcny_utilization_ex,Percentage,No,,,,
telenc_loghist,moduserid,No,,,,
telenc_loghist,moddate,Yes,DATE_OFFSET,,,
telenc_loghist,actionflag,No,,,,
telenc_loghist,seqno,No,,,,
telenc_loghist,StatusId,No,,,,
telenc_loghist,virtualflag,No,,,,
telenc_loghist,CallStatus_Name,No,,,,
telenc_loghist,CategoryId,No,,,,
telenc_loghist,assignedToId,No,,,,
telenc_loghist,uid,No,,,,
telenc_loghist,TicketID,No,,,,
telenc_loghist,encounterId,Yes,ENCOUNTER_ID,ENCOUNTER_ID,,
telenc_loghist,pmcid,No,,,,
telenc_loghist,assignedTo,No,,,,
telenc_loghist,TypeDesc,No,,,,
telenc_loghist,TypeId,No,,,,
telenc_loghist,SubCategoryName,No,,,,
telenc_loghist,CallCount,No,,,,
telenc_loghist,CategoryName,No,,,,
telenc_loghist,LogID,No,,,,
telenc_loghist,priority,No,,,,
telenc_loghist,message,No,,,,
telenc_loghist,actiontaken,No,,,,
telenc_loghist,Caller,No,,,,
template,displayIndex,No,,,,
template,propID,No,,,,
template,catID,No,,,,
template_category,modifiedBy,No,,,,
template_category,Access,No,,,,
template_category,createdBy,No,,,,
template_category,catId,No,,,,
template_category,catName,No,,,,
template_category,templateid,No,,,,
template_category,id,No,,,,
template_del,propID,No,,,,
template_del,displayIndex,No,,,,
template_del,ModifyDate,Yes,STATIC_OFFSET,,,
template_del,Id,No,,,,
template_del,catID,No,,,,
tracker_notification_details,notification_id,No,,,,
tracker_notification_details,source_name,No,,,,
tracker_notification_details,ts_utc,Yes,STATIC_OFFSET,,,
tracker_notification_details,tracker_name,No,,,,
tracker_notification_details,id,No,,,,
tracker_notification_details,tracker_id,No,,,,
tracker_notifications,id,No,,,,
tracker_notifications,healow_uid,No,,,,
tracker_notifications,portal_uid,No,,,,
tracker_notifications,ts_utc,Yes,STATIC_OFFSET,,,
tracker_notifications,notification_date,Yes,STATIC_OFFSET,,,
transactions,amount,Yes,MASK,COLUMN_NAME,,
transactions,TrRefId,No,,,,
transactions,TrType,No,,,,
transactions,time,No,,,,
transactions,date,Yes,DATE_OFFSET,,,
transactions,UserId,Yes,PATIENT_ID,PATIENT_ID,,
transactions,modifiedDate,Yes,DATE_OFFSET,,,
transactions,closingId,No,,,,
transactions,TrFlag,No,,,,
transactions,Id,No,,,,
transactions,description,No,,,,
txtenabledpatients,ServiceProviderId,No,,,,
txtenabledpatients,OtherContactType,No,,,,
txtenabledpatients,healthMaintenance,No,,,,
txtenabledpatients,language,No,,,,
txtenabledpatients,ptstatements,No,,,,
txtenabledpatients,generalNotification,No,,,,
txtenabledpatients,id,No,,,,
txtenabledpatients,uid,Yes,PATIENT_ID,PATIENT_ID,,
txtenabledpatients,timetocall,No,,,,
txtenabledpatients,appointments,No,,,,
txtenabledpatients,Rx,No,,,,
txtenabledpatients,ContactType,No,,,,
txtenabledpatients,datemodified,Yes,DATE_OFFSET,,,
txtenabledpatients,labs,No,,,,
ub92insitemsetup,InsId,Yes,MASK,COLUMN_NAME,,
ub92insitemsetup,value,No,,,,
ub92insitemsetup,itemName,No,,,,
ub92insitemsetup,isChecked,No,,,,
uifield_idt_missing,uifieldtype,No,,,,
uifield_idt_missing,uifieldname,No,,,,
uifield_idt_missing,logdatetime,Yes,STATIC_OFFSET,,,
uifield_idt_missing,uiscreenname,No,,,,
uifield_idt_missing,id,No,,,,
uifield_idt_missing,modality,No,,,,
uifield_view_mapping,uiscreenname,No,,,,
uifield_view_mapping,modality,No,,,,
uifield_view_mapping,viewIdentifier,No,,,,
uifield_view_mapping,id,No,,,,
uifielddb,datarefid,No,,,,
uifielddb,deleteflag,No,,,,
uifielddb,patternid,No,,,,
uifielddb,dbtbldatatype,No,,,,
uifielddb,ecw_col_max_length,No,,,,
uifielddb,id,No,,,,
uifielddb,dbtblfieldname,No,,,,
uifielddb,ecw_col_max_val,No,,,,
uifielddb,ecw_col_min_val,No,,,,
uifielddb,dbtblname,No,,,,
uifielddetail,deleteflag,No,,,,
uifielddetail,patternid,No,,,,
uifielddetail,screenmaxlength,No,,,,
uifielddetail,ecw_col_min_length,No,,,,
uifielddetail,uifieldlabel,No,,,,
uifielddetail,screenfldrefid,No,,,,
uifielddetail,id,No,,,,
uifieldheader,screenfldrefid,No,,,,
uifieldheader,datarefid,No,,,,
uifieldheader,modality,No,,,,
uifieldheader,uiscreenfieldname,No,,,,
uifieldheader,uiscreenname,No,,,,
uifieldheader,deleteflag,No,,,,
uifieldheader,displayindex,No,,,,
uifieldheader,isgrid,No,,,,
uifieldheader,id,No,,,,
uifieldheader,disabled_field_pattern,No,,,,
uncompensatedclaimssearch,claimStatus,No,,,,
uncompensatedclaimssearch,submitterfacilityid,No,,,,
uncompensatedclaimssearch,uncompensatedId,No,,,,
uncompensatedclaimssearch,visitstatus,No,,,,
uncompensatedclaimssearch,id,No,,,,
uncompensatedclaimssearch,InvoiceDt,Yes,STATIC_OFFSET,,,
uncompensatedclaimssearch,submitterId,No,,,,
uncompensatedclaimssearch,groupcodes,No,,,,
uncompensatedclaimssearch,claimtype,No,,,,
updateduifielddblogs,new_dbtbldatatype,No,,,,
updateduifielddblogs,updatetime,Yes,STATIC_OFFSET,,,
updateduifielddblogs,dbtblfieldname,No,,,,
updateduifielddblogs,jobid,No,,,,
updateduifielddblogs,new_ecw_col_max_length,No,,,,
updateduifielddblogs,notes,No,,,,
updateduifielddblogs,dbtblname,No,,,,
updateduifielddblogs,datarefid,No,,,,
updateduifielddblogs,id,No,,,,
updateduifielddblogs,userid,No,,,,
updateduifielddblogs,deleteflag,No,,,,
updateduifielddblogs,old_ecw_col_max_length,No,,,,
updateduifielddblogs,old_dbtbldatatype,No,,,,
upgrade_sqlversions,id,No,,,,
upgrade_sqlversions,VersionType,No,,,,
upgrade_sqlversions,version,No,,,,
user_token,Server_Time,No,,,,
user_token,User_uid,No,,,,
user_token,generated_token,Yes,MASK,COLUMN_NAME,,
user_token,id,No,,,,
user_token,created_ts,Yes,STATIC_OFFSET,,,
user_token,invalidated_ts,Yes,STATIC_OFFSET,,,
user_token,Is_valid,No,,,,
user_token,Application_code,No,,,,
userlonglat,id,No,,,,
userlonglat,userid,No,,,,
userlonglat,Longitude,No,,,,
userlonglat,Latitude,No,,,,
users_sync,delFlag,No,,,,
users_sync,websync,No,,,,
users_sync,formsigneddate,Yes,STATIC_OFFSET,,,
users_sync,usertype,No,,,,
users_sync,Id,No,,,,
users_sync,uid,No,,,,
userschedulesettings,deleteflag,No,,,,
userschedulesettings,userid,No,,,,
userschedulesettings,doctorid,No,,,,
userschedulesettings,moddate,Yes,STATIC_OFFSET,,,
userschedulesettings,moduserid,No,,,,
userschedulesettings,SeqID,No,,,,
useruidefaults,id,No,,,,
useruidefaults,doctorId,No,,,,
useruidefaults,propertyValue,No,,,,
useruidefaults,propertyName,No,,,,
visitcodesdetails,DoctorId,No,,,,
visitcodesdetails,CodeId,No,,,,
visitcodesdetails,Minutes,No,,,,
visitsummaryoptions,doctorId,No,,,,
visitsummaryoptions,id,No,,,,
visitsummaryoptions,optionId,No,,,,
visitsummaryoptions,selected,No,,,,
visitsummaryoptions,OptionOrder,No,,,,
visitsummaryoptions,isRequired,No,,,,
workinghourssets,SetId,No,,,,
workinghourssets,UserId,No,,,,
workinghourssets,deleteFlag,No,,,,
workinghourssets,StartDate,Yes,STATIC_OFFSET,,,
workinghourssets,description,Yes,NOTES,,,
workinghourssets,EndDate,Yes,STATIC_OFFSET,,,
workinghourssets,RecurrenceId,No,,,,
workinghourssets,displayIndex,No,,,,
workinghourssets,templateid,No,,,,
x12addlpayersinfo,payercity,Yes,MASK,COLUMN_NAME,,
x12addlpayersinfo,payerzip,Yes,MASK,COLUMN_NAME,,
x12addlpayersinfo,payercountry,Yes,MASK,COLUMN_NAME,,
x12addlpayersinfo,payermiscinfo,Yes,NOTES,,,
x12addlpayersinfo,payertype,No,,,,
x12addlpayersinfo,payeraddress1,Yes,MASK,COLUMN_NAME,,
x12addlpayersinfo,plannumber,No,,,,
x12addlpayersinfo,payername,Yes,MASK,COLUMN_NAME,,
x12addlpayersinfo,submissionid,No,,,,
x12addlpayersinfo,id,No,,,,
x12addlpayersinfo,ebtype,No,,,,
x12addlpayersinfo,payeraddress2,Yes,MASK,COLUMN_NAME,,
x12addlpayersinfo,payerstate,Yes,MASK,COLUMN_NAME,,
x12addlpayersinfo,ebid,No,,,,
x12dtp,DTPFormatQualifier,No,,,,
x12dtp,TimeStamp,Yes,DATE_OFFSET,,,
x12dtp,DTPQualifier,No,,,,
x12dtp,id,No,,,,
x12dtp,SubmissionId,No,,,,
x12dtp,DTPeriod,No,,,,
x12dtp,ClearingHouseId,No,,,,
x12dtp,TnsType,No,,,,
x12dtp,TnsRowId,No,,,,
x12dtp,ProviderId,No,,,,
x12dtp,ElementId,No,,,,
x12dtp,LoopId,No,,,,
x12dtp,PatientId,Yes,PATIENT_ID,,,
x12dtp,EncounterId,Yes,ENCOUNTER_ID,,,
x12refs,SubmissionId,No,,,,
x12refs,ClearingHouseId,No,,,,
x12refs,id,No,,,,
x12refs,TnsType,No,,,,
x12refs,TnsRowId,No,,,,
x12refs,ElementId,No,,,,
x12refs,RefIdQualifier,No,,,,
x12refs,EncounterId,Yes,ENCOUNTER_ID,,,
x12refs,PatientId,Yes,PATIENT_ID,,,
x12refs,ProviderId,No,,,,
x12refs,LoopId,No,,,,
x12refs,RefIdDescription,No,,,,
x12refs,TimeStamp,Yes,DATE_OFFSET,,,
aoeoptions,IsOptionDefault,No,,,,
aoeoptions,AOEId,No,,,,
aoeoptions,QsId,No,,,,
apptblockfacilities,facilityid,No,,,,
apptblockfacilities,blockid,No,,,,
apptblockfacilities,id,No,,,,
apptblocklogfacilities,id,No,,,,
apptblocklogfacilities,actiontype,No,,,,
apptblocklogfacilities,blocklogrefid,No,,,,
apptblocklogfacilities,facilityid,No,,,,
autoclaimbatch,Id,No,,,,
autoclaimbatch,BatchId,No,,,,
autoclaimbatch,TransacId,No,,,,
autoclaimbatch,Process,No,,,,
autoclaimbatch,deleteflag,No,,,,
autoclaimbatch,CreateTime,Yes,STATIC_OFFSET,,,
autoclaimbatch,CreatedTimeStamp,Yes,STATIC_OFFSET,,,
ccdbatchdataportabilityencinfo,Id,No,,,,
ccdbatchdataportabilityencinfo,BatchId,No,,,,
ccdbatchdataportabilityencinfo,EncounterId,Yes,ENCOUNTER_ID,ENCOUNTER_ID,,
ccdbatchdataportabilityencinfo,CCDGenerated,No,,,,
ccdbatchdataportabilityencinfo,PatientId,Yes,PATIENT_ID,PATIENT_ID,,
ccdbatchdataportabilityencinfo,ts,No,,,,
commonwellnetlink,dtModified,Yes,DATE_OFFSET,,,
commonwellnetlink,ptNetStatus,No,,,,
commonwellnetlink,updatedby,No,,,,
commonwellnetlink,netLinkData,No,,,,
commonwellnetlink,trid,No,,,,
commonwellnetlink,pid,Yes,PATIENT_ID,PATIENT_ID,,
commonwellnetlink,ID,No,,,,
commonwellnetlink,dtCreated,Yes,DATE_OFFSET,,,
commonwellnetlink,reviewed,No,,,,
commonwellptlink,dtCreated,Yes,PATIENT_ID,PATIENT_ID,,
commonwellptlink,ptLinkStatus,No,,,,
commonwellptlink,updatedby,No,,,,
commonwellptlink,ptLinkData,No,,,,
commonwellptlink,reviewed,No,,,,
commonwellptlink,dtModified,Yes,DATE_OFFSET,,,
commonwellptlink,trid,No,,,,
commonwellptlink,pid,Yes,PATIENT_ID,PATIENT_ID,,
commonwellptlink,ID,No,,,,
dcf_encpts,patientid,Yes,PATIENT_ID,,,
dcf_encpts,mod1,No,,,,
dcf_encpts,age,No,,,,
dcf_encpts,recentdate,Yes,DATE_OFFSET,,,
dcf_encpts,encounterid,Yes,ENCOUNTER_ID,,,
dcf_encpts,facilityid,No,,,,
dcf_encpts,mod3,No,,,,
dcf_encpts,mod2,No,,,,
dcf_encpts,ID,No,,,,
dcf_encpts,encdate,Yes,DATE_OFFSET,,,
dcf_encpts,codesetname,No,,,,
dcf_encpts,prid,No,,,,
electroniclabresults,UpgradeMigrateFlag,No,,,,
electroniclabresults,ptdob,Yes,PATIENT_DOB,PATIENT_DOB,,
electroniclabresults,LabId,No,,,,
electroniclabresults,MessageId,No,,,,
electroniclabresults,patientid,Yes,PATIENT_ID,PATIENT_ID,,
electroniclabresults,messagetype,No,,,,
electroniclabresults,sentid,No,,,,
electroniclabresults,DocName,No,,,,
electroniclabresults,OrderName,No,,,,
electroniclabresults,PtLastName,Yes,MASK,PATIENT_NAME,,
electroniclabresults,profileid,No,,,,
electroniclabresults,providerid,No,,,,
electroniclabresults,PtFirstName,Yes,MASK,PATIENT_NAME,,
electroniclabresults,OBRSno,No,,,,
electroniclabresults,Messagestatus,No,,,,
electroniclabresults,MessageContent,Yes,NOTES,,,
electroniclabresults,DateModified,Yes,DATE_OFFSET,,,
electroniclabresults,DateReceived,Yes,DATE_OFFSET,,,
electroniclabresults,reportname,No,,,,
electroniclabresults,errorlogs,No,,,,
electroniclabresults,reportid,No,,,,
electroniclabresults,NYSID,No,,,,
electroniclabresults,encounterid,Yes,ENCOUNTER_ID,ENCOUNTER_ID,,
electroniclabresults,hl7MsgId,No,,,,
electroniclabresults,colldate,Yes,DATE_OFFSET,,,
electroniclabresults,colltime,No,,,,
electroniclabresults,BookCase,No,,,,
electroniclabresults,errorStatusCode,No,,,,
electroniclabresults,examCode,No,,,,
electroniclabresults,itemid,No,,,,
electroniclabresults,facilityId,No,,,,
electroniclabresults,documentid,No,,,,
electroniclabresults,processflow,No,,,,
electroniclabresults,MigrateFlag,No,,,,
electroniclabresults,docHL7ID,No,,,,
electroniclabresults,XMLId,No,,,,
epaystmtupload,createdtime,Yes,DATE_OFFSET,,,
epaystmtupload,inserttime,Yes,DATE_OFFSET,,,
epaystmtupload,id,No,,,,
epaystmtupload,statementId,No,,,,
epaystmtupload,patientId,Yes,PATIENT_ID,PATIENT_ID,,
epaystmtupload,totalBalance,Yes,MASK,COLUMN_NAME,,
epaystmtupload,ePtStmtSlNo,No,,,,
epaystmtupload,filename,Yes,NOTES,,,
epaystmtupload,hashid,No,,,,
epaystmtupload,deleteflag,No,,,,
hashcodes,Id,No,,,,
hashcodes,hashcode,No,,,,
hashcodes,encId,Yes,ENCOUNTER_ID,ENCOUNTER_ID,,
hashcodes,patientId,Yes,PATIENT_ID,PATIENT_ID,,
healowpay_hashids,hashid,No,,,,
healowpay_hashids,deleteflag,No,,,,
healowpay_hashids,PatientId,Yes,PATIENT_ID,PATIENT_ID,,
healowpay_hashids,createddate,Yes,DATE_OFFSET,,,
healowpay_hashids,guid,?,,,,
healowpay_hashids,Id,No,,,,
healowpay_stmt_ref,hashid,No,,,,
healowpay_stmt_ref,Id,No,,,,
healowpay_stmt_ref,ePtStmtSlNo,No,,,,
healowpay_stmt_ref,deleteflag,No,,,,
icd9extdistinctcodes,description,No,,,,
icd9extdistinctcodes,id,No,,,,
icd9extdistinctcodes,tabid,No,,,,
icd9extdistinctcodes,icd9code,No,,,,
icd9exttemplate,tabid,No,,,,
icd9exttemplate,encounterid,Yes,ENCOUNTER_ID,ENCOUNTER_ID,,
icd9exttemplate,usedlastyear,No,,,,
icd9exttemplate,templatename,Yes,NOTES,,,
icd9exttemplate,description,No,,,,
icd9exttemplate,icd9code,No,,,,
icd9exttemplate,access,No,,,,
icd9exttemplate,reason,No,,,,
icd9exttemplate,itemid,No,,,,
icd9exttemplate,id,No,,,,
ik_auth,iktype,No,,,,
ik_auth,securitykey,No,,,,
ik_auth,name,No,,,,
ik_auth,id,No,,,,
ik_auth,saveaccess,No,,,,
ik_auth,clientaccess,No,,,,
medicarefeeschimportlogdetail,allowedfee,Yes,MASK,COLUMN_NAME,,
medicarefeeschimportlogdetail,cptid,No,,,,
medicarefeeschimportlogdetail,cptcode,No,,,,
medicarefeeschimportlogdetail,logid,No,,,,
medicarefeeschimportlogdetail,id,No,,,,
medicarefeeschimportlogdetail,deleteflag,No,,,,
medicarefeeschimportlogdetail,cost,Yes,MASK,COLUMN_NAME,,
medicarefeeschimportlogdetail,insertedby,No,,,,
medicarefeeschimportlogdetail,datetime,Yes,STATIC_OFFSET,,,
medicarefeeschimportlogdetail,fee,Yes,MASK,COLUMN_NAME,,
perfstatsdata,perfdata,No,,,,
perfstatsdata,userid,?,,,,
prisma_section_order_master_config,sectionName,No,,,,
prisma_section_order_master_config,id,No,,,,
prisma_section_order_master_config,groupId,No,,,,
prisma_section_order_master_config,titleId,No,,,,
ptcollectiontemp,ptbalance,Yes,MASK,COLUMN_NAME,,
ptcollectiontemp,isRuleApply,No,,,,
ptcollectiontemp,createddate,Yes,DATE_OFFSET,,,
ptcollectiontemp,createdtime,No,,,,
ptcollectiontemp,sessionid,No,,,,
ptcollectiontemp,id,No,,,,
ptcollectiontemp,truserid,No,,,,
ptcollectiontemp,patientid,Yes,PATIENT_ID,PATIENT_ID,,
smsmsgreply,DateCreated,Yes,STATIC_OFFSET,DATE_OFFSET,,
smsmsgreply,ApiVersion,No,,,,
smsmsgreply,ID,No,,,,
smsmsgreply,FromNo,Yes,MASK,PHONE_NUMBER,,
smsmsgreply,SmsMessageSid,Yes,MASK,COLUMN_NAME,,
smsmsgreply,SmsSid,Yes,MASK,COLUMN_NAME,,
smsmsgreply,FromCity,Yes,MASK,CITY,,
smsmsgreply,ToNo,Yes,MASK,PHONE_NUMBER,,
smsmsgreply,AccountSid,Yes,MASK,COLUMN_NAME,,
smsmsgreply,RefId,No,,,,
smsmsgreply,uploadlocation,Yes,MASK,COLUMN_NAME,,
smsmsgreply,VisitUpdated,No,,,,
smsmsgreply,ConfirmNumber,No,,,,
smsmsgreply,ToState,No,,,,
smsmsgreply,ToCountry,No,,,,
smsmsgreply,ToCity,Yes,MASK,CITY,,
smsmsgreply,FromZip,Yes,ZIP_CODE,ZIP_CODE,,
smsmsgreply,ToZip,Yes,ZIP_CODE,ZIP_CODE,,
smsmsgreply,Body,Yes,NOTES,,,
smsmsgreply,SmsStatus,No,,,,
smsmsgreply,FromCountry,No,,,,
smsmsgreply,FromState,No,,,,
sws_response,patientid,Yes,PATIENT_ID,,,
sws_response,remindin,No,,,,
sws_response,Notes,Yes,NOTES,,,
sws_response,delFlag,No,,,,
sws_response,QuesValue,Yes,NOTES,,,
sws_response,ModifiedBy,No,,,,
sws_response,lastanswered,No,,,,
sws_response,QuesId,No,,,,
sws_response,ModifiedDateTime,Yes,DATE_OFFSET,,,
sws_response,docid,No,,,,
sws_response,encid,Yes,ENCOUNTER_ID,,,
elabhistory,UserId,Yes,PATIENT_ID,,,
elabhistory,ServerTimestamp,Yes,DATE_OFFSET,,,
elabhistory,ClientTimestamp,Yes,DATE_OFFSET,,,
electronichl7content,labid,No,,,,
electronichl7content,DateReceived,Yes,STATIC_OFFSET,,,
electronichl7content,messagesize,No,,,,
electronichl7content,NEWHUB,No,,,,
electronichl7content,invalidSegmentFound,No,,,,
electronichl7content,maxsizeexceptiontype,No,,,,
electronichl7content,HubSpokeReceivedStatus,No,,,,
electronichl7content,status,No,,,,
electronichl7content,HL7MsgId,No,,,,
electronichl7content,allowedsize,No,,,,
electronichl7content,MigrateFlag,No,,,,
electronichl7content,UpgradeMigrateFlag,No,,,,
electronichl7content,newHL7Message,Yes,NOTES,,,
electronichl7content,DateModified,Yes,STATIC_OFFSET,,,
electronichl7content,SentId,No,,,,
measure_encounterdata_45019,id,No,,,,
measure_encounterdata_45019,measurereportid,No,,,,
measure_encounterdata_45019,patientid,Yes,PATIENT_ID,,,
measure_encounterdata_45019,encounterid,Yes,ENCOUNTER_ID,,,
measure_encounterdata_45019,encounterdate,Yes,DATE_OFFSET,,,
measure_encounterdata_45019,measure_signature,No,,,,
measure_encounterdata_45019,prid,No,,,,
measure_encounterdata_49019,id,No,,,,
measure_encounterdata_49019,measurereportid,No,,,,
measure_encounterdata_49019,patientid,Yes,PATIENT_ID,,,
measure_encounterdata_49019,encounterid,Yes,ENCOUNTER_ID,,,
measure_encounterdata_49019,encounterdate,Yes,DATE_OFFSET,,,
measure_encounterdata_49019,measure_signature,No,,,,
measure_encounterdata_49019,prid,No,,,,
ebotime,ID,No,,,,
ebotime,Time,No,,,,
ebotime,Hour,No,,,,
ebotime,Minute,No,,,,
ebotime,Second,No,,,,
ebotime,AmPm,No,,,,
ebotime,StandardTime,No,,,,
cqm_query,PriorityFlag,No,,,,
cqm_query,Query,No,,,,
cqm_query,Valueset,No,,,,
cqm_query,deleteFlag,No,,,,
cqm_query,dbType,No,,,,
cqm_query,requiresFunction,No,,,,
cqm_query,lowValue,No,,,,
cqm_query,highValue,No,,,,
cqm_query,dependencies,No,,,,
cqm_query,version,No,,,,
appliedtemplateslog,Id,No,,,,
appliedtemplateslog,isFromTemplateScreen,No,,,,
appliedtemplateslog,ApptEncId,No,ENCOUNTER_ID,,,
appliedtemplateslog,TemplateEncId,No,ENCOUNTER_ID,,,
appliedtemplateslog,isMerged,No,,,,
batchfaxinglog,RuleId,No,,,,
batchfaxinglog,JobName,No,,,,
batchfaxinglog,BatchEndTime,Yes,STATIC_OFFSET,,,
batchfaxinglog,BatchStartTime,Yes,STATIC_OFFSET,,,
batchfaxinglog,RecordProcessed,No,,,,
batchfaxinglog,Message,No,,,,
batchfaxinglog,LogId,No,,,,
batchfaxinglog,recordToBeProcess,No,,,,
batchfaxinglog,Status,No,,,,
claim_provider_logs,providerType,No,,,,
claim_provider_logs,invCptId,No,,,,
claim_provider_logs,updatedDate,Yes,STATIC_OFFSET,,,
claim_provider_logs,invId,No,,,,
claim_provider_logs,Id,No,,,,
claim_provider_logs,oldValue,No,,,,
claim_provider_logs,newValue,No,,,,
claim_provider_logs,userAction,No,,,,
claim_provider_logs,logType,No,,,,
claim_provider_logs,updatedBy,No,,,,
claimcollectionstatlog,UpdateTime,Yes,STATIC_OFFSET,,,
claimcollectionstatlog,Id,No,,,,
claimcollectionstatlog,InvoiceId,No,,,,
claimcollectionstatlog,currentcollstatus,No,,,,
claimcollectionstatlog,ClaimCollectionStat,No,,,,
claimcollectionstatlog,comments,No,,,,
claimcollectionstatlog,deleteflag,No,,,,
claimcollectionstatlog,upddate,Yes,STATIC_OFFSET,,,
claimcollectionstatlog,guarantorId,?,,,,
claimcollectionstatlog,UpdTime,No,,,,
claimcollectionstatlog,UpdatedBy,No,,,,
claimicdchangeslog,ICD,No,,,,
claimicdchangeslog,ModifiedDt,Yes,STATIC_OFFSET,,,
claimicdchangeslog,OperationType,No,,,,
claimicdchangeslog,Modifiedby,No,,,,
claimicdchangeslog,deleteflag,No,,,,
claimicdchangeslog,ItemId,No,,,,
claimicdchangeslog,id,No,,,,
claimicdchangeslog,InvId,No,,,,
claims_insurance_logs,id,No,,,,
claims_insurance_logs,log_user_id,No,,,,
claims_insurance_logs,new_value,Yes,NOTES,,,
claims_insurance_logs,log_datetime,Yes,STATIC_OFFSET,,,
claims_insurance_logs,user_action,No,,,,
claims_insurance_logs,claim_id,Yes,MASK,COLUMN_NAME,,
claims_insurance_logs,old_value,Yes,NOTES,,,
clinicianallergies_match_log,id,No,,,,
clinicianallergies_match_log,itemId,No,,,,
clinicianallergies_match_log,deleteFlag,No,,,,
clinicianallergies_match_log,createdDateTime,Yes,DATE_OFFSET,,,
clinicianallergies_match_log,userId,No,,,,
clinicianallergies_match_log,itemName,No,,,,
clinicianallergies_match_log,encId,Yes,ENCOUNTER_ID,,,
clmpatfeeschlog,UpdateBy,No,,,,
clmpatfeeschlog,UpdateDate,Yes,STATIC_OFFSET,,,
clmpatfeeschlog,id,No,,,,
clmpatfeeschlog,FeeSchIdFrom,No,,,,
clmpatfeeschlog,LogType,No,,,,
clmpatfeeschlog,LogId,No,,,,
clmpatfeeschlog,UpdDateTime,Yes,STATIC_OFFSET,,,
clmpatfeeschlog,FeeSchIdTo,No,,,,
clmpatfeeschlog,UpdateTime,Yes,STATIC_OFFSET,,,
commonwellreqlog,trid,Yes,NOTES,,,
commonwellreqlog,resData,Yes,NOTES,,,
commonwellreqlog,dtCreated,Yes,DATE_OFFSET,,,
commonwellreqlog,reqStatus,No,,,,
commonwellreqlog,reqData,Yes,NOTES,,,
commonwellreqlog,hubSentStatus,No,,,,
commonwellreqlog,requestedBy,No,,,,
commonwellreqlog,pid,Yes,PATIENT_ID,,,
commonwellreqlog,batchid,Yes,PATIENT_ID,,,
commonwellreqlog,ID,No,,,,
commonwellreqlog,vendor,No,,,,
cptfeeschlog,Type,No,,,,
cptfeeschlog,Id,No,,,,
cptfeeschlog,CptItemId,No,,,,
cptfeeschlog,UpdTime,Yes,STATIC_OFFSET,,,
cptfeeschlog,UpdatedBy,No,,,,
cptfeeschlog,UpdTS,Yes,STATIC_OFFSET,,,
cptfeeschlog,UpdDate,Yes,STATIC_OFFSET,,,
cptfeeschlog,ToVal,Yes,MASK,COLUMN_NAME,,
cptfeeschlog,diff,Yes,MASK,COLUMN_NAME,,
cptfeeschlog,FeeSchId,No,,,,
cptfeeschlog,FromVal,Yes,MASK,COLUMN_NAME,,
descofservicelocklog,UserId,No,,,,
descofservicelocklog,deleteflag,No,,,,
descofservicelocklog,jobcreationtime,Yes,STATIC_OFFSET,,,
descofservicelocklog,id,No,,,,
descofservicelocklog,jobid,No,,,,
downloadlogs,id,No,,,,
downloadlogs,downloadTime,Yes,STATIC_OFFSET,,,
downloadlogs,userid,No,,,,
downloadlogs,referenceid,No,,,,
downloadlogs,deleteFlag,No,,,,
downloadlogs,modulename,No,,,,
downloadlogs,typeofclient,No,,,,
emaillogs,doctorid,No,,,,
emaillogs,dtReceived,Yes,DATE_OFFSET,,,
emaillogs,readflag,No,,,,
emaillogs,body,No,,,,
emaillogs,subject,No,,,,
emaillogs,messageid,No,,,,
emaillogs,policyId,Yes,MASK,COLUMN_NAME,,
emaillogs,policyName,Yes,MASK,COLUMN_NAME,,
emaillogs,campaignid,No,,,,
emaillogs,healthMaintenance,No,,,,
emaillogs,inserttime,No,STATIC_OFFSET,,,
emaillogs,dtRead,Yes,DATE_OFFSET,,,
emaillogs,campaign,No,,,,
emaillogs,reportid,No,,,,
emaillogs,apuid,No,,,,
emaillogs,facilityid,No,,,,
emaillogs,patientid,Yes,PATIENT_ID,,,
emaillogs,id,No,,,,
emessagelogs,apuid,No,,,,
emessagelogs,id,No,,,,
emessagelogs,patientid,Yes,,,,
emessagelogs,campaignid,No,,,,
emessagelogs,SUBJECT,No,,,,
emessagelogs,doctorId,No,,,,
emessagelogs,campaign,No,,,,
emessagelogs,reportid,No,,,,
emessagelogs,inserttime,No,STATIC_OFFSET,,,
emessagelogs,facilityid,No,,,,
emessagelogs,Body,No,,,,
emessagelogs,dtReceived,Yes,DATE_OFFSET,,,
emessagelogs,readflag,No,,,,
emessagelogs,dtRead,Yes,DATE_OFFSET,,,
emessagelogs,healthMaintenance,No,,,,
emessagelogs,messageid,No,,,,
emessagelogs,policyid,Yes,MASK,COLUMN_NAME,,
emessagelogs,policy,Yes,MASK,COLUMN_NAME,,
encoded_url_param_logs,id,No,,,,
encoded_url_param_logs,encodedUrl,Yes,NOTES,,,
encoded_url_param_logs,createdBy,No,,,,
encoded_url_param_logs,originalUrl,Yes,NOTES,,,
encoded_url_param_logs,createdOn,Yes,DATE_OFFSET,,,
epcs_usersactivitylogs,status,No,,,,
epcs_usersactivitylogs,action,No,,,,
epcs_usersactivitylogs,userid,Yes,PATIENT_ID,PATIENT_ID,,
epcs_usersactivitylogs,logtime,No,STATIC_OFFSET,DATE_OFFSET,,
epcs_usersactivitylogs,mode,No,,,,
epcs_usersactivitylogs,type,No,,,,
epcs_usersactivitylogs,encid,No,,,,
epcs_usersactivitylogs,changedby,Yes,PATIENT_ID,PATIENT_ID,,
epcs_usersactivitylogs,severity,No,,,,
epcs_usersactivitylogs,id,No,,,,
eprescriptionpharmacylogs,EPrescribeEnabled,No,,,,
eprescriptionpharmacylogs,vmId,No,,,,
eprescriptionpharmacylogs,pharmacyEmail,Yes,MASK,EMAIL_ID,,
eprescriptionpharmacylogs,pharmacyFaxPrefix,No,,,,
eprescriptionpharmacylogs,NCPDPID,?,,,,
eprescriptionpharmacylogs,MailOrderPharmacy,No,,,,
eprescriptionpharmacylogs,pmcId,No,,,,
eprescriptionpharmacylogs,id,No,,,,
eprescriptionpharmacylogs,pharmacyFax,Yes,MASK,FAX,,
eprescriptionpharmacylogs,IPAddress,Yes,MASK,COLUMN_NAME,,
eprescriptionpharmacylogs,pharmacyPhone,Yes,MASK,PHONE_NUMBER,,
eprescriptionpharmacylogs,pharmacyZip,Yes,MASK,ZIP_CODE,,
eprescriptionpharmacylogs,pharmacyState,No,,,,
eprescriptionpharmacylogs,pharmacyCity,Yes,MASK,CITY,,
eprescriptionpharmacylogs,pharmacyAddress2,Yes,MASK,PO_BOX_STREET,,
eprescriptionpharmacylogs,pharmacyAddress,Yes,MASK,PO_BOX_STREET,,
eprescriptionpharmacylogs,Action,No,,,,
eprescriptionpharmacylogs,EPrescribeEnabledBy,No,,,,
eprescriptionpharmacylogs,ModifiedBy,?,PATIENT_ID,PATIENT_ID,,
eprescriptionpharmacylogs,ModifiedTime,No,STATIC_OFFSET,DATE_OFFSET,,
eprescriptionpharmacylogs,ModifiedDate,No,STATIC_OFFSET,DATE_OFFSET,,
eptstmtbatchsubmission_logs,id,No,,,,
eptstmtbatchsubmission_logs,deleteflag,No,,,,
eptstmtbatchsubmission_logs,submittedtime,No,STATIC_OFFSET,,,
eptstmtbatchsubmission_logs,submitedby,?,PATIENT_ID,,,
eptstmtbatchsubmission_logs,BatchId,No,,,,
eptstmtbatchsubmission_logs,uploadvendorname,No,,,,
eptstmtbatchsubmission_logs,submitedstatus,No,,,,
ereferraltxlog,id,No,,,,
ereferraltxlog,extNHXApptBlockId,No,,,,
ereferraltxlog,extNHXRefTxId,?,,,,
ereferraltxlog,ReferralId,?,PATIENT_ID,,,
failedloginattemptslogs,timestamp,No,STATIC_OFFSET,,,
failedloginattemptslogs,uname,Yes,MASK,PATIENT_NAME,,
failedloginattemptslogs,fname,Yes,MASK,PATIENT_NAME,,
failedloginattemptslogs,requestIP,Yes,MASK,,,
failedloginattemptslogs,lname,Yes,MASK,PATIENT_NAME,,
failedloginattemptslogs,clientHostname,Yes,MASK,,,
failedloginattemptslogs,clientportnumber,Yes,MASK,,,
failedloginattemptslogs,message,No,,,,
faxaulogs,decryptedData,Yes,MASK,,,
faxaulogs,decryptedData2,Yes,MASK,,,
faxaulogs,reqipaddr,Yes,MASK,,,
faxaulogs,inserttime,No,STATIC_OFFSET,,,
faxaulogs,instanceId,?,,,,
faxaulogs,hostname,?,,,,
faxaulogs,ipaddress,?,,,,
faxaulogs,ua,No,,,,
faxaulogs,id,No,,,,
filetransferauditlog,EVENT,No,,,,
filetransferauditlog,fileNameWithPath,No,,,,
filetransferauditlog,STATUS,No,,,,
filetransferauditlog,eventStartDate,No,STATIC_OFFSET,DATE_OFFSET,,
filetransferauditlog,id,No,,,,
filetransferauditlog,loggedInUserId,No,,,,
filetransferauditlog,transferType,No,,,,
filetransferauditlog,description,No,,,,
filetransferauditlog,eventEndDate,No,STATIC_OFFSET,DATE_OFFSET,,
forms_access_logs,data,Yes,MASK,PATIENT_NAME,,
forms_access_logs,actionDateTime,No,STATIC_OFFSET,DATE_OFFSET,,
forms_access_logs,formId,No,,,,
forms_access_logs,formTypeId,No,,,,
forms_access_logs,userId,No,,,,
forms_access_logs,id,No,,,,
forms_access_logs,moduleId,No,,,,
forms_access_logs,actionId,No,,,,
forms_access_logs,encounterId,Yes,ENCOUNTER_ID,ENCOUNTER_ID,,
forms_access_logs,patientId,Yes,PATIENT_ID,PATIENT_ID,,
globalalertdetaillog,ExpiryDate,No,STATIC_OFFSET,DATE_OFFSET,,
globalalertdetaillog,type,No,,,,
globalalertdetaillog,ModifiedTime,No,STATIC_OFFSET,DATE_OFFSET,,
globalalertdetaillog,ModifiedDate,No,STATIC_OFFSET,DATE_OFFSET,,
globalalertdetaillog,userid,No,,,,
globalalertdetaillog,Notes,No,,,,
globalalertdetaillog,Id,No,,,,
globalalertdetaillog,PatientId,Yes,PATIENT_ID,PATIENT_ID,,
globalalertdetaillog,AlertId,No,,,,
globalalertdetaillog,priority,No,,,,
healowccrretrievelogs,encounterid,Yes,ENCOUNTER_ID,ENCOUNTER_ID,,
healowccrretrievelogs,timestamp,No,STATIC_OFFSET,DATE_OFFSET,,
healowccrretrievelogs,ptid,Yes,PATIENT_ID,PATIENT_ID,,
healowccrretrievelogs,ccrid,No,,,,
healowccrretrievelogs,log,No,,,,
healowccrretrievelogs,userid,No,,,,
healowccrretrievelogs,id,No,,,,
insurance_logs,actiondescription,No,,,,
insurance_logs,deleteflag,No,,,,
insurance_logs,actionflag,No,,,,
insurance_logs,modifieddatetime,No,STATIC_OFFSET,DATE_OFFSET,,
insurance_logs,id,No,,,,
insurance_logs,insuranceid,No,,,,
insurance_logs,modifiedById,No,,,,
interface_archive_log,archiveId,No,,,,
interface_archive_log,id,No,,,,
interface_archive_log,description,No,,,,
interface_archive_log,updatedDateTime,No,STATIC_OFFSET,DATE_OFFSET,,
interface_archive_log,STATUS,No,,,,
interop_previsit_request_log,encounterId,Yes,ENCOUNTER_ID,ENCOUNTER_ID,,
interop_previsit_request_log,homeCommunityId,No,,,,
interop_previsit_request_log,transId,No,,,,
interop_previsit_request_log,createdTime,No,STATIC_OFFSET,DATE_OFFSET,,
interop_previsit_request_log,queryStatus,No,,,,
interop_previsit_request_log,providerId,No,,,,
interop_previsit_request_log,patientId,Yes,PATIENT_ID,PATIENT_ID,,
interop_previsit_request_log,id,No,,,,
interop_previsit_request_log,triggerType,No,,,,
interop_transaction_logs,transactionid,No,,,,
interop_transaction_logs,id,No,,,,
interop_transaction_logs,reqDataStartDate,No,STATIC_OFFSET,DATE_OFFSET,,
interop_transaction_logs,reqDataEndDate,No,STATIC_OFFSET,DATE_OFFSET,,
interop_transaction_logs,ccr_gen_startDateTime,No,STATIC_OFFSET,DATE_OFFSET,,
interop_transaction_logs,ccr_gen_endDateTime,No,STATIC_OFFSET,DATE_OFFSET,,
interop_transaction_logs,deleteFlag,No,,,,
interop_transaction_logs,ecwPid,Yes,PATIENT_ID,PATIENT_ID,,
interop_transaction_logs,ccr_req_status,No,,,,
interop_transaction_logs,ccr_status_reason,No,,,,
interop_transaction_logs,doc_req_pid,No,,,,
interop_transaction_logs,xcpd_match_pid,Yes,PATIENT_ID,PATIENT_ID,,
interop_transaction_logs,reqDateTime,No,STATIC_OFFSET,DATE_OFFSET,,
interop_transaction_logs,respDateTime,No,STATIC_OFFSET,DATE_OFFSET,,
interop_transaction_logs,reqMsg_created_utcdatetime,No,STATIC_OFFSET,DATE_OFFSET,,
interop_transaction_logs,reason_text,No,,,,
interop_transaction_logs,failCode,No,,,,
interop_transaction_logs,reason_id_type,No,,,,
interop_transaction_logs,requestType,No,,,,
interop_transaction_logs,reqMsg_created_timezone,No,STATIC_OFFSET,DATE_OFFSET,,
interop_transaction_logs,req_status,No,,,,
invalidipforsessionlogs,sessionIp,No,,,,
invalidipforsessionlogs,id,No,,,,
invalidipforsessionlogs,requestIp,No,,,,
invalidipforsessionlogs,uid,No,,,,
invalidipforsessionlogs,mode,No,,,,
invalidipforsessionlogs,mismatchon,No,,,,
invalidipforsessionlogs,loginhash,No,MASK,,,
invalidipforsessionlogs,cdnclientrealip,No,,,,
invalidipforsessionlogs,sdatetime,No,STATIC_OFFSET,DATE_OFFSET,,
invalidipforsessionlogs,pageUrl,No,MASK,,,
invalidipforsessionlogs,denied,No,,,,
invalidipforsessionlogs,ipcheckonly,No,,,,
invalidipforsessionlogs,productUserAgent,No,,,,
kioskloginfailedlogs,lastName,No,,,,
kioskloginfailedlogs,firstName,No,,,,
kioskloginfailedlogs,gender,No,,,,
kioskloginfailedlogs,reason,No,,,,
kioskloginfailedlogs,time,No,STATIC_OFFSET,DATE_OFFSET,,
kioskloginfailedlogs,dob,?,,,,
kioskloginfailedlogs,facilityId,No,,,,
kioskloginfailedlogs,id,No,,,,
labdatadetaillog,Id,No,,,,
labdatadetaillog,PropId,No,,,,
labdatadetaillog,importFlag,No,,,,
labdatadetaillog,UpdatedTime,No,STATIC_OFFSET,DATE_OFFSET,,
labdatadetaillog,ReportId,No,,,,
labdatadetaillog,actiontaken,No,,,,
labdatadetaillog,UpdatedBy,No,,,,
letterlogs,loggeduserid,No,,,,
letterlogs,ACTION,No,,,,
letterlogs,date,Yes,DATE_OFFSET,,,
letterlogs,letterId,No,,,,
letterlogs,time,No,,,,
letterlogs,patientId,Yes,PATIENT_ID,PATIENT_NAME,,
letterlogs,printedBy,No,,,,
letterlogs,signatureproviderid,No,,,,
letterlogs,docId,No,,,,
letterlogs,Id,No,,,,
letterlogs,categoryID,No,,,,
letterlogs,letterName,Yes,NOTES,,,
log,encounterId,Yes,ENCOUNTER_ID,ENCOUNTER_ID,,
log,date,Yes,DATE_OFFSET,,,
log,userId,No,,,,
log,modifiedDate,Yes,DATE_OFFSET,,,
log,notes,No,,,,
log,timeZone,No,,,,
log,time,No,,,,
log,actionFlag,No,,,,
log_calculate_emcode,userid,No,,,,
log_calculate_emcode,serviceid,No,,,,
log_calculate_emcode,patientflag,No,,,,
log_calculate_emcode,examflag,No,,,,
log_calculate_emcode,decisionflag,No,,,,
log_calculate_emcode,historyflag,No,,,,
log_calculate_emcode,encounterid,Yes,ENCOUNTER_ID,ENCOUNTER_ID,,
log_calculate_emcode,datecalculated,Yes,DATE_OFFSET,,,
logallergyinteraction,reason,No,,,,
logallergyinteraction,encounter_id,Yes,ENCOUNTER_ID,,,
logallergyinteraction,loguserid,No,,,,
logallergyinteraction,eventdatetime,Yes,DATE_OFFSET,,,
logallergyinteraction,dataHtml,Yes,NOTES,,,
logallergyinteraction,id,No,,,,
logdruginteraction,erx_req_id,No,,,,
logdruginteraction,patient_id,Yes,PATIENT_ID,,,
logdruginteraction,notes,Yes,NOTES,,,
logdruginteraction,encounter_id,Yes,ENCOUNTER_ID,,,
logdruginteraction,ProviderAction,No,,,,
logdruginteraction,Data,Yes,NOTES,,,
logdruginteraction,htmlid,No,,,,
logdruginteraction,loguserid,No,,,,
logdruginteraction,eventdatetime,Yes,DATE_OFFSET,,,
logdruginteraction,id,No,,,,
logfilter,ACTION,No,,,,
logfilter,inserttime,No,,,,
logfilter,pattern,No,,,,
logfilter,id,No,,,,
logfilter,pageurl,Yes,MASK,COLUMN_NAME,,
logfilter,newvalue,Yes,NOTES,,,
logfilter,tagname,Yes,NOTES,,,
logfilter,oldvalue,Yes,NOTES,,,
logformularyrequests,ActionTime,Yes,DATE_OFFSET,,,
logformularyrequests,EncounterId,Yes,ENCOUNTER_ID,,,
logformularyrequests,IpAddress,Yes,MASK,COLUMN_NAME,,
logformularyrequests,Id,No,,,,
logformularyrequests,PatientId,Yes,PATIENT_ID,,,
logformularyrequests,ActionTaken,No,,,,
logformularyrequests,userid,No,,,,
logpatientdemographics,truserid,No,,,,
logpatientdemographics,truser_name,No,,,,
logpatientdemographics,action,No,,,,
logpatientdemographics,modified_date,Yes,DATE_OFFSET,,,
logpatientdemographics,patientid,Yes,PATIENT_ID,,,
logpatientdemographics,timestamp,Yes,DATE_OFFSET,,,
logpatientdemographics,logptdemid,No,,,,
logpatientdemographics,modified_time,Yes,DATE_OFFSET,,,
logpatientdemographics,id,No,,,,
logpatientdemographics,data,No,,,,
logpatientdemographics,status,No,,,,
logpatientdemographicsxml,status,No,,,,
logpatientdemographicsxml,useraction,No,,,,
logpatientdemographicsxml,datatype,No,,,,
logpatientdemographicsxml,id,No,,,,
logpatientdemographicsxml,truserid,No,,,,
logpatientdemographicsxml,patientid,Yes,PATIENT_ID,,,
logpatientdemographicsxml,xmldata,Yes,NOTES,,,
logpatientdemographicsxml,timestamp,Yes,DATE_OFFSET,,,
logpatientdemographicsxml,deleteflag,No,,,,
logpatientdemographicsxml_archived1,useraction,No,,,,
logpatientdemographicsxml_archived1,deleteflag,No,,,,
logpatientdemographicsxml_archived1,timestamp,Yes,DATE_OFFSET,,,
logpatientdemographicsxml_archived1,status,No,,,,
logpatientdemographicsxml_archived1,xmldata,Yes,NOTES,,,
logpatientdemographicsxml_archived1,truserid,No,,,,
logpatientdemographicsxml_archived1,id,No,,,,
logpatientdemographicsxml_archived1,patientid,Yes,PATIENT_ID,,,
logpatientdemographicsxml_archived1,datatype,No,,,,
logpatientdemographicsxml_mulog,location,No,,,,
logpatientdemographicsxml_mulog,patientid,Yes,PATIENT_ID,,,
logpatientdemographicsxml_mulog,useraction,No,,,,
logpatientdemographicsxml_mulog,uName,Yes,MASK,PATIENT_NAME,,
logpatientdemographicsxml_mulog,encid,No,,,,
logpatientdemographicsxml_mulog,timestamp,Yes,DATE_OFFSET,,,
logpatientdemographicsxml_mulog,deleteflag,No,,,,
logpatientdemographicsxml_mulog,ulname,Yes,MASK,PATIENT_NAME,,
logpatientdemographicsxml_mulog,datatype,No,,,,
logpatientdemographicsxml_mulog,email,Yes,MASK,EMAIL_ID,,
logpatientdemographicsxml_mulog,status,No,,,,
logpatientdemographicsxml_mulog,truserid,No,,,,
logpatientdemographicsxml_mulog,id,No,,,,
logpatientdemographicsxml_mulog,uminitial,Yes,MASK,PATIENT_NAME,,
logpatientdemographicsxml_mulog,ufname,Yes,MASK,PATIENT_NAME,,
logpatientlookup,truserid,No,,,,
logpatientlookup,id,No,,,,
logpatientlookup,searchkey,No,,,,
logpatientlookup,user_action,No,,,,
logpatientlookup,searchword,No,,,,
logpatientlookup,viewdttime,Yes,STATIC_OFFSET,,,
logpermissions,userid,No,,,,
logpermissions,timestamp,No,,,,
logpermissions,truserid,No,,,,
logpermissions,status,No,,,,
logpermissions,truser_name,No,,,,
logpermissions,user_name,No,,,,
logpermissions,modified_time,Yes,STATIC_OFFSET,,,
logpermissions,id,No,,,,
logpermissions,data,Yes,NOTES,,,
logpermissions,deleteflag,No,,,,
logpermissions,modified_date,Yes,STATIC_OFFSET,,,
logpermissions,action,No,,,,
logpermissionsxml,truserid,No,,,,
logpermissionsxml,useraction,No,,,,
logpermissionsxml,deleteflag,No,,,,
logpermissionsxml,id,No,,,,
logpermissionsxml,status,No,,,,
logpermissionsxml,userid,No,,,,
logpermissionsxml,xmldata,Yes,NOTES,,,
logpermissionsxml,timestamp,Yes,STATIC_OFFSET,,,
logprogressnotes,encounterid,Yes,ENCOUNTER_ID,,,
logprogressnotes,userid,Yes,PATIENT_ID,,,
logprogressnotes,timestamp,Yes,DATE_OFFSET,,,
logprogressnotes,id,No,,,,
logprogressnotes,displayindex,No,,,,
logprogressnotes,prnotesxmlid,No,,,,
logprogressnotes,section,No,,,,
logprogressnotes,user_name,Yes,MASK,PATIENT_NAME,,
logprogressnotes,action,No,,,,
logprogressnotes,data,Yes,NOTES,,,
logprogressnotes,modifiedtime,Yes,DATE_OFFSET,,,
logprogressnotes,status,No,,,,
logprogressnotes,synchronized,No,,,,
logprogressnotes,patientid,Yes,PATIENT_ID,,,
logprogressnotes,modifieddate,Yes,DATE_OFFSET,,,
logprogressnotesxml,xmldata,Yes,NOTES,,,
logprogressnotesxml,chart_optionid,No,,,,
logprogressnotesxml,synchronized,No,,,,
logprogressnotesxml,itemid,No,,,,
logprogressnotesxml,encounterid,Yes,ENCOUNTER_ID,,,
logprogressnotesxml,userid,Yes,PATIENT_ID,,,
logprogressnotesxml,id,No,,,,
logprogressnotesxml,deleteflag,No,,,,
logprogressnotesxml,status,No,,,,
logprogressnotesxml,comments,Yes,NOTES,,,
logprogressnotesxml,timestamp,Yes,DATE_OFFSET,,,
logprogressnotesxml,usrsactionid,No,,,,
logprogressnotesxml,username,Yes,MASK,PATIENT_NAME,,
logprogressnotesxml,patientid,Yes,PATIENT_ID,,,
logptspecificdata,data,Yes,NOTES,,,
logptspecificdata,id,No,,,,
logptspecificdata,patientid,Yes,PATIENT_ID,,,
logptspecificdata,logptspecificid,No,,,,
logptspecificdata,dataelementid,No,,,,
logptspecificdata,itemid,No,,,,
logptspecificdata,encounterid,Yes,ENCOUNTER_ID,,,
logptspecificdata,timestamp,Yes,DATE_OFFSET,,,
logptspecificdata,modified_time,Yes,DATE_OFFSET,,,
logptspecificdata,truser_name,No,,,,
logptspecificdata,status,No,,,,
logptspecificdata,modified_date,Yes,DATE_OFFSET,,,
logptspecificdata,truserid,No,,,,
logptspecificdata,ptEdType,No,,,,
logptspecificdata,action,Yes,NOTES,,,
logptspecificdata,interfaceid,No,,,,
lsm_actions_assignlog,assignedToId,No,,,,
lsm_actions_assignlog,moduserid,No,,,,
lsm_actions_assignlog,ActionID,No,,,,
lsm_actions_assignlog,moddate,Yes,STATIC_OFFSET,,,
lsm_actions_assignlog,LogID,No,,,,
lsm_actionslogs,ModifiedById,No,,,,
lsm_actionslogs,AssignedToId,No,,,,
lsm_actionslogs,ModifiedOn,Yes,DATE_OFFSET,,,
lsm_actionslogs,id,No,,,,
lsm_actionslogs,ActionId,No,,,,
lsm_actionslogs,UserAction,No,,,,
lsm_actionslogs,PatientId,Yes,PATIENT_ID,,,
lsm_actionslogs,CreatedBy,Yes,MASK,COLUMN_NAME,,
lsm_actionslogs,FacilityId,No,,,,
lsm_actionslogs,FrequencyType,No,,,,
lsm_actionslogs,ActionType,No,,,,
lsm_actionslogs,Notes,Yes,NOTES,,,
lsm_actionslogs,Frequency,No,,,,
lsm_actionslogs,Priority,No,,,,
lsm_actionslogs,Context,No,,,,
macro_keyword_triggerlogs,usedAtTimeStamp,Yes,STATIC_OFFSET,,,
macro_keyword_triggerlogs,smartNoteId,No,,,,
macro_keyword_triggerlogs,keywordId,No,,,,
macro_keyword_triggerlogs,userId,No,,,,
macro_keyword_triggerlogs,keywordItemId,No,,,,
macro_keyword_triggerlogs,fieldSelector,No,,,,
macro_keyword_triggerlogs,macroId,No,,,,
macro_keyword_triggerlogs,id,No,,,,
medical_recordlogs,userid,No,,,,
medical_recordlogs,timestamp,Yes,DATE_OFFSET,,,
medical_recordlogs,action,Yes,NOTES,,,
medical_recordlogs,deleteflag,No,,,,
medical_recordlogs,details,Yes,NOTES,,,
medical_recordlogs,patientid,Yes,PATIENT_ID,,,
medical_recordlogs,reason,No,,,,
medical_recordlogs,id,No,,,,
medical_recordlogs,reciver,No,,,,
medical_recordlogs,providername,No,,,,
medicationlogs,Id,No,,,,
medicationlogs,OldRxId,No,,,,
medicationlogs,ModifiedBy,No,,,,
medicationlogs,ItemId,No,,,,
medicationlogs,PreparedById,No,,,,
medicationlogs,Action,No,,,,
medicationlogs,EncounterId,Yes,ENCOUNTER_ID,,,
medicationlogs,StartDate,Yes,STATIC_OFFSET,,,
medicationlogs,sampleId,No,,,,
medicationlogs,rxkop,No,,,,
medicationlogs,RightPane_DLAN,No,,,,
medicationlogs,awup,No,,,,
medicationlogs,awp,No,,,,
medicationlogs,DaysLeftAdjustNumber,No,,,,
medicationlogs,ipaddress,Yes,MASK,COLUMN_NAME,,
medicationlogs,rxSourceId,No,,,,
medicationlogs,RxDrugSource,No,,,,
medicationlogs,AssessId,No,,,,
medicationlogs,ModifiedDateTime,Yes,STATIC_OFFSET,,,
medicationlogs,PreparedBy,Yes,MASK,COLUMN_NAME,,
medicationlogs,Refill,No,,,,
medicationlogs,RxOrderNo,No,,,,
medicationlogs,RxSource,No,,,,
medicationlogs,StopDate,Yes,STATIC_OFFSET,,,
medicationlogs,PatientsFlag,No,,,,
medicationlogs,DoctorsFlag,No,,,,
medicationlogs,ndc_code,No,,,,
medicationlogs,FollowUpId,No,,,,
medicationlogs,MedicineName,No,,,,
medicationlogs_addlinfo,DoctorsFlag,No,,,,
medicationlogs_addlinfo,EncounterId,Yes,ENCOUNTER_ID,,,
medicationlogs_addlinfo,OldRxId,No,,,,
medicationlogs_addlinfo,id,No,,,,
medicationlogs_addlinfo,Rxorderno,No,,,,
medicationlogs_addlinfo,ACTION,No,,,,
medicationlogs_addlinfo,DURServiceCode,No,,,,
medicationlogs_addlinfo,RxNotes,Yes,NOTES,,,
medicationlogs_addlinfo,DAW,No,,,,
medicationlogs_addlinfo,deleteflag,No,,,,
medicationlogs_addlinfo,PharmacyNCPDP,No,,,,
medicationlogs_addlinfo,creationdatetime,Yes,STATIC_OFFSET,,,
medicationlogs_addlinfo,createdby,No,,,,
medicationlogs_addlinfo,AdditionalInstructions,Yes,NOTES,,,
medicationlogs_addlinfo,DURMsg,Yes,NOTES,,,
mergelogs,mergeBy,No,,,,
mergelogs,webSync,No,,,,
mergelogs,MergeId,No,,,,
mergelogs,fromPatientId,Yes,PATIENT_ID,,,
mergelogs,failedmodules,No,,,,
mergelogs,toPatientId,Yes,PATIENT_ID,,,
mergelogs,mergeDate,Yes,DATE_OFFSET,,,
migrationlogs,id,No,,,,
migrationlogs,migrationDetailId,No,,,,
migrationlogs,result,No,,,,
migrationlogs,eventStartDate,Yes,STATIC_OFFSET,,,
migrationlogs,isSuccess,No,,,,
migrationlogs,eventEndDate,Yes,STATIC_OFFSET,,,
out_of_office_logs,actionBy,No,,,,
out_of_office_logs,affectedFieldID,No,,,,
out_of_office_logs,action,No,,,,
out_of_office_logs,actionDateTime,No,STATIC_OFFSET,DATE_OFFSET,,
out_of_office_logs,Id,No,,,,
out_of_office_logs,EncId,?,,,,
outgoingreferrallogs,id,No,,,,
outgoingreferrallogs,ipAddress,Yes,MASK,,,
outgoingreferrallogs,refId,No,,,,
outgoingreferrallogs,log4,Yes,MASK,,,
outgoingreferrallogs,action,No,,,,
outgoingreferrallogs,truserid,No,,,,
outgoingreferrallogs,log1,Yes,MASK,,,
outgoingreferrallogs,log2,Yes,MASK,,,
outgoingreferrallogs,log3,Yes,MASK,,,
outgoingreferrallogs,modifiedDate,No,STATIC_OFFSET,DATE_OFFSET,,
patientupdatelog,BlockId,No,,,,
patientupdatelog,MergeFrmPtId,No,,,,
patientupdatelog,DateCreated,No,STATIC_OFFSET,DATE_OFFSET,,
patientupdatelog,PatientId,Yes,PATIENT_ID,PATIENT_ID,,
patientupdatelog,Type,No,,,,
patientupdatelog,Status,No,,,,
patientupdatelog,EncounterId,Yes,ENCOUNTER_ID,ENCOUNTER_ID,,
patientupdatelog,Repeater,No,,,,
patientupdatelog,User,No,,,,
patientupdatelog,PMId,No,,,,
patientupdatelog,DateModified,No,STATIC_OFFSET,DATE_OFFSET,,
patientupdatelog,MergelogId,No,,,,
patientupdatelog,ID,No,,,,
patientupdatelog,MergeFrmId,No,,,,
patientupdatelog,updatedby,No,,,,
patientupdatelog,retryCnt,No,,,,
payrejectstatlog,Id,No,,,,
payrejectstatlog,PayRejectStat,No,,,,
payrejectstatlog,deleteflag,No,,,,
payrejectstatlog,UpdateTime,No,STATIC_OFFSET,DATE_OFFSET,,
payrejectstatlog,InvoiceId,No,,,,
payrejectstatlog,UpdatedBy,No,,,,
pdmp_logs,ReportStatus,No,,,,
pdmp_logs,isManual,No,,,,
pdmp_logs,DelegateUserId,No,,,,
pdmp_logs,DelegateReportDate,No,STATIC_OFFSET,DATE_OFFSET,,
pdmp_logs,deleteFlag,No,,,,
pdmp_logs,modifiedDate,No,STATIC_OFFSET,DATE_OFFSET,,
pdmp_logs,modifiedBy,No,,,,
pdmp_logs,PatientId,Yes,PATIENT_ID,PATIENT_ID,,
pdmp_logs,UserId,No,,,,
pdmp_logs,Id,No,,,,
pdmp_logs,CreationDate,No,STATIC_OFFSET,DATE_OFFSET,,
phoneoremailverifiedlogs,uid,Yes,PATIENT_ID,PATIENT_ID,,
phoneoremailverifiedlogs,msgid,No,,,,
phoneoremailverifiedlogs,id,No,,,,
phoneoremailverifiedlogs,isemailverified,No,,,,
phoneoremailverifiedlogs,emailid,Yes,MASK,EMAIL_ID,,
phoneoremailverifiedlogs,isemailidupdated,No,,,,
phoneoremailverifiedlogs,isphoneupdated,No,,,,
phoneoremailverifiedlogs,phonenumber,Yes,MASK,PHONE_NUMBER,,
phoneoremailverifiedlogs,contacttype,No,,,,
phoneoremailverifiedlogs,textenabled,No,,,,
phoneoremailverifiedlogs,module,No,,,,
phoneoremailverifiedlogs,createdDate,No,STATIC_OFFSET,DATE_OFFSET,,
pnoutboundsentlog,encId,Yes,ENCOUNTER_ID,ENCOUNTER_ID,,
pnoutboundsentlog,RetransmitCount,No,,,,
pnoutboundsentlog,id,No,,,,
pnoutboundsentlog,encLockSent,No,,,,
pnoutboundsentlog,sentcount,No,,,,
pnoutboundsentlog,dateCreated,No,STATIC_OFFSET,DATE_OFFSET,,
portalaccountlogs,trUserId,No,,,,
portalaccountlogs,id,No,,,,
portalaccountlogs,patientId,Yes,PATIENT_ID,PATIENT_ID,,
portalaccountlogs,timeVal,No,,,,
portalaccountlogs,ACTION,No,,,,
prisma_audit_logs,id,No,,,,
prisma_audit_logs,logDateTime,No,STATIC_OFFSET,DATE_OFFSET,,
prisma_audit_logs,logStatus,No,,,,
prisma_audit_logs,userId,No,,,,
prisma_audit_logs,patientId,Yes,PATIENT_ID,PATIENT_ID,,
prisma_audit_logs,documentId,No,,,,
prisma_audit_logs,section,No,,,,
prisma_audit_logs,logStatusType,No,,,,
prisma_audit_logs,recordType,No,,,,
prisma_audit_logs,delFlag,No,,,,
prisma_audit_logs,logDescription,No,,,,
prisma_care_team_members,fhir_id,No,,,,
prisma_care_team_members,contactNo,Yes,MASK,COLUMN_NAME,,
prisma_care_team_members,participant_role,No,,,,
prisma_care_team_members,postalCode,No,,,,
prisma_care_team_members,country,No,,,,
prisma_care_team_members,contactType,No,,,,
prisma_care_team_members,care_team_mem_start_date,Yes,DATE_OFFSET,,,
prisma_care_team_members,care_team_status,No,,,,
prisma_care_team_members,addressLine2,Yes,MASK,COLUMN_NAME,,
prisma_care_team_members,city,No,,,,
prisma_care_team_members,state,No,,,,
prisma_care_team_members,duplicatedBy,No,,,,
prisma_care_team_members,isException,No,,,,
prisma_care_team_members,exceptionMessage,No,,,,
prisma_care_team_members,care_team_mem_end_date,Yes,DATE_OFFSET,,,
prisma_care_team_members,sourcePriority,No,,,,
prisma_care_team_members,suffix,No,,,,
prisma_care_team_members,care_team_name,No,,,,
prisma_care_team_members,participant_period_end,Yes,DATE_OFFSET,,,
prisma_care_team_members,care_team_id,No,,,,
prisma_care_team_members,participant_period_start,Yes,DATE_OFFSET,,,
prisma_care_team_members,participant_member_display,No,,,,
prisma_care_team_members,participant_member_reference,No,,,,
prisma_care_team_members,sectionId,Yes,PATIENT_ID,,,
prisma_care_team_members,middleName,Yes,MASK,COLUMN_NAME,,
prisma_care_team_members,lastName,Yes,MASK,COLUMN_NAME,,
prisma_care_team_members,firstName,Yes,MASK,COLUMN_NAME,,
prisma_care_team_members,addressLine1,Yes,MASK,COLUMN_NAME,,
prisma_care_team_members,id,No,,,,
prisma_care_team_members,previousName,No,,,,
prisma_encounter_details,encounterTypeSystem,No,,,,
prisma_encounter_details,encounterClassSystem,No,,,,
prisma_encounter_details,encounterServiceTypeSystem,No,,,,
prisma_encounter_details,encounterPriorityName,No,,,,
prisma_encounter_details,encounterPriorityCode,No,,,,
prisma_encounter_details,encounterPriorityText,No,,,,
prisma_encounter_details,encounterPrioritySystem,No,,,,
prisma_encounter_details,encounterId,Yes,NOTES,,,
prisma_encounter_details,id,No,,,,
prisma_encounter_details,encounterServiceTypeText,No,,,,
prisma_encounter_details,sectionId,No,,,,
prisma_encounter_details,encounterServiceTypeCode,No,,,,
prisma_encounter_details,encounterServiceTypeName,Yes,NOTES,,,
prisma_encounter_details,duplicatedBy,No,,,,
prisma_encounter_details,partOfId,No,,,,
prisma_encounter_details,fhirId,No,,,,
prisma_encounter_details,sourcePriority,No,,,,
prisma_encounter_details,codeSystemPriority,No,,,,
prisma_encounter_details,encounterStartTime,Yes,STATIC_OFFSET,,,
prisma_encounter_details,encounterEndTime,Yes,STATIC_OFFSET,,,
prisma_encounter_details,encounterStatus,No,,,,
prisma_encounter_details,encounterTypeText,Yes,NOTES,,,
prisma_encounter_details,encounterTypeCode,No,,,,
prisma_encounter_details,encounterTypeName,Yes,NOTES,,,
prisma_encounter_details,encounterClassName,No,,,,
prisma_encounter_details,encounterClassCode,No,,,,
prisma_encounter_details,isException,No,,,,
prisma_encounter_details,exceptionMessage,No,,,,
prisma_encounter_performer,personLName,Yes,MASK,COLUMN_NAME,,
prisma_encounter_performer,personSufix,No,,,,
prisma_encounter_performer,city,No,,,,
prisma_encounter_performer,addressLine2,Yes,MASK,COLUMN_NAME,,
prisma_encounter_performer,encounterDetailId,No,,,,
prisma_encounter_performer,id,No,,,,
prisma_encounter_performer,personFName,Yes,MASK,COLUMN_NAME,,
prisma_encounter_performer,faxnumber,Yes,MASK,COLUMN_NAME,,
prisma_encounter_performer,organizationState,No,,,,
prisma_encounter_performer,organizationCity,No,,,,
prisma_encounter_performer,country,No,,,,
prisma_encounter_performer,workPhone,Yes,MASK,COLUMN_NAME,,
prisma_encounter_performer,homePhone,Yes,MASK,COLUMN_NAME,,
prisma_encounter_performer,county,No,,,,
prisma_encounter_performer,state,No,,,,
prisma_encounter_performer,addressLine1,Yes,MASK,COLUMN_NAME,,
prisma_encounter_performer,userId,Yes,PATIENT_ID,,,
prisma_encounter_performer,organizationPhone,Yes,MASK,COLUMN_NAME,,
prisma_encounter_performer,organizationFax,Yes,MASK,COLUMN_NAME,,
prisma_encounter_performer,organizationId,No,,,,
prisma_encounter_performer,organizationCountry,No,,,,
prisma_encounter_performer,organizationPostalCode,Yes,MASK,COLUMN_NAME,,
prisma_encounter_performer,organizationAddLine1,Yes,MASK,COLUMN_NAME,,
prisma_encounter_performer,organizationAddLine2,Yes,MASK,COLUMN_NAME,,
prisma_encounter_service_location,workPhone,Yes,MASK,COLUMN_NAME,,
prisma_encounter_service_location,workFax,Yes,MASK,COLUMN_NAME,,
prisma_encounter_service_location,encounterDetailId,No,,,,
prisma_encounter_service_location,id,No,,,,
prisma_encounter_service_location,locationTypeCode,No,,,,
prisma_encounter_service_location,locationTypeName,No,,,,
prisma_encounter_service_location,state,No,,,,
prisma_encounter_service_location,city,No,,,,
prisma_encounter_service_location,country,No,,,,
prisma_encounter_service_location,postalCode,No,,,,
prisma_encounter_service_location,addressLine2,Yes,MASK,COLUMN_NAME,,
prisma_encounter_service_location,addressLine1,Yes,MASK,COLUMN_NAME,,
prisma_encounter_service_location,startDate,Yes,STATIC_OFFSET,,,
prisma_encounter_service_location,endDate,Yes,STATIC_OFFSET,,,
prisma_encounter_service_location,serviceLocationId,Yes,NOTES,,,
prisma_encounter_service_location,locationName,No,,,,
prisma_labresult_observation,lowRegerenceValue,No,,,,
prisma_labresult_observation,orderName,No,,,,
prisma_labresult_observation,highRegerenceValueUnit,No,,,,
prisma_labresult_observation,highRegerenceValue,No,,,,
prisma_labresult_observation,interpretationName,No,,,,
prisma_labresult_observation,obsPerformerFirstname,No,,,,
prisma_labresult_observation,observationObtainedOn,Yes,DATE_OFFSET,,,
prisma_labresult_observation,interpretationCode,No,,,,
prisma_labresult_observation,orderCode,No,,,,
prisma_labresult_observation,resultValue,No,,,,
prisma_labresult_observation,resultValueUnit,No,,,,
prisma_labresult_observation,labresultId,No,,,,
prisma_labresult_observation,id,No,,,,
prisma_labresult_observation,obsperformerLastName,No,,,,
prisma_labresult_observation,codeSystemPriority,No,,,,
prisma_labresult_observation,isException,No,,,,
prisma_labresult_observation,obsPerformerOrganizationName,No,,,,
prisma_labresult_observation,obsperformerMiddleName,No,,,,
prisma_labresult_observation,patientId,Yes,PATIENT_ID,,,
prisma_labresult_observation,obsperformerSuffix,No,,,,
prisma_labresult_observation,stReferenceValue,No,,,,
prisma_labresult_observation,currentStatus,No,,,,
prisma_labresult_observation,sourcePriority,No,,,,
prisma_labresult_observation,resultValueTruncated,No,,,,
prisma_labresult_observation,duplicatedBy,No,,,,
prisma_labresult_observation,exceptionMessage,No,,,,
prisma_labresult_observation,lowRegerenceValueUnit,No,,,,
prisma_patient_status,id,No,,,,
prisma_patient_status,patientId,Yes,PATIENT_ID,,,
prisma_patient_status,recordStatus,No,,,,
prisma_patient_status,psacEncLastCheck,Yes,PATIENT_DOB,,,
prisma_patient_status,lastModifiedDate,Yes,DATE_OFFSET,,,
prisma_patient_status,ccdaLockModifiedDate,Yes,DATE_OFFSET,,,
prisma_patient_status,ccdaLock,No,,,,
prisma_patient_status,prismaFilters,Yes,NOTES,,,
prisma_patient_status,adtLock,No,,,,
prisma_patient_status,inconsistentStatus,No,,,,
prisma_patient_status,psacEncCount,No,,,,
prisma_patient_status,lastAccessedDate,Yes,DATE_OFFSET,,,
prisma_patient_status,waitingStatus,No,,,,
prisma_patient_status,adtLockModifiedDate,Yes,DATE_OFFSET,,,
prisma_problem_codes,codeSystem,No,,,,
prisma_problem_codes,id,No,,,,
prisma_problem_codes,patientId,Yes,PATIENT_ID,,,
prisma_problem_codes,codeName,No,,,,
prisma_problem_codes,sourcePriority,No,,,,
prisma_problem_codes,exceptionMessage,No,,,,
prisma_problem_codes,duplicatedBy,No,,,,
prisma_problem_codes,codeSystemPriority,No,,,,
prisma_problem_codes,isException,No,,,,
prisma_problem_codes,code,No,,,,
prisma_problem_codes,problemId,No,,,,
prisma_problemlist_details,isDocumentedInProblem,No,,,,
prisma_problemlist_details,recorderReference,No,,,,
prisma_problemlist_details,problemCondition,No,,,,
prisma_problemlist_details,problemWuCondition,No,,,,
prisma_problemlist_details,visitDate,Yes,DATE_OFFSET,,,
prisma_problemlist_details,deathDiagnosis,No,,,,
prisma_problemlist_details,providerName,No,,,,
prisma_problemlist_details,conditionCategoryDisplay,No,,,,
prisma_problemlist_details,severityDisplay,No,,,,
prisma_problemlist_details,severityCode,No,,,,
prisma_problemlist_details,fhirId,No,,,,
prisma_problemlist_details,observationName,No,,,,
prisma_problemlist_details,encounterReference,No,,,,
prisma_problemlist_details,verificationStatusCode,No,,,,
prisma_problemlist_details,observationCodeSystem,No,,,,
prisma_problemlist_details,statusCode,No,,,,
prisma_problemlist_details,addedOn,No,,,,
prisma_problemlist_details,entryId,No,,,,
prisma_problemlist_details,sectionId,Yes,PATIENT_ID,,,
prisma_problemlist_details,observationCode,No,,,,
prisma_problemlist_details,resolvedOn,Yes,DATE_OFFSET,,,
prisma_problemlist_details,onset,No,,,,
prisma_problemlist_details,problemType,No,,,,
prisma_problemlist_details,asserterReference,No,,,,
prisma_problemlist_details,statusName,No,,,,
prisma_problemlist_details,problemTypeCode,No,,,,
prisma_problemlist_details,problemName,No,,,,
prisma_problemlist_details,id,No,,,,
prisma_procedure_performer,country,No,,,,
prisma_procedure_performer,homePhone,Yes,MASK,,,
prisma_procedure_performer,workPhone,Yes,MASK,,,
prisma_procedure_performer,faxnumber,Yes,MASK,,,
prisma_procedure_performer,personFName,Yes,MASK,,,
prisma_procedure_performer,personLName,Yes,MASK,,,
prisma_procedure_performer,personSufix,Yes,MASK,,,
prisma_procedure_performer,procedureDetailId,No,,,,
prisma_procedure_performer,userId,Yes,PATIENT_ID,,,
prisma_procedure_performer,id,No,,,,
prisma_procedure_performer,state,No,,,,
prisma_procedure_performer,county,No,,,,
prisma_procedure_performer,city,Yes,MASK,,,
prisma_procedure_performer,addressLine2,Yes,MASK,,,
prisma_procedure_performer,addressLine1,Yes,MASK,,,
prisma_procedure_performer,organizationName,Yes,MASK,,,
prisma_procedure_performer,organizationPhone,Yes,MASK,,,
prisma_procedure_performer,organizationId,Yes,MASK,,,
prisma_procedure_performer,organizationState,Yes,MASK,,,
prisma_procedure_performer,organizationCity,Yes,MASK,,,
prisma_procedure_performer,organizationAddLine2,Yes,MASK,,,
prisma_procedure_performer,organizationAddLine1,Yes,MASK,,,
prisma_procedure_performer,organizationFax,Yes,MASK,,,
prisma_procedure_performer,organizationCountry,Yes,MASK,,,
prisma_procedure_performer,organizationPostalCode,Yes,MASK,,,
prisma_records,sourceId,No,,,,
prisma_records,lastRetrievalDate,Yes,DATE_OFFSET,,,
prisma_records,modifiedDate,Yes,DATE_OFFSET,,,
prisma_records,createdDate,Yes,DATE_OFFSET,,,
prisma_records,deleteFlag,No,,,,
prisma_records,sourceRecordType,No,,,,
prisma_records,indexStatusCode,No,,,,
prisma_records,ptDocId,No,,,,
prisma_records,id,No,,,,
prisma_records,recordType,No,,,,
prisma_records,indexedId,No,,,,
prisma_records,indexedStatus,No,,,,
prisma_records,pid,Yes,PATIENT_ID,,,
prisma_records,indexedDate,Yes,DATE_OFFSET,,,
prisma_socialhistory_author,organizationState,No,,,,
prisma_socialhistory_author,organizationPostalCode,No,,,,
prisma_socialhistory_author,organizationCity,No,,,,
prisma_socialhistory_author,city,No,,,,
prisma_socialhistory_author,providerTaxonomyCode,No,,,,
prisma_socialhistory_author,providerTaxonomyCodeName,No,,,,
prisma_socialhistory_author,addressLine1,No,,,,
prisma_socialhistory_author,addressLine2,No,,,,
prisma_socialhistory_author,userId,No,,,,
prisma_socialhistory_author,socialhistoryDetailId,No,,,,
prisma_socialhistory_author,id,No,,,,
prisma_socialhistory_author,organizationAddLine1,No,,,,
prisma_socialhistory_author,organizationAddLine2,No,,,,
prisma_socialhistory_author,county,No,,,,
prisma_socialhistory_author,state,No,,,,
prisma_socialhistory_author,personSufix,No,,,,
prisma_socialhistory_author,organizationCountry,No,,,,
prisma_socialhistory_author,practitionerId,No,,,,
prisma_socialhistory_author,displayName,No,,,,
prisma_socialhistory_author,personLName,No,,,,
prisma_socialhistory_author,organizationId,No,,,,
prisma_socialhistory_author,workPhone,No,,,,
prisma_socialhistory_author,homePhone,No,,,,
prisma_socialhistory_author,country,No,,,,
prisma_socialhistory_author,personFName,No,,,,
prisma_socialhistory_author,postalCode,No,,,,
prisma_socialhistory_author,faxnumber,No,,,,
prisma_socialhistory_author,organizationName,No,,,,
prisma_socialhistory_author,organizationPhone,No,,,,
prisma_socialhistory_author,organizationFax,No,,,,
prisma_standard_vitalname_variants,variantId,No,,,,
prisma_standard_vitalname_variants,nameId,No,,,,
prisma_standard_vitalname_variants,variantName,No,,,,
prisma_standard_vitalname_variants,deleteFlag,No,,,,
prisma_transaction_table_details,USERS_ID,No,,,,
prisma_transaction_table_details,PATIENT_ID,Yes,PATIENT_ID,,,
prisma_transaction_table_details,ENCRYPTION_KEY_VERSION,No,,,,
prisma_transaction_table_details,TRANSACTION_ID,No,,,,
prisma_transaction_table_details,SOURCE_ID,No,,,,
prisma_transaction_table_details,ID,No,,,,
prisma_transaction_table_details,APPOINTMENT_DATE,Yes,DATE_OFFSET,,,
prisma_transaction_table_details,NOMENCLATURE_START_TIME,Yes,DATE_OFFSET,,,
prisma_transaction_table_details,NOMENCLATURE_END_TIME,Yes,DATE_OFFSET,,,
prisma_transaction_table_details,EXCEPTION_START_TIME,Yes,DATE_OFFSET,,,
prisma_transaction_table_details,EXCEPTION_END_TIME,Yes,DATE_OFFSET,,,
prisma_transaction_table_details,PARSING_START_TIME,Yes,DATE_OFFSET,,,
prisma_transaction_table_details,MSG_EXCEPTION_STATUS,No,,,,
prisma_transaction_table_details,MSG_DATA_DUP_STATUS,No,,,,
prisma_transaction_table_details,RETRY_COUNT,No,,,,
prisma_transaction_table_details,TRIGGER_TYPE,No,,,,
prisma_transaction_table_details,WKR_TOMCAT,No,,,,
prisma_transaction_table_details,TX_CONCLUDED,No,,,,
prisma_transaction_table_details,TRANSACTION_STUCK_STAGE,No,,,,
prisma_transaction_table_details,DATA_DEDUP_START_TIME,Yes,DATE_OFFSET,,,
prisma_transaction_table_details,LAST_MODIFIED_TIME,Yes,DATE_OFFSET,,,
prisma_transaction_table_details,DATA_DEDUP_END_TIME,Yes,DATE_OFFSET,,,
prisma_transaction_table_details,PARSING_END_TIME,Yes,DATE_OFFSET,,,
prisma_transaction_table_details,MAX_DOC_REF_SIZE,No,,,,
prisma_transaction_table_details,RAW_PAYLOAD_SIZE,No,,,,
prisma_transaction_table_details,MSG_NOMENCLATURE_STATUS,No,,,,
prisma_transaction_table_details,MSG_PARSE_STATUS,No,,,,
prisma_transaction_table_details,MSG_RECEIVED_STATUS,No,,,,
prisma_transaction_table_details,MSG_STATUS,No,,,,
prisma_transaction_table_details,MSG_RECEIVED_TIME,Yes,DATE_OFFSET,,,
prisma_transaction_table_details,MSG_SENT_TIME,Yes,DATE_OFFSET,,,
prisma_user_patient_mapping,id,No,,,,
prisma_user_patient_mapping,userId,No,,,,
prisma_user_patient_mapping,patientId,Yes,PATIENT_ID,,,
prisma_user_patient_mapping,lastAccessPrismaDate,Yes,DATE_OFFSET,,,
prisma_user_patient_mapping,viewedToasterDate,Yes,DATE_OFFSET,,,
prisma_user_patient_mapping,modifiedDate,Yes,DATE_OFFSET,,,
prisma_vital_batch,id,No,,,,
prisma_vital_batch,authorCountry,No,,,,
prisma_vital_batch,authorState,No,,,,
prisma_vital_batch,authorPostalCode,No,,,,
prisma_vital_batch,authorCity,No,,,,
prisma_vital_batch,authorAddressLine2,No,,,,
prisma_vital_batch,authorAddressLine1,No,,,,
prisma_vital_batch,authorName,No,,,,
prisma_vital_batch,authorId,No,,,,
prisma_vital_batch,batchId,No,,,,
prisma_vital_batch,batchDate,Yes,STATIC_OFFSET,,,
prisma_vital_batch,sectionId,No,,,,
ptportal_usage_logs,accessType,No,,,,
ptportal_usage_logs,Id,No,,,,
ptportal_usage_logs,uid,Yes,PATIENT_ID,,,
ptportal_usage_logs,uname,Yes,MASK,PATIENT_NAME,,
ptportal_usage_logs,accessTime,Yes,DATE_OFFSET,,,
ptportal_usage_logs,proxyuid,No,,,,
refapptlog,prevappt,No,,,,
refapptlog,logDate,Yes,STATIC_OFFSET,,,
refapptlog,username,No,,,,
refapptlog,reschdate,No,,,,
refapptlog,refid,No,,,,
refapptlog,userid,No,,,,
refxchangelogs,id,No,,,,
refxchangelogs,numattachments,No,,,,
refxchangelogs,referralId,No,,,,
refxchangelogs,logType,No,,,,
refxchangelogs,modifiedtime,Yes,STATIC_OFFSET,,,
refxchangelogs,userId,No,,,,
registry_vitals_migration_log,encounterId,Yes,ENCOUNTER_ID,ENCOUNTER_ID,,
registry_vitals_migration_log,encounterDate,Yes,STATIC_OFFSET,DATE_OFFSET,,
registry_vitals_migration_log,migrationDate,No,STATIC_OFFSET,DATE_OFFSET,,
registry_vitals_migration_log,patientId,Yes,PATIENT_ID,PATIENT_ID,,
registry_vitals_migration_log,id,No,,,,
registry_vitals_migration_log,groupId,No,,,,
registry_vitals_migration_log,errorType,No,,,,
resp_party_logs,ptid,Yes,PATIENT_ID,PATIENT_ID,,
resp_party_logs,Id,No,,,,
resp_party_logs,action,No,,,,
resp_party_logs,respID,Yes,PATIENT_ID,PATIENT_ID,,
resp_party_logs,modified_by,No,,,,
resp_party_logs,modified_on,No,STATIC_OFFSET,DATE_OFFSET,,
resp_party_logs,previous_respID,Yes,PATIENT_ID,PATIENT_ID,,
reviewlog,LockStatus,No,,,,
reviewlog,reason,No,,,,
reviewlog,ReviewedTime,No,STATIC_OFFSET,DATE_OFFSET,,
reviewlog,EntityType,No,,,,
reviewlog,ReviewerId,No,,,,
reviewlog,Id,No,,,,
reviewlog,EntityId,No,,,,
ruleengine_log,ModifiedTime,No,STATIC_OFFSET,DATE_OFFSET,,
ruleengine_log,message,No,,,,
ruleengine_log,Action,No,,,,
ruleengine_log,RuleId,No,,,,
ruleengine_log,UserId,No,,,,
ruleengine_log,Id,No,,,,
securityacceslogs,ModifiedDate,No,STATIC_OFFSET,DATE_OFFSET,,
securityacceslogs,NewValue,No,,,,
securityacceslogs,ChangedBy,No,,,,
securityacceslogs,OldValue,No,,,,
securityacceslogs,userAction,No,,,,
securityacceslogs,LogType,No,,,,
securityacceslogs,ItemId,No,,,,
securityacceslogs,LogId,No,,,,
securityacceslogs,UpdatedId,No,,,,
securitycontextlogs,accessTime,No,STATIC_OFFSET,DATE_OFFSET,,
securitycontextlogs,contextId,No,,,,
securitycontextlogs,id,No,,,,
securitycontextlogs,trace,No,,,,
securitycontextlogs,fallbackId,No,,,,
securitycontextlogs,err,No,,,,
statusnotificationlog,timestamp,No,STATIC_OFFSET,DATE_OFFSET,,
statusnotificationlog,patientId,No,,,,
statusnotificationlog,failedTransactionId,No,,,,
statusnotificationlog,userId,No,,,,
statusnotificationlog,id,No,,,,
statusnotificationlog,title,No,,,,
statusnotificationlog,body,No,NOTES,,,
statusnotificationlog,discardByUserId,No,,,,
structdatarecoverlog,catId,No,,,,
structdatarecoverlog,patientId,Yes,PATIENT_ID,PATIENT_ID,,
structdatarecoverlog,socialData,Yes,NOTES,,,
structdatarecoverlog,taskId,No,,,,
structdatarecoverlog,encounterId,Yes,ENCOUNTER_ID,ENCOUNTER_ID,,
structdatarecoverlog,itemId,No,,,,
surescript_statusmessagelogs,SPI,No,,,,
surescript_statusmessagelogs,SentTime,Yes,STATIC_OFFSET,,,
surescript_statusmessagelogs,NCPDPID,No,,,,
surescript_statusmessagelogs,StatusID,No,,,,
surescript_statusmessagelogs,StatusMessageID,No,,,,
surescript_statusmessagelogs,StatusCode,No,,,,
surescript_statusmessagelogs,StatusDesc,No,,,,
surescript_statusmessagelogs,XMLData,No,,,,
surescript_statusmessagelogs,RelatedMessageID,No,,,,
systemsessionlogs,HostIP,Yes,MASK,COLUMN_NAME,,
systemsessionlogs,ServerLoginTime,Yes,STATIC_OFFSET,,,
systemsessionlogs,ServerLogoutTime,Yes,STATIC_OFFSET,,,
systemsessionlogs,HostLogoutTime,Yes,STATIC_OFFSET,,,
systemsessionlogs,HostLoginTime,Yes,STATIC_OFFSET,,,
systemsessionlogs,sessionId,No,,,,
systemsessionlogs,UsrStatus,No,,,,
systemsessionlogs,UsrLogID,No,,,,
systemsessionlogs,UsrID,No,,,,
systemsessionlogs,HostOS,No,,,,
systemsessionlogs,HostOSUsr,No,,,,
systemsessionlogs,UsrName,Yes,MASK,COLUMN_NAME,,
systemsessionlogs,HostECWVersion,No,,,,
systemsessionlogs,stackTrace,No,,,,
systemsessionlogs,HostMac,No,,,,
tasklogs,taskId,No,,,,
tasklogs,scheduledInterval,No,,,,
tasklogs,id,No,,,,
tasklogs,ServerName,No,,,,
tasklogs,userId,No,,,,
tasklogs,dateTime,No,,,,
tasklogs,stopDateTime,No,,,,
updateduifielddetaillogs,notes,No,,,,
updateduifielddetaillogs,jobid,No,,,,
updateduifielddetaillogs,patternid,No,,,,
updateduifielddetaillogs,updateddatetime,No,,,,
updateduifielddetaillogs,oldscreenmaxlength,No,,,,
updateduifielddetaillogs,newscreenmaxlength,No,,,,
updateduifielddetaillogs,userid,No,,,,
updateduifielddetaillogs,label,No,,,,
updateduifielddetaillogs,datarefid,No,,,,
updateduifielddetaillogs,id,No,,,,
updateduifielddetaillogs,deleteflag,No,,,,
updateduifielddetaillogs,screenfldrefid,No,,,,
usrlogs,HostOSDomain,No,,,,
usrlogs,emergencyLoginAccessReason,No,,,,
usrlogs,HostOSUsr,Yes,MASK,COLUMN_NAME,,
usrlogs,UsrLogID,No,,,,
usrlogs,userAccess,No,,,,
usrlogs,remoteip,Yes,MASK,COLUMN_NAME,,
usrlogs,HostMac,No,,,,
usrlogs,pluginMode,No,,,,
usrlogs,HostName,Yes,MASK,COLUMN_NAME,,
usrlogs,HostOS,No,,,,
usrlogs,HostIP,Yes,MASK,COLUMN_NAME,,
usrlogs,UsrStatus,No,,,,
usrlogs,HostLogoutTime,Yes,STATIC_OFFSET,,,
usrlogs,HostECWVersion,No,,,,
usrlogs,ServerLogoutTime,Yes,,,,
usrlogs,ServerLoginTime,Yes,,,,
usrlogs,isSSOLogin,No,,,,
usrlogs,public_ip,Yes,MASK,COLUMN_NAME,,
usrlogs,UsrID,No,,,,
usrlogs,UsrName,No,,,,
usrlogs,HostLoginTime,Yes,MASK,COLUMN_NAME,,
vitalslog,value2,No,,,,
vitalslog,UpdatedTime,Yes,DATE_OFFSET,,,
vitalslog,UpdatedBy,No,,,,
vitalslog,actiontaken,No,,,,
vitalslog,Value,No,,,,
vitalslog,Id,No,,,,
vitalslog,exceptionid,No,,,,
vitalslog,nottaken,No,,,,
vitalslog,vitalID,No,,,,
vitalslog,propID,No,,,,
vitalslog,encounterID,Yes,ENCOUNTER_ID,,,
voicemsglogs,AppServMachineIP,No,,,,
voicemsglogs,AppServMachineName,No,,,,
voicemsglogs,ApptStatus,No,,,,
voicemsglogs,AutoUpgradeKey,No,,,,
voicemsglogs,CallerIDNumber,Yes,MASK,COLUMN_NAME,,
voicemsglogs,campaign,No,,,,
voicemsglogs,campaignid,No,,,,
voicemsglogs,ClientResponse,No,,,,
voicemsglogs,combinedencids,Yes,NOTES,,,
voicemsglogs,ConfirmationStatus,No,,,,
voicemsglogs,ConfirmCancelEnabled,No,,,,
voicemsglogs,ContactType,No,,,,
voicemsglogs,customreportid,No,,,,
voicemsglogs,Date_Modified,Yes,DATE_OFFSET,,,
voicemsglogs,DeliveryType,No,,,,
voicemsglogs,ecmVersion,No,,,,
voicemsglogs,ecwVersion,No,,,,
voicemsglogs,EncounterID,Yes,ENCOUNTER_ID,,,
voicemsglogs,ErrorCode,No,,,,
voicemsglogs,ErrorMsg,Yes,NOTES,,,
voicemsglogs,eRxReFillReqID,No,,,,
voicemsglogs,eRxReqID,No,,,,
voicemsglogs,FacilityId,No,,,,
voicemsglogs,FaxLogId,No,,,,
voicemsglogs,ID,No,,,,
voicemsglogs,InitialGreetingAudio,No,,,,
voicemsglogs,InitialGreetingAudioText,No,,,,
voicemsglogs,isDeleted,No,,,,
voicemsglogs,isMsgSecured,No,,,,
voicemsglogs,ivrvalue,No,,,,
voicemsglogs,LabID,No,,,,
voicemsglogs,Language,No,,,,
voicemsglogs,MaxLiveReplays,No,,,,
voicemsglogs,measureid,No,,,,
voicemsglogs,messageJobType,No,,,,
voicemsglogs,MsgExpireTime,Yes,DATE_OFFSET,,,
voicemsglogs,msgSource,No,,,,
voicemsglogs,OperatorNumber,Yes,MASK,PHONE_NUMBER,,
voicemsglogs,OtherContactNumbers,Yes,MASK,PHONE_NUMBER,,
voicemsglogs,OtherContactType,Yes,MASK,EMAIL_ID,,
voicemsglogs,parentid,No,,,,
voicemsglogs,PatientId,Yes,PATIENT_ID,,,
voicemsglogs,policyid,No,,,,
voicemsglogs,Priority,Yes,,,,
voicemsglogs,providerGreetingsUid,No,,,,
voicemsglogs,providerid,No,,,,
voicemsglogs,PtPin,No,,,,
voicemsglogs,PtPinType,No,,,,
voicemsglogs,PtStatementId,No,,,,
voicemsglogs,recordedMessageId,No,,,,
voicemsglogs,recordurl,Yes,MASK,COLUMN_NAME,,
voicemsglogs,referralId,No,,,,
voicemsglogs,ResourceId,No,,,,
voicemsglogs,Retry,No,,,,
voicemsglogs,retryfailedmsg,No,,,,
voicemsglogs,ScheduledDate,Yes,DATE_OFFSET,,,
voicemsglogs,ScheduledDateTime,Yes,DATE_OFFSET,,,
voicemsglogs,ScheduledTime,Yes,DATE_OFFSET,,,
voicemsglogs,SentBy,No,,,,
voicemsglogs,SentByFirstName,No,,,,
voicemsglogs,SentByLastName,No,,,,
voicemsglogs,SentDate,Yes,DATE_OFFSET,,,
voicemsglogs,SentTime,Yes,DATE_OFFSET,,,
voicemsglogs,StatusDetail,No,,,,
voicemsglogs,StatusMsg,No,,,,
voicemsglogs,templateid,No,,,,
voicemsglogs,timeZone,No,,,,
voicemsglogs,ToName,Yes,MASK,PATIENT_NAME,,
voicemsglogs,ToPhone,Yes,MASK,PHONE_NUMBER,,
voicemsglogs,TTSVoice,No,,,,
voicemsglogs,uploadLocation,Yes,MASK,COLUMN_NAME,,
voicemsglogs,VMsgPwd,Yes,MASK,COLUMN_NAME,,
voicemsglogs,VMsgUser,Yes,MASK,COLUMN_NAME,,
voicemsglogs,VoiceMessageId,No,,,,
voicemsglogs,VoiceMessageLiveAudio,Yes,NOTES,,,
voicemsglogs,VoiceMessageLiveText,Yes,NOTES,,,
voicemsglogs,VoiceMessageMachineAudio,Yes,NOTES,,,
voicemsglogs,VoiceMessageMachineText,Yes,NOTES,,,
voicemsglogs,VoiceMessageType,No,,,,
voiceptmsgconfig,prefcomm,No,,,,
voiceptmsgconfig,generalNotification,No,,,,
voiceptmsgconfig,healthMaintenance,No,,,,
voiceptmsgconfig,ptstatements,No,,,,
voiceptmsgconfig,Language,No,,,,
voiceptmsgconfig,Rx,No,,,,
voiceptmsgconfig,ServiceProviderId,No,,,,
voiceptmsgconfig,OtherContactType,No,,,,
voiceptmsgconfig,uid,Yes,PATIENT_ID,,,
voiceptmsgconfig,labs,No,,,,
voiceptmsgconfig,datemodified,Yes,DATE_OFFSET,,,
voiceptmsgconfig,appointments,No,,,,
voiceptmsgconfig,ContactType,No,,,,
voiceptmsgconfig,timetocall,No,,,,
voiceptmsgconfig,id,No,,,,
x271transerrorlogs,TimeStamp,Yes,DATE_OFFSET,,,
x271transerrorlogs,TnsRowId,No,,,,
x271transerrorlogs,ClearingHouseId,No,,,,
x271transerrorlogs,ProviderId,No,,,,
x271transerrorlogs,LoopId,No,,,,
x271transerrorlogs,id,No,,,,
x271transerrorlogs,SubmissionId,No,,,,
x271transerrorlogs,YNResCode,No,,,,
x271transerrorlogs,RejectReasonCode,No,,,,
x271transerrorlogs,FollowupActionCode,No,,,,
x271transerrorlogs,ElementId,No,,,,
x271transerrorlogs,EncounterId,Yes,ENCOUNTER_ID,,,
x271transerrorlogs,PatientId,Yes,PATIENT_ID,,,
browserlogs,errorTimeStamp,Yes,STATIC_OFFSET,,,
browserlogs,loggedInUserId,No,,,,
browserlogs,id,No,,,,
browserlogs,operatingSystem,No,,,,
browserlogs,screenResolution,No,,,,
browserlogs,browserVersion,No,,,,
browserlogs,browser,No,,,,
browserlogs,logType,No,,,,
browserlogs,detailMessage,Yes,NOTES,,,
browserlogs,message,Yes,NOTES,,,
browserlogs,sessionId,No,,,,
ccdbatchdataportabilityencinfo_log,PatientId,Yes,PATIENT_ID,,,
ccdbatchdataportabilityencinfo_log,Id,No,,,,
ccdbatchdataportabilityencinfo_log,ts,Yes,DATE_OFFSET,,,
ccdbatchdataportabilityencinfo_log,EncounterId,Yes,ENCOUNTER_ID,,,
ccdbatchdataportabilityencinfo_log,BatchId,No,,,,
ccdbatchdataportabilityencinfo_log,CCDGenerated,No,,,,
claimbatchlog,ClaimId,No,,,,
claimbatchlog,jobInstanceId,No,,,,
claimbatchlog,CreatedTime,Yes,STATIC_OFFSET,,,
claimbatchlog,CreatedTimeStamp,Yes,STATIC_OFFSET,,,
claimbatchlog,Id,No,,,,
claimbatchlog,Errors,Yes,NOTES,,,
faxinboxlogs,filepath,No,,,,
faxinboxlogs,File,No,,,,
faxinboxlogs,smart_scan_referral_id,No,,,,
faxinboxlogs,fileName,Yes,NOTES,,,
faxinboxlogs,deleteflag,No,,,,
faxinboxlogs,DisplayFileName,Yes,NOTES,,,
faxinboxlogs,senderCSID,No,,,,
faxinboxlogs,senderFaxNumber,Yes,MASK,COLUMN_NAME,,
faxinboxlogs,id,No,,,,
faxinboxlogs,ipaddress,?,,,,
faxinboxlogs,hostname,?,,,,
faxinboxlogs,facilityid,No,,,,
faxinboxlogs,logdatetime,Yes,STATIC_OFFSET,,,
faxinboxlogs,needtraining,No,,,,
faxinboxlogs,triageToId,No,,,,
faxinboxlogs,IsPartialFax,No,,,,
faxinboxlogs,softDeletedOn,Yes,STATIC_OFFSET,,,
faxinboxlogs,faxmanid,No,,,,
faxinboxlogs,remoteid,No,,,,
faxinboxlogs,pages,No,,,,
faxinboxlogs,receiverFaxNumber,Yes,MASK,COLUMN_NAME,,
patient_statement_errors_job_log,errorCode,No,,,,
patient_statement_errors_job_log,jobId,No,,,,
patient_statement_errors_job_log,patientId,Yes,PATIENT_ID,,,
patient_statement_errors_job_log,errorReason,No,,,,
patient_statement_errors_job_log,pmTaskJobId,No,,,,
edi_inv_log,Id,No,,,,
edi_inv_log,HCFAid,No,,,,
edi_inv_log,date,Yes,STATIC_OFFSET,,,
edi_inv_log,InvId,No,,,,
edi_inv_log,PayorType,No,,,,
edi_inv_log,LogType,No,,,,
edi_inv_log,SubmissionId,No,,,,
edi_inv_log,message,Yes,NOTES,,,
edi_inv_log,time,Yes,STATIC_OFFSET,,,
edi_inv_log,closingId,No,,,,
edi_inv_log,TrUserId,No,,,,
appliedtemplateslog,ApptEncId,No,ENCOUNTER_ID,,,
appliedtemplateslog,Id,No,,,,
appliedtemplateslog,TemplateEncId,No,ENCOUNTER_ID,,,
appliedtemplateslog,isFromTemplateScreen,No,,,,
appliedtemplateslog,isMerged,No,,,,
apptblocklogdetails,actiontype,No,,,,
apptblocklogdetails,blocklogrefId,No,,,,
apptblocklogdetails,userId,No,,,,
batchfaxinglog,BatchEndTime,Yes,STATIC_OFFSET,,,
batchfaxinglog,BatchStartTime,Yes,STATIC_OFFSET,,,
batchfaxinglog,JobName,No,,,,
batchfaxinglog,LogId,No,,,,
batchfaxinglog,Message,No,,,,
batchfaxinglog,RecordProcessed,No,,,,
batchfaxinglog,RuleId,No,,,,
batchfaxinglog,Status,No,,,,
batchfaxinglog,recordToBeProcess,No,,,,
claim_provider_logs,Id,No,,,,
claim_provider_logs,invCptId,No,,,,
claim_provider_logs,invId,No,,,,
claim_provider_logs,logType,No,,,,
claim_provider_logs,newValue,No,,,,
claim_provider_logs,oldValue,No,,,,
claim_provider_logs,providerType,No,,,,
claim_provider_logs,updatedBy,No,,,,
claim_provider_logs,updatedDate,Yes,STATIC_OFFSET,,,
claim_provider_logs,userAction,No,,,,
claimcollectionstatlog,ClaimCollectionStat,No,,,,
claimcollectionstatlog,Id,No,,,,
claimcollectionstatlog,InvoiceId,No,,,,
claimcollectionstatlog,UpdTime,No,,,,
claimcollectionstatlog,UpdateTime,Yes,STATIC_OFFSET,,,
claimcollectionstatlog,UpdatedBy,No,,,,
claimcollectionstatlog,comments,No,,,,
claimcollectionstatlog,currentcollstatus,No,,,,
claimcollectionstatlog,deleteflag,No,,,,
claimcollectionstatlog,guarantorId,?,,,,
claimcollectionstatlog,upddate,Yes,STATIC_OFFSET,,,
logdatamodification,MODE,No,,,,
logdatamodification,TIMESTAMP,Yes,STATIC_OFFSET,,,
logdatamodification,VALUE,Yes,NOTES,,,
logdatamodification,classMethodName,No,,,,
logdatamodification,id,No,,,,
logdatamodification,matchedCharacters,No,,,,
logdatamodification,moduleName,No,,,,
logdatamodification,newValue,Yes,NOTES,,,
logdruginteraction,Data,Yes,NOTES,,,
logdruginteraction,DataHtml,Yes,NOTES,,,
logdruginteraction,ProviderAction,No,,,,
logdruginteraction,encounter_id,Yes,ENCOUNTER_ID,,,
logdruginteraction,erx_req_id,No,,,,
logdruginteraction,eventdatetime,Yes,DATE_OFFSET,,,
logdruginteraction,htmlid,No,,,,
logdruginteraction,id,No,,,,
logdruginteraction,loguserid,No,,,,
logdruginteraction,notes,Yes,NOTES,,,
logdruginteraction,patient_id,Yes,PATIENT_ID,,,
logdruginteraction_htmldata,checksum,No,,,,
logdruginteraction_htmldata,dataHtml,Yes,NOTES,,,
logdruginteraction_htmldata,htmlid,No,,,,
logdruginteraction_htmldata,logdatetime,Yes,STATIC_OFFSET,,,
logfilter,id,No,,,,
logfilter,oldvalue,Yes,NOTES,,,
logfilter,newvalue,Yes,NOTES,,,
logfilter,tagname,No,,,,
logfilter,inserttime,Yes,STATIC_OFFSET,,,
logfilter,pattern,No,,,,
logfilter,pageurl,Yes,MASK,,,
logfilter,ACTION,No,,,,
logfilter_20240501,ACTION,No,,,,
logfilter_20240501,id,No,,,,
logfilter_20240501,inserttime,No,,,,
logfilter_20240501,newvalue,Yes,NOTES,,,
logfilter_20240501,oldvalue,Yes,NOTES,,,
logfilter_20240501,pageurl,Yes,MASK,COLUMN_NAME,,
logfilter_20240501,pattern,No,,,,
logfilter_20240501,tagname,Yes,NOTES,,,
logfilter_20240601,ACTION,No,,,,
logfilter_20240601,id,No,,,,
logfilter_20240601,inserttime,No,,,,
logfilter_20240601,newvalue,Yes,NOTES,,,
logfilter_20240601,oldvalue,Yes,NOTES,,,
logfilter_20240601,pageurl,Yes,MASK,COLUMN_NAME,,
logfilter_20240601,pattern,No,,,,
logfilter_20240601,tagname,Yes,NOTES,,,
logfilter_20240801,ACTION,No,,,,
logfilter_20240801,id,No,,,,
logfilter_20240801,inserttime,No,,,,
logfilter_20240801,newvalue,Yes,NOTES,,,
logfilter_20240801,oldvalue,Yes,NOTES,,,
logfilter_20240801,pageurl,Yes,MASK,COLUMN_NAME,,
logfilter_20240801,pattern,No,,,,
logfilter_20240801,tagname,No,,,,
logprogressnotes,action,No,,,,
logprogressnotes,data,Yes,NOTES,,,
logprogressnotes,displayindex,No,,,,
logprogressnotes,encounterid,Yes,ENCOUNTER_ID,,,
logprogressnotes,id,No,,,,
logprogressnotes,modifieddate,Yes,DATE_OFFSET,,,
logprogressnotes,modifiedtime,Yes,DATE_OFFSET,,,
logprogressnotes,patientid,Yes,PATIENT_ID,,,
logprogressnotes,prnotesxmlid,No,,,,
logprogressnotes,section,No,,,,
logprogressnotes,status,No,,,,
logprogressnotes,synchronized,No,,,,
logprogressnotes,timestamp,Yes,DATE_OFFSET,,,
logprogressnotes,user_name,No,,,,
logprogressnotes,userid,No,,,,
logprogressnotesxml,chart_optionid,Yes,NOTES,,,
logprogressnotesxml,comments,Yes,NOTES,,,
logprogressnotesxml,deleteflag,No,,,,
logprogressnotesxml,encounterid,Yes,ENCOUNTER_ID,,,
logprogressnotesxml,id,No,,,,
logprogressnotesxml,itemid,No,,,,
logprogressnotesxml,patientid,Yes,PATIENT_ID,,,
logprogressnotesxml,status,No,,,,
logprogressnotesxml,synchronized,No,,,,
logprogressnotesxml,timestamp,Yes,DATE_OFFSET,,,
logprogressnotesxml,userid,No,,,,
logprogressnotesxml,username,No,,,,
logprogressnotesxml,usrsactionid,No,,,,
logprogressnotesxml,xmldata,Yes,NOTES,,,
logptspecificdata,action,Yes,NOTES,,,
logptspecificdata,data,Yes,NOTES,,,
logptspecificdata,dataelementid,No,,,,
logptspecificdata,encounterid,Yes,ENCOUNTER_ID,,,
logptspecificdata,id,No,,,,
logptspecificdata,interfaceid,No,,,,
logptspecificdata,itemid,No,,,,
logptspecificdata,logptspecificid,No,,,,
logptspecificdata,modified_date,Yes,DATE_OFFSET,,,
logptspecificdata,modified_time,Yes,DATE_OFFSET,,,
logptspecificdata,patientid,Yes,PATIENT_ID,,,
logptspecificdata,ptEdType,No,,,,
logptspecificdata,status,No,,,,
logptspecificdata,timestamp,Yes,DATE_OFFSET,,,
logptspecificdata,truser_name,No,,,,
logptspecificdata,truserid,No,,,,
logptspecificdataxml,comments,Yes,NOTES,,,
logptspecificdataxml,dataelementid,No,,,,
logptspecificdataxml,deleteflag,No,,,,
logptspecificdataxml,id,No,,,,
logptspecificdataxml,itemid,No,,,,
logptspecificdataxml,mdatetime,Yes,DATE_OFFSET,,,
logptspecificdataxml,patientid,Yes,PATIENT_ID,,,
logptspecificdataxml,status,No,,,,
logptspecificdataxml,truserid,No,,,,
logptspecificdataxml,useraction,No,,,,
logregistryqm,id,No,,,,
logregistryqm,modulename,No,,,,
logregistryqm,searchparams,Yes,NOTES,,,
logregistryqm,searchtime,Yes,STATIC_OFFSET,,,
logregistryqm,truserid,No,,,,
logregistryqm,user_action,No,,,,
prisma_labresult_observation,patientId,Yes,,,,
prisma_labresult_observation,resultValue,No,,,,
prisma_labresult_observation,resultValueTruncated,No,,,,
prisma_labresult_observation,resultValueUnit,No,,,,
prisma_labresult_observation,sourcePriority,No,,,,
prisma_labresult_observation,stReferenceValue,No,,,,
prisma_nomenclaturemapping_auditlog,auditTimeStamp,Yes,DATE_OFFSET,,,
prisma_nomenclaturemapping_auditlog,columnNames,No,,,,
prisma_nomenclaturemapping_auditlog,delete_flag,No,,,,
prisma_nomenclaturemapping_auditlog,id,No,,,,
prisma_nomenclaturemapping_auditlog,patientId,Yes,PATIENT_ID,,,
prisma_nomenclaturemapping_auditlog,primarykeyId,No,,,,
prisma_nomenclaturemapping_auditlog,replacedValues,No,,,,
prisma_nomenclaturemapping_auditlog,section,No,,,,
prisma_nomenclaturemapping_auditlog,tableName,No,,,,
prisma_table_sync_logs,CHECK_DATE,Yes,STATIC_OFFSET,,,
prisma_table_sync_logs,ID,No,,,,
prisma_table_sync_logs,LOG_STATUS,No,,,,
prisma_table_sync_logs,TABLE_NAME,No,,,,
prisma_table_sync_logs,UPDATED_TIME,Yes,STATIC_OFFSET,,,
prisma_table_sync_logs,VERSION_EMR,No,,,,
prisma_table_sync_logs,VERSION_PRISMA,No,,,,
prisma_transaction_table_details,APPOINTMENT_DATE,Yes,DATE_OFFSET,,,
prisma_transaction_table_details,DATA_DEDUP_END_TIME,Yes,DATE_OFFSET,,,
prisma_transaction_table_details,DATA_DEDUP_START_TIME,Yes,DATE_OFFSET,,,
prisma_transaction_table_details,ENCRYPTION_KEY_VERSION,No,,,,
prisma_transaction_table_details,EXCEPTION_END_TIME,Yes,DATE_OFFSET,,,
prisma_transaction_table_details,EXCEPTION_START_TIME,Yes,DATE_OFFSET,,,
prisma_transaction_table_details,ID,No,,,,
prisma_transaction_table_details,LAST_MODIFIED_TIME,Yes,DATE_OFFSET,,,
prisma_transaction_table_details,MAX_DOC_REF_SIZE,No,,,,
prisma_transaction_table_details,MSG_DATA_DUP_STATUS,No,,,,
prisma_transaction_table_details,MSG_EXCEPTION_STATUS,No,,,,
prisma_transaction_table_details,MSG_NOMENCLATURE_STATUS,No,,,,
prisma_transaction_table_details,MSG_PARSE_STATUS,No,,,,
prisma_transaction_table_details,MSG_RECEIVED_STATUS,No,,,,
prisma_transaction_table_details,MSG_RECEIVED_TIME,Yes,DATE_OFFSET,,,
prisma_transaction_table_details,MSG_SENT_TIME,Yes,DATE_OFFSET,,,
prisma_transaction_table_details,MSG_STATUS,No,,,,
prisma_transaction_table_details,NOMENCLATURE_END_TIME,Yes,DATE_OFFSET,,,
prisma_transaction_table_details,NOMENCLATURE_START_TIME,Yes,DATE_OFFSET,,,
prisma_transaction_table_details,PARSING_END_TIME,Yes,DATE_OFFSET,,,
prisma_transaction_table_details,PARSING_START_TIME,Yes,DATE_OFFSET,,,
prisma_transaction_table_details,PATIENT_ID,Yes,PATIENT_ID,,,
prisma_transaction_table_details,RAW_PAYLOAD_SIZE,No,,,,
prisma_transaction_table_details,RETRY_COUNT,No,,,,
prisma_transaction_table_details,SOURCE_ID,No,,,,
prisma_transaction_table_details,TRANSACTION_ID,No,,,,
prisma_transaction_table_details,TRANSACTION_STUCK_STAGE,No,,,,
prisma_transaction_table_details,TRIGGER_TYPE,No,,,,
prisma_transaction_table_details,TX_CONCLUDED,No,,,,
prisma_transaction_table_details,USERS_ID,No,,,,
prisma_transaction_table_details,WKR_TOMCAT,No,,,,
prisma_user_patient_mapping,id,No,,,,
prisma_user_patient_mapping,lastAccessPrismaDate,Yes,DATE_OFFSET,,,
prisma_user_patient_mapping,modifiedDate,Yes,DATE_OFFSET,,,
prisma_user_patient_mapping,patientId,Yes,PATIENT_ID,,,
prisma_user_patient_mapping,userId,No,,,,
prisma_user_patient_mapping,viewedToasterDate,Yes,DATE_OFFSET,,,
prisma_vital_batch,authorAddressLine1,No,,,,
prisma_vital_batch,authorAddressLine2,No,,,,
prisma_vital_batch,authorCity,No,,,,
prisma_vital_batch,authorCountry,No,,,,
prisma_vital_batch,authorId,No,,,,
prisma_vital_batch,authorName,No,,,,
prisma_vital_batch,authorPostalCode,No,,,,
prisma_vital_batch,authorState,No,,,,
prisma_vital_batch,batchDate,Yes,STATIC_OFFSET,,,
prisma_vital_batch,batchId,No,,,,
prisma_vital_batch,id,No,,,,
prisma_vital_batch,sectionId,No,,,,
problemlistsnomedautomaputilitylog,asmtid,No,,,,
problemlistsnomedautomaputilitylog,deleteflag,No,,,,
problemlistsnomedautomaputilitylog,icdcode,No,,,,
problemlistsnomedautomaputilitylog,icddesc,No,,,,
problemlistsnomedautomaputilitylog,id,No,,,,
problemlistsnomedautomaputilitylog,modifieddatetime,Yes,DATE_OFFSET,,,
problemlistsnomedautomaputilitylog,patientid,Yes,PATIENT_ID,,,
problemlistsnomedautomaputilitylog,plslno,No,,,,
problemlistsnomedautomaputilitylog,snomed,No,,,,
problemlistsnomedautomaputilitylog,snomeddesc,No,,,,
problemlistsnomedautomaputilitylog,taskid,No,,,,
pt_schedule_appt_log,apptDate,Yes,STATIC_OFFSET,,,
pt_schedule_appt_log,createdOn,Yes,STATIC_OFFSET,,,
pt_schedule_appt_log,id,No,,,,
pt_schedule_appt_log,status,No,,,,
ptcommunicationlogs,ActionTaken,No,,,,
ptcommunicationlogs,communicationType,No,,,,
ptcommunicationlogs,id,No,,,,
ptcommunicationlogs,insertDate,Yes,DATE_OFFSET,,,
ptcommunicationlogs,loginid,No,,,,
ptcommunicationlogs,notes,Yes,NOTES,,,
ptcommunicationlogs,optinout,No,,,,
ptcommunicationlogs,pid,Yes,PATIENT_ID,,,
registry_vitals_migration_log,encounterDate,Yes,STATIC_OFFSET,DATE_OFFSET,,
registry_vitals_migration_log,encounterId,Yes,ENCOUNTER_ID,ENCOUNTER_ID,,
registry_vitals_migration_log,errorType,No,,,,
registry_vitals_migration_log,groupId,No,,,,
registry_vitals_migration_log,id,No,,,,
registry_vitals_migration_log,migrationDate,No,STATIC_OFFSET,DATE_OFFSET,,
registry_vitals_migration_log,patientId,No,,,,
resp_party_logs,Id,No,,,,
resp_party_logs,action,No,,,,
resp_party_logs,modified_by,No,,,,
resp_party_logs,modified_on,No,STATIC_OFFSET,DATE_OFFSET,,
resp_party_logs,previous_respID,Yes,PATIENT_ID,PATIENT_ID,,
resp_party_logs,ptid,Yes,PATIENT_ID,PATIENT_ID,,
resp_party_logs,respID,Yes,PATIENT_ID,PATIENT_ID,,
reviewlog,EntityId,No,,,,
reviewlog,EntityType,No,,,,
reviewlog,Id,No,,,,
reviewlog,LockStatus,No,,,,
reviewlog,ReviewedTime,No,,,,
reviewlog,ReviewerId,No,,,,
reviewlog,reason,No,,,,
ruleengine_log,Action,No,,,,
ruleengine_log,Id,No,,,,
ruleengine_log,ModifiedTime,No,STATIC_OFFSET,DATE_OFFSET,,
ruleengine_log,RuleId,No,,,,
ruleengine_log,UserId,No,,,,
ruleengine_log,message,No,,,,
securityacceslogs,ChangedBy,No,,,,
securityacceslogs,ItemId,No,,,,
securityacceslogs,LogId,No,,,,
securityacceslogs,LogType,No,,,,
securityacceslogs,ModifiedDate,No,,,,
securityacceslogs,NewValue,No,,,,
securityacceslogs,OldValue,No,,,,
securityacceslogs,UpdatedId,No,,,,
securityacceslogs,userAction,No,,,,
securitycontextlogs,accessTime,No,,,,
securitycontextlogs,contextId,No,,,,
securitycontextlogs,err,No,,,,
securitycontextlogs,fallbackId,No,,,,
securitycontextlogs,id,No,,,,
securitycontextlogs,trace,No,,,,
send_to_logs,CreatedDate,No,STATIC_OFFSET,DATE_OFFSET,,
send_to_logs,DeleteFlag,No,,,,
send_to_logs,EncounterId,Yes,ENCOUNTER_ID,ENCOUNTER_ID,,
send_to_logs,FaxLogId,No,,,,
send_to_logs,Id,No,,,,
send_to_logs,ReportId,No,,,,
send_to_logs,SendToMode,No,,,,
send_to_logs,SendToName,No,,,,
send_to_logs,SendToStatus,No,,,,
send_to_logs,TransmitLabId,No,,,,
send_to_logs,sendToAddressDetails,No,,,,
surescript_statusmessagelogs,NCPDPID,No,,,,
surescript_statusmessagelogs,RelatedMessageID,No,,,,
surescript_statusmessagelogs,SPI,No,,,,
surescript_statusmessagelogs,SentTime,No,,,,
surescript_statusmessagelogs,StatusCode,No,,,,
surescript_statusmessagelogs,StatusDesc,No,,,,
surescript_statusmessagelogs,StatusID,No,,,,
surescript_statusmessagelogs,StatusMessageID,No,,,,
surescript_statusmessagelogs,XMLData,Yes,NOTES,,,
verifypasswordlogs,device,No,,,,
verifypasswordlogs,id,No,,,,
verifypasswordlogs,ipAddress,Yes,MASK,COLUMN_NAME,,
verifypasswordlogs,serverLoginTime,Yes,STATIC_OFFSET,,,
verifypasswordlogs,userId,No,,,,
verifypasswordlogs,userName,No,,,,
verifypasswordlogs,userStatus,No,,,,
auth_userrole,role,No,,,,
auth_userrole,username,No,,,,
bcrypt_migration,migratedOn,Yes,STATIC_OFFSET,,,
bcrypt_migration,username,Yes,MASK,EMAIL_ID,,
careplanrequestlog,STATUS,No,,,,
careplanrequestlog,encid,Yes,ENCOUNTER_ID,,,
careplanrequestlog,facilityId,No,,,,
careplanrequestlog,id,No,,,,
careplanrequestlog,loggedfrom,No,,,,
careplanrequestlog,requestdate,Yes,DATE_OFFSET,,,
careplanrequestlog,requestedby,No,,,,
careplanrequestlog,uid,Yes,PATIENT_ID,,,
casemanager,ContactPreference,No,,,,
casemanager,Dob,Yes,PATIENT_DOB,,,
casemanager,Email,Yes,MASK,EMAIL_ID,,
casemanager,EnterpriseId,No,,,,
casemanager,Fax,Yes,MASK,FAX,,
casemanager,Id,No,,,,
casemanager,Notes,Yes,NOTES,,,
casemanager,Phone,Yes,MASK,PHONE_NUMBER,,
casemanager,State,No,,,,
casemanager,Zip,Yes,MASK,ZIP_CODE,,
casemanager,address1,Yes,MASK,PO_BOX_STREET,,
casemanager,address2,Yes,MASK,PO_BOX_STREET,,
casemanager,city,Yes,MASK,CITY,,
casemanager,deleteflag,No,,,,
casemanager,faxDialingCountryId,No,,,,
casemanager,fname,Yes,MASK,PATIENT_NAME,,
casemanager,lname,Yes,MASK,PATIENT_NAME,,
ccmr_logs,ACTION,No,,,,
ccmr_logs,deleteFlag,No,,,,
ccmr_logs,fieldName,Yes,NOTES,,,
ccmr_logs,id,No,,,,
ccmr_logs,logTime,Yes,STATIC_OFFSET,,,
ccmr_logs,logUserId,No,,,,
ccmr_logs,newValue,Yes,NOTES,,,
ccmr_logs,oldValue,Yes,NOTES,,,
ccmr_logs,path,No,,,,
ccmr_logs,sectionId,No,,,,
ccmr_logs,uniqueId,No,,,,
chartoptions,OptionOrder,No,,,,
chartoptions,doctorId,No,,,,
chartoptions,id,No,,,,
chartoptions,optionId,No,,,,
chartoptions,selected,No,,,,
chartoptions,visitType,No,,,,
claimbatchstatuslogs,ansibatchenddate,Yes,STATIC_OFFSET,,,
claimbatchstatuslogs,ansibatchstartdate,Yes,STATIC_OFFSET,,,
claimbatchstatuslogs,ansibatchstatus,No,,,,
claimbatchstatuslogs,batchenddate,Yes,STATIC_OFFSET,,,
claimbatchstatuslogs,batchid,No,,,,
claimbatchstatuslogs,batchstartdate,Yes,STATIC_OFFSET,,,
claimbatchstatuslogs,batchstatus,No,,,,
claimbatchstatuslogs,processedclaim,No,,,,
claimbatchstatuslogs,totalclaim,No,,,,
claimbatchstatuslogs,userid,No,,,,
claimsuppressederrorlogs,action,No,,,,
claimsuppressederrorlogs,claimId,No,,,,
claimsuppressederrorlogs,errorDesc,No,,,,
claimsuppressederrorlogs,id,No,,,,
claimsuppressederrorlogs,modifiedDatetime,Yes,STATIC_OFFSET,,,
claimsuppressederrorlogs,userId,No,,,,
coc_contacts,coc_id,No,,,,
coc_contacts,codeid,No,,,,
coc_contacts,codename,No,,,,
coc_contacts,contactid,No,,,,
coc_contacts,delflag,No,,,,
coc_contacts,displayinrp,No,,,,
coc_contacts,id,No,,,,
coc_contacts,priority,No,,,,
coc_contacts,ptAcoId,No,,,,
coc_contacts,role,No,,,,
coc_contacts,type,No,,,,
consultoptions,OptionOrder,No,,,,
consultoptions,doctorId,No,,,,
consultoptions,id,No,,,,
consultoptions,optionId,No,,,,
consultoptions,selected,No,,,,
consultoptions,visitType,No,,,,
contentupdate,content,No,,,,
contentupdate,contentdisplayname,No,,,,
contentupdate,contentinfo,No,,,,
contentupdate,contenttype,No,,,,
contentupdate,contentversion,No,,,,
contentupdate,contentyear,No,,,,
contentupdate,deleteflag,No,,,,
contentupdate,displaycodelist,No,,,,
contentupdate,displayindex,No,,,,
contentupdate,endpoint,No,,,,
contentupdate,id,No,,,,
contentupdate,modbyid,No,,,,
contentupdate,moddate,Yes,STATIC_OFFSET,,,
contentupdate,startpoint,No,,,,
devicecompatabilitycheckdata,dateCreated,Yes,STATIC_OFFSET,,,
devicecompatabilitycheckdata,dateModified,Yes,STATIC_OFFSET,,,
devicecompatabilitycheckdata,extractionkey,Yes,MASK,COLUMN_NAME,,
devicecompatabilitycheckdata,hostmac,Yes,MASK,COLUMN_NAME,,
devicecompatabilitycheckdata,id,No,,,,
devicecompatabilitycheckdata,machinename,Yes,MASK,COLUMN_NAME,,
devicecompatabilitycheckdata,xmldata,Yes,NOTES,,,
doctorsinfo,ActiveEndDate,Yes,STATIC_OFFSET,,,
doctorsinfo,ActiveStartDate,Yes,STATIC_OFFSET,,,
doctorsinfo,FacilityId,No,,,,
doctorsinfo,SPI,No,,,,
doctorsinfo,deleteFlag,No,,,,
doctorsinfo,doctorId,No,,,,
doctorsinfo,ss_deactivated,No,,,,
documentfoldermapping,deleteflag,No,,,,
documentfoldermapping,documentfolderid,No,,,,
documentfoldermapping,id,No,,,,
documentfoldermapping,truserid,No,,,,
dw_hcc_inelig_pt,pid,Yes,PATIENT_ID,,,
ebo_loginhistory,id,No,,,,
ebo_loginhistory,loggedInTime,Yes,STATIC_OFFSET,,,
ebo_loginhistory,loginType,No,,,,
ebo_loginhistory,uid,No,,,,
ecri_caret_logs,Id,No,,,,
ecri_caret_logs,logId,No,,,,
ecri_caret_logs,notes,Yes,NOTES,,,
ecwaccesslog,deleteFlag,No,,,,
ecwaccesslog,ecwaccesslog_id,No,,,,
ecwaccesslog,ecwloguri_id,No,,,,
ecwaccesslog,encounterid,Yes,ENCOUNTER_ID,,,
ecwaccesslog,itemid,No,,,,
ecwaccesslog,modifieddttime,Yes,DATE_OFFSET,,,
ecwaccesslog,patientid,Yes,PATIENT_ID,,,
ecwaccesslog,reportid,No,,,,
ecwaccesslog,userid,No,,,,
ecwuserdevice,allowed,No,,,,
ecwuserdevice,device_key,Yes,MASK,COLUMN_NAME,,
ecwuserdevice,device_name,Yes,MASK,COLUMN_NAME,,
ecwuserdevice,ecwuserdevice_id,No,,,,
ecwuserdevice,rcmssoid,No,,,,
edi_facilities,ASC_TN_FacilityId,No,,,,
edi_facilities,ASC_TN_FacilityType,No,,,,
edi_facilities,ASC_WI_FacilityType,No,,,,
edi_facilities,AddressLine1,Yes,MASK,PO_BOX_STREET,,
edi_facilities,AddressLine2,Yes,MASK,PO_BOX_STREET,,
edi_facilities,BankAccount,Yes,MASK,COLUMN_NAME,,
edi_facilities,BillType,No,,,,
edi_facilities,BillingAddressLine1,Yes,MASK,PO_BOX_STREET,,
edi_facilities,BillingAddressLine2,Yes,MASK,PO_BOX_STREET,,
edi_facilities,BillingCity,Yes,MASK,CITY,,
edi_facilities,BillingCountryCode,No,,,,
edi_facilities,BillingEMail,Yes,MASK,EMAIL_ID,,
edi_facilities,BillingFax,Yes,MASK,FAX,,
edi_facilities,BillingState,No,,,,
edi_facilities,BillingTel,Yes,MASK,PHONE_NUMBER,,
edi_facilities,BillingZip,Yes,MASK,ZIP_CODE,,
edi_facilities,City,Yes,MASK,CITY,,
edi_facilities,CliaId,No,,,,
edi_facilities,Color,No,,,,
edi_facilities,CountryCode,No,,,,
edi_facilities,CreditCardOption,No,,,,
edi_facilities,DeleteFlag,No,,,,
edi_facilities,DoNotAllowSlide,No,,,,
edi_facilities,EMail,Yes,MASK,EMAIL_ID,,
edi_facilities,FacilityIdType,No,,,,
edi_facilities,FacilityType,No,,,,
edi_facilities,FacilityproviderId,No,,,,
edi_facilities,Fax,Yes,MASK,FAX,,
edi_facilities,FederalTaxID,Yes,MASK,COLUMN_NAME,,
edi_facilities,FeeSchedule,No,,,,
edi_facilities,HPSAFlag,No,,,,
edi_facilities,HPSAModifier,No,,,,
edi_facilities,Id,No,,,,
edi_facilities,ImmLocationId,No,,,,
edi_facilities,ImmStateId,No,,,,
edi_facilities,Immfacid,No,,,,
edi_facilities,MammoCertId,No,,,,
edi_facilities,MerchantID,No,,,,
edi_facilities,MessCallerId,No,,,,
edi_facilities,MessOperNum,No,,,,
edi_facilities,NPI,No,,,,
edi_facilities,Name,No,,,,
edi_facilities,Notes,Yes,NOTES,,,
edi_facilities,OverrideSalesTax,No,,,,
edi_facilities,POS,No,,,,
edi_facilities,PPL_Id,No,,,,
edi_facilities,PayableTo,No,,,,
edi_facilities,Percent,No,,,,
edi_facilities,PracticeOption,No,,,,
edi_facilities,PracticeType,No,,,,
edi_facilities,PrimaryFacility,No,,,,
edi_facilities,PtStmtFacId,No,,,,
edi_facilities,PtStmtFacOption,No,,,,
edi_facilities,RestrictPrintAppts,No,,,,
edi_facilities,RestrictPrintStmts,No,,,,
edi_facilities,RestrictPublishEstimates,No,,,,
edi_facilities,RevenueCode,No,,,,
edi_facilities,State,No,,,,
edi_facilities,TaxonomyCode,No,,,,
edi_facilities,Tel,Yes,MASK,PHONE_NUMBER,,
edi_facilities,TimeZoneCode,No,,,,
edi_facilities,Zip,Yes,MASK,ZIP_CODE,,
edi_facilities,billingfaxDialingCountryId,No,,,,
edi_facilities,birthdayexclude,No,,,,
edi_facilities,code,No,,,,
edi_facilities,defaultEMServiceType,No,,,,
edi_facilities,exclude,No,,,,
edi_facilities,facilitynickname,No,,,,
edi_facilities,facilitysmsname,No,,,,
edi_facilities,faxDialingCountryId,No,,,,
edi_facilities,hl7id,No,,,,
edi_facilities,insplantype,No,,,,
edi_facilities,isInfirmary,No,,,,
edi_facilities,isNPIRequired,No,,,,
edi_facilities,labexclude,No,,,,
edi_facilities,modifiedDate,Yes,STATIC_OFFSET,,,
edi_facilities,nsexclude,No,,,,
edi_facilities,portal_name,No,,,,
edi_facilities,referralExclude,No,,,,
edi_facilities,rxexclude,No,,,,
edi_facilities,sameDayAppointmentExclude,No,,,,
edi_facilities,showinpi,No,,,,
edi_facilities,spokeFacilityId,No,,,,
edi_facilities,startedOn,Yes,STATIC_OFFSET,,,
edi_facilities,takeNewPortalAppts,No,,,,
edi_facilities,takenewportalmsg,No,,,,
edi_facilities,timezoneid,No,,,,
edi_facilities,timezonename,No,,,,
edi_facilities,unitType,No,,,,
edi_facilities,vmid,Yes,MASK,COLUMN_NAME,,
empiccrexportlog,1stAttemptDate,Yes,DATE_OFFSET,,,
empiccrexportlog,2ndAttemptDate,Yes,DATE_OFFSET,,,
empiccrexportlog,3rdAttemptDate,Yes,DATE_OFFSET,,,
empiccrexportlog,addedtimestamp,Yes,DATE_OFFSET,,,
empiccrexportlog,attemptCount,No,,,,
empiccrexportlog,chkFlag,No,,,,
empiccrexportlog,encId,Yes,ENCOUNTER_ID,,,
empiccrexportlog,exportfailreasonid,No,,,,
empiccrexportlog,facGroupId,No,,,,
empiccrexportlog,id,No,,,,
empiccrexportlog,isCCRSent,No,,,,
empiccrexportlog,isInvalid,No,,,,
empiccrexportlog,lockedDate,Yes,DATE_OFFSET,,,
empiccrexportlog,manualAttemptDate,Yes,DATE_OFFSET,,,
empiccrexportlog,manualAttemptStatus,No,,,,
empiccrexportlog,pid,No,,,,
empiccrexportlog,timestamp,Yes,DATE_OFFSET,,,
empiccrexportlog,unlockedFlag,No,,,,
empilabexportlog,1stAttemptDate,Yes,DATE_OFFSET,,,
empilabexportlog,2ndAttemptDate,Yes,DATE_OFFSET,,,
empilabexportlog,3rdAttemptDate,Yes,DATE_OFFSET,,,
empilabexportlog,addedtimeStamp,Yes,DATE_OFFSET,,,
empilabexportlog,attemptCount,No,,,,
empilabexportlog,chkFlag,No,,,,
empilabexportlog,encId,Yes,ENCOUNTER_ID,,,
empilabexportlog,exportfailreasonid,No,,,,
empilabexportlog,facGroupId,No,,,,
empilabexportlog,id,No,,,,
empilabexportlog,isInvalid,No,,,,
empilabexportlog,isLabSent,No,,,,
empilabexportlog,manualAttemptDate,Yes,DATE_OFFSET,,,
empilabexportlog,manualAttemptStatus,No,,,,
empilabexportlog,pid,No,,,,
empilabexportlog,reportId,No,,,,
empilabexportlog,reviewedDate,Yes,DATE_OFFSET,,,
empilabexportlog,reviewedFlag,No,,,,
empilabexportlog,timestamp,Yes,DATE_OFFSET,,,
empinewenclog,delFlag,No,,,,
empinewenclog,encId,Yes,ENCOUNTER_ID,,,
empinewenclog,id,No,,,,
empinewenclog,pid,Yes,PATIENT_ID,,,
empinewenclog,syncFlag,No,,,,
empinewenclog,timestamp,Yes,DATE_OFFSET,,,
empiptdata,ConsentSignedByGuarantor,No,,,,
empiptdata,DateSigned,Yes,DATE_OFFSET,,,
empiptdata,EnableEmpi,No,,,,
empiptdata,FacGroupId,No,,,,
empiptdata,FacId,No,,,,
empiptdata,IsBeneficiary,No,,,,
empiptdata,MatchFound,No,,,,
empiptdata,OptinFacilityId,No,,,,
empiptdata,OptinFacilityName,No,,,,
empiptdata,ReceivedConsent,No,,,,
empiptdata,delFlag,No,,,,
empiptdata,eCROptInOption,No,,,,
empiptdata,ecwmpi,Yes,MASK,COLUMN_NAME,,
empiptdata,id,No,,,,
empiptdata,optinpracticecode,No,,,,
empiptdata,pid,Yes,PATIENT_ID,,,
empiptdata,timestamp,Yes,DATE_OFFSET,,,
empiptdatalog,ConsentSignedByGuarantor,No,,,,
empiptdatalog,DateSigned,Yes,DATE_OFFSET,,,
empiptdatalog,EnableEmpi,No,,,,
empiptdatalog,FacGroupId,No,,,,
empiptdatalog,FacId,No,,,,
empiptdatalog,IsBeneficiary,No,,,,
empiptdatalog,MatchFound,No,,,,
empiptdatalog,OptinFacilityId,No,,,,
empiptdatalog,OptinFacilityName,No,,,,
empiptdatalog,ReceivedConsent,No,,,,
empiptdatalog,delFlag,No,,,,
empiptdatalog,eCROptInOption,No,,,,
empiptdatalog,ecwmpi,Yes,MASK,COLUMN_NAME,,
empiptdatalog,id,No,,,,
empiptdatalog,optinpracticecode,No,,,,
empiptdatalog,pid,Yes,PATIENT_ID,,,
empiptdatalog,timestamp,Yes,DATE_OFFSET,,,
empiptdemoupdatelog,LastModifiedDate,Yes,DATE_OFFSET,,,
empiptdemoupdatelog,id,No,,,,
empiptdemoupdatelog,picExportedDate,Yes,DATE_OFFSET,,,
empiptdemoupdatelog,picUpdatedDate,Yes,DATE_OFFSET,,,
empiptdemoupdatelog,picUpdatedFlag,No,,,,
empiptdemoupdatelog,pid,Yes,PATIENT_ID,,,
enc_claimdata,AccHour,No,,,,
enc_claimdata,AccInd,No,,,,
enc_claimdata,AccRespInd,No,,,,
enc_claimdata,AccState,No,,,,
enc_claimdata,AdmDate,Yes,DATE_OFFSET,,,
enc_claimdata,BillToPatient,No,,,,
enc_claimdata,DisDate,Yes,DATE_OFFSET,,,
enc_claimdata,EmpRelated,No,,,,
enc_claimdata,ExtAccCause,No,,,,
enc_claimdata,SimSymDate,Yes,DATE_OFFSET,,,
enc_claimdata,SimSymInd,No,,,,
enc_claimdata,SymDate,Yes,DATE_OFFSET,,,
enc_claimdata,SymInd,No,,,,
enc_claimdata,UnWorkFromDt,No,,,,
enc_claimdata,UnWorkToDt,No,,,,
enc_claimdata,encId,Yes,ENCOUNTER_ID,,,
enc_ins_claimdata,Id,No,,,,
enc_ins_claimdata,displayIndex,No,,,,
enc_ins_claimdata,encId,Yes,ENCOUNTER_ID,,,
enc_ins_claimdata,insId,No,,,,
enc_ins_claimdata,insurancedetid,No,,,,
encsch_sync,Id,No,,,,
encsch_sync,LastUpdateTime,Yes,DATE_OFFSET,,,
encsch_sync,encdate,Yes,DATE_OFFSET,,,
encsch_sync,encounterId,Yes,ENCOUNTER_ID,,,
encsch_sync,patientid,Yes,PATIENT_ID,,,
encsch_sync,websync,No,,,,
eprescriptionproviderlogs,Action,No,,,,
eprescriptionproviderlogs,AnesthesiaLicense,Yes,MASK,COLUMN_NAME,,
eprescriptionproviderlogs,BillingFacility,No,,,,
eprescriptionproviderlogs,BlueShieldGRP,No,,,,
eprescriptionproviderlogs,ChampusGRP,No,,,,
eprescriptionproviderlogs,City,Yes,MASK,CITY,,
eprescriptionproviderlogs,DEAActiveDate,Yes,STATIC_OFFSET,,,
eprescriptionproviderlogs,DEANumber,No,,,,
eprescriptionproviderlogs,DEATermDate,Yes,STATIC_OFFSET,,,
eprescriptionproviderlogs,DPS,No,,,,
eprescriptionproviderlogs,DateofBirth,Yes,PATIENT_DOB,,,
eprescriptionproviderlogs,Degree,No,,,,
eprescriptionproviderlogs,DoctorId,No,,,,
eprescriptionproviderlogs,EMCProviderId,No,,,,
eprescriptionproviderlogs,Email,Yes,MASK,EMAIL_ID,,
eprescriptionproviderlogs,FaxNo,Yes,MASK,FAX,,
eprescriptionproviderlogs,FirstName,No,,,,
eprescriptionproviderlogs,HomePhone,Yes,MASK,PHONE_NUMBER,,
eprescriptionproviderlogs,IPAddress,Yes,MASK,COLUMN_NAME,,
eprescriptionproviderlogs,JobTitle,No,,,,
eprescriptionproviderlogs,LanguageSpoken,No,,,,
eprescriptionproviderlogs,LastName,No,,,,
eprescriptionproviderlogs,LicenseActiveDate,Yes,STATIC_OFFSET,,,
eprescriptionproviderlogs,LicenseTermDate,Yes,STATIC_OFFSET,,,
eprescriptionproviderlogs,MailingAddress,Yes,MASK,PO_BOX_STREET,,
eprescriptionproviderlogs,MammographyCertNo,No,,,,
eprescriptionproviderlogs,MedicaidGRP,No,,,,
eprescriptionproviderlogs,MedicareGRP,No,,,,
eprescriptionproviderlogs,MiddleInitial,No,,,,
eprescriptionproviderlogs,Mobile,Yes,MASK,PHONE_NUMBER,,
eprescriptionproviderlogs,ModifiedBy,No,,,,
eprescriptionproviderlogs,ModifiedDate,Yes,STATIC_OFFSET,,,
eprescriptionproviderlogs,ModifiedTime,No,,,,
eprescriptionproviderlogs,NPI,No,,,,
eprescriptionproviderlogs,NetworkAffiliation,No,,,,
eprescriptionproviderlogs,OrganizationType,No,,,,
eprescriptionproviderlogs,Pager,Yes,MASK,COLUMN_NAME,,
eprescriptionproviderlogs,Prefix,No,,,,
eprescriptionproviderlogs,PrimaryServiceId,No,,,,
eprescriptionproviderlogs,PrintName,No,,,,
eprescriptionproviderlogs,ProviderInitials,No,,,,
eprescriptionproviderlogs,ProviderTaxId,Yes,MASK,COLUMN_NAME,,
eprescriptionproviderlogs,SSN,Yes,MASK,SSN,,
eprescriptionproviderlogs,Sex,No,,,,
eprescriptionproviderlogs,Speciality,No,,,,
eprescriptionproviderlogs,SpecialityLicense,Yes,MASK,COLUMN_NAME,,
eprescriptionproviderlogs,State,No,,,,
eprescriptionproviderlogs,StateLicense,Yes,MASK,COLUMN_NAME,,
eprescriptionproviderlogs,Suffix,No,,,,
eprescriptionproviderlogs,TYPE,No,,,,
eprescriptionproviderlogs,TaxIdSuffix,No,,,,
eprescriptionproviderlogs,TaxonomyCode,No,,,,
eprescriptionproviderlogs,UPIN,No,,,,
eprescriptionproviderlogs,ZipCode,Yes,MASK,ZIP_CODE,,
eprescriptionproviderlogs,id,No,,,,
exceptionlist,DeleteFlag,No,,,,
exceptionlist,ExcptnDate,Yes,STATIC_OFFSET,,,
exceptionlist,ExcptnDesc,Yes,NOTES,,,
exceptionlist,ExcptnId,No,,,,
exceptionlist,ProvId,No,,,,
facilitypermissions,FacilityId,No,,,,
facilitypermissions,permission,No,,,,
facilitypermissions,userId,No,,,,
favorite_list,FavoriteID,No,,,,
favorite_list,FavoriteTitle,No,,,,
favorite_list,UserID,No,,,,
favorite_list,deleteFlag,No,,,,
favorite_list,displayorder,No,,,,
favorite_list,isMenu,No,,,,
favorite_list,itemID,No,,,,
faxinboxfolder,DeptId,No,,,,
faxinboxfolder,FacilityID,No,,,,
faxinboxfolder,FaxInbox,No,,,,
faxinboxfolder,Id,No,,,,
faxinboxfolder,UserID,No,,,,
guarantorlogs,guarantorId,No,,,,
guarantorlogs,id,No,,,,
guarantorlogs,logUserId,No,,,,
guarantorlogs,logtime,Yes,STATIC_OFFSET,,,
guarantorlogs,newValue,Yes,NOTES,,,
guarantorlogs,oldValue,Yes,NOTES,,,
guarantorlogs,section,No,,,,
guarantorlogs,userAction,No,,,,
hcc_requests,cloud_locator_id,No,,,,
hcc_requests,data_sent,No,,,,
hcc_requests,data_sent_on,Yes,STATIC_OFFSET,,,
hcc_requests,id,No,,,,
hcc_requests,last_status,No,,,,
hcc_requests,last_status_on,Yes,STATIC_OFFSET,,,
hcc_requests,response_process_end,No,,,,
hcc_requests,status_json,Yes,MASK,COLUMN_NAME,,
hcc_requests,token,Yes,MASK,COLUMN_NAME,,
hl7deptreportcategories,CategoryName,No,,,,
hl7deptreportcategories,DeptId,No,,,,
hl7deptreportcategories,catid,No,,,,
hl7deptreportcategories,dischargereport,No,,,,
hl7deptreporttypes,DeptCode,No,,,,
hl7deptreporttypes,DeptId,No,,,,
hl7deptreporttypes,DeptName,No,,,,
hl7deptreporttypes,Deptdescr,Yes,NOTES,,,
hl7deptreporttypes,LabID,No,,,,
hl7deptreporttypes,id,No,,,,
inptvisit_sync,datemodified,Yes,DATE_OFFSET,,,
inptvisit_sync,dateuploaded,Yes,DATE_OFFSET,,,
inptvisit_sync,delflag,No,,,,
inptvisit_sync,encid,Yes,ENCOUNTER_ID,,,
inptvisit_sync,id,No,,,,
inptvisit_sync,websync,No,,,,
insgroupmembers,Id,No,,,,
insgroupmembers,InsGroupId,No,,,,
insgroupmembers,InsuranceId,No,,,,
insgroupmembers,isMaster,No,,,,
insgroupprnumbers,ADAFL50BP,No,,,,
insgroupprnumbers,ADAFL50BPIdType,No,,,,
insgroupprnumbers,ADAFL55TP,No,,,,
insgroupprnumbers,ADAFL55TPIdType,No,,,,
insgroupprnumbers,BA0_15,No,,,,
insgroupprnumbers,BA0_2,No,,,,
insgroupprnumbers,BillingFacilityId,No,,,,
insgroupprnumbers,CA0_28,No,,,,
insgroupprnumbers,EffDate,Yes,STATIC_OFFSET,,,
insgroupprnumbers,GroupNumber,No,,,,
insgroupprnumbers,HCFA24K,No,,,,
insgroupprnumbers,HCFA33Grp,No,,,,
insgroupprnumbers,HCFA33Pin,No,,,,
insgroupprnumbers,Hcfa24KIdType,No,,,,
insgroupprnumbers,Hcfa33GrpIdType,No,,,,
insgroupprnumbers,Id,No,,,,
insgroupprnumbers,InsGroupId,No,,,,
insgroupprnumbers,LOOP2010AABP,No,,,,
insgroupprnumbers,LOOP2010AABPIdType,No,,,,
insgroupprnumbers,LOOP2310BTP,No,,,,
insgroupprnumbers,LOOP2310BTPIdType,No,,,,
insgroupprnumbers,ProviderId,No,,,,
insgroupprnumbers,ProviderNumber,No,,,,
insgroupprnumbers,RefProvGrpIdType,No,,,,
insgroupprnumbers,RefProvIdType,No,,,,
insgroupprnumbers,SiteId,No,,,,
insgroupprnumbers,TaxId,No,,,,
insgroupprnumbers,TaxIdType,No,,,,
insgroupprnumbers,UseDefaults,No,,,,
insgroupprnumbers,UseEMCDefaults,No,,,,
insgroupprnumbers,UseHCFADefaults,No,,,,
insgroupprnumbers,useDentalElecOverride,No,,,,
insgroupprnumbers,useDentalFormOverride,No,,,,
insgroupprnumbers_logs,field,No,,,,
insgroupprnumbers_logs,id,No,,,,
insgroupprnumbers_logs,insgroupprnumbers_id,No,,,,
insgroupprnumbers_logs,log_timestamp,Yes,STATIC_OFFSET,,,
insgroupprnumbers_logs,new_value,No,,,,
insgroupprnumbers_logs,old_value,No,,,,
insgroupprnumbers_logs,user_id,No,,,,
interfacedashboardlogs,flag,No,,,,
interfacedashboardlogs,id,No,,,,
interfacedashboardlogs,interfaceID,No,,,,
interfacedashboardlogs,interfaceType,No,,,,
interfacedashboardlogs,keyfield,No,,,,
interfacedashboardlogs,updatedDateTime,Yes,STATIC_OFFSET,,,
interfacedashboardlogs,userId,No,,,,
interfacedashboardlogs,value,No,,,,
interfacedatatruncationlogs,InterfaceId,No,,,,
interfacedatatruncationlogs,errorMessage,No,,,,
interfacedatatruncationlogs,hl7MsgId,No,,,,
interfacedatatruncationlogs,id,No,,,,
interfacedatatruncationlogs,interfaceType,No,,,,
interfacedatatruncationlogs,message,Yes,NOTES,,,
interfacedatatruncationlogs,surveillanceMode,No,,,,
interfacedatatruncationlogs,updatedTime,Yes,STATIC_OFFSET,,,
interfacexml_archive,Moddate,Yes,STATIC_OFFSET,,,
interfacexml_archive,Rid,No,,,,
interfacexml_archive,XML,Yes,NOTES,,,
interfacexml_archive,XMlId,No,,,,
interfacexml_archive,hl7msgId,No,,,,
interfacexml_archive,sentid,No,,,,
interfacexml_archive,type,No,,,,
itemparam,AdmCode,No,,,,
itemparam,Export,No,,,,
itemparam,PPDCheckSt,No,,,,
itemparam,VISCount,No,,,,
itemparam,billingdose,No,,,,
itemparam,commid,No,,,,
itemparam,dose,No,,,,
itemparam,itemId,No,,,,
itemparam,medicationItemId,No,,,,
itemparam,medicationNDC,No,,,,
labdatacc,CCDoctorId,No,,,,
labdatacc,Comments,Yes,NOTES,,,
labdatacc,OrigReportId,No,,,,
labdatacc,ReportId,No,,,,
labdatacc,Status,No,,,,
labhub_spoke_provider_code_mapping,Id,No,,,,
labhub_spoke_provider_code_mapping,RoutingCode,No,,,,
labhub_spoke_provider_code_mapping,deleteFlag,No,,,,
labhub_spoke_provider_code_mapping,hubRoutingCodeId,No,,,,
labhub_spoke_provider_code_mapping,hubSpokeMappingId,No,,,,
labitemkeys,itemId,No,,,,
labitemkeys,labId,No,,,,
labitemkeys,name,No,,,,
labitemkeys,value,Yes,NOTES,,,
labparameters,identifier,No,,,,
labparameters,labId,No,,,,
labparameters,priPos1,No,,,,
labparameters,priPos2,No,,,,
labparameters,priPos3,No,,,,
labparameters,priSeg,No,,,,
labparameters,secPos1,No,,,,
labparameters,secPos2,No,,,,
labparameters,secPos3,No,,,,
labparameters,secSeg,No,,,,
letterfavorite,favoriteflag,No,,,,
letterfavorite,id,No,,,,
letterfavorite,letterId,No,,,,
letterfavorite,trUserId,No,,,,
logincheck,answer1,No,,,,
logincheck,answer2,No,,,,
logincheck,answer3,No,,,,
logincheck,answer4,No,,,,
logincheck,deleteflag,No,,,,
logincheck,email,Yes,MASK,COLUMN_NAME,,
logincheck,id,No,,,,
logincheck,otpflag,No,,,,
logincheck,phone,Yes,MASK,COLUMN_NAME,,
logincheck,pictureflag,No,,,,
logincheck,pictureid,No,,,,
logincheck,queflag,No,,,,
logincheck,questions,No,,,,
logincheck,updateflag,No,,,,
logincheck,updatetoken,No,,,,
logincheck,updatetokentime,Yes,STATIC_OFFSET,,,
logincheck,userid,No,,,,
logrightpanelupdate,id,No,,,,
logrightpanelupdate,logDateTime,Yes,DATE_OFFSET,,,
logrightpanelupdate,patientId,Yes,PATIENT_ID,,,
logrightpanelupdate,section,No,,,,
logrightpanelupdate,userId,No,,,,
logthreatdetection,detectedThreatCount,No,,,,
logthreatdetection,id,No,,,,
logthreatdetection,loggedOn,Yes,STATIC_OFFSET,,,
logthreatdetection,requestUrl,No,,,,
logthreatdetection,userId,No,,,,
logthreatdetection,userLogId,No,,,,
measure_provider_configuration_logs_2018,Dictionary,No,,,,
measure_provider_configuration_logs_2018,apuid,No,,,,
measure_provider_configuration_logs_2018,deleteflag,No,,,,
measure_provider_configuration_logs_2018,ecw_provider_id,No,,,,
measure_provider_configuration_logs_2018,emr_modified_time,Yes,STATIC_OFFSET,,,
measure_provider_configuration_logs_2018,id,No,,,,
measure_provider_configuration_logs_2018,mb_user_id,No,,,,
measure_provider_configuration_logs_2018,mb_user_name,No,,,,
measure_provider_configuration_logs_2018,modified_time,Yes,STATIC_OFFSET,,,
measure_provider_configuration_logs_2018,new_json,Yes,NOTES,,,
measure_provider_configuration_logs_2018,old_json,Yes,NOTES,,,
measure_provider_configuration_logs_2018,operation,No,,,,
measure_provider_configuration_logs_2018,tin,No,,,,
measure_provider_configuration_logs_2018,trUserId,No,,,,
messenger,NewMsgsFlag,No,,,,
messenger,NewTelCallsFlag,No,,,,
messenger,uid,No,,,,
netaccesspnoutbound,MessageContent,No,,,,
netaccesspnoutbound,MessageId,No,,,,
netaccesspnoutbound,MessageStatus,No,,,,
netaccesspnoutbound,PMId,No,,,,
netaccesspnoutbound,TransmittedOn,Yes,DATE_OFFSET,,,
netaccesspnoutbound,WSResponse,No,,,,
netaccesspnoutbound,encounterid,Yes,ENCOUNTER_ID,,,
netaccesspnoutbound,patientid,Yes,ENCOUNTER_ID,,,
netaccesspnoutbound,response,No,,,,
netaccessrecordslog,HubPNMsgId,No,,,,
netaccessrecordslog,Id,No,,,,
netaccessrecordslog,LabId,No,,,,
netaccessrecordslog,MRN,Yes,PATIENT_ID,,,
netaccessrecordslog,dateSent,Yes,DATE_OFFSET,,,
netaccessrecordslog,dob,Yes,DATE_OFFSET,,,
netaccessrecordslog,doctorId,No,,,,
netaccessrecordslog,doctorName,Yes,MASK,COLUMN_NAME,,
netaccessrecordslog,encDate,Yes,DATE_OFFSET,,,
netaccessrecordslog,encId,Yes,ENCOUNTER_ID,,,
netaccessrecordslog,errorLogs,No,,,,
netaccessrecordslog,faultStatus,No,,,,
netaccessrecordslog,msgContent,No,,,,
netaccessrecordslog,msgStatus,No,,,,
netaccessrecordslog,patientId,Yes,PATIENT_ID,,,
netaccessrecordslog,ufname,Yes,MASK,COLUMN_NAME,,
netaccessrecordslog,ulname,Yes,MASK,COLUMN_NAME,,
netaccessrecordslog,uminitial,Yes,MASK,COLUMN_NAME,,
nhxmpiemr,Id,No,,,,
nhxmpiemr,localPatientId,Yes,PATIENT_ID,,,
nhxmpiemr,nhxmpi,No,,,,
oa_sync_cancellations,APUID,No,,,,
oa_sync_cancellations,CampaignID,No,,,,
oa_sync_cancellations,Id,No,,,,
oa_sync_cancellations,PatientID,Yes,PATIENT_ID,,,
oa_sync_cancellations,appointmentdate,Yes,DATE_OFFSET,,,
oa_sync_cancellations,appointmentendtime,Yes,DATE_OFFSET,,,
oa_sync_cancellations,appointmentstarttime,Yes,DATE_OFFSET,,,
oa_sync_cancellations,cancellationmsg,No,,,,
oa_sync_cancellations,createdTimestamp,Yes,DATE_OFFSET,,,
oa_sync_cancellations,doctorID,No,,,,
oa_sync_cancellations,encounterID,Yes,ENCOUNTER_ID,,,
oa_sync_cancellations,facilityID,No,,,,
oa_sync_cancellations,opendate,Yes,DATE_OFFSET,,,
oa_sync_cancellations,status,No,,,,
oa_sync_cancellations,syncTimestamp,Yes,DATE_OFFSET,,,
oa_sync_cancellations,type,No,,,,
oa_sync_cancellations,validity,No,,,,
oa_sync_cancellations,visittype_key,No,,,,
ooologs,action,No,,,,
ooologs,assignUserId,No,,,,
ooologs,encounterId,Yes,ENCOUNTER_ID,,,
ooologs,id,No,,,,
ooologs,modifiedon,No,,,,
ooologs,userid,No,,,,
opennoterequestlog,encid,Yes,ENCOUNTER_ID,,,
opennoterequestlog,facilityId,No,,,,
opennoterequestlog,id,No,,,,
opennoterequestlog,loggedfrom,No,,,,
opennoterequestlog,requestdate,Yes,DATE_OFFSET,,,
opennoterequestlog,requestedby,No,,,,
opennoterequestlog,status,No,,,,
opennoterequestlog,uid,Yes,PATIENT_ID,,,
p2penclogs,Id,No,,,,
p2penclogs,encounterId,Yes,ENCOUNTER_ID,,,
p2penclogs,nhxTelEncReqId,No,,,,
p2penclogs,uploadedToPtDocs,No,,,,
pastvitals_patients,hidePastVitalsInPN,No,,,,
pastvitals_patients,patientId,Yes,PATIENT_ID,,,
patcheslicensekeys,DoctorId,No,,,,
patcheslicensekeys,LicenseKey,No,,,,
patcheslicensekeys,PrintName,No,,,,
patcheslicensekeys,Status,No,,,,
patcheslicensekeys,id,No,,,,
patcheslicensekeys,processedDate,Yes,STATIC_OFFSET,,,
patient_casemanager,CaseManId,No,,,,
patient_casemanager,Pid,Yes,PATIENT_ID,,,
patient_casemanager,deleteflag,No,,,,
patient_registry_groups,pat_regrp_id,No,,,,
patient_registry_groups,patient_id,Yes,PATIENT_ID,,,
patient_registry_groups,regrp_id,No,,,,
pdmp_report_log,AppointmentDateTime,Yes,DATE_OFFSET,,,
pdmp_report_log,RequestDateTime,Yes,DATE_OFFSET,,,
pdmp_report_log,ResponseDateTime,Yes,DATE_OFFSET,,,
pdmp_report_log,STATUS,No,,,,
pdmp_report_log,ScheduleTaskName,No,,,,
pdmp_report_log,deleteFlag,No,,,,
pdmp_report_log,docId,No,,,,
pdmp_report_log,encounterId,Yes,ENCOUNTER_ID,,,
pdmp_report_log,id,No,,,,
pdmp_report_log,narcotic,No,,,,
pdmp_report_log,patientId,Yes,PATIENT_ID,,,
pdmp_report_log,pdmpRequestXML,No,,,,
pdmp_report_log,pdmpResponse,No,,,,
pdmp_report_log,sedative,No,,,,
pdmp_report_log,stimulant,No,,,,
pdmp_report_log,userId,No,,,,
printfaxsettings,BulletedStyleVisible,No,,,,
printfaxsettings,ClassicStyleVisible,No,,,,
printfaxsettings,CustomStyleVisible,No,,,,
printfaxsettings,DefaultStyleVisible,No,,,,
printfaxsettings,Id,No,,,,
printfaxsettings,LockAndAssign,No,,,,
printfaxsettings,ModernIIIStyleVisible,No,,,,
printfaxsettings,ModernIIStyleVisible,No,,,,
printfaxsettings,ModernIStyleVisible,No,,,,
printfaxsettings,ModernIVStyleVisible,No,,,,
printfaxsettings,MyDefaultStyle,No,,,,
printfaxsettings,UserId,No,,,,
printfaxsettings,keyname,No,,,,
provider_languages,DoctorID,No,,,,
provider_languages,ID,No,,,,
provider_languages,LangID,No,,,,
psac_class_settings_logs,actiondate,Yes,STATIC_OFFSET,,,
psac_class_settings_logs,actionuserid,No,,,,
psac_class_settings_logs,id,No,,,,
psac_class_settings_logs,log,Yes,NOTES,,,
psac_logging,encID,Yes,ENCOUNTER_ID,,,
psac_logging,id,No,,,,
psac_logging,patientID,Yes,PATIENT_ID,,,
psac_logging,psacGroup,No,,,,
psac_logging,psacProviders,Yes,NOTES,,,
psac_logging,userid,No,,,,
recbulkactiontakenlogs,ActionTakenFlag,No,,,,
recbulkactiontakenlogs,ActionTakenStatus,No,,,,
recbulkactiontakenlogs,Id,No,,,,
recbulkactiontakenlogs,Messageids,No,,,,
recbulkactiontakenlogs,Reviewerid,No,,,,
recbulkactiontakenlogs,UpdatedTime,Yes,STATIC_OFFSET,,,
refundlock_history,Id,No,,,,
refundlock_history,ModifiedDateTime,Yes,STATIC_OFFSET,,,
refundlock_history,RefundId,No,,,,
refundlock_history,RefundLockStatus,No,,,,
refundlock_history,lastlock,No,,,,
refundlock_history,setBy,No,,,,
release_concurrency_log,id,No,,,,
release_concurrency_log,lockedBy,No,,,,
release_concurrency_log,lockedDateTime,Yes,STATIC_OFFSET,,,
release_concurrency_log,releasedBy,No,,,,
release_concurrency_log,releasedDateTime,Yes,STATIC_OFFSET,,,
release_concurrency_log,uniqueid,No,,,,
rulesins,AddedBy,No,,,,
rulesins,AddedTime,Yes,STATIC_OFFSET,,,
rulesins,DeleteFlag,No,,,,
rulesins,InsGroupFlag,No,,,,
rulesins,InsId,No,,,,
rulesins,RuleId,No,,,,
rulesins,UpdatedBy,No,,,,
rulesins,UpdatedTime,Yes,STATIC_OFFSET,,,
rulesins,id,No,,,,
rx_myfavorites,ExcludeIds,Yes,NOTES,,,
rx_myfavorites,NDC_Code,No,,,,
rx_myfavorites,deleteflag,No,,,,
rx_myfavorites,dispense,No,,,,
rx_myfavorites,duration,No,,,,
rx_myfavorites,formulation,No,,,,
rx_myfavorites,frequency,No,,,,
rx_myfavorites,id,No,,,,
rx_myfavorites,itemid,No,,,,
rx_myfavorites,itemname,No,,,,
rx_myfavorites,modifiedDateTime,Yes,STATIC_OFFSET,,,
rx_myfavorites,refill,No,,,,
rx_myfavorites,route,No,,,,
rx_myfavorites,strength,No,,,,
rx_myfavorites,take,No,,,,
rx_myfavorites,userid,No,,,,
securitytemplatepermissions,Id,No,,,,
securitytemplatepermissions,ItemId,No,,,,
securitytemplatepermissions,TemplateId,No,,,,
securitytemplatepermissions,permission,No,,,,
sendscreendefaultsbyuser,CoPay,No,,,,
sendscreendefaultsbyuser,ConsultNotes,No,,,,
sendscreendefaultsbyuser,DI,No,,,,
sendscreendefaultsbyuser,ImmForms,No,,,,
sendscreendefaultsbyuser,Lab,No,,,,
sendscreendefaultsbyuser,PatientEducation,No,,,,
sendscreendefaultsbyuser,Procedures,No,,,,
sendscreendefaultsbyuser,Rx,No,,,,
sendscreendefaultsbyuser,RxEducation,No,,,,
sendscreendefaultsbyuser,VisitSummary,No,,,,
sendscreendefaultsbyuser,id,No,,,,
sendscreendefaultsbyuser,screenDefaultsId,No,,,,
sendscreendefaultsbyuser,userId,No,,,,
statements_pdfs,BatchId,No,,,,
statements_pdfs,CreatedById,No,,,,
statements_pdfs,CreatedDateTime,Yes,DATE_OFFSET,,,
statements_pdfs,Id,No,,,,
statements_pdfs,InsId,No,,,,
statements_pdfs,PtId,Yes,PATIENT_ID,,,
statements_pdfs,StmtFlag,No,,,,
statements_pdfs,deleteflag,No,,,,
statements_pdfs,fileName,Yes,NOTES,,,
statements_pdfs_batches,CreatedById,No,,,,
statements_pdfs_batches,CreatedDateTime,Yes,STATIC_OFFSET,,,
statements_pdfs_batches,Id,No,,,,
statements_pdfs_batches,deleteFlag,No,,,,
statements_pdfs_batches,fileName,Yes,NOTES,,,
tags,ID,No,,,,
tags,TagsId,No,,,,
tags,deleteflag,No,,,,
tags,notesId,No,,,,
tbladolescencedetaillog,id,No,,,,
tbladolescencedetaillog,logid,No,,,,
tbladolescencedetaillog,modification,Yes,NOTES,,,
tbladolescencelog,action,No,,,,
tbladolescencelog,id,No,,,,
tbladolescencelog,modifiedby,No,,,,
tbladolescencelog,modifieddate,Yes,DATE_OFFSET,,,
tbladolescencelog,patientid,Yes,PATIENT_ID,,,
tbladolescencelog,proxyuid,Yes,PATIENT_ID,,,
tbladolescencesettinglog,id,No,,,,
tbladolescencesettinglog,ids,Yes,PATIENT_ID,,,
tbladolescencesettinglog,runby,No,,,,
tbladolescencesettinglog,rundate,Yes,DATE_OFFSET,,,
tbladolescencesettinglog,runtype,No,,,,
telemed_call_analytics,enc_date,Yes,DATE_OFFSET,,,
telemed_call_analytics,enc_id,Yes,ENCOUNTER_ID,,,
telemed_call_analytics,enc_start_time,No,,,,
telemed_call_analytics,facility_id,No,,,,
telemed_call_analytics,facility_name,Yes,MASK,COLUMN_NAME,,
telemed_call_analytics,facility_time_zone,No,,,,
telemed_call_analytics,failed_attempts,No,,,,
telemed_call_analytics,id,No,,,,
telemed_call_analytics,patient_id,No,PATIENT_ID,,,
telemed_call_analytics,patient_name,Yes,MASK,COLUMN_NAME,,
telemed_call_analytics,provider_id,No,,,,
telemed_call_analytics,provider_name,No,,,,
telemed_call_analytics,provider_npi,No,,,,
telemed_call_analytics,sync_endtime,Yes,DATE_OFFSET,,,
telemed_call_analytics,sync_starttime,Yes,DATE_OFFSET,,,
telemed_call_analytics,vendor_data,?,,,,
telemed_call_analytics,vendor_name,?,,,,
telemed_call_analytics,visit_type,No,,,,
telemed_call_analytics,visit_type_id,No,,,,
telemed_call_analytics,web_sync,No,,,,
telemed_call_connection_analytics,call_duration,No,,,,
telemed_call_connection_analytics,call_end_reason,No,,,,
telemed_call_connection_analytics,call_end_time,No,,,,
telemed_call_connection_analytics,call_start_time,No,,,,
telemed_call_connection_analytics,caller_id,?,,,,
telemed_call_connection_analytics,contact_name,?,,,,
telemed_call_connection_analytics,enc_id,Yes,ENCOUNTER_ID,,,
telemed_call_connection_analytics,failed_attempts,No,,,,
telemed_call_connection_analytics,id,No,,,,
telemed_call_connection_analytics,is_contact,No,,,,
telemed_call_connection_analytics,patient_device_info,?,,,,
telemed_call_connection_analytics,provider_device_info,?,,,,
telemed_call_connection_analytics,sync_endtime,Yes,DATE_OFFSET,,,
telemed_call_connection_analytics,sync_starttime,Yes,DATE_OFFSET,,,
telemed_call_connection_analytics,vendor_connection_data,?,,,,
telemed_call_connection_analytics,web_sync,No,,,,
telemed_consent_form_agreement,consent_form_id,No,,,,
telemed_consent_form_agreement,doc_ref_id,No,,,,
telemed_consent_form_agreement,enc_id,Yes,ENCOUNTER_ID,,,
telemed_consent_form_agreement,guid,Yes,MASK,COLUMN_NAME,,
telemed_consent_form_agreement,id,No,,,,
telemed_consent_form_agreement,ip_log,Yes,MASK,COLUMN_NAME,,
telemed_consent_form_agreement,proxy_rel,No,,,,
telemed_consent_form_agreement,proxy_uid,Yes,PATIENT_ID,,,
telemed_consent_form_agreement,source,No,,,,
telemed_consent_form_agreement,ts_utc,Yes,DATE_OFFSET,,,
telemed_consent_form_agreement,uid,Yes,PATIENT_ID,,,
templ_permissions,Providername,No,,,,
templ_permissions,TemplateId,No,,,,
templ_permissions,id,No,,,,
templ_permissions,providerid,No,,,,
templateoptions,OptionOrder,No,,,,
templateoptions,doctorId,No,,,,
templateoptions,id,No,,,,
templateoptions,optionId,No,,,,
templateoptions,selected,No,,,,
templateoptions,visitType,No,,,,
ucs_noshowcampaignmarker,encounterid,Yes,ENCOUNTER_ID,,,
ucs_noshowcampaignmarker,id,No,,,,
ucs_noshowcampaignmarker,inserttime,Yes,DATE_OFFSET,,,
ucs_noshowcampaignmarker,patientid,Yes,PATIENT_ID,,,
ucs_noshowcampaignmarker,updateflag,No,,,,
userconfigurations,ConfigurationID,No,,,,
userconfigurations,ConfigurationValue,No,,,,
userconfigurations,Id,No,,,,
userconfigurations,UserId,No,,,,
userconfigurations,updatedTime,Yes,STATIC_OFFSET,,,
userfiltersetting,Assignedname,No,,,,
userfiltersetting,Assignedtoid,No,,,,
userfiltersetting,Block,No,,,,
userfiltersetting,HousingArea,No,,,,
userfiltersetting,TYPE,No,,,,
userfiltersetting,deleteflag,No,,,,
userfiltersetting,electronic,No,,,,
userfiltersetting,facilityType,No,,,,
userfiltersetting,facilityid,No,,,,
userfiltersetting,facilityname,Yes,MASK,COLUMN_NAME,,
userfiltersetting,filterdatetype,No,,,,
userfiltersetting,future,No,,,,
userfiltersetting,highpriority,No,,,,
userfiltersetting,id,No,,,,
userfiltersetting,imaging,No,,,,
userfiltersetting,inhouse,No,,,,
userfiltersetting,labs,No,,,,
userfiltersetting,outstanding,No,,,,
userfiltersetting,pendingApproval,No,,,,
userfiltersetting,procedures,No,,,,
userfiltersetting,providerid,No,,,,
userfiltersetting,providername,No,,,,
userfiltersetting,received,No,,,,
userfiltersetting,reviewed,No,,,,
userfiltersetting,rowsPerPage,No,,,,
userfiltersetting,scannedById,No,,,,
userfiltersetting,scannedByName,No,,,,
userfiltersetting,sendout,No,,,,
userfiltersetting,showReviewedCopies,No,,,,
userfiltersetting,uid,No,,,,
userjellybeanaccess,categorykeyname,No,,,,
userjellybeanaccess,doctorId,No,,,,
userjellybeanaccess,roleId,No,,,,
userjellybeanaccess,userid,No,,,,
userpasswordlogs,action,No,,,,
userpasswordlogs,logId,No,,,,
userpasswordlogs,updateBy,No,,,,
userpasswordlogs,updateFor,No,,,,
userpasswordlogs,updatetime,Yes,STATIC_OFFSET,,,
voicecheckinfacilitysettings,arrivalMsgEng,Yes,NOTES,,,
voicecheckinfacilitysettings,arrivalMsgSpanish,Yes,NOTES,,,
voicecheckinfacilitysettings,autoDemoImportEnable,No,,,,
voicecheckinfacilitysettings,checkInEnable,No,,,,
voicecheckinfacilitysettings,dateModified,Yes,STATIC_OFFSET,,,
voicecheckinfacilitysettings,facilityId,No,,,,
voicecheckinfacilitysettings,iHaveArrivedEnable,No,,,,
voicecheckinfacilitysettings,id,No,,,,
voicecheckinfacilitysettings,modifiedBy,No,,,,
accounthold_log,Id,No,,,,
accounthold_log,LogDate,Yes,DATE_OFFSET,,,
accounthold_log,LogTime,No,,,,
accounthold_log,PatientID,Yes,PATIENT_ID,,,
accounthold_log,TrUserId,No,,,,
auditmismatchreport,category,No,,,,
auditmismatchreport,id,No,,,,
auditmismatchreport,reportDateTime,Yes,STATIC_OFFSET,,,
auditmismatchreport,securitycontext_contextId,No,,,,
auditmismatchreport,securitycontext_fallbackId,No,,,,
auditmismatchreport,securitycontext_id,No,,,,
auditmismatchreport,securitycontext_time,No,,,,
auditmismatchreport,securitycontext_trace,No,,,,
auditmismatchreport,user1Id,No,,,,
auditmismatchreport,user1LogId,No,,,,
auditmismatchreport,user1LoginTime,Yes,STATIC_OFFSET,,,
auditmismatchreport,user1LogoutTime,Yes,STATIC_OFFSET,,,
auditmismatchreport,user2Id,No,,,,
auditmismatchreport,user2LogId,No,,,,
auditmismatchreport,user2LoginTime,Yes,STATIC_OFFSET,,,
auditmismatchreport,user2LogoutTime,Yes,STATIC_OFFSET,,,
bumplist,Id,No,,,,
bumplist,InBumpList,No,,,,
bumplist,UserId,No,,,,
bumplist,UserName,No,,,,
bumplist,encounterID,Yes,ENCOUNTER_ID,,,
bumplist,timestamp,Yes,DATE_OFFSET,,,
claiminsurancelogs,TYPE,No,,,,
claiminsurancelogs,columnName,No,,,,
claiminsurancelogs,id,No,,,,
claiminsurancelogs,logid,No,,,,
claiminsurancelogs,newValue,No,,,,
claiminsurancelogs,oldValue,No,,,,
claims_created_by_job,claim_id,No,,,,
claims_created_by_job,id,No,,,,
claims_created_by_job,job_id,No,,,,
claims_created_by_job,logTime,Yes,STATIC_OFFSET,,,
claimscruberrorlog,ClaimId,No,,,,
claimscruberrorlog,ErrorDate,Yes,STATIC_OFFSET,,,
claimscruberrorlog,ErrorDesc,Yes,NOTES,,,
claimscruberrorlog,ErrorStatus,No,,,,
claimscruberrorlog,ErrorType,No,,,,
claimscruberrorlog,JobId,No,,,,
claimscrublog,ClaimId,No,,,,
claimscrublog,ClaimStatus,No,,,,
claimscrublog,Error,Yes,NOTES,,,
claimscrublog,JobId,No,,,,
claimscrublog,LogDate,Yes,STATIC_OFFSET,,,
claimstatuspostedmessage,FileId,No,,,,
claimstatuspostedmessage,Id,No,,,,
claimstatuspostedmessage,PostedBy,No,,,,
claimstatuspostedmessage,PostedDate,Yes,STATIC_OFFSET,,,
claimstatuspostedmessage,PostedMessage,No,,,,
claimstatuspostedmessage,PostedTime,No,,,,
claimstatuspostedmessage,PostedTimeStamp,Yes,STATIC_OFFSET,,,
claimstatuspostedmessage,deleteFlag,No,,,,
collectionclaimhistory,balance,Yes,MASK,COLUMN_NAME,,
collectionclaimhistory,claimid,No,,,,
collectionclaimhistory,collbalance,Yes,MASK,COLUMN_NAME,,
collectionclaimhistory,createddate,Yes,STATIC_OFFSET,,,
collectionclaimhistory,demandphase,No,,,,
collectionclaimhistory,demandphasedate,Yes,STATIC_OFFSET,,,
collectionclaimhistory,fileid,No,,,,
collectionclaimhistory,id,No,,,,
cqm_resultset_historical,batchId,No,,,,
cqm_resultset_historical,comments,No,,,,
cqm_resultset_historical,deleteFlag,No,,,,
cqm_resultset_historical,id,No,,,,
cqm_resultset_historical,startTime,Yes,STATIC_OFFSET,,,
cqm_resultset_historical,stopTime,Yes,STATIC_OFFSET,,,
cqm_resultset_historical,valuesetId,No,,,,
crc_claimalerts,actiondays,No,,,,
crc_claimalerts,alertresult,Yes,NOTES,,,
crc_claimalerts,alerttext,No,,,,
crc_claimalerts,alerttype,No,,,,
crc_claimalerts,fileid,No,,,,
crc_claimalerts,id,No,,,,
crc_claimalerts,ignoreComment,No,,,,
crc_claimalerts,invoiceid,Relationship,,,,
crc_claimalerts,issubmitted,No,,,,
crc_claimalerts,payerid,Yes,MASK,COLUMN_NAME,,
credtransaction,Amount,Yes,MASK,COLUMN_NAME,,
credtransaction,AuthCode,?,,,,
credtransaction,Id,No,,,,
credtransaction,MerchantId,?,,,,
credtransaction,Message,Yes,NOTES,,,
credtransaction,PostedOn,Yes,DATE_OFFSET,,,
credtransaction,SettledOn,Yes,DATE_OFFSET,,,
credtransaction,TranStatus,No,,,,
credtransaction,TransID,No,,,,
credtransaction,credResponse,Yes,NOTES,,,
credtransaction,encounterId,Yes,ENCOUNTER_ID,,,
credtransaction,facilityName,?,,,,
credtransaction,paymentFacId,No,,,,
credtransaction,paymentId,No,,,,
credtransaction,paymentStatus,No,,,,
credtransaction,ptId,Yes,PATIENT_ID,,,
credtransaction,stmtfacId,No,,,,
credtransaction,tranIdentifier,Yes,MASK,COLUMN_NAME,,
currentactionresultcode,ActionEntity,No,,,,
currentactionresultcode,ChActionCode,No,,,,
currentactionresultcode,ChActionCodeUpdated,No,,,,
currentactionresultcode,ChActionCodeUpdatedLast,No,,,,
currentactionresultcode,ChActionCodeUpdatedPre,No,,,,
currentactionresultcode,ChActionMessage,No,,,,
currentactionresultcode,ChActionMessageDescription,No,,,,
currentactionresultcode,InvId,Relationship,,,,
currentactionresultcode,actionCodeId,No,,,,
currentactionresultcode,claimstatusrescode,No,,,,
currentactionresultcode,deleteFlag,No,,,,
currentactionresultcode,resultCodeId,No,,,,
dj_run_log_psm,BATCH_IDENTIFIER,Yes,NOTES,,,
dj_run_log_psm,DATA_DATE,Yes,STATIC_OFFSET,,,
dj_run_log_psm,EXEC_STATUS,No,,,,
dj_run_log_psm,FREQUENCY,No,,,,
dj_run_log_psm,IS_RUN,No,,,,
dj_run_log_psm,KPI_ID,No,,,,
dj_run_log_psm,QUERY_END_TIME,Yes,STATIC_OFFSET,,,
dj_run_log_psm,QUERY_START_TIME,Yes,STATIC_OFFSET,,,
dj_run_log_psm,ROW_COUNT,No,,,,
dj_run_log_psm,ROW_IDENTIFIER,No,,,,
dj_run_log_psm,RUN_DATE,Yes,STATIC_OFFSET,,,
electronicpmmessages,DateReceived,Yes,STATIC_OFFSET,,,
electronicpmmessages,MessageContent,Yes,NOTES,,,
electronicpmmessages,MessageId,No,,,,
electronicpmresults_archive2,DataValidationMessage,No,,,,
electronicpmresults_archive2,DateModified,Yes,DATE_OFFSET,,,
electronicpmresults_archive2,DateReceived,Yes,DATE_OFFSET,,,
electronicpmresults_archive2,ErrorMessage,No,,,,
electronicpmresults_archive2,MFNId,No,,,,
electronicpmresults_archive2,MFNMsgType,No,,,,
electronicpmresults_archive2,MessageContent,No,,,,
electronicpmresults_archive2,MessageControlID,No,,,,
electronicpmresults_archive2,MessageId,No,,,,
electronicpmresults_archive2,MessageType,No,,,,
electronicpmresults_archive2,PMId,No,,,,
electronicpmresults_archive2,PatientAccNum,Yes,MASK,COLUMN_NAME,,
electronicpmresults_archive2,PatientDOB,Yes,PATIENT_DOB,,,
electronicpmresults_archive2,PatientFirstName,Yes,MASK,PATIENT_NAME,,
electronicpmresults_archive2,PatientLastName,Yes,MASK,PATIENT_NAME,,
electronicpmresults_archive2,Toc,No,,,,
electronicpmresults_archive2,VisitNumber,No,,,,
electronicpmresults_archive2,ackError,No,,,,
electronicpmresults_archive2,ackMessage,No,,,,
electronicpmresults_archive2,ackStatus,No,,,,
electronicpmresults_archive2,doctorID,No,,,,
electronicpmresults_archive2,enclog,No,,,,
electronicpmresults_archive2,facilityId,No,,,,
electronicpmresults_archive2,interfaceMessageLog,Yes,NOTES,,,
electronicpmresults_archive2,messagecontentId,No,,,,
electronicpmresults_archive2,messagestatus,No,,,,
electronicpmresults_archive2,patientid,Yes,PATIENT_ID,,,
electronicpmresults_archive2,processflow,Yes,NOTES,,,
electronicpmresults_archive2,ptlog,No,,,,
electronicpmresults_archive2,visitStatus,No,,,,
eligibilityservicedateindicator,accessflag,No,,,,
eligibilityservicedateindicator,encounterId,Yes,ENCOUNTER_ID,,,
eligibilityservicedateindicator,id,No,,,,
eligibilityservicedateindicator,insurancedetailId,No,,,,
epa_questionnaire,content,No,,,,
epa_questionnaire,created_by,No,,,,
epa_questionnaire,created_datetime,Yes,STATIC_OFFSET,,,
epa_questionnaire,deadline_for_reply,Yes,STATIC_OFFSET,,,
epa_questionnaire,delete_flag,No,,,,
epa_questionnaire,epa_case_id,No,,,,
epa_questionnaire,epa_message_id,No,,,,
epa_questionnaire,epa_transaction_id,No,,,,
epa_questionnaire,file_name,No,,,,
epa_questionnaire,file_path,Yes,NOTES,,,
epa_questionnaire,id,No,,,,
epa_questionnaire,is_active,No,,,,
epa_questionnaire,pa_note,Yes,NOTES,,,
epa_questionnaire,pa_reference_id,No,,,,
epa_questionnaire,question_set_desc,No,,,,
epa_questionnaire,question_set_id,No,,,,
epa_questionnaire,question_set_no,No,,,,
epa_questionnaire,question_set_title,No,,,,
epa_questionnaire,questionnaire_status,No,,,,
epa_questionnaire,updated_by,No,,,,
epa_questionnaire,updated_datetime,Yes,STATIC_OFFSET,,,
epa_transaction_history,created_by,No,,,,
epa_transaction_history,created_datetime,Yes,STATIC_OFFSET,,,
epa_transaction_history,delete_flag,No,,,,
epa_transaction_history,epa_transaction_id,No,,,,
epa_transaction_history,file_name,No,,,,
epa_transaction_history,file_path,Yes,NOTES,,,
epa_transaction_history,id,No,,,,
epa_transaction_history,txn_status,No,,,,
epa_transaction_history,txn_type,No,,,,
epcs_monthlyreportstatus,DocId,No,,,,
epcs_monthlyreportstatus,LastReportingDate,Yes,STATIC_OFFSET,,,
epcs_monthlyreportstatus,id,No,,,,
faxinboxauditlog,ACTION,No,,,,
faxinboxauditlog,createdBy,No,,,,
faxinboxauditlog,createdOn,Yes,STATIC_OFFSET,,,
faxinboxauditlog,faxInboxLogId,No,,,,
faxinboxauditlog,id,No,,,,
faxinboxauditlog,logData,No,,,,
faxinboxauditlog,notes,No,,,,
faxinboxauditlog,userLogId,No,,,,
faxtrainingresults,aiDocType,No,,,,
faxtrainingresults,analysistype,No,,,,
faxtrainingresults,confidencePercent,No,,,,
faxtrainingresults,coverLetterConfidencePercent,No,,,,
faxtrainingresults,cs_additionaldata,Yes,NOTES,,,
faxtrainingresults,cs_dob,Yes,PATIENT_DOB,,,
faxtrainingresults,cs_doctype,No,,,,
faxtrainingresults,cs_firstname,Yes,MASK,PATIENT_NAME,,
faxtrainingresults,cs_lastname,Yes,MASK,PATIENT_NAME,,
faxtrainingresults,cs_middlename,Yes,MASK,PATIENT_NAME,,
faxtrainingresults,cs_patientFound,Yes,NOTES,,,
faxtrainingresults,cs_typename,No,,,,
faxtrainingresults,cshub_doctype,No,,,,
faxtrainingresults,disliked,No,,,,
faxtrainingresults,docType,No,,,,
faxtrainingresults,docid,No,,,,
faxtrainingresults,documentsplitby,No,,,,
faxtrainingresults,entityString,Yes,NOTES,,,
faxtrainingresults,fallbackretry,No,,,,
faxtrainingresults,feedback_text,No,,,,
faxtrainingresults,id,No,,,,
faxtrainingresults,lastUpdatedDate,Yes,STATIC_OFFSET,,,
faxtrainingresults,liked,No,,,,
faxtrainingresults,mapped_documentId,No,,,,
faxtrainingresults,ptData,Yes,NOTES,,,
faxtrainingresults,ptDataPatientIds,Yes,NOTES,,,
faxtrainingresults,senderFaxnumber,Yes,MASK,FAX,,
faxtrainingresults,spam,No,,,,
faxtrainingresultspages,confidence,No,,,,
faxtrainingresultspages,faxresultid,No,,,,
faxtrainingresultspages,gpt_docType,No,,,,
faxtrainingresultspages,gpt_patientfound,No,,,,
faxtrainingresultspages,gpt_ptdata,No,,,,
faxtrainingresultspages,id,No,,,,
faxtrainingresultspages,lastUpdatedDate,Yes,STATIC_OFFSET,,,
faxtrainingresultspages,pagecontent,Yes,NOTES,,,
faxtrainingresultspages,pageno,No,,,,
faxtrainingresultspages,patientId,Yes,NOTES,,,
faxtrainingresultspages,responseId,No,,,,
futurelogs,LANGUAGE,No,,,,
futurelogs,apptNote,No,,,,
futurelogs,datecreated,Yes,DATE_OFFSET,,,
futurelogs,datemodified,Yes,DATE_OFFSET,,,
futurelogs,dateresolved,No,,,,
futurelogs,doctorName,No,,,,
futurelogs,doctorid,No,,,,
futurelogs,encounterid,Yes,ENCOUNTER_ID,,,
futurelogs,facilityName,Yes,MASK,COLUMN_NAME,,
futurelogs,facilityid,No,,,,
futurelogs,flag,No,,,,
futurelogs,id,No,,,,
futurelogs,lastAppt,Yes,DATE_OFFSET,,,
futurelogs,lastVisitType,No,,,,
futurelogs,loggedinuserid,No,,,,
futurelogs,messageStatus,No,,,,
futurelogs,messageType,No,,,,
futurelogs,nextAppt,No,,,,
futurelogs,nextApptDate,Yes,DATE_OFFSET,,,
futurelogs,nextNotificationDate,Yes,DATE_OFFSET,,,
futurelogs,patientid,Yes,PATIENT_ID,,,
futurelogs,reason,Yes,NOTES,,,
futurelogs,resourceid,No,,,,
futurelogs,smssent,No,,,,
futurelogs,toname,No,,,,
futurelogs,tophone,Yes,MASK,PHONE_NUMBER,,
futurelogs,voicesent,No,,,,
hi_patients_details,DATE,Yes,DATE_OFFSET,,,
hi_patients_details,deleteflag,No,,,,
hi_patients_details,doctorid,No,,,,
hi_patients_details,encounterid,Yes,ENCOUNTER_ID,,,
hi_patients_details,endTime,Yes,DATE_OFFSET,,,
hi_patients_details,extractiondate,Yes,DATE_OFFSET,,,
hi_patients_details,id,No,,,,
hi_patients_details,inserteddate,Yes,DATE_OFFSET,,,
hi_patients_details,patientaccountno,Yes,MASK,COLUMN_NAME,,
hi_patients_details,patientid,Yes,PATIENT_ID,,,
hi_patients_details,startTime,Yes,DATE_OFFSET,,,
hi_patients_details,transactiondetailsid,No,,,,
hi_payor_externalalerts_logs,MatchedIns_SubscriberNo,No,,,,
hi_payor_externalalerts_logs,actiondetails,Yes,NOTES,,,
hi_payor_externalalerts_logs,alertid,No,,,,
hi_payor_externalalerts_logs,assignto,No,,,,
hi_payor_externalalerts_logs,camid,No,,,,
hi_payor_externalalerts_logs,compliantuntildate,No,,,,
hi_payor_externalalerts_logs,createdby,No,,,,
hi_payor_externalalerts_logs,createdbyname,No,,,,
hi_payor_externalalerts_logs,createddate,Yes,DATE_OFFSET,,,
hi_payor_externalalerts_logs,dataguid,No,,,,
hi_payor_externalalerts_logs,deleteflag,No,,,,
hi_payor_externalalerts_logs,emrguid,No,,,,
hi_payor_externalalerts_logs,enclockstatus,No,,,,
hi_payor_externalalerts_logs,encounterdate,Yes,DATE_OFFSET,,,
hi_payor_externalalerts_logs,encounterid,Yes,ENCOUNTER_ID,,,
hi_payor_externalalerts_logs,encstatuscode,No,,,,
hi_payor_externalalerts_logs,facilitytin,No,,,,
hi_payor_externalalerts_logs,id,No,,,,
hi_payor_externalalerts_logs,iscompliantpersource,No,,,,
hi_payor_externalalerts_logs,isreviewed,No,,,,
hi_payor_externalalerts_logs,lastcompliancedate,Yes,DATE_OFFSET,,,
hi_payor_externalalerts_logs,lastcompliancevalue,No,,,,
hi_payor_externalalerts_logs,lastcompliancevaluecategory,No,,,,
hi_payor_externalalerts_logs,lastcompliancevalueitem,No,,,,
hi_payor_externalalerts_logs,measureId,No,,,,
hi_payor_externalalerts_logs,measurename,No,,,,
hi_payor_externalalerts_logs,patientaccnumber,Yes,MASK,COLUMN_NAME,,
hi_payor_externalalerts_logs,patientdob,Yes,PATIENT_DOB,,,
hi_payor_externalalerts_logs,patientid,Yes,PATIENT_ID,,,
hi_payor_externalalerts_logs,payorid,No,,,,
hi_payor_externalalerts_logs,payorname,No,,,,
hi_payor_externalalerts_logs,providerid,No,,,,
hi_payor_externalalerts_logs,providernpi,No,,,,
hi_payor_externalalerts_logs,providertin,No,,,,
hi_payor_externalalerts_logs,receivedfromsourcedate,Yes,DATE_OFFSET,,,
hi_payor_externalalerts_logs,status,No,,,,
hi_payor_potentialdiagnosis,MatchedIns_SubscriberNo,No,,,,
hi_payor_potentialdiagnosis,actiondetails,No,,,,
hi_payor_potentialdiagnosis,assignto,No,,,,
hi_payor_potentialdiagnosis,createdby,No,,,,
hi_payor_potentialdiagnosis,createdbyname,No,,,,
hi_payor_potentialdiagnosis,createddate,Yes,DATE_OFFSET,,,
hi_payor_potentialdiagnosis,dataguid,No,,,,
hi_payor_potentialdiagnosis,deleteflag,No,,,,
hi_payor_potentialdiagnosis,emrguid,No,,,,
hi_payor_potentialdiagnosis,enclockstatus,No,,,,
hi_payor_potentialdiagnosis,encounterdate,Yes,DATE_OFFSET,,,
hi_payor_potentialdiagnosis,encounterid,Yes,ENCOUNTER_ID,,,
hi_payor_potentialdiagnosis,encstatuscode,No,,,,
hi_payor_potentialdiagnosis,evaluationstatus,No,,,,
hi_payor_potentialdiagnosis,facilitytin,No,,,,
hi_payor_potentialdiagnosis,hcccode,No,,,,
hi_payor_potentialdiagnosis,hccdescription,No,,,,
hi_payor_potentialdiagnosis,icd_status,No,,,,
hi_payor_potentialdiagnosis,icdcode,No,,,,
hi_payor_potentialdiagnosis,icddesc,No,,,,
hi_payor_potentialdiagnosis,infodata,Yes,NOTES,,,
hi_payor_potentialdiagnosis,is_assessment_deleted_from_pn,No,,,,
hi_payor_potentialdiagnosis,iscurrentyearhcc,No,,,,
hi_payor_potentialdiagnosis,itemid,No,,,,
hi_payor_potentialdiagnosis,patientaccnumber,Yes,MASK,COLUMN_NAME,,
hi_payor_potentialdiagnosis,patientdob,Yes,PATIENT_DOB,,,
hi_payor_potentialdiagnosis,patientid,Yes,PATIENT_ID,,,
hi_payor_potentialdiagnosis,payor_attestation_id,No,,,,
hi_payor_potentialdiagnosis,payor_doc_pageno,No,,,,
hi_payor_potentialdiagnosis,payor_doc_src,No,,,,
hi_payor_potentialdiagnosis,payor_e_data_mining,No,,,,
hi_payor_potentialdiagnosis,payor_suggested_by_cms,No,,,,
hi_payor_potentialdiagnosis,payor_uid,No,,,,
hi_payor_potentialdiagnosis,payoralertid,No,,,,
hi_payor_potentialdiagnosis,payorid,No,,,,
hi_payor_potentialdiagnosis,payorname,No,,,,
hi_payor_potentialdiagnosis,pdxid,No,,,,
hi_payor_potentialdiagnosis,pdxtype,No,,,,
hi_payor_potentialdiagnosis,providerid,No,,,,
hi_payor_potentialdiagnosis,providernpi,No,,,,
hi_payor_potentialdiagnosis,providertin,No,,,,
hi_payor_potentialdiagnosis,ref_date,Yes,DATE_OFFSET,,,
hi_payor_potentialdiagnosis,request_source_type,No,,,,
hi_payor_potentialdiagnosis,status,No,,,,
hi_payor_potentialdiagnosis,txn_id,No,,,,
hi_payor_potentialdiagnosis,updatedby,No,,,,
hi_payor_potentialdiagnosis,updatedbyname,No,,,,
hi_payor_potentialdiagnosis,updateddate,Yes,DATE_OFFSET,,,
hi_payor_potentialdiagnosis_logs,MatchedIns_SubscriberNo,No,,,,
hi_payor_potentialdiagnosis_logs,actiondetails,No,,,,
hi_payor_potentialdiagnosis_logs,assignto,No,,,,
hi_payor_potentialdiagnosis_logs,createdby,No,,,,
hi_payor_potentialdiagnosis_logs,createdbyname,No,,,,
hi_payor_potentialdiagnosis_logs,createddate,Yes,DATE_OFFSET,,,
hi_payor_potentialdiagnosis_logs,dataguid,No,,,,
hi_payor_potentialdiagnosis_logs,deleteflag,No,,,,
hi_payor_potentialdiagnosis_logs,emrguid,No,,,,
hi_payor_potentialdiagnosis_logs,enclockstatus,No,,,,
hi_payor_potentialdiagnosis_logs,encounterdate,Yes,DATE_OFFSET,,,
hi_payor_potentialdiagnosis_logs,encounterid,Yes,ENCOUNTER_ID,,,
hi_payor_potentialdiagnosis_logs,encstatuscode,No,,,,
hi_payor_potentialdiagnosis_logs,evaluationstatus,No,,,,
hi_payor_potentialdiagnosis_logs,facilitytin,No,,,,
hi_payor_potentialdiagnosis_logs,hcccode,No,,,,
hi_payor_potentialdiagnosis_logs,hccdescription,No,,,,
hi_payor_potentialdiagnosis_logs,icd_status,No,,,,
hi_payor_potentialdiagnosis_logs,icdcode,No,,,,
hi_payor_potentialdiagnosis_logs,icddesc,No,,,,
hi_payor_potentialdiagnosis_logs,id,No,,,,
hi_payor_potentialdiagnosis_logs,infodata,Yes,NOTES,,,
hi_payor_potentialdiagnosis_logs,is_assessment_deleted_from_pn,No,,,,
hi_payor_potentialdiagnosis_logs,isactionperformed,No,,,,
hi_payor_potentialdiagnosis_logs,iscurrentyearhcc,No,,,,
hi_payor_potentialdiagnosis_logs,itemid,No,,,,
hi_payor_potentialdiagnosis_logs,patientaccnumber,Yes,MASK,COLUMN_NAME,,
hi_payor_potentialdiagnosis_logs,patientdob,Yes,PATIENT_DOB,,,
hi_payor_potentialdiagnosis_logs,patientid,Yes,PATIENT_ID,,,
hi_payor_potentialdiagnosis_logs,payor_attestation_id,No,,,,
hi_payor_potentialdiagnosis_logs,payor_doc_pageno,No,,,,
hi_payor_potentialdiagnosis_logs,payor_doc_src,No,,,,
hi_payor_potentialdiagnosis_logs,payor_e_data_mining,No,,,,
hi_payor_potentialdiagnosis_logs,payor_suggested_by_cms,No,,,,
hi_payor_potentialdiagnosis_logs,payor_uid,No,,,,
hi_payor_potentialdiagnosis_logs,payoralertid,No,,,,
hi_payor_potentialdiagnosis_logs,payorid,No,,,,
hi_payor_potentialdiagnosis_logs,payorname,No,,,,
hi_payor_potentialdiagnosis_logs,pdxid,No,,,,
hi_payor_potentialdiagnosis_logs,pdxtype,No,,,,
hi_payor_potentialdiagnosis_logs,providerid,No,,,,
hi_payor_potentialdiagnosis_logs,providernpi,No,,,,
hi_payor_potentialdiagnosis_logs,providertin,No,,,,
hi_payor_potentialdiagnosis_logs,ref_date,Yes,DATE_OFFSET,,,
hi_payor_potentialdiagnosis_logs,request_source_type,No,,,,
hi_payor_potentialdiagnosis_logs,status,No,,,,
hi_payor_potentialdiagnosis_logs,txn_id,No,,,,
hi_payors_mi_api,Gender,No,,,,
hi_payors_mi_api,MatchedIns_InsId,No,,,,
hi_payors_mi_api,MatchedIns_SubscriberNo,No,,,,
hi_payors_mi_api,MatchedIns_insurancename,No,,,,
hi_payors_mi_api,PrimaryIns_InsId,No,,,,
hi_payors_mi_api,PrimaryIns_SubscriberNo,No,,,,
hi_payors_mi_api,PrimaryIns_insurancename,No,,,,
hi_payors_mi_api,SecondaryIns_InsId,No,,,,
hi_payors_mi_api,SecondaryIns_SubscriberNo,No,,,,
hi_payors_mi_api,SecondaryIns_insurancename,No,,,,
hi_payors_mi_api,TertiaryIns_InsId,No,,,,
hi_payors_mi_api,TertiaryIns_SubscriberNo,No,,,,
hi_payors_mi_api,TertiaryIns_insurancename,No,,,,
hi_payors_mi_api,clouderrormsg,No,,,,
hi_payors_mi_api,dateofbirth,Yes,PATIENT_DOB,,,
hi_payors_mi_api,deleteflag,No,,,,
hi_payors_mi_api,detailerror,No,,,,
hi_payors_mi_api,emrdbtype,No,,,,
hi_payors_mi_api,emrguid,No,,,,
hi_payors_mi_api,emrmiversion,No,,,,
hi_payors_mi_api,emrversion,No,,,,
hi_payors_mi_api,enclockstatus,No,,,,
hi_payors_mi_api,encounterdate,Yes,DATE_OFFSET,,,
hi_payors_mi_api,encounterid,Yes,ENCOUNTER_ID,,,
hi_payors_mi_api,encstatuscode,No,,,,
hi_payors_mi_api,errormsg,Yes,NOTES,,,
hi_payors_mi_api,facilitytin,No,,,,
hi_payors_mi_api,firstname,Yes,MASK,PATIENT_NAME,,
hi_payors_mi_api,id,No,,,,
hi_payors_mi_api,lastname,Yes,MASK,PATIENT_NAME,,
hi_payors_mi_api,modifiedby,No,,,,
hi_payors_mi_api,modifieddate,Yes,DATE_OFFSET,,,
hi_payors_mi_api,patientaccnumber,Yes,MASK,COLUMN_NAME,,
hi_payors_mi_api,patientid,Yes,PATIENT_ID,,,
hi_payors_mi_api,payordata,No,,,,
hi_payors_mi_api,payorid,?,,,,
hi_payors_mi_api,payorname,No,,,,
hi_payors_mi_api,providerid,No,,,,
hi_payors_mi_api,providername,No,,,,
hi_payors_mi_api,providernpi,No,,,,
hi_payors_mi_api,providertin,No,,,,
hi_payors_mi_api,rcpsectioninfo,No,,,,
hi_payors_mi_api,requestedby,No,,,,
hi_payors_mi_api,requestedbyname,No,,,,
hi_payors_mi_api,requesteddate,Yes,DATE_OFFSET,,,
hi_payors_mi_api,requestsource,No,,,,
hi_payors_mi_api,requeststatus,No,,,,
hi_payors_mi_api,zip,Yes,ZIP_CODE,,,
hi_payors_mi_api_logs,Gender,No,,,,
hi_payors_mi_api_logs,MatchedIns_InsId,No,,,,
hi_payors_mi_api_logs,MatchedIns_SubscriberNo,No,,,,
hi_payors_mi_api_logs,MatchedIns_insurancename,No,,,,
hi_payors_mi_api_logs,PrimaryIns_InsId,No,,,,
hi_payors_mi_api_logs,PrimaryIns_SubscriberNo,No,,,,
hi_payors_mi_api_logs,PrimaryIns_insurancename,No,,,,
hi_payors_mi_api_logs,SecondaryIns_InsId,No,,,,
hi_payors_mi_api_logs,SecondaryIns_SubscriberNo,No,,,,
hi_payors_mi_api_logs,SecondaryIns_insurancename,No,,,,
hi_payors_mi_api_logs,TertiaryIns_InsId,No,,,,
hi_payors_mi_api_logs,TertiaryIns_SubscriberNo,No,,,,
hi_payors_mi_api_logs,TertiaryIns_insurancename,No,,,,
hi_payors_mi_api_logs,clouderrormsg,No,,,,
hi_payors_mi_api_logs,dateofbirth,Yes,PATIENT_DOB,,,
hi_payors_mi_api_logs,deleteflag,No,,,,
hi_payors_mi_api_logs,detailerror,No,,,,
hi_payors_mi_api_logs,emrdbtype,No,,,,
hi_payors_mi_api_logs,emrguid,No,,,,
hi_payors_mi_api_logs,emrmiversion,No,,,,
hi_payors_mi_api_logs,emrversion,No,,,,
hi_payors_mi_api_logs,enclockstatus,No,,,,
hi_payors_mi_api_logs,encounterdate,Yes,DATE_OFFSET,,,
hi_payors_mi_api_logs,encounterid,Yes,ENCOUNTER_ID,,,
hi_payors_mi_api_logs,encstatuscode,No,,,,
hi_payors_mi_api_logs,errormsg,Yes,NOTES,,,
hi_payors_mi_api_logs,facilitytin,No,,,,
hi_payors_mi_api_logs,firstname,Yes,MASK,PATIENT_NAME,,
hi_payors_mi_api_logs,id,No,,,,
hi_payors_mi_api_logs,lastname,Yes,MASK,PATIENT_NAME,,
hi_payors_mi_api_logs,modifiedby,No,,,,
hi_payors_mi_api_logs,modifieddate,Yes,DATE_OFFSET,,,
hi_payors_mi_api_logs,patientaccnumber,Yes,MASK,COLUMN_NAME,,
hi_payors_mi_api_logs,patientid,Yes,PATIENT_ID,,,
hi_payors_mi_api_logs,payordata,No,,,,
hi_payors_mi_api_logs,payorid,?,,,,
hi_payors_mi_api_logs,payorname,No,,,,
hi_payors_mi_api_logs,providerid,No,,,,
hi_payors_mi_api_logs,providername,No,,,,
hi_payors_mi_api_logs,providernpi,No,,,,
hi_payors_mi_api_logs,providertin,No,,,,
hi_payors_mi_api_logs,rcpsectioninfo,No,,,,
hi_payors_mi_api_logs,requestedby,No,,,,
hi_payors_mi_api_logs,requestedbyname,No,,,,
hi_payors_mi_api_logs,requesteddate,Yes,DATE_OFFSET,,,
hi_payors_mi_api_logs,requestid,No,,,,
hi_payors_mi_api_logs,requestsource,No,,,,
hi_payors_mi_api_logs,requeststatus,No,,,,
hi_payors_mi_api_logs,zip,Yes,ZIP_CODE,,,
icd9exticdcategory,categoryname,No,,,,
icd9exticdcategory,description,No,,,,
icd9exticdcategory,icd9code,No,,,,
icd9exticdcategory,id,No,,,,
icd9exticdcategory,rid,No,,,,
kioskencounterdata,encounterId,Yes,ENCOUNTER_ID,,,
kioskencounterdata,id,No,,,,
kioskencounterdata,intakeKioskCheckInStatus,No,,,,
kioskepaytrxlogs,amountPaid,Yes,MASK,COLUMN_NAME,,
kioskepaytrxlogs,copay,No,,,,
kioskepaytrxlogs,encId,Yes,ENCOUNTER_ID,,,
kioskepaytrxlogs,id,No,,,,
kioskepaytrxlogs,paymentId,No,,,,
kioskepaytrxlogs,ptId,Yes,PATIENT_ID,,,
patient_ai_face_details,createdOn,Yes,DATE_OFFSET,,,
patient_ai_face_details,deleteFlag,No,,,,
patient_ai_face_details,id,No,,,,
patient_ai_face_details,patientId,Yes,PATIENT_ID,,,
patient_ai_face_details,persistedFaceId,No,,,,
patient_ai_face_details,updatedOn,Yes,DATE_OFFSET,,,
patient_misc,DeleteFlag,No,,,,
patient_misc,LabelId,No,,,,
patient_misc,LabelValue,No,,,,
patient_misc,id,No,,,,
patient_misc,patientId,Yes,PATIENT_ID,,,
paymentplaninstallments,dueamount,Yes,MASK,COLUMN_NAME,,
paymentplaninstallments,duedate,Yes,STATIC_OFFSET,,,
paymentplaninstallments,id,No,,,,
paymentplaninstallments,installmentamount,Yes,MASK,COLUMN_NAME,,
paymentplaninstallments,installmentno,No,,,,
paymentplaninstallments,isDateChanged,No,,,,
paymentplaninstallments,paid,No,,,,
paymentplaninstallments,paidamount,Yes,MASK,COLUMN_NAME,,
paymentplaninstallments,planid,No,,,,
paymentplaninstallments,vmid,No,,,,
paymentplanistallmentpaiddetail,claimId,No,,,,
paymentplanistallmentpaiddetail,deleteflag,No,,,,
paymentplanistallmentpaiddetail,id,No,,,,
paymentplanistallmentpaiddetail,installmentNo,No,,,,
paymentplanistallmentpaiddetail,paidamount,Yes,MASK,COLUMN_NAME,,
paymentplanistallmentpaiddetail,paymentid,No,,,,
paymentplanistallmentpaiddetail,planid,No,,,,
paymentplanistallmentpaiddetail,recievedDate,Yes,STATIC_OFFSET,,,
paymentplanlogs,Description,Yes,NOTES,,,
paymentplanlogs,createdatetime,Yes,STATIC_OFFSET,,,
paymentplanlogs,deleteflag,No,,,,
paymentplanlogs,id,No,,,,
paymentplanlogs,planid,No,,,,
paymentplanlogs,userid,No,,,,
pdmp_alertsuppression_logs,CreationDate,Yes,DATE_OFFSET,,,
pdmp_alertsuppression_logs,Id,No,,,,
pdmp_alertsuppression_logs,PatientId,Yes,PATIENT_ID,,,
pdmp_alertsuppression_logs,UserId,No,,,,
pdmp_alertsuppression_logs,callerScreenName,No,,,,
perfstats,claimsexecution,No,,,,
perfstats,clientdttime,Yes,STATIC_OFFSET,,,
perfstats,clienthostname,No,,,,
perfstats,clienttxid,No,,,,
perfstats,dbcontime,No,,,,
perfstats,labexecution,No,,,,
perfstats,msgexecution,No,,,,
perfstats,ptwtcntexecution,No,,,,
perfstats,queryexecutedonslave,No,,,,
perfstats,referralexecution,No,,,,
perfstats,serverdttime,Yes,STATIC_OFFSET,,,
perfstats,serverhostname,No,,,,
perfstats,telencexecution,No,,,,
perfstats,totalexecutiontimeonclient,No,,,,
perfstats,totalexecutiontimeonserver,No,,,,
perfstats,userid,No,,,,
pmcodes,Id,No,,,,
pmcodes,PMId,No,,,,
pmcodes,category,No,,,,
pmcodes,eCWCode,No,,,,
pmcodes,externalcode,No,,,,
pmcodes,flag,No,,,,
pmcodes,itemId,No,,,,
prisma_post_processing_transaction_details,docTypeId,No,,,,
prisma_post_processing_transaction_details,guid,No,,,,
prisma_post_processing_transaction_details,id,No,,,,
prisma_post_processing_transaction_details,isAsync,No,,,,
prisma_post_processing_transaction_details,msgStatus,No,,,,
prisma_post_processing_transaction_details,msgSummStatus,No,,,,
prisma_post_processing_transaction_details,patientId,Yes,PATIENT_ID,,,
prisma_post_processing_transaction_details,recordId,No,,,,
prisma_post_processing_transaction_details,summEndTime,Yes,DATE_OFFSET,,,
prisma_post_processing_transaction_details,summStartTime,Yes,DATE_OFFSET,,,
prisma_post_processing_transaction_details,summarizeRecordType,No,,,,
prisma_post_processing_transaction_details,transactionTableId,No,,,,
prisma_post_processing_transaction_details,triggerType,No,,,,
providerapptsreadytosync,apptdate,Yes,STATIC_OFFSET,,,
providerapptsreadytosync,apuid,No,,,,
providerapptsreadytosync,facid,No,,,,
providerapptsreadytosync,npi,No,,,,
providerapptsreadytosync,providerid,No,,,,
providerapptsreadytosync,starttime,Yes,STATIC_OFFSET,,,
providerapptsreadytosync,visittype,No,,,,
ptstmtgenlog,CreatedTime,Yes,STATIC_OFFSET,,,
ptstmtgenlog,FileList,Yes,NOTES,,,
ptstmtgenlog,Id,No,,,,
ptstmtgenlog,InvalidAddrPatIds,Yes,NOTES,,,
ptstmtgenlog,InvalidGrPatIds,Yes,NOTES,,,
ptstmtgenlog,InvalidPatIds,Yes,NOTES,,,
ptstmtgenlog,InvalidUnpPatIds,Yes,NOTES,,,
ptstmtgenlog,Process,No,,,,
ptstmtgenlog,ValidPatIds,Yes,NOTES,,,
ptstmtgenlog,ZipFileName,Yes,NOTES,,,
ptstmtgenlog,deleteflag,No,,,,
ptstmtgenlog,lookupid,No,,,,
ptstmtgenlog,message,Yes,NOTES,,,
ptstmtgenlog,success,No,,,,
ptstmtgenlog,transacid,No,,,,
queuetransactions,Duedt,Yes,STATIC_OFFSET,,,
queuetransactions,Id,No,,,,
queuetransactions,TransId,No,,,,
queuetransactions,Type,No,,,,
queuetransactions,closingDt,Yes,STATIC_OFFSET,,,
queuetransactions,date,Yes,STATIC_OFFSET,,,
queuetransactions,level1Dt,Yes,STATIC_OFFSET,,,
queuetransactions,level2Dt,Yes,STATIC_OFFSET,,,
queuetransactions,level3Dt,Yes,STATIC_OFFSET,,,
queuetransactions,queueId,No,,,,
queuetransactions,queueIdFrom,No,,,,
queuetransactions,queueIdTo,No,,,,
queuetransactions,startDt,Yes,STATIC_OFFSET,,,
queuetransactions,status,No,,,,
queuetransactions,time,Yes,STATIC_OFFSET,,,
queuetransactions,warningDt,Yes,STATIC_OFFSET,,,
rcm_crcjoblogsdetail,alerts,No,,,,
rcm_crcjoblogsdetail,alerttype,No,,,,
rcm_crcjoblogsdetail,fileId,No,,,,
rcm_crcjoblogsdetail,id,No,,,,
rcm_crcjoblogsdetail,jobid,No,,,,
recordparams,DateCreated,Yes,STATIC_OFFSET,,,
recordparams,Id,No,,,,
recordparams,Parameters,Yes,NOTES,,,
recordparams,SessionID,No,,,,
recordparams,TYPE,No,,,,
recordparams,Username,No,,,,
referralpreference,ID,No,,,,
referralpreference,NPI,No,,,,
referralpreference,communicationpreference,No,,,,
referralpreference,doctorId,No,,,,
referralpreference,drName,No,,,,
referralpreference,faxcoverpage,No,,,,
referralpreference,faxreminder,No,,,,
referralpreference,referral_sort_column,No,,,,
referralpreference,referral_sort_order,No,,,,
referralpreference,updatedate,Yes,STATIC_OFFSET,,,
referralrequestlog,id,No,,,,
referralrequestlog,loggedfrom,No,,,,
referralrequestlog,referralid,?,,,,
referralrequestlog,requestdate,Yes,DATE_OFFSET,,,
referralrequestlog,requestedby,Yes,PATIENT_ID,,,
referralrequestlog,status,No,,,,
referralrequestlog,uid,Yes,PATIENT_ID,,,
refundposting,AddedBy,No,,,,
refundposting,AddedTime,Yes,STATIC_OFFSET,,,
refundposting,ClaimRefundId,No,,,,
refundposting,DeleteFlag,No,,,,
refundposting,Id,No,,,,
refundposting,InvId,No,,,,
refundposting,LineItemId,No,,,,
refundposting,RefundID,No,,,,
refundposting,UpdatedBy,No,,,,
refundposting,UpdatedTime,Yes,STATIC_OFFSET,,,
refundposting,amount,Yes,MASK,COLUMN_NAME,,
refundposting,closingId,No,,,,
rulesbatch_to_claims,Claim,No,,,,
rulesbatch_to_claims,DateFired,Yes,STATIC_OFFSET,,,
rulesbatch_to_claims,RuleBatchId,No,,,,
rulesbatch_to_claims,RuleId,No,,,,
rxlogbatch,BatchDate,Yes,STATIC_OFFSET,,,
rxlogbatch,BatchNumber,No,,,,
rxlogbatch,Id,No,,,,
rxlogbatch,LoginUser,No,,,,
sws_set_questions,delflag,No,,,,
sws_set_questions,id,No,,,,
sws_set_questions,setid,No,,,,
sws_set_questions,swsquestionid,No,,,,
tagmap,docid,No,,,,
tagmap,id,No,,,,
tagmap,tagid,No,,,,
temp_report,ptid,Yes,PATIENT_ID,,,
trackingboard_cycletime,TIMESTAMP,Yes,DATE_OFFSET,,,
trackingboard_cycletime,UTCNextTime,Yes,DATE_OFFSET,,,
trackingboard_cycletime,UTCPrevTime,Yes,DATE_OFFSET,,,
trackingboard_cycletime,currentStatus,No,,,,
trackingboard_cycletime,encDate,Yes,DATE_OFFSET,,,
trackingboard_cycletime,encounterId,Yes,ENCOUNTER_ID,,,
trackingboard_cycletime,id,No,,,,
trackingboard_cycletime,nextTime,No,,,,
trackingboard_cycletime,patientId,Yes,PATIENT_ID,,,
trackingboard_cycletime,prevTime,No,,,,
trackingboard_cycletime,prevstatus,No,,,,
trackingboard_cycletime,userId,No,,,,
transworldcollhistory,Balance,Yes,MASK,COLUMN_NAME,,
transworldcollhistory,CollectionStatus,No,,,,
transworldcollhistory,Id,No,,,,
transworldcollhistory,PatientId,Yes,PATIENT_ID,,,
transworldcollhistory,PrevBalance,Yes,MASK,COLUMN_NAME,,
transworldcollhistory,date,Yes,DATE_OFFSET,,,
transworldcollhistory,fileid,No,,,,
transworldcollhistory,modifieddatetime,Yes,DATE_OFFSET,,,
transworldcollhistory,practiceid,No,,,,
transworldcollhistory,time,Yes,DATE_OFFSET,,,
transworldfilelog,CreatedDate,Yes,STATIC_OFFSET,,,
transworldfilelog,CreatedTime,Yes,STATIC_OFFSET,,,
transworldfilelog,FileName,Yes,NOTES,,,
transworldfilelog,Id,No,,,,
transworldfilelog,NoOfPatients,No,,,,
transworldfilelog,deleteFlag,No,,,,
transworldfilelog,externalagencyId,No,,,,
transworldfilelog,noofclaims,No,,,,
edi_277ca_parentfilesplit,id,No,,,,
edi_277ca_parentfilesplit,splitdate,Yes,STATIC_OFFSET,,,
edi_277ca_parentfilesplit,deleteflag,No,,,,
edi_277ca_splitfiles_info,id,No,,,,
edi_277ca_splitfiles_info,parentfileid,No,,,,
edi_277ca_splitfiles_info,splitfileid,No,,,,
edi_277ca_splitfiles_info,deleteflag,No,,,,
edi_ack999header,Id,No,,,,
edi_ack999header,ReceiverName,No,,,,
edi_ack999header,SubmissionId,No,,,,
edi_ack999header,FileName,No,,,,
edi_ack999header,FileStatus,No,,,,
edi_ack999header,ImportedDate,Yes,STATIC_OFFSET,,,
edi_ack999header,ImportedBy,No,,,,
edi_ack999header,deleteflag,No,,,,
edi_ack999header,ISA13,No,,,,
edi_ack999header,ST02,No,,,,
edi_ack999header,GS06,No,,,,
edi_ack999header,FilePosted,No,,,,
edi_ack999header,PostingDate,Yes,STATIC_OFFSET,,,
edi_ack999header,ISA06,No,,,,
edi_ack999header,ISA08,No,,,,
edi_ack999header,HeaderId,No,,,,
edi_inv_eob_del,Id,No,,,,
edi_inv_eob_del,InvEobId,Yes,PATIENT_ID,,,
edi_inv_eob_del,PaymentDetailId,Yes,PATIENT_ID,,,
edi_inv_eob_del,InvCptId,Yes,PATIENT_ID,,,
edi_inv_eob_del,Allowed,Yes,MASK,COLUMN_NAME,,
edi_inv_eob_del,deduct,Yes,MASK,COLUMN_NAME,,
edi_inv_eob_del,coins,Yes,MASK,COLUMN_NAME,,
edi_inv_eob_del,MemResp,Yes,MASK,COLUMN_NAME,,
edi_inv_eob_del,Paid,Yes,MASK,COLUMN_NAME,,
edi_inv_eob_del,Adjustment,Yes,MASK,COLUMN_NAME,,
edi_inv_eob_del,WithHeld,Yes,MASK,COLUMN_NAME,,
edi_inv_eob_del,MsgCode,No,,,,
edi_inv_eob_del,closingId,No,,,,
edi_inv_eob_del,eraAdjustment,Yes,MASK,COLUMN_NAME,,
edi_inv_eob_del,lineTaxAmt,Yes,MASK,COLUMN_NAME,,
edi_inv_eob_del,CalculatedAdjustment,Yes,MASK,COLUMN_NAME,,
edi_inv_eob_del,timestamp,Yes,STATIC_OFFSET,,,
edi_inv_eob_del,RecreatedFlag,No,,,,
edi_inv_errordata,Id,No,,,,
edi_inv_errordata,InvId,Yes,PATIENT_ID,,,
edi_inv_errordata,ErrCode,No,,,,
edi_inv_errordata,ErrDesc,No,,,,
edi_inv_errordata,EnteredBy,No,,,,
edi_inv_errordata,EnteredDate,Yes,STATIC_OFFSET,,,
edi_inv_errordata,DeletedBy,No,,,,
edi_inv_errordata,DeletedDate,Yes,STATIC_OFFSET,,,
edi_inv_errordata,DeleteFlag,No,,,,
edi_mue_dmesupplierservices,id,No,,,,
edi_mue_dmesupplierservices,cptcode,No,,,,
edi_mue_dmesupplierservices,mue_values,No,,,,
edi_mue_dmesupplierservices,mue_adjudication_ind,No,,,,
edi_mue_dmesupplierservices,mue_rationale,No,,,,
edi_mue_dmesupplierservices,deleteflag,No,,,,
edi_mue_outpatienthospitalservices,id,No,,,,
edi_mue_outpatienthospitalservices,cptcode,No,,,,
edi_mue_outpatienthospitalservices,mue_values,No,,,,
edi_mue_outpatienthospitalservices,mue_adjudication_ind,No,,,,
edi_mue_outpatienthospitalservices,mue_rationale,No,,,,
edi_mue_outpatienthospitalservices,deleteflag,No,,,,
edi_mue_practitionerservices,id,No,,,,
edi_mue_practitionerservices,cptcode,No,,,,
edi_mue_practitionerservices,mue_values,No,,,,
edi_mue_practitionerservices,mue_adjudication_ind,No,,,,
edi_mue_practitionerservices,mue_rationale,No,,,,
edi_mue_practitionerservices,deleteflag,No,,,,
