TABLE_NAME,COLUMN_NAME,IS_PHI,DE_IDENTIFICATION_RULE,MASK_VALUE,REFERENCE_PATIENT_ID,REFERENCE_ENCOUNTER_ID
AllergyRxNormFact,mnid,No,,,,
AllergyRxNormFact,descdisplay,No,,,,
AllergyRxNormFact,RxNorm,No,,,,
AllergyRxNormFact,RxNormDesc,No,,,,
AllergyRxNormFact,nd_auto_increment_id,No,,,,
ASCX12_835_ClaimID,X12InterchangeID,No,,,,
ASCX12_835_ClaimID,X12GroupID,No,,,,
ASCX12_835_ClaimID,X12TransactionID,No,,,,
ASCX12_835_ClaimID,X12H835ID,No,,,,
ASCX12_835_ClaimID,X12D835ID,No,,,,
ASCX12_835_ClaimID,X12DC835ID,No,,,,
ASCX12_835_ClaimID,SubmitterControlNumber,No,,,,
ASCX12_835_ClaimID,PatientID,Yes,PATIENT_ID,,,
ASCX12_835_ClaimID,ClaimID,No,,,,
ASCX12_835_ClaimID,nd_auto_increment_id,No,,,,
B_157088_Update_FHIRPatientConfidentiality_Backup,PatientID,Yes,PATIENT_ID,,,
B_157088_Update_FHIRPatientConfidentiality_Backup,SiteID,Yes,MASK,SiteID,,
B_157088_Update_FHIRPatientConfidentiality_Backup,ConfidentialityData,No,,,,
B_157088_Update_FHIRPatientConfidentiality_Backup,CreatedBy,No,,,,
B_157088_Update_FHIRPatientConfidentiality_Backup,CreatedOn,Yes,DATE_OFFSET,,,
B_157088_Update_FHIRPatientConfidentiality_Backup,LastModifiedBy,No,,,,
B_157088_Update_FHIRPatientConfidentiality_Backup,LastModifiedOn,Yes,DATE_OFFSET,,,
B_157088_Update_FHIRPatientConfidentiality_Backup,nd_auto_increment_id,No,,,,
BillingRegister,BillingRegisterID,No,,,,
BillingRegister,ChargeID,No,,,,
BillingRegister,PatientID,Yes,PATIENT_ID,,,
BillingRegister,CRTID,No,,,,
BillingRegister,ServiceDetailID,No,,,,
BillingRegister,PaymentID,No,,,,
BillingRegister,PaymentTransactionID,No,,,,
BillingRegister,AdjustmentTypeID,No,,,,
BillingRegister,PaymentSourceID,No,,,,
BillingRegister,PlanID,Yes,MASK,PlanID,,
BillingRegister,UserID,No,,,,
BillingRegister,PRCID,No,,,,
BillingRegister,PostingDate,Yes,DATE_OFFSET,,,
BillingRegister,CreateDate,Yes,DATE_OFFSET,,,
BillingRegister,Amount,Yes,MASK,Amount,,
BillingRegister,OffsetRegisterID,No,,,,
BillingRegister,PatientBalance,No,,,,
BillingRegister,InsuranceBalance,No,,,,
BillingRegister,PatientPaid,No,,,,
BillingRegister,InsurancePaid,No,,,,
BillingRegister,OtherPaid,No,,,,
BillingRegister,AdjustedAmount,No,,,,
BillingRegister,WriteOffAmount,No,,,,
BillingRegister,BatchID,No,,,,
BillingRegisterArchive,BillingRegisterID,No,,,,
BillingRegisterArchive,ChargeID,No,,,,
BillingRegisterArchive,PatientID,Yes,PATIENT_ID,,,
BillingRegisterArchive,CRTID,No,,,,
BillingRegisterArchive,ServiceDetailID,No,,,,
BillingRegisterArchive,PaymentID,No,,,,
BillingRegisterArchive,PaymentTransactionID,No,,,,
BillingRegisterArchive,AdjustmentTypeID,No,,,,
BillingRegisterArchive,PaymentSourceID,No,,,,
BillingRegisterArchive,PlanID,No,,,,
BillingRegisterArchive,UserID,No,,,,
BillingRegisterArchive,PRCID,No,,,,
BillingRegisterArchive,PostingDate,Yes,DATE_OFFSET,,,
BillingRegisterArchive,CreateDate,Yes,DATE_OFFSET,,,
BillingRegisterArchive,Amount,Yes,MASK,Amount,,
BillingRegisterArchive,OffsetRegisterID,No,,,,
BillingRegisterArchive,PatientBalance,No,,,,
BillingRegisterArchive,InsuranceBalance,No,,,,
BillingRegisterArchive,PatientPaid,No,,,,
BillingRegisterArchive,InsurancePaid,No,,,,
BillingRegisterArchive,OtherPaid,No,,,,
BillingRegisterArchive,AdjustedAmount,No,,,,
BillingRegisterArchive,WriteOffAmount,No,,,,
BillingRegisterArchive,BatchID,No,,,,
BillingRegisterArchive,ArchiveDate,Yes,DATE_OFFSET,,,
br_Account,PatientID,Yes,PATIENT_ID,,,
br_Account,AcctOpenDate,Yes,DATE_OFFSET,,,
br_Account,AcctActiveFlag,No,,,,
br_Account,LastInactivationDate,Yes,DATE_OFFSET,,,
br_Account,LastInactivationID,No,,,,
br_Account,LastInactivationReasonComment,No,,,,
br_Account,LastReactivationDate,No,,,,
br_Account,LastReactivationID,No,,,,
br_Account,LastReactivationComment,No,,,,
br_Account,BalanceDate,Yes,DATE_OFFSET,,,
br_Account,TotalAccountBalance,No,,,,
br_Account,PatientLastPaymentDate,Yes,DATE_OFFSET,,,
br_Account,PatientLastPaymentAmount,No,,,,
br_Account,PatientLastStatementDate,Yes,DATE_OFFSET,,,
br_Account,PatientLastStatementAmount,No,,,,
br_Account,YTDPatientAmountDue,No,,,,
br_Account,UnappliedCredit,No,,,,
br_Account,ConvertedAcctID,No,,,,
br_Account,Note,No,,,,
br_Account,NoteDate,No,,,,
br_Account,CurrUserID,No,,,,
br_Account,CurrDateTime,Yes,DATE_OFFSET,,,
br_Account,InsuranceLastStatementAmount,No,,,,
br_Account,CreditLastStatementAmount,No,,,,
br_Account,AccountBalanceCalcMethod,No,,,,
br_Account,ExcludeFinanceCharge,No,,,,
br_Account,ExcludeDunningMessages,No,,,,
br_ClaimHistory,ClaimID,No,,,,
br_ClaimHistory,PatientID,Yes,PATIENT_ID,,,
br_ClaimHistory,InsurancePlanID,Yes,MASK,InsurancePlanID,,
br_ClaimHistory,InsID,Yes,MASK,InsID,,
br_ClaimHistory,CareProviderID,No,,,,
br_ClaimHistory,FacilityLocationID,No,,,,
br_ClaimHistory,ReferringPhysicanID,No,,,,
br_ClaimHistory,DateFiledInAR,No,,,,
br_ClaimHistory,PreCertificationNum,Yes,MASK,PreCertificationNum,,
br_ClaimHistory,NumberOfServiceDetails,No,,,,
br_ClaimHistory,InitialServiceDate,Yes,DATE_OFFSET,,,
br_ClaimHistory,LastActiveDate,Yes,DATE_OFFSET,,,
br_ClaimHistory,ActiveClaim,No,,,,
br_ClaimHistory,CreationDate,Yes,DATE_OFFSET,,,
br_ClaimHistory,SuspendSubmission,No,,,,
br_ClaimHistory,OriginalSubmissionDate,Yes,DATE_OFFSET,,,
br_ClaimHistory,ClaimStatusID,No,,,,
br_ClaimHistory,ClaimStatusDate,Yes,DATE_OFFSET,,,
br_ClaimHistory,EmploymentRelatedCondition,No,,,,
br_ClaimHistory,AutoAccident,No,,,,
br_ClaimHistory,AutoAccidentState,No,,,,
br_ClaimHistory,AccidentResponsibility,No,,,,
br_ClaimHistory,OtherAccident,No,,,,
br_ClaimHistory,AbuseFlag,No,,,,
br_ClaimHistory,ClaimNotes,Yes,NOTES,,,
br_ClaimHistory,OtherInsCovID,Yes,MASK,OtherInsCovID,,
br_ClaimHistory,SignatureOnFileFlag,No,,,,
br_ClaimHistory,SymptomDate,Yes,DATE_OFFSET,,,
br_ClaimHistory,SimilarDate,Yes,DATE_OFFSET,,,
br_ClaimHistory,DisabilityType,No,,,,
br_ClaimHistory,DisabilityFromDate,Yes,DATE_OFFSET,,,
br_ClaimHistory,DisabilityToDate,No,,,,
br_ClaimHistory,HospAdmitDate,Yes,DATE_OFFSET,,,
br_ClaimHistory,HospDischDate,Yes,DATE_OFFSET,,,
br_ClaimHistory,LabIndicatorFlag,No,,,,
br_ClaimHistory,LabCharges,No,,,,
br_ClaimHistory,MedicaidResubCode,No,,,,
br_ClaimHistory,ResubRefNo,No,,,,
br_ClaimHistory,ProvAssignInd,No,,,,
br_ClaimHistory,ProvSigInd,No,,,,
br_ClaimHistory,ProvSigDate,No,,,,
br_ClaimHistory,MedigapClaim,No,,,,
br_ClaimHistory,TotalClaimChrgs,Yes,MASK,TotalClaimChrgs,,
br_ClaimHistory,ClaimBalance,No,,,,
br_ClaimHistory,PatientOriginalAmountDue,No,,,,
br_ClaimHistory,PatientAdjustedAmountDue,No,,,,
br_ClaimHistory,AmountPaidByPatient,No,,,,
br_ClaimHistory,PatientLastPaymentDate,Yes,DATE_OFFSET,,,
br_ClaimHistory,PatientBalance,No,,,,
br_ClaimHistory,PatientOriginalBillingDate,Yes,DATE_OFFSET,,,
br_ClaimHistory,InsuranceOriginalAmountDue,No,,,,
br_ClaimHistory,InsuranceAdjustedAmountDue,No,,,,
br_ClaimHistory,AmountPaidByInsurance,No,,,,
br_ClaimHistory,InsuranceLastPaymentDate,Yes,DATE_OFFSET,,,
br_ClaimHistory,InsuranceBalance,No,,,,
br_ClaimHistory,ContWriteOffAmount,No,,,,
br_ClaimHistory,PatientCoPayAmount,No,,,,
br_ClaimHistory,PatientAmountNotCovered,No,,,,
br_ClaimHistory,PatientDeductibleAmount,No,,,,
br_ClaimHistory,PatientCoInsuranceAmount,No,,,,
br_ClaimHistory,Reserved10d,No,,,,
br_ClaimHistory,Reserved19,No,,,,
br_ClaimHistory,CollectionFlag,No,,,,
br_ClaimHistory,CollectionUserID,No,,,,
br_ClaimHistory,CollectionAgencyID,No,,,,
br_ClaimHistory,RevisionNumber,No,,,,
br_ClaimHistory,RevisionUserID,No,,,,
br_ClaimHistory,RevisionDateTime,Yes,DATE_OFFSET,,,
br_ClaimHistory,AmendedClaim,No,,,,
br_ClaimHistory,AdjustmentAmount,No,,,,
br_ClaimHistory,LastAdjustmentDate,Yes,DATE_OFFSET,,,
br_ClaimHistory,ContWriteOffDate,No,,,,
br_ClaimHistory,ContWriteOffExpected,No,,,,
br_ClaimHistory,RenderingProviderID,Yes,MASK,RenderingProviderID,,
br_ClaimHistory,SubOrder,No,,,,
br_ClaimHistory,Priority,No,,,,
br_ClaimHistory,State,No,,,,
br_ClaimHistory,VisitID,Yes,ENCOUNTER_ID,,,
br_ClaimHistory,IncludePaidInFull,No,,,,
br_ClaimHistory,DelayReasonCode,No,,,,
br_ClaimHistory,LastChanged,Yes,DATE_OFFSET,,,
br_ClaimHistory,ReprocessFlag,No,,,,
br_ClaimHistory,ClaimFollowUpReasonID,Yes,MASK,ClaimFollowUpReasonID,,
br_ClaimHistory,ClaimFolowUpDate,Yes,DATE_OFFSET,,,
br_ClaimHistory,ClaimFrequencyCode,No,,,,
br_ClaimHistory,ClaimCombinationID,No,,,,
br_Payment,PaymentID,No,,,,
br_Payment,PatientID,Yes,PATIENT_ID,,,
br_Payment,UserID,No,,,,
br_Payment,VoidPaymentRefID,No,,,,
br_Payment,PaymentCreditID,No,,,,
br_Payment,PaymentTypeID,No,,,,
br_Payment,AdjustmentTypeID,No,,,,
br_Payment,PaymentSourceID,No,,,,
br_Payment,PaymentMethodID,No,,,,
br_Payment,PaymentSupplierID,No,,,,
br_Payment,PaymentInsurancePlanID,Yes,MASK,PaymentInsurancePlanID,,
br_Payment,PostingDate,Yes,DATE_OFFSET,,,
br_Payment,Amount,Yes,MASK,Amount,,
br_Payment,CreateDate,Yes,DATE_OFFSET,,,
br_Payment,CheckNumber,Yes,MASK,CheckNumber,,
br_Payment,Note,No,,,,
br_Payment,StatementDate,Yes,DATE_OFFSET,,,
br_Payment,BatchID,No,,,,
br_Payment,AdjustmentSubTypeID,No,,,,
br_PaymentAllocations,AllocationID,No,,,,
br_PaymentAllocations,ChargeID,No,,,,
br_PaymentAllocations,ChargeType,No,,,,
br_PaymentAllocations,PaymentID,No,,,,
br_PaymentAllocations,PatientID,Yes,PATIENT_ID,,,
br_PaymentAllocations,PaymentSourceID,No,,,,
br_PaymentAllocations,UserID,No,,,,
br_PaymentAllocations,ServiceDetailID,No,,,,
br_PaymentAllocations,PRCID,No,,,,
br_PaymentAllocations,OffsetID,No,,,,
br_PaymentAllocations,OriginatorID,No,,,,
br_PaymentAllocations,VisitID,Yes,ENCOUNTER_ID,,,
br_PaymentAllocations,CareProviderID,No,,,,
br_PaymentAllocations,LocationID,No,,,,
br_PaymentAllocations,AdjustmentTypeID,No,,,,
br_PaymentAllocations,PlanID,Yes,MASK,PlanID,,
br_PaymentAllocations,AllocationNoteID,No,,,,
br_PaymentAllocations,AllocationInfoID,No,,,,
br_PaymentAllocations,Type,Yes,MASK,Type,,
br_PaymentAllocations,PostingDate,Yes,DATE_OFFSET,,,
br_PaymentAllocations,CreateDate,Yes,DATE_OFFSET,,,
br_PaymentAllocations,Amount,No,,,,
br_PaymentAllocations,BatchID,No,,,,
br_PaymentAllocations,RC,No,,,,
br_PaymentAllocations,TranID,No,,,,
br_PaymentHistory,PaymentID,No,,,,
br_PaymentHistory,PatientID,Yes,PATIENT_ID,,,
br_PaymentHistory,UserID,No,,,,
br_PaymentHistory,VoidPaymentRefID,No,,,,
br_PaymentHistory,PaymentCreditID,No,,,,
br_PaymentHistory,PaymentTypeID,No,,,,
br_PaymentHistory,AdjustmentTypeID,No,,,,
br_PaymentHistory,PaymentSourceID,No,,,,
br_PaymentHistory,PaymentMethodID,Yes,MASK,PaymentMethodID,,
br_PaymentHistory,PaymentSupplierID,Yes,MASK,PaymentSupplierID,,
br_PaymentHistory,PaymentInsurancePlanID,Yes,MASK,PaymentInsurancePlanID,,
br_PaymentHistory,PostingDate,Yes,DATE_OFFSET,,,
br_PaymentHistory,Amount,No,,,,
br_PaymentHistory,CreateDate,Yes,DATE_OFFSET,,,
br_PaymentHistory,CheckNumber,No,,,,
br_PaymentHistory,Note,Yes,NOTES,,,
br_PaymentHistory,StatementDate,Yes,DATE_OFFSET,,,
br_PaymentHistory,LastChanged,Yes,DATE_OFFSET,,,
br_PaymentHistory,AdjustmentSubTypeID,No,,,,
br_PaymentHistory,nd_auto_increment_id,No,,,,
br_ServiceDetail,ServiceDetailID,No,,,,
br_ServiceDetail,ChargeID,No,,,,
br_ServiceDetail,PatientID,Yes,PATIENT_ID,,,
br_ServiceDetail,VisitID,Yes,ENCOUNTER_ID,,,
br_ServiceDetail,ProcedureMasterID,No,,,,
br_ServiceDetail,CurrUserID,Yes,MASK,CurrUserID,,
br_ServiceDetail,RevisionUserID,Yes,MASK,RevisionUserID,,
br_ServiceDetail,CareProviderID,Yes,MASK,CareProviderID,,
br_ServiceDetail,LocationID,No,,,,
br_ServiceDetail,PracticeLocationID,No,,,,
br_ServiceDetail,RenderingProviderID,No,,,,
br_ServiceDetail,ReferringProvID,No,,,,
br_ServiceDetail,VoidServiceDetailID,No,,,,
br_ServiceDetail,AccidentStateID,No,,,,
br_ServiceDetail,AccidentTypeID,No,,,,
br_ServiceDetail,ClaimDetailNum,No,,,,
br_ServiceDetail,PostingDate,Yes,DATE_OFFSET,,,
br_ServiceDetail,Charge,Yes,MASK,Charge,,
br_ServiceDetail,NumberOfDaysOrUnits,No,,,,
br_ServiceDetail,FromDate,Yes,DATE_OFFSET,,,
br_ServiceDetail,ToDate,Yes,DATE_OFFSET,,,
br_ServiceDetail,PlaceOfServiceID,No,,,,
br_ServiceDetail,TypeOfService,No,,,,
br_ServiceDetail,ProcedureCode,No,,,,
br_ServiceDetail,EPSDTInd,No,,,,
br_ServiceDetail,EMGInd,No,,,,
br_ServiceDetail,COBInd,No,,,,
br_ServiceDetail,DeductibleAmount,No,,,,
br_ServiceDetail,IsBilled,No,,,,
br_ServiceDetail,CreateClaim,No,,,,
br_ServiceDetail,SuspendAR,No,,,,
br_ServiceDetail,EmplRelatedFlag,No,,,,
br_ServiceDetail,AutoAccFlag,No,,,,
br_ServiceDetail,AutoAccidentState,No,,,,
br_ServiceDetail,AccRespFlag,No,,,,
br_ServiceDetail,OtherAccident,No,,,,
br_ServiceDetail,ResubmitClaim,No,,,,
br_ServiceDetail,HospAdmitDate,Yes,DATE_OFFSET,,,
br_ServiceDetail,HospDischDate,Yes,DATE_OFFSET,,,
br_ServiceDetail,DisabilityFromDate,Yes,DATE_OFFSET,,,
br_ServiceDetail,DisabilityToDate,No,,,,
br_ServiceDetail,SymptomDate,Yes,DATE_OFFSET,,,
br_ServiceDetail,SimilarDate,No,,,,
br_ServiceDetail,RevisionDateTime,Yes,DATE_OFFSET,,,
br_ServiceDetail,CurrDateTime,Yes,DATE_OFFSET,,,
br_ServiceDetail,OverridePrintExclusion,No,,,,
br_ServiceDetail,BillableToPatient,No,,,,
br_ServiceDetail,Amended,No,,,,
br_ServiceDetail,StatementDate,Yes,DATE_OFFSET,,,
br_ServiceDetail,StatementSuppressionDays,No,,,,
br_ServiceDetail,ExcludeStatement,No,,,,
br_ServiceDetail,BalanceCalcMethod,No,,,,
br_ServiceDetail,UseExclusion,No,,,,
br_ServiceDetail,CoPayAmtApplied,No,,,,
br_ServiceDetail,ResponsibilityDate,Yes,DATE_OFFSET,,,
br_ServiceDetail,Diag1,Yes,MASK,Diag1,,
br_ServiceDetail,Diag2,Yes,MASK,Diag2,,
br_ServiceDetail,Diag3,Yes,MASK,Diag3,,
br_ServiceDetail,Diag4,Yes,MASK,Diag4,,
br_ServiceDetail,Mod1,Yes,MASK,Mod1,,
br_ServiceDetail,Mod2,No,,,,
br_ServiceDetail,Mod3,No,,,,
br_ServiceDetail,Mod4,No,,,,
br_ServiceDetail,BatchID,No,,,,
br_ServiceDetail,OrderDate,No,,,,
br_ServiceDetail,LastSeen,No,,,,
br_ServiceDetail,IgnoreRenderingOverride,No,,,,
br_ServiceDetail,ProcedureAmount,No,,,,
br_ServiceDetail,GlobalPeriod,No,,,,
br_ServiceDetail,NDCQty,No,,,,
br_ServiceDetail,RxNumber,Yes,MASK,RxNumber,,
br_ServiceDetail,InitialTxDate,Yes,DATE_OFFSET,,,
br_ServiceDetail,NonCoveredCharge,No,,,,
br_ServiceDetail,WorkRVU,No,,,,
br_ServiceDetail,MalPracticeRVU,No,,,,
br_ServiceDetail,NonFacPERVU,No,,,,
br_ServiceDetail,FacPERVU,No,,,,
br_ServiceDetail,GPCILocalityID,No,,,,
br_ServiceDetail,NationalConversionFactor,No,,,,
br_ServiceDetail,ChargeScheduleID,No,,,,
br_ServiceDetail,ProcedureMasterAmount,No,,,,
br_ServiceDetail,UserChargeOverride,No,,,,
br_ServiceDetail,ChargeScheduleAmount,No,,,,
br_ServiceDetail,Diag1_ICD10,No,,,,
br_ServiceDetail,Diag2_ICD10,No,,,,
br_ServiceDetail,Diag3_ICD10,Yes,NOTES,,,
br_ServiceDetail,Diag4_ICD10,No,,,,
br_ServiceDetail,ResubmitCharge,No,,,,
br_ServiceDetail,IsEnableGCode,No,,,,
br_ServiceDetail,GCodeID,No,,,,
br_ServiceDetail,OverrideAUCChargeEdit,No,,,,
br_ServiceDetail,GCodeServiceDetailID,No,,,,
br_ServiceDetailHistory,ServiceDetailID,No,,,,
br_ServiceDetailHistory,PatientID,Yes,PATIENT_ID,,,
br_ServiceDetailHistory,VisitID,Yes,ENCOUNTER_ID,,,
br_ServiceDetailHistory,ProcedureMasterID,No,,,,
br_ServiceDetailHistory,CurrUserID,No,,,,
br_ServiceDetailHistory,RevisionUserID,No,,,,
br_ServiceDetailHistory,CareProviderID,Yes,MASK,CareProviderID,,
br_ServiceDetailHistory,LocationID,No,,,,
br_ServiceDetailHistory,PracticeLocationID,Yes,MASK,PracticeLocationID,,
br_ServiceDetailHistory,RenderingProviderID,Yes,MASK,RenderingProviderID,,
br_ServiceDetailHistory,ReferringProvID,No,,,,
br_ServiceDetailHistory,VoidServiceDetailID,No,,,,
br_ServiceDetailHistory,AccidentStateID,No,,,,
br_ServiceDetailHistory,AccidentTypeID,No,,,,
br_ServiceDetailHistory,ClaimDetailNum,No,,,,
br_ServiceDetailHistory,PostingDate,Yes,DATE_OFFSET,,,
br_ServiceDetailHistory,Charge,Yes,MASK,Charge,,
br_ServiceDetailHistory,NumberOfDaysOrUnits,No,,,,
br_ServiceDetailHistory,FromDate,Yes,DATE_OFFSET,,,
br_ServiceDetailHistory,ToDate,Yes,DATE_OFFSET,,,
br_ServiceDetailHistory,PlaceOfServiceID,No,,,,
br_ServiceDetailHistory,TypeOfService,No,,,,
br_ServiceDetailHistory,ProcedureCode,No,,,,
br_ServiceDetailHistory,EPSDTInd,No,,,,
br_ServiceDetailHistory,EMGInd,No,,,,
br_ServiceDetailHistory,COBInd,No,,,,
br_ServiceDetailHistory,DeductibleAmount,No,,,,
br_ServiceDetailHistory,IsBilled,No,,,,
br_ServiceDetailHistory,CreateClaim,No,,,,
br_ServiceDetailHistory,SuspendAR,No,,,,
br_ServiceDetailHistory,EmplRelatedFlag,No,,,,
br_ServiceDetailHistory,AutoAccFlag,No,,,,
br_ServiceDetailHistory,AutoAccidentState,No,,,,
br_ServiceDetailHistory,AccRespFlag,No,,,,
br_ServiceDetailHistory,OtherAccident,No,,,,
br_ServiceDetailHistory,ResubmitClaim,No,,,,
br_ServiceDetailHistory,HospAdmitDate,No,,,,
br_ServiceDetailHistory,HospDischDate,Yes,DATE_OFFSET,,,
br_ServiceDetailHistory,DisabilityFromDate,Yes,DATE_OFFSET,,,
br_ServiceDetailHistory,DisabilityToDate,No,,,,
br_ServiceDetailHistory,SymptomDate,Yes,DATE_OFFSET,,,
br_ServiceDetailHistory,SimilarDate,No,,,,
br_ServiceDetailHistory,RevisionDateTime,Yes,DATE_OFFSET,,,
br_ServiceDetailHistory,CurrDateTime,Yes,DATE_OFFSET,,,
br_ServiceDetailHistory,OverridePrintExclusion,No,,,,
br_ServiceDetailHistory,BillableToPatient,No,,,,
br_ServiceDetailHistory,Amended,No,,,,
br_ServiceDetailHistory,StatementDate,Yes,DATE_OFFSET,,,
br_ServiceDetailHistory,StatementSuppressionDays,No,,,,
br_ServiceDetailHistory,ExcludeStatement,No,,,,
br_ServiceDetailHistory,BalanceCalcMethod,No,,,,
br_ServiceDetailHistory,UseExclusion,No,,,,
br_ServiceDetailHistory,CoPayAmtApplied,No,,,,
br_ServiceDetailHistory,ResponsibilityDate,Yes,DATE_OFFSET,,,
br_ServiceDetailHistory,Diag1,Yes,MASK,Diag1,,
br_ServiceDetailHistory,Diag2,Yes,MASK,Diag2,,
br_ServiceDetailHistory,Diag3,Yes,MASK,Diag3,,
br_ServiceDetailHistory,Diag4,Yes,MASK,Diag4,,
br_ServiceDetailHistory,Mod1,No,,,,
br_ServiceDetailHistory,Mod2,No,,,,
br_ServiceDetailHistory,Mod3,No,,,,
br_ServiceDetailHistory,Mod4,No,,,,
br_ServiceDetailHistory,LastChanged,Yes,DATE_OFFSET,,,
br_ServiceDetailHistory,OrderDate,Yes,DATE_OFFSET,,,
br_ServiceDetailHistory,LastSeen,No,,,,
br_ServiceDetailHistory,IgnoreRenderingOverride,No,,,,
br_ServiceDetailHistory,ProcedureAmount,Yes,MASK,ProcedureAmount,,
br_ServiceDetailHistory,GlobalPeriod,No,,,,
br_ServiceDetailHistory,NDCQty,No,,,,
br_ServiceDetailHistory,RxNumber,Yes,MASK,RxNumber,,
br_ServiceDetailHistory,InitialTxDate,No,,,,
br_ServiceDetailHistory,NonCoveredCharge,No,,,,
br_ServiceDetailHistory,WorkRVU,No,,,,
br_ServiceDetailHistory,MalPracticeRVU,No,,,,
br_ServiceDetailHistory,NonFacPERVU,No,,,,
br_ServiceDetailHistory,FacPERVU,No,,,,
br_ServiceDetailHistory,GPCILocalityID,No,,,,
br_ServiceDetailHistory,NationalConversionFactor,No,,,,
br_ServiceDetailHistory,ChargeScheduleID,No,,,,
br_ServiceDetailHistory,ProcedureMasterAmount,No,,,,
br_ServiceDetailHistory,UserChargeOverride,No,,,,
br_ServiceDetailHistory,ChargeScheduleAmount,No,,,,
br_ServiceDetailHistory,Diag1_ICD10,No,,,,
br_ServiceDetailHistory,Diag2_ICD10,Yes,MASK,Diag2_ICD10,,
br_ServiceDetailHistory,Diag3_ICD10,Yes,MASK,Diag3_ICD10,,
br_ServiceDetailHistory,Diag4_ICD10,Yes,MASK,Diag4_ICD10,,
br_ServiceDetailHistory,ResubmitCharge,No,,,,
br_VisitDiagnosis,VisitDiagnosisID,No,,,,
br_VisitDiagnosis,VisitID,Yes,ENCOUNTER_ID,,,
br_VisitDiagnosis,DiagnosisCode,No,,,,
br_VisitDiagnosis,Priority,No,,,,
br_VisitDiagnosis,CodingSystemID,No,,,,
br_VisitDiagnosisHistory,VisitDiagnosisID,No,,,,
br_VisitDiagnosisHistory,VisitID,Yes,ENCOUNTER_ID,,,
br_VisitDiagnosisHistory,DiagnosisCode,No,,,,
br_VisitDiagnosisHistory,Priority,No,,,,
br_VisitDiagnosisHistory,LastChanged,Yes,DATE_OFFSET,,,
Charge,ChargeID,No,,,,
Charge,PatientID,Yes,PATIENT_ID,,,
Charge,UserID,No,,,,
Charge,Type,No,,,,
Charge,PostingDate,Yes,DATE_OFFSET,,,
Charge,CreateDate,Yes,DATE_OFFSET,,,
Charge,Amount,Yes,MASK,Amount,,
Charge,BatchID,No,,,,
CHCNextOfKin,NextOfKinID,No,,,,
CHCNextOfKin,PersonID,Yes,PATIENT_ID,,,
CHCNextOfKin,NextOfKinPerID,Yes,PATIENT_ID,,,
CHCNextOfKin,HeadOfHousehold,No,,,,
CHCNextOfKin,CreatedByID,Yes,MASK,CreatedByID,,
CHCNextOfKin,Created,Yes,DATE_OFFSET,,,
CHCNextOfKin,LastModifiedByID,No,,,,
CHCNextOfKin,LastModified,Yes,DATE_OFFSET,,,
CHCNextOfKin,nd_auto_increment_id,No,,,,
CHCPerson,PersonID,Yes,PATIENT_ID,,,
CHCPerson,SFNotFedQualFlag,No,,,,
CHCPerson,SFRefusedToProvideInfoFlag,No,,,,
CHCPerson,SFUseClassFlag,No,,,,
CHCPerson,SFFamilySize,No,,,,
CHCPerson,SFMonthlyIncome,No,,,,
CHCPerson,SFNoIncomeFlag,No,,,,
CHCPerson,SFInsuranceID,Yes,MASK,SFInsuranceID,,
CHCPerson,SFScheduleDetailID,No,,,,
CHCPerson,SFFormOfDeclarationID,No,,,,
CHCPerson,SFEffectiveDte,No,,,,
CHCPerson,SFHouseholdIncomeSourceID,No,,,,
CHCPerson,SFNote,No,,,,
CHCPerson,DateOfBirthEstimatedFlag,No,,,,
CHCPerson,RequiresTranslationFlag,No,,,,
CHCPerson,PayorPlanSetID,No,,,,
CHCPerson,EthnicitySubID,No,,,,
CHCPerson,ReferralSourceID,No,,,,
CHCPerson,VeteranStatusID,No,,,,
CHCPerson,AgriculturalWorkStatusID,No,,,,
CHCPerson,PriorMedicalID,No,,,,
CHCPerson,EducationID,No,,,,
CHCPerson,MedicalRecordNum,No,,,,
CHCPerson,LivingArrangementID,No,,,,
CHCPerson,HomelessFlag,Yes,MASK,HomelessFlag,,
CHCPerson,HomelessEffectiveDate,Yes,DATE_OFFSET,,,
CHCPerson,HomelessStatusID,No,,,,
CHCPerson,HomelessNote,Yes,NOTES,,,
CHCPerson,PrimaryPhone_CallCriteria,No,,,,
CHCPerson,PrimaryWorkPhone_CallCriteria,No,,,,
CHCPerson,CellPhone1_CallCriteria,No,,,,
CHCPerson,CellPhone2_CallCriteria,No,,,,
CHCPerson,EMail1_OkToSend,No,,,,
CHCPerson,EMail2_OkToSend,No,,,,
CHCPerson,Note,Yes,NOTES,,,
CHCPerson,CreatedByID,No,,,,
CHCPerson,Created,Yes,DATE_OFFSET,,,
CHCPerson,LastModifiedByID,No,,,,
CHCPerson,LastModified,Yes,DATE_OFFSET,,,
CHCPerson,RaceSubID,No,,,,
CHCPerson,FaxOkToSend,No,,,,
CHCPerson,PagerOkToSend,No,,,,
CHCPerson,nd_auto_increment_id,No,,,,
Claim,ClaimID,No,,,,
Claim,PatientID,Yes,PATIENT_ID,,,
Claim,InsurancePlanID,Yes,MASK,InsurancePlanID,,
Claim,InsID,Yes,MASK,InsID,,
Claim,CareProviderID,Yes,MASK,CareProviderID,,
Claim,FacilityLocationID,Yes,MASK,FacilityLocationID,,
Claim,ReferringPhysicanID,Yes,MASK,ReferringPhysicanID,,
Claim,DateFiledInAR,Yes,DATE_OFFSET,,,
Claim,PreCertificationNum,Yes,MASK,PreCertificationNum,,
Claim,NumberOfServiceDetails,No,,,,
Claim,InitialServiceDate,Yes,DATE_OFFSET,,,
Claim,LastActiveDate,Yes,DATE_OFFSET,,,
Claim,ActiveClaim,No,,,,
Claim,CreationDate,Yes,DATE_OFFSET,,,
Claim,SuspendSubmission,No,,,,
Claim,OriginalSubmissionDate,Yes,DATE_OFFSET,,,
Claim,ClaimStatusID,No,,,,
Claim,ClaimStatusDate,Yes,DATE_OFFSET,,,
Claim,EmploymentRelatedCondition,No,,,,
Claim,AutoAccident,No,,,,
Claim,AutoAccidentState,No,,,,
Claim,AccidentResponsibility,No,,,,
Claim,OtherAccident,No,,,,
Claim,AbuseFlag,No,,,,
Claim,ClaimNotes,No,,,,
Claim,OtherInsCovID,Yes,MASK,OtherInsCovID,,
Claim,SignatureOnFileFlag,No,,,,
Claim,SymptomDate,Yes,DATE_OFFSET,,,
Claim,SimilarDate,No,,,,
Claim,DisabilityType,No,,,,
Claim,DisabilityFromDate,Yes,DATE_OFFSET,,,
Claim,DisabilityToDate,No,,,,
Claim,HospAdmitDate,Yes,DATE_OFFSET,,,
Claim,HospDischDate,Yes,DATE_OFFSET,,,
Claim,LabIndicatorFlag,No,,,,
Claim,LabCharges,No,,,,
Claim,MedicaidResubCode,No,,,,
Claim,ResubRefNo,No,,,,
Claim,ProvAssignInd,No,,,,
Claim,ProvSigInd,No,,,,
Claim,ProvSigDate,Yes,DATE_OFFSET,,,
Claim,MedigapClaim,No,,,,
Claim,TotalClaimChrgs,No,,,,
Claim,ClaimBalance,No,,,,
Claim,PatientOriginalAmountDue,No,,,,
Claim,PatientAdjustedAmountDue,No,,,,
Claim,AmountPaidByPatient,No,,,,
Claim,PatientLastPaymentDate,Yes,DATE_OFFSET,,,
Claim,PatientBalance,No,,,,
Claim,PatientOriginalBillingDate,Yes,DATE_OFFSET,,,
Claim,InsuranceOriginalAmountDue,No,,,,
Claim,InsuranceAdjustedAmountDue,No,,,,
Claim,AmountPaidByInsurance,No,,,,
Claim,InsuranceLastPaymentDate,Yes,DATE_OFFSET,,,
Claim,InsuranceBalance,No,,,,
Claim,ContWriteOffAmount,No,,,,
Claim,PatientCoPayAmount,No,,,,
Claim,PatientAmountNotCovered,No,,,,
Claim,PatientDeductibleAmount,No,,,,
Claim,PatientCoInsuranceAmount,No,,,,
Claim,Reserved10d,No,,,,
Claim,Reserved19,No,,,,
Claim,CollectionFlag,No,,,,
Claim,CollectionUserID,No,,,,
Claim,CollectionAgencyID,No,,,,
Claim,RevisionNumber,No,,,,
Claim,RevisionUserID,No,,,,
Claim,RevisionDateTime,Yes,DATE_OFFSET,,,
Claim,AmendedClaim,No,,,,
Claim,AdjustmentAmount,No,,,,
Claim,LastAdjustmentDate,Yes,DATE_OFFSET,,,
Claim,ContWriteOffDate,No,,,,
Claim,ContWriteOffExpected,No,,,,
Claim,RenderingProviderID,Yes,MASK,RenderingProviderID,,
Claim,SubOrder,No,,,,
Claim,Priority,No,,,,
Claim,State,No,,,,
Claim,VisitID,Yes,ENCOUNTER_ID,,,
Claim,IncludePaidInFull,No,,,,
Claim,DelayReasonCode,No,,,,
Claim,ReprocessFlag,No,,,,
Claim,ClaimFollowUpReasonID,Yes,MASK,ClaimFollowUpReasonID,,
Claim,ClaimFollowUpDate,Yes,DATE_OFFSET,,,
Claim,ClaimFrequencyCode,No,,,,
Claim,ClaimCombinationId,No,,,,
ClaimDetailHistory,ClaimHistoryID,No,,,,
ClaimDetailHistory,BatchID,No,,,,
ClaimDetailHistory,EClaimID,No,,,,
ClaimDetailHistory,LineNumber,No,,,,
ClaimDetailHistory,ServiceDetailID,No,,,,
ClaimDetailHistory,PatientID,Yes,PATIENT_ID,,,
ClaimDetailHistory,ServiceFromDate,Yes,DATE_OFFSET,,,
ClaimDetailHistory,ServiceToDate,Yes,DATE_OFFSET,,,
ClaimDetailHistory,CPTProcedureCode,No,,,,
ClaimDetailHistory,POS,No,,,,
ClaimDetailHistory,TOS,No,,,,
ClaimDetailHistory,Modifier1,No,,,,
ClaimDetailHistory,Modifier2,No,,,,
ClaimDetailHistory,Modifier3,No,,,,
ClaimDetailHistory,Modifier4,No,,,,
ClaimDetailHistory,AltCPTCode,No,,,,
ClaimDetailHistory,AltPOS,Yes,MASK,AltPOS,,
ClaimDetailHistory,AltTOS,No,,,,
ClaimDetailHistory,AltModifier1,No,,,,
ClaimDetailHistory,AltModifier2,No,,,,
ClaimDetailHistory,AltModifier3,No,,,,
ClaimDetailHistory,AltModifier4,No,,,,
ClaimDetailHistory,Charge,Yes,MASK,Charge,,
ClaimDetailHistory,DiagCodePointer1,No,,,,
ClaimDetailHistory,DiagCodePointer2,No,,,,
ClaimDetailHistory,DiagCodePointer3,No,,,,
ClaimDetailHistory,DiagCodePointer4,No,,,,
ClaimDetailHistory,Units,No,,,,
ClaimDetailHistory,AnesthesiaTime,No,,,,
ClaimDetailHistory,PurchasedServiceIndicator,No,,,,
ClaimDetailHistory,ClassFindings,No,,,,
ClaimDetailHistory,LineDescription,No,,,,
ClaimDetailHistory,RefPerfFlag,No,,,,
ClaimDetailHistory,EMGInd,No,,,,
ClaimDetailHistory,EPSDTInd,No,,,,
ClaimDetailHistory,FamPlanInd,No,,,,
ClaimDetailHistory,ReferralDate,Yes,DATE_OFFSET,,,
ClaimDetailHistory,OrderDate,Yes,DATE_OFFSET,,,
ClaimDetailHistory,LastSeenDate,No,,,,
ClaimDetailHistory,SymptomDate,Yes,DATE_OFFSET,,,
ClaimDetailHistory,SimilarDate,Yes,DATE_OFFSET,,,
ClaimDetailHistory,AuthorizationNumber,No,,,,
ClaimDetailHistory,ReferralNumber,No,,,,
ClaimDetailHistory,PostedInsurancePaid,No,,,,
ClaimDetailHistory,PostedAdjudicationDate,Yes,DATE_OFFSET,,,
ClaimDetailHistory,NDCCode,No,,,,
ClaimDetailHistory,UnitType,No,,,,
ClaimDetailHistory,RefProvID,Yes,MASK,RefProvID,,
ClaimDetailHistory,RefProvFName,Yes,MASK,RefProvFName,,
ClaimDetailHistory,RefProvMName,Yes,MASK,RefProvMName,,
ClaimDetailHistory,RefProvLName,Yes,MASK,RefProvLName,,
ClaimDetailHistory,RefProvIndNum,Yes,MASK,RefProvIndNum,,
ClaimDetailHistory,RefProvGrpNum,No,,,,
ClaimDetailHistory,RefProvIndType,No,,,,
ClaimDetailHistory,RefProvGrpType,No,,,,
ClaimDetailHistory,RefProvTaxonomyCode,No,,,,
ClaimDetailHistory,RefProvUPIN,No,,,,
ClaimDetailHistory,RefProvNPI,Yes,MASK,RefProvNPI,,
ClaimDetailHistory,RefProvCred,Yes,MASK,RefProvCred,,
ClaimDetailHistory,NDCQty,No,,,,
ClaimDetailHistory,NDCUnitType,No,,,,
ClaimDetailHistory,NDCPrice,No,,,,
ClaimDetailHistory,RxNumber,No,,,,
ClaimDetailHistory,InitialTxDate,Yes,DATE_OFFSET,,,
ClaimDetailHistory,RevenueCode,No,,,,
ClaimDetailHistory,UnitRate,No,,,,
ClaimDetailHistory,NonCoveredCharge,No,,,,
ClaimDetailHistory,UBCode,No,,,,
ClaimDetailHistory,RefProvSuffix,No,,,,
ClaimDetailHistory,DiagCodePointer1_ICD10,No,,,,
ClaimDetailHistory,DiagCodePointer2_ICD10,No,,,,
ClaimDetailHistory,DiagCodePointer3_ICD10,No,,,,
ClaimDetailHistory,DiagCodePointer4_ICD10,Yes,MASK,DiagCodePointer4_ICD10,,
ClaimHistory,ClaimID,No,,,,
ClaimHistory,PatientID,Yes,PATIENT_ID,,,
ClaimHistory,InsurancePlanID,Yes,MASK,InsurancePlanID,,
ClaimHistory,InsID,Yes,MASK,InsID,,
ClaimHistory,CareProviderID,Yes,MASK,CareProviderID,,
ClaimHistory,FacilityLocationID,Yes,MASK,FacilityLocationID,,
ClaimHistory,ReferringPhysicanID,No,,,,
ClaimHistory,DateFiledInAR,Yes,DATE_OFFSET,,,
ClaimHistory,PreCertificationNum,Yes,MASK,PreCertificationNum,,
ClaimHistory,NumberOfServiceDetails,No,,,,
ClaimHistory,InitialServiceDate,Yes,DATE_OFFSET,,,
ClaimHistory,LastActiveDate,Yes,DATE_OFFSET,,,
ClaimHistory,ActiveClaim,No,,,,
ClaimHistory,CreationDate,Yes,DATE_OFFSET,,,
ClaimHistory,SuspendSubmission,No,,,,
ClaimHistory,OriginalSubmissionDate,Yes,DATE_OFFSET,,,
ClaimHistory,ClaimStatusID,No,,,,
ClaimHistory,ClaimStatusDate,Yes,DATE_OFFSET,,,
ClaimHistory,EmploymentRelatedCondition,No,,,,
ClaimHistory,AutoAccident,No,,,,
ClaimHistory,AutoAccidentState,No,,,,
ClaimHistory,AccidentResponsibility,No,,,,
ClaimHistory,OtherAccident,No,,,,
ClaimHistory,AbuseFlag,Yes,MASK,AbuseFlag,,
ClaimHistory,ClaimNotes,No,,,,
ClaimHistory,OtherInsCovID,Yes,MASK,OtherInsCovID,,
ClaimHistory,SignatureOnFileFlag,No,,,,
ClaimHistory,SymptomDate,Yes,DATE_OFFSET,,,
ClaimHistory,SimilarDate,Yes,DATE_OFFSET,,,
ClaimHistory,DisabilityType,No,,,,
ClaimHistory,DisabilityFromDate,Yes,DATE_OFFSET,,,
ClaimHistory,DisabilityToDate,No,,,,
ClaimHistory,HospAdmitDate,Yes,DATE_OFFSET,,,
ClaimHistory,HospDischDate,Yes,DATE_OFFSET,,,
ClaimHistory,LabIndicatorFlag,No,,,,
ClaimHistory,LabCharges,No,,,,
ClaimHistory,MedicaidResubCode,No,,,,
ClaimHistory,ResubRefNo,No,,,,
ClaimHistory,ProvAssignInd,No,,,,
ClaimHistory,ProvSigInd,No,,,,
ClaimHistory,ProvSigDate,No,,,,
ClaimHistory,MedigapClaim,No,,,,
ClaimHistory,TotalClaimChrgs,Yes,MASK,TotalClaimChrgs,,
ClaimHistory,ClaimBalance,No,,,,
ClaimHistory,PatientOriginalAmountDue,No,,,,
ClaimHistory,PatientAdjustedAmountDue,No,,,,
ClaimHistory,AmountPaidByPatient,No,,,,
ClaimHistory,PatientLastPaymentDate,Yes,DATE_OFFSET,,,
ClaimHistory,PatientBalance,No,,,,
ClaimHistory,PatientOriginalBillingDate,Yes,DATE_OFFSET,,,
ClaimHistory,InsuranceOriginalAmountDue,No,,,,
ClaimHistory,InsuranceAdjustedAmountDue,No,,,,
ClaimHistory,AmountPaidByInsurance,No,,,,
ClaimHistory,InsuranceLastPaymentDate,Yes,DATE_OFFSET,,,
ClaimHistory,InsuranceBalance,No,,,,
ClaimHistory,ContWriteOffAmount,No,,,,
ClaimHistory,PatientCoPayAmount,No,,,,
ClaimHistory,PatientAmountNotCovered,No,,,,
ClaimHistory,PatientDeductibleAmount,No,,,,
ClaimHistory,PatientCoInsuranceAmount,No,,,,
ClaimHistory,Reserved10d,No,,,,
ClaimHistory,Reserved19,No,,,,
ClaimHistory,CollectionFlag,No,,,,
ClaimHistory,CollectionUserID,No,,,,
ClaimHistory,CollectionAgencyID,No,,,,
ClaimHistory,RevisionNumber,No,,,,
ClaimHistory,RevisionUserID,No,,,,
ClaimHistory,RevisionDateTime,Yes,DATE_OFFSET,,,
ClaimHistory,AmendedClaim,No,,,,
ClaimHistory,AdjustmentAmount,No,,,,
ClaimHistory,LastAdjustmentDate,Yes,DATE_OFFSET,,,
ClaimHistory,ContWriteOffDate,No,,,,
ClaimHistory,ContWriteOffExpected,No,,,,
ClaimHistory,RenderingProviderID,Yes,MASK,RenderingProviderID,,
ClaimHistory,SubOrder,No,,,,
ClaimHistory,Priority,No,,,,
ClaimHistory,State,No,,,,
ClaimHistory,VisitID,Yes,ENCOUNTER_ID,,,
ClaimHistory,IncludePaidInFull,No,,,,
ClaimHistory,DelayReasonCode,No,,,,
ClaimHistory,ReprocessFlag,No,,,,
ClaimHistory,ClaimFollowUpReasonID,No,,,,
ClaimHistory,ClaimFolowUpDate,Yes,DATE_OFFSET,,,
ClaimHistory,ClaimFrequencyCode,No,,,,
ClaimRegister,ClaimRegisterID,No,,,,
ClaimRegister,PatientID,Yes,PATIENT_ID,,,
ClaimRegister,CRTID,No,,,,
ClaimRegister,ClaimID,No,,,,
ClaimRegister,ServiceDetailID,No,,,,
ClaimRegister,InsCovID,Yes,MASK,InsCovID,,
ClaimRegister,Priority,No,,,,
ClaimRegister,PlanID,Yes,MASK,PlanID,,
ClaimRegister,PostingDate,Yes,DATE_OFFSET,,,
ClaimRegister,CreateDate,Yes,DATE_OFFSET,,,
ClaimRegister,PaymentID,No,,,,
ClaimRegister,UserID,No,,,,
ClaimRegister,Amount,No,,,,
ClaimRegister,OffsetRegisterID,No,,,,
ClaimRegister,ClaimExpected,No,,,,
ClaimRegister,ClaimBalance,No,,,,
ClaimRegister,WriteoffExpected,No,,,,
ClaimRegister,ActualWriteoff,No,,,,
ClaimRegister,Paid,No,,,,
ClaimRegister,HigherPaids,No,,,,
ClinicalDocumentDiscreteElement,ClinicalDocumentDiscreteElementID,No,,,,
ClinicalDocumentDiscreteElement,PatientID,Yes,PATIENT_ID,,,
ClinicalDocumentDiscreteElement,DocumentID,No,,,,
ClinicalDocumentDiscreteElement,DiscreteElementID,No,,,,
ClinicalDocumentDiscreteElement,Value,No,,,,
ClinicalDocumentDiscreteElement,LastUpdatedDateTime,Yes,DATE_OFFSET,,,
ClinicalPatMeds_Backup_D42991,ClinicalPatMedID,No,,,,
ClinicalPatMeds_Backup_D42991,OriginalPatMedID,No,,,,
ClinicalPatMeds_Backup_D42991,PatientID,Yes,PATIENT_ID,,,
ClinicalPatMeds_Backup_D42991,MedicationID,No,,,,
ClinicalPatMeds_Backup_D42991,MedicationName,No,,,,
ClinicalPatMeds_Backup_D42991,DrugNameID,No,,,,
ClinicalPatMeds_Backup_D42991,Description,No,,,,
ClinicalPatMeds_Backup_D42991,RemovalReasonid,No,,,,
ClinicalPatMeds_Backup_D42991,UpdatedRemovalReasonId,No,,,,
ClinicalPatMeds_Backup_D42991,DateTimeRemoved,No,,,,
ClinicalPatMeds_Backup_D42991,UpdatedDateTimeRemoved,Yes,DATE_OFFSET,,,
ClinicalPatMeds_Backup_D42991,BackupDate,Yes,DATE_OFFSET,,,
ClinicalPatMeds_Backup_D42991,nd_auto_increment_id,No,,,,
ClinicalPlanInfoExport,ClinicalPlanInfoExport,No,,,,
ClinicalPlanInfoExport,DocumentID,No,,,,
ClinicalPlanInfoExport,PlanInfoType,No,,,,
ClinicalPlanInfoExport,Description,Yes,GENERIC_NOTES,,,
ClinicalPlanInfoExport,DocumentVersion,No,,,,
ClinicalPlanInfoExport,Disabled,No,,,,
ClinicalPlanInfoExport,Checked,No,,,,
ClinicalPlanInfoExport,CreatedBy,No,,,,
ClinicalPlanInfoExport,CreatedDateTime,Yes,STATIC_OFFSET,,,
ClinicalPlanInfoExport,LastModifiedBy,Yes,MASK,LastModifiedBy,,
ClinicalPlanInfoExport,LastModifiedDateTime,Yes,STATIC_OFFSET,,,
ClinicalSummaryProvided,VisitID,Yes,ENCOUNTER_ID,,,
ClinicalSummaryProvided,ProvidedDate,Yes,DATE_OFFSET,,,
ClinicalSummaryProvided,UserID,No,,,,
ClinicalSummaryProvided,ClinicalSummaryProvidedTypeID,No,,,,
ClinicalSummaryProvided,nd_auto_increment_id,No,,,,
ClinicalSummaryProvidedHistory,ClinicalSummaryProvidedHistoryID,No,,,,
ClinicalSummaryProvidedHistory,VisitID,Yes,ENCOUNTER_ID,,,
ClinicalSummaryProvidedHistory,ProvidedDate,Yes,DATE_OFFSET,,,
ClinicalSummaryProvidedHistory,UserID,No,,,,
ClinicalSummaryProvidedHistory,HistoryDatetime,Yes,DATE_OFFSET,,,
ClinicalSummaryProvidedHistory,Action,No,,,,
ClinicalSummaryProvidedHistory,ClinicalSummaryProvidedTypeID,No,,,,
ClinicalSummaryProvidedHistory,nd_auto_increment_id,No,,,,
ClinicalVitalGroup,ClinicalVitalGroupID,No,,,,
ClinicalVitalGroup,PatientID,Yes,PATIENT_ID,,,
ClinicalVitalGroup,DateTimeAdded,Yes,DATE_OFFSET,,,
ClinicalVitalGroup,isOrthostatic,No,,,,
ClinicalVitalGroup,VisitID,Yes,ENCOUNTER_ID,,,
crStampPatient,PatientID,Yes,PATIENT_ID,,,
crStampPatient,crStampID,No,,,,
crStampPatient,nd_auto_increment_id,No,,,,
CTBHeader,CTBHeaderID,No,,,,
CTBHeader,CTBHeaderStatusID,No,,,,
CTBHeader,VisitID,Yes,ENCOUNTER_ID,,,
CTBHeader,AccidentDate,Yes,DATE_OFFSET,,,
cust_rda_encounters,siteId,Yes,MASK,siteId,,
cust_rda_encounters,visitId,Yes,ENCOUNTER_ID,,,
cust_rda_encounters,patientId,Yes,PATIENT_ID,,,
cust_rda_encounters,careproviderId,Yes,MASK,careproviderId,,
cust_rda_encounters,practiceLocation,No,,,,
cust_rda_encounters,serviceLocation,Yes,MASK,serviceLocation,,
cust_rda_encounters,taxId,Yes,MASK,taxId,,
cust_rda_encounters,careprovider_external_id,Yes,MASK,careprovider_external_id,,
cust_rda_encounters,group_external_id,No,,,,
cust_rda_encounters,address_id,Yes,MASK,address_id,,
CustomRptFieldValue,PatientID,Yes,PATIENT_ID,,,
CustomRptFieldValue,FieldID,No,,,,
CustomRptFieldValue,SubFieldID,No,,,,
CustomRptFieldValue,Value,Yes,MASK,Value,,
CustomRptFieldValue,nd_auto_increment_id,No,,,,
D_54031_Notes_bkp,Noteid,No,,,,
D_54031_Notes_bkp,NoteTypeID,No,,,,
D_54031_Notes_bkp,PatientID,Yes,PATIENT_ID,,,
D_54031_Notes_bkp,Otherid,No,,,,
D_64911_Person_Backup,PersonID,Yes,PATIENT_ID,,,
D_64911_Person_Backup,PrimaryPhone,Yes,MASK,PrimaryPhone,,
D_64911_Person_Backup,PrimaryWorkPhone,Yes,MASK,PrimaryWorkPhone,,
D_64911_Person_Backup,CellPhone1,Yes,MASK,CellPhone1,,
D_65303_PatientFlag_Backup,PatientID,Yes,PATIENT_ID,,,
D_65303_PatientFlag_Backup,Flag1027Added,No,,,,
D_65303_PatientFlag_Backup,Flag1027Removed,No,,,,
D_65303_PatientFlag_Backup,AuditDescription,No,,,,
D_65303_PatientFlag_Backup,CreateDateTime,Yes,DATE_OFFSET,,,
D_67500_Person_Backup,PersonID,Yes,PATIENT_ID,,,
D_67500_Person_Backup,PrimaryPhone,Yes,MASK,PrimaryPhone,,
D_67500_Person_Backup,PrimaryWorkPhone,Yes,MASK,PrimaryWorkPhone,,
D_67500_Person_Backup,CellPhone1,Yes,MASK,CellPhone1,,
D_67500_Person_Backup,nd_auto_increment_id,No,,,,
D_76720_PersonEthnicity_Backup,PersonID,Yes,PATIENT_ID,,,
D_76720_PersonEthnicity_Backup,EthnicityID,Yes,MASK,EthnicityID,,
D_76720_PersonEthnicity_Backup,IsPrimary,No,,,,
D_76720_PersonEthnicity_Backup,BackUpDate,Yes,DATE_OFFSET,,,
D_76720_PersonEthnicity_Backup,nd_auto_increment_id,No,,,,
D_77008_PatHistSocial_Backup,PatientID,Yes,PATIENT_ID,,,
D_77008_PatHistSocial_Backup,PatHistCatPatHistItemID,No,,,,
D_77008_PatHistSocial_Backup,PatHistSocialID,No,,,,
D_77008_PatHistSocial_Backup,Status,No,,,,
D_77008_PatHistSocial_Backup,Quantity,No,,,,
D_77008_PatHistSocial_Backup,PHSNotes,No,,,,
D_77008_PatHistSocial_Backup,BackupDate,No,,,,
D_77008_PatHistSocial_Backup,nd_auto_increment_id,No,,,,
D_81087_FHIRPatientConfidentiality_Backup,PatientID,Yes,PATIENT_ID,,,
D_81087_FHIRPatientConfidentiality_Backup,SiteID,No,,,,
D_81087_FHIRPatientConfidentiality_Backup,ConfidentialityData,No,,,,
D_81087_FHIRPatientConfidentiality_Backup,CreatedBy,No,,,,
D_81087_FHIRPatientConfidentiality_Backup,CreatedOn,Yes,DATE_OFFSET,,,
D_81087_FHIRPatientConfidentiality_Backup,LastModifiedBy,No,,,,
D_81087_FHIRPatientConfidentiality_Backup,LastModifiedOn,Yes,DATE_OFFSET,,,
D_81087_FHIRPatientConfidentiality_Backup,nd_auto_increment_id,No,,,,
DocumentPortalStaging,DocumentPortalStagingID,No,,,,
DocumentPortalStaging,PatientID,Yes,PATIENT_ID,,,
DocumentPortalStaging,TaskID,No,,,,
DocumentPortalStaging,FileName,Yes,NOTES,,,
DocumentPortalStaging,FileType,No,,,,
DocumentPortalStaging,CreatedByUserID,No,,,,
DocumentPortalStaging,CreateDateTime,Yes,DATE_OFFSET,,,
DocumentPortalStaging,nd_auto_increment_id,No,,,,
eligRequestTransaction,RequestTransactionID,No,,,,
eligRequestTransaction,RequestID,No,,,,
eligRequestTransaction,CompanyID,No,,,,
eligRequestTransaction,PlanID,Yes,MASK,PlanID,,
eligRequestTransaction,ProviderID,No,,,,
eligRequestTransaction,ProviderType,No,,,,
eligRequestTransaction,LocationID,No,,,,
eligRequestTransaction,InsuredPersonID,Yes,PATIENT_ID,,,
eligRequestTransaction,PatientID,Yes,PATIENT_ID,,,
eligRequestTransaction,GroupID,Yes,MASK,GroupID,,
eligRequestTransaction,SourceCode,No,,,,
eligRequestTransaction,SourceName,Yes,MASK,SourceName,,
eligRequestTransaction,SourceType,No,,,,
eligRequestTransaction,SourceFirstName,Yes,MASK,SourceFirstName,,
eligRequestTransaction,SourceMiddleName,Yes,MASK,SourceMiddleName,,
eligRequestTransaction,SourceSuffix,No,,,,
eligRequestTransaction,SourceIdentifierQualifier,No,,,,
eligRequestTransaction,SourceIdentifier,No,,,,
eligRequestTransaction,ReceiverCode,No,,,,
eligRequestTransaction,ReceiverType,No,,,,
eligRequestTransaction,ReceiverName,Yes,MASK,ReceiverName,,
eligRequestTransaction,ReceiverFirstName,Yes,MASK,ReceiverFirstName,,
eligRequestTransaction,ReceiverMiddleName,Yes,MASK,ReceiverMiddleName,,
eligRequestTransaction,ReceiverSuffix,No,,,,
eligRequestTransaction,ReceiverIdentifierQualifier,No,,,,
eligRequestTransaction,ReceiverIdentifier,No,,,,
eligRequestTransaction,ReceiverNPI,Yes,MASK,ReceiverNPI,,
eligRequestTransaction,ReceiverAdditionalIdentifierQualifier,No,,,,
eligRequestTransaction,ReceiverAdditionalIdentifier,No,,,,
eligRequestTransaction,ReceiverLicenseState,No,,,,
eligRequestTransaction,ReceiverAddressLine1,Yes,MASK,ReceiverAddressLine1,,
eligRequestTransaction,ReceiverAddressLine2,No,,,,
eligRequestTransaction,ReceiverCity,Yes,MASK,ReceiverCity,,
eligRequestTransaction,ReceiverState,No,,,,
eligRequestTransaction,ReceiverZip,No,,,,
eligRequestTransaction,ReceiverCountryCode,No,,,,
eligRequestTransaction,ReceiverContactName,Yes,MASK,ReceiverContactName,,
eligRequestTransaction,ReceiverContactPhone,Yes,MASK,ReceiverContactPhone,,
eligRequestTransaction,ReceiverContactFax,Yes,MASK,ReceiverContactFax,,
eligRequestTransaction,ReceiverContactEmail,Yes,MASK,ReceiverContactEmail,,
eligRequestTransaction,ReceiverContactEDINumber,No,,,,
eligRequestTransaction,ReceiverProviderCode,No,,,,
eligRequestTransaction,ReceiverSpecialtyCode,No,,,,
eligRequestTransaction,InsuredName,Yes,MASK,InsuredName,,
eligRequestTransaction,InsuredFirstName,Yes,MASK,InsuredFirstName,,
eligRequestTransaction,InsuredMiddleName,Yes,MASK,InsuredMiddleName,,
eligRequestTransaction,InsuredSuffix,No,,,,
eligRequestTransaction,InsuredIDQualifier,Yes,MASK,InsuredIDQualifier,,
eligRequestTransaction,InsuredPlanNumber,Yes,MASK,InsuredPlanNumber,,
eligRequestTransaction,InsuredPolicyNumber,Yes,MASK,InsuredPolicyNumber,,
eligRequestTransaction,InsuredGroupNumber,Yes,MASK,InsuredGroupNumber,,
eligRequestTransaction,InsuredSSN,Yes,MASK,InsuredSSN,,
eligRequestTransaction,InsuredAddressLine1,Yes,MASK,InsuredAddressLine1,,
eligRequestTransaction,InsuredAddressLine2,Yes,MASK,InsuredAddressLine2,,
eligRequestTransaction,InsuredCity,Yes,MASK,InsuredCity,,
eligRequestTransaction,InsuredState,No,,,,
eligRequestTransaction,InsuredZip,No,,,,
eligRequestTransaction,InsuredCountryCode,No,,,,
eligRequestTransaction,ServiceProviderCode,No,,,,
eligRequestTransaction,ServiceProviderIDQualifier,No,,,,
eligRequestTransaction,ServiceProviderNPI,Yes,MASK,ServiceProviderNPI,,
eligRequestTransaction,ServiceProviderID,No,,,,
eligRequestTransaction,InsuredDOB,Yes,PATIENT_DOB,,,
eligRequestTransaction,InsuredGender,Yes,MASK,InsuredGender,,
eligRequestTransaction,DependentLastName,Yes,MASK,DependentLastName,,
eligRequestTransaction,DependentFirstName,Yes,MASK,DependentFirstName,,
eligRequestTransaction,DependentMiddleName,Yes,MASK,DependentMiddleName,,
eligRequestTransaction,DependentSuffix,No,,,,
eligRequestTransaction,DependentSSN,Yes,MASK,DependentSSN,,
eligRequestTransaction,DependentPolicyNumber,Yes,MASK,DependentPolicyNumber,,
eligRequestTransaction,DependentAddressLine1,Yes,MASK,DependentAddressLine1,,
eligRequestTransaction,DependentAddressLine2,Yes,MASK,DependentAddressLine2,,
eligRequestTransaction,DependentCity,Yes,MASK,DependentCity,,
eligRequestTransaction,DependentState,No,,,,
eligRequestTransaction,DependentZip,No,,,,
eligRequestTransaction,DependentCountryCode,Yes,MASK,DependentCountryCode,,
eligRequestTransaction,DependentDOB,Yes,PATIENT_DOB,,,
eligRequestTransaction,DependentGender,Yes,MASK,DependentGender,,
eligRequestTransaction,DependentRelationToInsured,Yes,MASK,DependentRelationToInsured,,
eligRequestTransaction,TransactionType,No,,,,
eligRequestTransaction,TransactionDateFrom,Yes,DATE_OFFSET,,,
eligRequestTransaction,TransactionDateTo,Yes,DATE_OFFSET,,,
eRxEligibilityTransactionDetails,eRxEligibilityTransactionDetailsID,No,,,,
eRxEligibilityTransactionDetails,PatientID,Yes,PATIENT_ID,,,
eRxEligibilityTransactionDetails,Status,No,,,,
eRxEligibilityTransactionDetails,InsuranceName,Yes,MASK,InsuranceName,,
eRxEligibilityTransactionDetails,PlanName,Yes,MASK,PlanName,,
eRxEligibilityTransactionDetails,Completed,No,,,,
eRxEligibilityTransactionDetails,SourceName,Yes,MASK,SourceName,,
eRxEligibilityTransactionDetails,SourceType,No,,,,
eRxEligibilityTransactionDetails,InsuredName,Yes,MASK,InsuredName,,
eRxEligibilityTransactionDetails,InsuredFirstName,Yes,MASK,InsuredFirstName,,
eRxEligibilityTransactionDetails,InsuredMiddleName,Yes,MASK,InsuredMiddleName,,
eRxEligibilityTransactionDetails,ServiceTypeCode,No,,,,
eRxEligibilityTransactionDetails,SourceIdentifier,No,,,,
eRxEligibilityTransactionDetails,InsuredPolicyNumber,Yes,MASK,InsuredPolicyNumber,,
eRxEligibilityTransactionDetails,InsuredSuffix,Yes,MASK,InsuredSuffix,,
eRxEligibilityTransactionDetails,InsuredDOB,Yes,PATIENT_DOB,,,
eRxEligibilityTransactionDetails,InsuredGender,Yes,MASK,InsuredGender,,
eRxEligibilityTransactionDetails,InsuredAddressLine1,Yes,MASK,InsuredAddressLine1,,
eRxEligibilityTransactionDetails,InsuredAddressLine2,Yes,MASK,InsuredAddressLine2,,
eRxEligibilityTransactionDetails,InsuredCity,Yes,MASK,InsuredCity,,
eRxEligibilityTransactionDetails,InsuredState,No,,,,
eRxEligibilityTransactionDetails,InsuredZip,No,,,,
eRxEligibilityTransactionDetails,DependentLastName,Yes,MASK,DependentLastName,,
eRxEligibilityTransactionDetails,DependentFirstName,Yes,MASK,DependentFirstName,,
eRxEligibilityTransactionDetails,DependentMiddleName,Yes,MASK,DependentMiddleName,,
eRxEligibilityTransactionDetails,DependentSuffix,No,,,,
eRxEligibilityTransactionDetails,DependentPolicyNumber,Yes,MASK,DependentPolicyNumber,,
eRxEligibilityTransactionDetails,DependentAddressLine1,Yes,MASK,DependentAddressLine1,,
eRxEligibilityTransactionDetails,DependentAddressLine2,No,,,,
eRxEligibilityTransactionDetails,DependentCity,No,,,,
eRxEligibilityTransactionDetails,DependentState,No,,,,
eRxEligibilityTransactionDetails,DependentZip,No,,,,
eRxEligibilityTransactionDetails,DependentCountryCode,No,,,,
eRxEligibilityTransactionDetails,DependentDOB,Yes,PATIENT_DOB,,,
eRxEligibilityTransactionDetails,DependentGender,Yes,MASK,DependentGender,,
eRxEligibilityTransactionDetails,DependentRelationToInsured,No,,,,
eRxEligibilityTransactionDetails,InsuredLastName,Yes,MASK,InsuredLastName,,
eRxEligibilityTransactionDetails,RequestTransactionID,No,,,,
eRxEligibilityTransactionDetails,PatientInformationChange,No,,,,
eRxEligibilityTransactionDetails,nd_auto_increment_id,No,,,,
eRxPharmacyEligibilityTransaction,EligibilityBatchID,No,,,,
eRxPharmacyEligibilityTransaction,PatientID,Yes,PATIENT_ID,,,
eRxPharmacyEligibilityTransaction,Status,No,,,,
eRxPharmacyEligibilityTransaction,InsuranceName,Yes,MASK,InsuranceName,,
eRxPharmacyEligibilityTransaction,PlanName,No,,,,
eRxPharmacyEligibilityTransaction,Completed,No,,,,
eRxPharmacyEligibilityTransaction,RequestTransactionID,No,,,,
eRxPharmacyEligibilityTransaction,ResponseTransactionID,No,,,,
eRxPharmacyEligibilityTransaction,TransactionDateFrom,Yes,DATE_OFFSET,,,
eRxPharmacyEligibilityTransaction,TransactionDateTo,Yes,DATE_OFFSET,,,
eRxPharmacyEligibilityTransaction,TransactionType,No,,,,
eRxPharmacyEligibilityTransaction,RequestMode,No,,,,
eRxPharmacyEligibilityTransaction,SourceName,No,,,,
eRxPharmacyEligibilityTransaction,SourceType,No,,,,
eRxPharmacyEligibilityTransaction,ReceiverName,No,,,,
eRxPharmacyEligibilityTransaction,ReceiverCode,No,,,,
eRxPharmacyEligibilityTransaction,PatientName,Yes,MASK,PatientName,,
eRxPharmacyEligibilityTransaction,InsuredName,Yes,MASK,InsuredName,,
eRxPharmacyEligibilityTransaction,InsuredFirstName,Yes,MASK,InsuredFirstName,,
eRxPharmacyEligibilityTransaction,InsuredMiddleName,Yes,MASK,InsuredMiddleName,,
eRxPharmacyEligibilityTransaction,ServiceTypeCode,No,,,,
eRxPharmacyEligibilityTransaction,SourceIdentifier,No,,,,
eRxPharmacyEligibilityTransaction,SourceIdentifierQualifier,No,,,,
eRxPharmacyEligibilityTransaction,ReceiverIdentifier,No,,,,
eRxPharmacyEligibilityTransaction,ReceiverIdentifierQualifier,No,,,,
eRxPharmacyEligibilityTransaction,InsuredPolicyNumber,Yes,MASK,InsuredPolicyNumber,,
eRxPharmacyEligibilityTransaction,TransactionXML,Yes,NOTES,,,
eRxPharmacyEligibilityTransaction,SourceCode,No,,,,
eRxPharmacyEligibilityTransaction,InsuredSuffix,No,,,,
eRxPharmacyEligibilityTransaction,InsuredDOB,Yes,PATIENT_DOB,,,
eRxPharmacyEligibilityTransaction,InsuredGender,Yes,MASK,InsuredGender,,
eRxPharmacyEligibilityTransaction,InsuredAddressLine1,Yes,MASK,InsuredAddressLine1,,
eRxPharmacyEligibilityTransaction,InsuredAddressLine2,Yes,MASK,InsuredAddressLine2,,
eRxPharmacyEligibilityTransaction,InsuredCity,Yes,MASK,InsuredCity,,
eRxPharmacyEligibilityTransaction,InsuredState,No,,,,
eRxPharmacyEligibilityTransaction,InsuredZip,No,,,,
eRxPharmacyEligibilityTransaction,DependentLastName,Yes,MASK,DependentLastName,,
eRxPharmacyEligibilityTransaction,DependentFirstName,Yes,MASK,DependentFirstName,,
eRxPharmacyEligibilityTransaction,DependentMiddleName,Yes,MASK,DependentMiddleName,,
eRxPharmacyEligibilityTransaction,DependentSuffix,No,,,,
eRxPharmacyEligibilityTransaction,DependentPolicyNumber,Yes,MASK,DependentPolicyNumber,,
eRxPharmacyEligibilityTransaction,DependentAddressLine1,Yes,MASK,DependentAddressLine1,,
eRxPharmacyEligibilityTransaction,DependentAddressLine2,Yes,MASK,DependentAddressLine2,,
eRxPharmacyEligibilityTransaction,DependentCity,Yes,MASK,DependentCity,,
eRxPharmacyEligibilityTransaction,DependentState,No,,,,
eRxPharmacyEligibilityTransaction,DependentZip,No,,,,
eRxPharmacyEligibilityTransaction,DependentCountryCode,No,,,,
eRxPharmacyEligibilityTransaction,DependentDOB,Yes,PATIENT_DOB,,,
eRxPharmacyEligibilityTransaction,DependentGender,Yes,MASK,DependentGender,,
eRxPharmacyEligibilityTransaction,DependentRelationToInsured,No,,,,
eRxPharmacyEligibilityTransaction,nd_auto_increment_id,No,,,,
eRxSSPharmacyRequest,eRxSSPharmacyRequestID,No,,,,
eRxSSPharmacyRequest,PharmacyID,No,,,,
eRxSSPharmacyRequest,CareProviderID,Yes,MASK,CareProviderID,,
eRxSSPharmacyRequest,FirstName,Yes,MASK,FirstName,,
eRxSSPharmacyRequest,LastName,Yes,MASK,LastName,,
eRxSSPharmacyRequest,MiddleName,Yes,MASK,MiddleName,,
eRxSSPharmacyRequest,Suffix,No,,,,
eRxSSPharmacyRequest,Prefix,No,,,,
eRxSSPharmacyRequest,Gender,No,,,,
eRxSSPharmacyRequest,DateOfBirth,Yes,PATIENT_DOB,,,
eRxSSPharmacyRequest,MatchedPatientID,Yes,PATIENT_ID,,,
eRxSSPharmacyRequest,SSN,Yes,MASK,SSN,,
eRxSSPharmacyRequest,ClinicalPatMedID,No,,,,
eRxSSPharmacyRequest,PrescriberOrderNumber,No,,,,
eRxSSPharmacyRequest,NumRefills,No,,,,
eRxSSPharmacyRequest,RequestStatusID,No,,,,
eRxSSPharmacyRequest,RxRefNumber,No,,,,
eRxSSPharmacyRequest,EPrescribeDate,Yes,DATE_OFFSET,,,
eRxSSPharmacyRequest,PharmacyNote,Yes,NOTES,,,
eRxSSPharmacyRequest,Description,No,,,,
eRxSSPharmacyRequest,DoseForm,No,,,,
eRxSSPharmacyRequest,DoseQuantity,No,,,,
eRxSSPharmacyRequest,DoseQuantityUnit,No,,,,
eRxSSPharmacyRequest,SIG,No,,,,
eRxSSPharmacyRequest,DrugNameID,No,,,,
eRxSSPharmacyRequest,DispenseAmount,No,,,,
eRxSSPharmacyRequest,DispenseUnit,No,,,,
eRxSSPharmacyRequest,DispenseAsWritten,No,,,,
eRxSSPharmacyRequest,PharmacyRequestType,No,,,,
eRxSSPharmacyRequest,MedicationID,No,,,,
eRxSSPharmacyRequest,MedicationName,No,,,,
eRxSSPharmacyRequest,MedicalCondition,No,,,,
eRxSSPharmacyRequest,RequestXML,Yes,NOTES,,,
eRxSSPharmacyRequest,RequestType,No,,,,
eRxSSPharmacyRequest,ReceivedDate,Yes,DATE_OFFSET,,,
eRxSSPharmacyRequest,Matched,No,,,,
eRxSSPharmacyRequest,MatchCount,No,,,,
eRxSSPharmacyRequest,MessageId,No,,,,
eRxSSPharmacyRequest,ProviderServiceLocation,No,,,,
eRxSSPharmacyRequest,EventTypeID,No,,,,
eRxSSPharmacyRequest,EventStatusID,No,,,,
eRxSSPharmacyRequest,InterfaceEventID,No,,,,
eRxSSPharmacyRequest,LastTransactionTypeID,No,,,,
eRxSSPharmacyRequest,SureScriptsSPI,No,,,,
eRxSSPharmacyRequest,DEACode,No,,,,
eRxSSPharmacyRequest,UserID,No,,,,
eRxSSPharmacyRequest,SendDate,Yes,DATE_OFFSET,,,
eRxSSPharmacyRequest,RenNumrefills,No,,,,
eRxSSPharmacyRequest,ErrorMessage,No,,,,
eRxSSPharmacyRequest,RenReasonID,Yes,MASK,RenReasonID,,
eRxSSPharmacyRequest,RenPharmacyNotes,Yes,NOTES,,,
eRxSSPharmacyRequest,ApprovedStatusID,No,,,,
eRxSSPharmacyRequest,OrigPharmacyRequestID,No,,,,
eRxSSPharmacyRequest,IsDuplicateAction,No,,,,
eRxSSPharmacyRequest,ActualDescription,No,,,,
eRxSSPharmacyRequest,ActualSIG,No,,,,
eRxSSPharmacyRequest,ActualDispenseAmount,No,,,,
eRxSSPharmacyRequest,ActualDispenseUnit,No,,,,
eRxSSPharmacyRequest,ActualDaysSupply,No,,,,
eRxSSPharmacyRequest,ActualSubstitutions,No,,,,
eRxSSPharmacyRequest,PotencyUnitCode,No,,,,
eRxSSPharmacyRequest,DaysSupply,No,,,,
eRxSSPharmacyRequest,Substitutions,No,,,,
eRxSSPharmacyRequest,PatientID,Yes,PATIENT_ID,,,
eRxSSPharmacyRequest,OtherDeniedReason,Yes,NOTES,,,
eRxSSPharmacyRequest,RelatesToMessageID,No,,,,
eRxSSPharmacyRequest,RequestXMLValid,No,,,,
eRxSSPharmacyRequest,RenewalComment,Yes,NOTES,,,
eRxSSPharmacyRequest,OrgRelatesToMessageID,No,,,,
eRxSSPharmacyRequest,PatientAddressLine1,Yes,MASK,PatientAddressLine1,,
eRxSSPharmacyRequest,PatientAddressLine2,Yes,MASK,PatientAddressLine2,,
eRxSSPharmacyRequest,PatientCity,Yes,MASK,PatientCity,,
eRxSSPharmacyRequest,PatientState,No,,,,
eRxSSPharmacyRequest,PatientPostalCode,No,,,,
eRxSSPharmacyRequest,ChangeRequestType,No,,,,
eRxSSPharmacyRequest,IsTrueDuplicate,No,,,,
fctAccount,PatientID,Yes,PATIENT_ID,,,
fctAccount,PersonID,Yes,PATIENT_ID,,,
fctAccount,FirstNameLastName,Yes,MASK,FirstNameLastName,,
fctAccount,LNameFName,Yes,MASK,LNameFName,,
fctAccount,Prefix,No,,,,
fctAccount,FirstName,Yes,MASK,FirstName,,
fctAccount,MiddleName1,Yes,MASK,MiddleName1,,
fctAccount,LastName,Yes,MASK,LastName,,
fctAccount,Suffix,No,,,,
fctAccount,NickName,No,,,,
fctAccount,OrgPatientID,No,,,,
fctAccount,AltPatientID,No,,,,
fctAccount,DateOfBirth,Yes,PATIENT_DOB,,,
fctAccount,Age,Yes,MASK,Age,,
fctAccount,Address1,Yes,MASK,Address1,,
fctAccount,Address2,Yes,MASK,Address2,,
fctAccount,City,Yes,MASK,City,,
fctAccount,State,No,,,,
fctAccount,PostalCode,No,,,,
fctAccount,HomePhone,Yes,MASK,HomePhone,,
fctAccount,PrimaryPhone,Yes,MASK,PrimaryPhone,,
fctAccount,PrimaryWorkPhone,Yes,MASK,PrimaryWorkPhone,,
fctAccount,CellPhone,Yes,MASK,CellPhone,,
fctAccount,PatientBalance,No,,,,
fctAccount,InsuranceBalance,No,,,,
fctAccount,Pat1,No,,,,
fctAccount,Pat2,No,,,,
fctAccount,Pat3,No,,,,
fctAccount,Pat4,No,,,,
fctAccount,Pat5,No,,,,
fctAccount,Ins1,No,,,,
fctAccount,Ins2,No,,,,
fctAccount,Ins3,No,,,,
fctAccount,Ins4,No,,,,
fctAccount,Ins5,No,,,,
fctAccount,CollectionsBal,No,,,,
fctAccount,AllBal,No,,,,
fctAccount,DateOfLastPatPmt,Yes,DATE_OFFSET,,,
fctAccount,LastPatPmtAmount,No,,,,
fctAccount,DateOfLastInsPmt,Yes,DATE_OFFSET,,,
fctAccount,LastInsPmtAmount,Yes,MASK,LastInsPmtAmount,,
fctAccount,PatientCredit,No,,,,
fctAccount,InsuranceCredit,No,,,,
fctAccount,Pre_PayCredit,No,,,,
fctAccount,UnDeterminedCredit,No,,,,
fctAccount,PriInsCoID,Yes,MASK,PriInsCoID,,
fctAccount,PriInsCo,Yes,MASK,PriInsCo,,
fctAccount,PriPlanID,Yes,MASK,PriPlanID,,
fctAccount,PriInsPlan,Yes,MASK,PriInsPlan,,
fctAccount,PriInsCopay,No,,,,
fctAccount,SecInsCoID,Yes,MASK,SecInsCoID,,
fctAccount,SecInsCo,Yes,MASK,SecInsCo,,
fctAccount,SecPlanID,No,,,,
fctAccount,SecInsPlan,No,,,,
fctAccount,SecInsCopay,No,,,,
fctAccount,TerInsCOID,No,,,,
fctAccount,TerInsCO,No,,,,
fctAccount,TerPlanID,No,,,,
fctAccount,TerInsPlan,No,,,,
fctAccount,TerInsCopay,No,,,,
fctAccount,IndInsCoID,Yes,MASK,IndInsCoID,,
fctAccount,IndInsCo,No,,,,
fctAccount,IndPlanID,No,,,,
fctAccount,IndInsPlan,No,,,,
fctAccount,IndInsCopay,No,,,,
fctAccount,PaymentPlan,No,,,,
fctAccount,PatientLastStatementDate,Yes,DATE_OFFSET,,,
fctAccount,ExcludeFinanceCharge,No,,,,
fctAccount,AccountBalanceCalcMethod,No,,,,
fctAccount,AccountBalanceCalcDesc,No,,,,
fctAccount,IsFullAddress,No,,,,
fctAccount,LastUpdated,Yes,DATE_OFFSET,,,
fctAccount,sf1,No,,,,
fctAccount,sf2,No,,,,
fctAccount,sf3,No,,,,
fctAccount,sf4,No,,,,
fctAccount,sf5,No,,,,
fctAccount,AssignmentOfBenefits,No,,,,
fctAccount,DriverLicNum,Yes,MASK,DriverLicNum,,
fctAccount,DriverLicState,No,,,,
fctAccount,CredentialsString,No,,,,
fctAccount,PrimaryLanguage,No,,,,
fctAccount,EMail,Yes,MASK,EMail,,
fctAccount,MaidenName,Yes,MASK,MaidenName,,
fctAccount,FaxNumber,Yes,MASK,FaxNumber,,
fctAccount,Pager,No,,,,
fctAccount,ReleaseOfInformation,No,,,,
fctAccount,Race,Yes,MASK,Race,,
fctAccount,Sex,Yes,MASK,Sex,,
fctAccount,SSN,Yes,MASK,SSN,,
fctAccount,AppointmentNext,Yes,DATE_OFFSET,,,
fctAccount,StatementRecipientID,Yes,PATIENT_ID,,,
fctAccount,County,Yes,MASK,County,,
fctAccount,PatDeathFlag,Yes,MASK,PatDeathFlag,,
fctAccount,LastVisitDate,Yes,DATE_OFFSET,,,
fctAccount,LastApptID,No,,,,
fctAccount,NextApptID,No,,,,
fctAccount,LastApptDate,Yes,DATE_OFFSET,,,
fctAccount,ReferralID,No,,,,
fctAccount,ReferralsPrimaryID,No,,,,
fctAccount,Ethnicity,Yes,MASK,Ethnicity,,
fctAccount,PreferredCommunications,Yes,MASK,PreferredCommunications,,
fctAccount,TimeOfBirth,Yes,PATIENT_DOB,,,
fctAccount,PatDeathTime,Yes,DATE_OFFSET,,,
fctAccount,PatientStatusID,No,,,,
fctAccount,PatientStatusEffectiveDateTime,Yes,DATE_OFFSET,,,
fctAccount,DuplicatePatientID,Yes,PATIENT_ID,,,
fctAccount,nd_auto_increment_id,No,,,,
fctCharge,ChargeID,No,,,,
fctCharge,VoidType,No,,,,
fctCharge,PostingDate,Yes,DATE_OFFSET,,,
fctCharge,ServiceDate,Yes,DATE_OFFSET,,,
fctCharge,CreateDate,Yes,DATE_OFFSET,,,
fctCharge,ServiceDetailID,No,,,,
fctCharge,ChargeType,No,,,,
fctCharge,ServiceLocation,Yes,MASK,ServiceLocation,,
fctCharge,ServiceLocationID,No,,,,
fctCharge,PracticeLocation,Yes,MASK,PracticeLocation,,
fctCharge,PracticeLocationID,No,,,,
fctCharge,BillableProviderID,Yes,MASK,BillableProviderID,,
fctCharge,RenderingProviderID,Yes,MASK,RenderingProviderID,,
fctCharge,ReferringProviderID,Yes,MASK,ReferringProviderID,,
fctCharge,PatientID,Yes,PATIENT_ID,,,
fctCharge,VisitID,Yes,ENCOUNTER_ID,,,
fctCharge,VisitType,No,,,,
fctCharge,VisitTypeID,No,,,,
fctCharge,ProcedureMasterID,No,,,,
fctCharge,ProcedureCode,No,,,,
fctCharge,Charge,No,,,,
fctCharge,Units,No,,,,
fctCharge,BalanceCalcMethod,No,,,,
fctCharge,ModList,No,,,,
fctCharge,BatchID,No,,,,
fctCharge,OriginalPostingDate,Yes,DATE_OFFSET,,,
fctCharge,CurrUserID,Yes,MASK,CurrUserID,,
fctCharge,LastUpdated,Yes,DATE_OFFSET,,,
fctCharge,PatientBalanceAge,No,,,,
fctCharge,InsuranceBalanceAge,No,,,,
fctCharge,CalculatedCharge,Yes,MASK,CalculatedCharge,,
fctCharge,PriPlanID,Yes,MASK,PriPlanID,,
fctCharge,SecPlanID,Yes,MASK,SecPlanID,,
fctCharge,PriCompanyID,No,,,,
fctCharge,SecCompanyID,No,,,,
fctCharge,PriInsID,Yes,MASK,PriInsID,,
fctCharge,SecInsID,Yes,MASK,SecInsID,,
fctCharge,PriPlan,Yes,MASK,PriPlan,,
fctCharge,SecPlan,Yes,MASK,SecPlan,,
fctCharge,PriCompany,Yes,MASK,PriCompany,,
fctCharge,SecCompany,Yes,MASK,SecCompany,,
fctCharge,PriClass,Yes,MASK,PriClass,,
fctCharge,SecClass,Yes,MASK,SecClass,,
fctCharge,BillableProviderFName,Yes,MASK,BillableProviderFName,,
fctCharge,BillableProviderLName,Yes,MASK,BillableProviderLName,,
fctCharge,BillableProviderMI,Yes,MASK,BillableProviderMI,,
fctCharge,BillableProviderSuffix,No,,,,
fctCharge,BillableProviderPrefix,No,,,,
fctCharge,RenderingProviderFName,Yes,MASK,RenderingProviderFName,,
fctCharge,RenderingProviderLName,Yes,MASK,RenderingProviderLName,,
fctCharge,RenderingProviderMI,Yes,MASK,RenderingProviderMI,,
fctCharge,RenderingProviderSuffix,No,,,,
fctCharge,RenderingProviderPrefix,Yes,MASK,RenderingProviderPrefix,,
fctCharge,ReferringProviderFName,Yes,MASK,ReferringProviderFName,,
fctCharge,ReferringProviderLName,Yes,MASK,ReferringProviderLName,,
fctCharge,ReferringProviderMI,Yes,MASK,ReferringProviderMI,,
fctCharge,ReferringProviderSuffix,No,,,,
fctCharge,ReferringProviderPrefix,No,,,,
fctCharge,BillableProviderName,Yes,MASK,BillableProviderName,,
fctCharge,ReferringProviderName,Yes,MASK,ReferringProviderName,,
fctCharge,RenderingProviderName,Yes,MASK,RenderingProviderName,,
fctInsurance,ServiceDetailid,No,,,,
fctInsurance,PatientID,Yes,PATIENT_ID,,,
fctInsurance,FromDate,Yes,DATE_OFFSET,,,
fctInsurance,LocationID,No,,,,
fctInsurance,LocationName,Yes,MASK,LocationName,,
fctInsurance,CareproviderID,No,,,,
fctInsurance,RenderingCareProviderID,Yes,MASK,RenderingCareProviderID,,
fctInsurance,RenderingCareProvider,Yes,MASK,RenderingCareProvider,,
fctInsurance,BillableCareProvider,Yes,MASK,BillableCareProvider,,
fctInsurance,ProcedureCode,No,,,,
fctInsurance,AlternateProcedureCode,No,,,,
fctInsurance,ProcCodeModifierString,No,,,,
fctInsurance,Proceduredescription,No,,,,
fctInsurance,PrimaryInsurancePlanClassID,Yes,MASK,PrimaryInsurancePlanClassID,,
fctInsurance,PrimaryInsurancePlanClassDesc,Yes,MASK,PrimaryInsurancePlanClassDesc,,
fctInsurance,PrimaryInsuranceCompanyID,No,,,,
fctInsurance,PrimaryInsuranceCompanyName,Yes,MASK,PrimaryInsuranceCompanyName,,
fctInsurance,PrimaryInsuranceCoverageID,Yes,MASK,PrimaryInsuranceCoverageID,,
fctInsurance,PrimaryPlanID,Yes,MASK,PrimaryPlanID,,
fctInsurance,PrimaryPlan,Yes,MASK,PrimaryPlan,,
fctInsurance,PrimaryINSPaidAmount,No,,,,
fctInsurance,PrimaryINSAdjustmentAmount,No,,,,
fctInsurance,SecondaryInsurancePlanClassID,Yes,MASK,SecondaryInsurancePlanClassID,,
fctInsurance,SecondaryInsurancePlanClassDesc,Yes,MASK,SecondaryInsurancePlanClassDesc,,
fctInsurance,SecondaryInsuranceCompanyID,Yes,MASK,SecondaryInsuranceCompanyID,,
fctInsurance,SecondaryInsuranceCompanyName,Yes,MASK,SecondaryInsuranceCompanyName,,
fctInsurance,SecondaryInsuranceCoverageID,No,,,,
fctInsurance,SecondaryPlanID,No,,,,
fctInsurance,SecondaryPlan,Yes,MASK,SecondaryPlan,,
fctInsurance,SecondaryINSPaidAmount,Yes,MASK,SecondaryINSPaidAmount,,
fctInsurance,SecondaryINSAdjustmentAmount,No,,,,
fctInsurance,TertiaryINSPaidAmount,No,,,,
fctInsurance,TertiaryINSAdjustmentAmount,No,,,,
fctInsurance,IndependentINSPaidAmount,No,,,,
fctInsurance,IndependentINSAdjustmentAmount,No,,,,
fctInsurance,PatientPayments,No,,,,
fctInsurance,OtherPayments,No,,,,
fctInsurance,NonContractualAdjustments,No,,,,
fctInsurance,numberofdaysorunits,No,,,,
fctInsurance,CalculatedCharge,No,,,,
fctInsurance,ProcedureMasterID,No,,,,
fctInsurance,HasInsurancePay,No,,,,
fctInsurance,nd_auto_increment_id,No,,,,
fctPatientHistory,PatientID,Yes,PATIENT_ID,,,
fctPatientHistory,PatHistItemID,No,,,,
fctPatientHistory,PatHistCatPatHistItemID,No,,,,
fctPatientHistory,HistoryType,No,,,,
fctPatientHistory,AltSystem,No,,,,
fctPatientHistory,AltSystemCode,No,,,,
fctPatientHistory,ProblemListMember,No,,,,
fctPatientHistory,PatHistCatDescription,Yes,MASK,PatHistCatDescription,,
fctPatientHistory,Description,Yes,NOTES,,,
fctPatientHistory,CreatedBy,No,,,,
fctPatientHistory,CreateDate,Yes,DATE_OFFSET,,,
fctPatientHistory,LastChanged,Yes,DATE_OFFSET,,,
fctPatientHistory,LastChangedBy,Yes,MASK,LastChangedBy,,
fctPatientHistory,DateOfOnset,No,,,,
fctPatientHistory,Note,Yes,NOTES,,,
fctPatientHistory,PatHistProblemListID,No,,,,
fctPatientHistory,ProblemListLastChanged,Yes,DATE_OFFSET,,,
fctPatientHistory,ProblemListStatusDesc,No,,,,
fctPatientHistory,PreModifierText,No,,,,
fctPatientHistory,PostModifierText,No,,,,
fctPatientHistory,Relation,Yes,MASK,Relation,,
fctPatientHistory,AgeOfOnset,No,,,,
fctPatientHistory,nd_auto_increment_id,No,,,,
fctPatientInsurance,ID,No,,,,
fctPatientInsurance,Name,No,,,,
fctPatientInsurance,FirstName,Yes,MASK,FirstName,,
fctPatientInsurance,MiddleName1,Yes,MASK,MiddleName1,,
fctPatientInsurance,LastName,Yes,MASK,LastName,,
fctPatientInsurance,MaidenName,Yes,MASK,MaidenName,,
fctPatientInsurance,PatientID,Yes,PATIENT_ID,,,
fctPatientInsurance,PersonID,Yes,PATIENT_ID,,,
fctPatientInsurance,AddressLine1,Yes,MASK,AddressLine1,,
fctPatientInsurance,AddressLine2,Yes,MASK,AddressLine2,,
fctPatientInsurance,City,Yes,MASK,City,,
fctPatientInsurance,State,No,,,,
fctPatientInsurance,PostalCode,No,,,,
fctPatientInsurance,County,Yes,MASK,County,,
fctPatientInsurance,Country,No,,,,
fctPatientInsurance,DateOfBirth,Yes,PATIENT_DOB,,,
fctPatientInsurance,Sex,Yes,MASK,Sex,,
fctPatientInsurance,Race,Yes,MASK,Race,,
fctPatientInsurance,Ethnicity,Yes,MASK,Ethnicity,,
fctPatientInsurance,SSN,Yes,MASK,SSN,,
fctPatientInsurance,AssignmentOfBenefits,Yes,MASK,AssignmentOfBenefits,,
fctPatientInsurance,Age,Yes,MASK,Age,,
fctPatientInsurance,PrimaryPhone,Yes,MASK,PrimaryPhone,,
fctPatientInsurance,IsCareProvider,No,,,,
fctPatientInsurance,Credentials,No,,,,
fctPatientInsurance,DeceasedFlag,No,,,,
fctPatientInsurance,DateDeceased,Yes,DATE_OFFSET,,,
fctPatientInsurance,DriverLicNum,Yes,MASK,DriverLicNum,,
fctPatientInsurance,Email1,Yes,MASK,Email1,,
fctPatientInsurance,EmployerName,Yes,MASK,EmployerName,,
fctPatientInsurance,MaritalStatus,No,,,,
fctPatientInsurance,Cell,Yes,MASK,Cell,,
fctPatientInsurance,Fax,Yes,MASK,Fax,,
fctPatientInsurance,HomePhone,Yes,MASK,HomePhone,,
fctPatientInsurance,Pager,No,,,,
fctPatientInsurance,PrimaryWorkPhone,Yes,MASK,PrimaryWorkPhone,,
fctPatientInsurance,NickName,No,,,,
fctPatientInsurance,PreferredProviderID,Yes,MASK,PreferredProviderID,,
fctPatientInsurance,PreferredProvider,Yes,MASK,PreferredProvider,,
fctPatientInsurance,NationalProviderID,Yes,MASK,NationalProviderID,,
fctPatientInsurance,Prefix,No,,,,
fctPatientInsurance,Suffix,No,,,,
fctPatientInsurance,PrimaryLanguage,Yes,MASK,PrimaryLanguage,,
fctPatientInsurance,PreferredCommunications,No,,,,
fctPatientInsurance,ReleaseOfInformation,No,,,,
fctPatientInsurance,Religion,Yes,MASK,Religion,,
fctPatientInsurance,PreferredPharmacyID,Yes,MASK,PreferredPharmacyID,,
fctPatientInsurance,NextApptDate,Yes,DATE_OFFSET,,,
fctPatientInsurance,StatementReceiverID,Yes,MASK,StatementReceiverID,,
fctPatientInsurance,PriCompanyID,Yes,MASK,PriCompanyID,,
fctPatientInsurance,PriCompany,Yes,MASK,PriCompany,,
fctPatientInsurance,PriPlanID,Yes,MASK,PriPlanID,,
fctPatientInsurance,PriPlan,Yes,MASK,PriPlan,,
fctPatientInsurance,PriGroupNumber,Yes,MASK,PriGroupNumber,,
fctPatientInsurance,PriPolicyNumber,Yes,MASK,PriPolicyNumber,,
fctPatientInsurance,PriInsured,Yes,MASK,PriInsured,,
fctPatientInsurance,PriInsuredRel,No,,,,
fctPatientInsurance,PriPlanAddr1,Yes,MASK,PriPlanAddr1,,
fctPatientInsurance,PriPlanAddr2,No,,,,
fctPatientInsurance,PriPlanCity,Yes,MASK,PriPlanCity,,
fctPatientInsurance,PriPlanState,No,,,,
fctPatientInsurance,PriPlanZip,No,,,,
fctPatientInsurance,PriCityStateZip,Yes,MASK,PriCityStateZip,,
fctPatientInsurance,PriPlanBillingPhone,Yes,MASK,PriPlanBillingPhone,,
fctPatientInsurance,PriPlanEligibilityPhone,Yes,MASK,PriPlanEligibilityPhone,,
fctPatientInsurance,PriPlanAuthorizationPhone,Yes,MASK,PriPlanAuthorizationPhone,,
fctPatientInsurance,PriInsuranceType,Yes,MASK,PriInsuranceType,,
fctPatientInsurance,SecCompanyID,Yes,MASK,SecCompanyID,,
fctPatientInsurance,SecCompany,Yes,MASK,SecCompany,,
fctPatientInsurance,SecPlanID,Yes,MASK,SecPlanID,,
fctPatientInsurance,SecPlan,Yes,MASK,SecPlan,,
fctPatientInsurance,SecGroupNumber,Yes,MASK,SecGroupNumber,,
fctPatientInsurance,SecPolicyNumber,Yes,MASK,SecPolicyNumber,,
fctPatientInsurance,SecInsured,Yes,MASK,SecInsured,,
fctPatientInsurance,SecInsuredRel,No,,,,
fctPatientInsurance,SecPlanAddr1,Yes,MASK,SecPlanAddr1,,
fctPatientInsurance,SecPlanAddr2,Yes,MASK,SecPlanAddr2,,
fctPatientInsurance,SecPlanCity,Yes,MASK,SecPlanCity,,
fctPatientInsurance,SecPlanState,No,,,,
fctPatientInsurance,SecPlanZip,No,,,,
fctPatientInsurance,SecCityStateZip,Yes,MASK,SecCityStateZip,,
fctPatientInsurance,SecPlanBillingPhone,Yes,MASK,SecPlanBillingPhone,,
fctPatientInsurance,SecPlanEligibilityPhone,Yes,MASK,SecPlanEligibilityPhone,,
fctPatientInsurance,SecPlanAuthorizationPhone,Yes,MASK,SecPlanAuthorizationPhone,,
fctPatientInsurance,SecInsuranceType,Yes,MASK,SecInsuranceType,,
fctPatientInsurance,FinRespOtherID,Yes,MASK,FinRespOtherID,,
fctPatientInsurance,FinRespPatientID,Yes,PATIENT_ID,,,
fctPatientInsurance,FinRespName,Yes,MASK,FinRespName,,
fctPatientInsurance,FinRespFirstName,Yes,MASK,FinRespFirstName,,
fctPatientInsurance,FinRespLastName,Yes,MASK,FinRespLastName,,
fctPatientInsurance,FinRespMiddleName,Yes,MASK,FinRespMiddleName,,
fctPatientInsurance,FinRespAddr1,Yes,MASK,FinRespAddr1,,
fctPatientInsurance,FinRespAddr2,Yes,MASK,FinRespAddr2,,
fctPatientInsurance,FinRespCity,Yes,MASK,FinRespCity,,
fctPatientInsurance,FinRespState,No,,,,
fctPatientInsurance,FinRespZip,No,,,,
fctPatientInsurance,FinRespDOB,Yes,PATIENT_DOB,,,
fctPatientInsurance,FinRespPhone,Yes,MASK,FinRespPhone,,
fctPatientInsurance,FinRespPrimaryWorkPhone,Yes,MASK,FinRespPrimaryWorkPhone,,
fctPatientInsurance,FinRespCell,Yes,MASK,FinRespCell,,
fctPatientInsurance,FinRespFax,No,,,,
fctPatientInsurance,FinRespHomePhone,Yes,MASK,FinRespHomePhone,,
fctPatientInsurance,FinRespPager,No,,,,
fctPatientInsurance,FinRespEmail1,Yes,MASK,FinRespEmail1,,
fctPatientInsurance,FinRespSSN,Yes,MASK,FinRespSSN,,
fctPatientInsurance,FinRespRelation,Yes,MASK,FinRespRelation,,
fctPatientInsurance,FinRespEmployer,Yes,MASK,FinRespEmployer,,
fctPatientInsurance,PatientStatusID,No,,,,
fctPatientInsurance,PatientStatusEffectiveDateTime,Yes,DATE_OFFSET,,,
fctPatientInsurance,DuplicatePatientID,Yes,PATIENT_ID,,,
fctPatientInsurance,nd_auto_increment_id,No,,,,
fctPerAssociation,PersonID,Yes,PATIENT_ID,,,
fctPerAssociation,NextOfKinPerID,Yes,PATIENT_ID,,,
fctPerAssociation,AssociationTypeID,No,,,,
fctPerAssociation,SeqNo,No,,,,
fctPerAssociation,AssociationShortDesc,No,,,,
fctPerAssociation,AssociationFullDesc,No,,,,
fctPerAssociation,RelationTypeID,No,,,,
fctPerAssociation,RelationShipDesc,No,,,,
fctPerAssociation,nd_auto_increment_id,No,,,,
fctPerson,PersonID,Yes,PATIENT_ID,,,
fctPerson,PatientID,Yes,PATIENT_ID,,,
fctPerson,FirstNameLastName,Yes,MASK,FirstNameLastName,,
fctPerson,LNameFName,Yes,MASK,LNameFName,,
fctPerson,Prefix,No,,,,
fctPerson,FirstName,Yes,MASK,FirstName,,
fctPerson,MiddleName1,Yes,MASK,MiddleName1,,
fctPerson,MiddleName2,Yes,MASK,MiddleName2,,
fctPerson,LastName,Yes,MASK,LastName,,
fctPerson,Suffix,No,,,,
fctPerson,NickName,Yes,MASK,NickName,,
fctPerson,OrgPatientID,No,,,,
fctPerson,AltPatientID,No,,,,
fctPerson,DateOfBirth,Yes,PATIENT_DOB,,,
fctPerson,Age,Yes,MASK,Age,,
fctPerson,Address1,Yes,MASK,Address1,,
fctPerson,Address2,Yes,MASK,Address2,,
fctPerson,City,Yes,MASK,City,,
fctPerson,State,No,,,,
fctPerson,Country,No,,,,
fctPerson,County,Yes,MASK,County,,
fctPerson,PostalCode,No,,,,
fctPerson,HomePhone,Yes,MASK,HomePhone,,
fctPerson,PrimaryPhone,Yes,MASK,PrimaryPhone,,
fctPerson,PrimaryWorkPhone,Yes,MASK,PrimaryWorkPhone,,
fctPerson,CellPhone,Yes,MASK,CellPhone,,
fctPerson,IsFullAddress,Yes,MASK,IsFullAddress,,
fctPerson,LastUpdated,Yes,DATE_OFFSET,,,
fctPerson,AssignmentOfBenefits,No,,,,
fctPerson,DriverLicNum,Yes,MASK,DriverLicNum,,
fctPerson,DriverLicState,No,,,,
fctPerson,CredentialsString,No,,,,
fctPerson,PrimaryLanguage,Yes,MASK,PrimaryLanguage,,
fctPerson,EMail,Yes,MASK,EMail,,
fctPerson,MaidenName,Yes,MASK,MaidenName,,
fctPerson,MaritalStatus,Yes,MASK,MaritalStatus,,
fctPerson,Religion,Yes,MASK,Religion,,
fctPerson,FaxNumber,Yes,MASK,FaxNumber,,
fctPerson,Pager,No,,,,
fctPerson,Race,Yes,MASK,Race,,
fctPerson,ReleaseOfInformation,No,,,,
fctPerson,Sex,Yes,MASK,Sex,,
fctPerson,SSN,Yes,MASK,SSN,,
fctPerson,PatDeathFlag,No,,,,
fctPerson,PatDeathTime,Yes,DATE_OFFSET,,,
fctPerson,CareProviderID,Yes,MASK,CareProviderID,,
fctPerson,CareProviderName,Yes,MASK,CareProviderName,,
fctPerson,PrimaryEmployer,Yes,MASK,PrimaryEmployer,,
fctPerson,Ethnicity,No,,,,
fctPerson,PreferredCommunications,Yes,MASK,PreferredCommunications,,
fctPerson,TimeOfBirth,No,,,,
fctPerson,PatientStatusID,No,,,,
fctPerson,PatientStatusEffectiveDateTime,Yes,DATE_OFFSET,,,
fctPerson,DuplicatePatientID,Yes,PATIENT_ID,,,
fctPerson,PublicityCodeDesc,No,,,,
fctPerson,SexualOrientation,Yes,MASK,SexualOrientation,,
fctPerson,GenderIdentity,Yes,MASK,GenderIdentity,,
fctPerson,nd_auto_increment_id,No,,,,
fctPersonEthnicity,PersonID,Yes,PATIENT_ID,,,
fctPersonEthnicity,Ethnicity1,Yes,MASK,Ethnicity1,,
fctPersonEthnicity,Ethnicity2,Yes,MASK,Ethnicity2,,
fctPersonEthnicity,Ethnicity3,No,,,,
fctPersonEthnicity,Ethnicity4,No,,,,
fctPersonEthnicity,Ethnicity5,No,,,,
fctPersonEthnicity,Ethnicity6,No,,,,
fctPersonEthnicity,Ethnicity7,No,,,,
fctPersonEthnicity,Ethnicity8,No,,,,
fctPersonEthnicity,Ethnicity9,No,,,,
fctPersonEthnicity,Ethnicity10,No,,,,
fctPersonEthnicity,nd_auto_increment_id,No,,,,
fctPersonRace,PersonID,Yes,PATIENT_ID,,,
fctPersonRace,Race1,Yes,MASK,Race1,,
fctPersonRace,Race2,Yes,MASK,Race2,,
fctPersonRace,Race3,Yes,MASK,Race3,,
fctPersonRace,Race4,Yes,MASK,Race4,,
fctPersonRace,Race5,Yes,MASK,Race5,,
fctPersonRace,Race6,No,,,,
fctPersonRace,Race7,No,,,,
fctPersonRace,Race8,No,,,,
fctPersonRace,Race9,No,,,,
fctPersonRace,Race10,No,,,,
fctPersonRace,nd_auto_increment_id,No,,,,
fctVisitInsurance,ID,No,,,,
fctVisitInsurance,VisitID,Yes,ENCOUNTER_ID,,,
fctVisitInsurance,RenderingProvider,Yes,MASK,RenderingProvider,,
fctVisitInsurance,PriPlanID,Yes,MASK,PriPlanID,,
fctVisitInsurance,PriCompanyID,Yes,MASK,PriCompanyID,,
fctVisitInsurance,PriCompany,Yes,MASK,PriCompany,,
fctVisitInsurance,PriPlan,Yes,MASK,PriPlan,,
fctVisitInsurance,PriGroupNumber,Yes,MASK,PriGroupNumber,,
fctVisitInsurance,PriPolicyNumber,Yes,MASK,PriPolicyNumber,,
fctVisitInsurance,PriInsured,Yes,MASK,PriInsured,,
fctVisitInsurance,PriInsuredRel,Yes,MASK,PriInsuredRel,,
fctVisitInsurance,PriPlanAddr1,Yes,MASK,PriPlanAddr1,,
fctVisitInsurance,PriPlanAddr2,Yes,MASK,PriPlanAddr2,,
fctVisitInsurance,PriCityStateZip,Yes,MASK,PriCityStateZip,,
fctVisitInsurance,PriInsuranceType,Yes,MASK,PriInsuranceType,,
fctVisitInsurance,SecPlanID,Yes,MASK,SecPlanID,,
fctVisitInsurance,SecCompanyID,Yes,MASK,SecCompanyID,,
fctVisitInsurance,SecCompany,Yes,MASK,SecCompany,,
fctVisitInsurance,SecPlan,Yes,MASK,SecPlan,,
fctVisitInsurance,SecGroupNumber,Yes,MASK,SecGroupNumber,,
fctVisitInsurance,SecPolicyNumber,Yes,MASK,SecPolicyNumber,,
fctVisitInsurance,SecInsured,Yes,MASK,SecInsured,,
fctVisitInsurance,SecInsuredRel,No,,,,
fctVisitInsurance,SecPlanAddr1,Yes,MASK,SecPlanAddr1,,
fctVisitInsurance,SecPlanAddr2,Yes,MASK,SecPlanAddr2,,
fctVisitInsurance,SecCityStateZip,Yes,MASK,SecCityStateZip,,
fctVisitInsurance,SecInsuranceType,Yes,MASK,SecInsuranceType,,
fctVisitInsurance,nd_auto_increment_id,No,,,,
FHIRPatientConfidentiality,PatientID,Yes,PATIENT_ID,,,
FHIRPatientConfidentiality,SiteID,No,,,,
FHIRPatientConfidentiality,ConfidentialityData,No,,,,
FHIRPatientConfidentiality,CreatedBy,No,,,,
FHIRPatientConfidentiality,CreatedOn,Yes,DATE_OFFSET,,,
FHIRPatientConfidentiality,LastModifiedBy,Yes,MASK,LastModifiedBy,,
FHIRPatientConfidentiality,LastModifiedOn,Yes,DATE_OFFSET,,,
FHIRPatientConfidentiality,nd_auto_increment_id,No,,,,
FlowSheetPatient,PatientID,Yes,PATIENT_ID,,,
FlowSheetPatient,FlowSheetID,No,,,,
FlowSheetPatient,CreateUser,Yes,MASK,CreateUser,,
FlowSheetPatient,CreateDate,Yes,DATE_OFFSET,,,
FlowSheetPatient,nd_auto_increment_id,No,,,,
FlowSheetPatientHistory,FlowSheetPatientHistoryID,No,,,,
FlowSheetPatientHistory,PatientID,Yes,PATIENT_ID,,,
FlowSheetPatientHistory,FlowSheetID,No,,,,
FlowSheetPatientHistory,CreateUser,Yes,MASK,CreateUser,,
FlowSheetPatientHistory,CreateDate,Yes,DATE_OFFSET,,,
FlowSheetPatientHistory,HistoryDate,Yes,DATE_OFFSET,,,
FlowSheetPatientHistory,HistoryUser,Yes,PATIENT_ID,,,
FlowSheetPatientHistory,HistoryAction,No,,,,
FlowSheetPatientHistory,nd_auto_increment_id,No,,,,
Guarantor,GuarantorID,No,,,,
Guarantor,PatientID,Yes,PATIENT_ID,,,
Guarantor,GuarantorPersonID,Yes,PATIENT_ID,,,
Guarantor,Enabled,No,,,,
Guarantor,GuPatTypeID,No,,,,
Guarantor,nd_auto_increment_id,No,,,,
HistoryVocabEOrdersMigration_OBR,OBRID,No,,,,
HistoryVocabEOrdersMigration_OBR,OBRguid,No,,,,
HistoryVocabEOrdersMigration_OBR,DataSourceId,No,,,,
HistoryVocabEOrdersMigration_OBR,PatientID,Yes,PATIENT_ID,,,
HistoryVocabEOrdersMigration_OBR,LabID,No,,,,
HistoryVocabEOrdersMigration_OBR,LabPanelID,No,,,,
HistoryVocabEOrdersMigration_OBR,PanelNo,No,,,,
HistoryVocabEOrdersMigration_OBR,PanelDescription,No,,,,
HistoryVocabEOrdersMigration_OBR,CollectionDate,Yes,DATE_OFFSET,,,
HistoryVocabEOrdersMigration_OBR,LabReceivedDate,Yes,DATE_OFFSET,,,
HistoryVocabEOrdersMigration_OBR,LabReportedDate,Yes,DATE_OFFSET,,,
HistoryVocabEOrdersMigration_OBR,ReportStatus,No,,,,
HistoryVocabEOrdersMigration_OBR,ResultDocumentID,No,,,,
HistoryVocabEOrdersMigration_OBR,DocumentID,No,,,,
HistoryVocabEOrdersMigration_OBR,Enabled,No,,,,
HistoryVocabEOrdersMigration_OBR,OrderID,No,,,,
HistoryVocabEOrdersMigration_OBR,BatchGUID,No,,,,
HistoryVocabEOrdersMigration_OBR,nd_auto_increment_id,No,,,,
HistoryVocabEOrdersMigration_OBX,OBXId,No,,,,
HistoryVocabEOrdersMigration_OBX,OBXguid,No,,,,
HistoryVocabEOrdersMigration_OBX,DataSourceId,No,,,,
HistoryVocabEOrdersMigration_OBX,PatientID,Yes,PATIENT_ID,,,
HistoryVocabEOrdersMigration_OBX,TestResultId,No,,,,
HistoryVocabEOrdersMigration_OBX,TestDescription,No,,,,
HistoryVocabEOrdersMigration_OBX,ResultValueType,No,,,,
HistoryVocabEOrdersMigration_OBX,ResultUnits,No,,,,
HistoryVocabEOrdersMigration_OBX,ResultValue,No,,,,
HistoryVocabEOrdersMigration_OBX,LocalResultUnits,No,,,,
HistoryVocabEOrdersMigration_OBX,LocalResultValue,No,,,,
HistoryVocabEOrdersMigration_OBX,LocalResultFlag,No,,,,
HistoryVocabEOrdersMigration_OBX,LocalResultUOMConceptID,No,,,,
HistoryVocabEOrdersMigration_OBX,ReferenceRange,No,,,,
HistoryVocabEOrdersMigration_OBX,ResultFlag,No,,,,
HistoryVocabEOrdersMigration_OBX,ResultStatus,No,,,,
HistoryVocabEOrdersMigration_OBX,CollectionDate,Yes,DATE_OFFSET,,,
HistoryVocabEOrdersMigration_OBX,ResultDate,Yes,DATE_OFFSET,,,
HistoryVocabEOrdersMigration_OBX,SeeNote,No,,,,
HistoryVocabEOrdersMigration_OBX,ChangeID,No,,,,
HistoryVocabEOrdersMigration_OBX,DisplayValue,No,,,,
HistoryVocabEOrdersMigration_OBX,DisplayUnits,No,,,,
HistoryVocabEOrdersMigration_OBX,DisplayFlag,No,,,,
HistoryVocabEOrdersMigration_OBX,GMTDisplayValue,No,,,,
HistoryVocabEOrdersMigration_OBX,ResultDocumentID,No,,,,
HistoryVocabEOrdersMigration_OBX,DocumentID,No,,,,
HistoryVocabEOrdersMigration_OBX,Enabled,No,,,,
HistoryVocabEOrdersMigration_OBX,ResultNo,No,,,,
HistoryVocabEOrdersMigration_OBX,BatchGUID,No,,,,
HistoryVocabEOrdersMigration_OBX,nd_auto_increment_id,No,,,,
HistoryVocabEOrdersMigration_OrdersTracking,OrderID,No,,,,
HistoryVocabEOrdersMigration_OrdersTracking,PatientID,Yes,PATIENT_ID,,,
HistoryVocabEOrdersMigration_OrdersTracking,IssuingDocumentID,No,,,,
HistoryVocabEOrdersMigration_OrdersTracking,ProcedureMasterID,No,,,,
HistoryVocabEOrdersMigration_OrdersTracking,ProcedureCode,No,,,,
HistoryVocabEOrdersMigration_OrdersTracking,Unit,No,,,,
HistoryVocabEOrdersMigration_OrdersTracking,Description,No,,,,
HistoryVocabEOrdersMigration_OrdersTracking,Disabled,No,,,,
HistoryVocabEOrdersMigration_OrdersTracking,DateOrdered,Yes,DATE_OFFSET,,,
HistoryVocabEOrdersMigration_OrdersTracking,StatusID,No,,,,
HistoryVocabEOrdersMigration_OrdersTracking,FUStatusID,No,,,,
HistoryVocabEOrdersMigration_OrdersTracking,FUNotes,No,,,,
HistoryVocabEOrdersMigration_OrdersTracking,ResultGeneralFindingID,No,,,,
HistoryVocabEOrdersMigration_OrdersTracking,ReviewedBy,No,,,,
HistoryVocabEOrdersMigration_OrdersTracking,enteredby,Yes,MASK,enteredby,,
HistoryVocabEOrdersMigration_OrdersTracking,ResultNotes,No,,,,
HistoryVocabEOrdersMigration_OrdersTracking,PerformedDate,No,,,,
HistoryVocabEOrdersMigration_OrdersTracking,ResultsReceived,No,,,,
HistoryVocabEOrdersMigration_OrdersTracking,PerformedByID,No,,,,
HistoryVocabEOrdersMigration_OrdersTracking,ReasonForCancelID,No,,,,
HistoryVocabEOrdersMigration_OrdersTracking,CancelNotes,Yes,NOTES,,,
HistoryVocabEOrdersMigration_OrdersTracking,CreateDate,Yes,DATE_OFFSET,,,
HistoryVocabEOrdersMigration_OrdersTracking,nd_auto_increment_id,No,,,,
HistoryVocabEOrdersMigration_OrdersTrackingHistory,OrderID,No,,,,
HistoryVocabEOrdersMigration_OrdersTrackingHistory,PatientID,Yes,PATIENT_ID,,,
HistoryVocabEOrdersMigration_OrdersTrackingHistory,IssuingDocumentID,No,,,,
HistoryVocabEOrdersMigration_OrdersTrackingHistory,ProcedureMasterID,No,,,,
HistoryVocabEOrdersMigration_OrdersTrackingHistory,ProcedureCode,No,,,,
HistoryVocabEOrdersMigration_OrdersTrackingHistory,Unit,No,,,,
HistoryVocabEOrdersMigration_OrdersTrackingHistory,Description,Yes,NOTES,,,
HistoryVocabEOrdersMigration_OrdersTrackingHistory,Disabled,No,,,,
HistoryVocabEOrdersMigration_OrdersTrackingHistory,DateOrdered,Yes,DATE_OFFSET,,,
HistoryVocabEOrdersMigration_OrdersTrackingHistory,StatusID,No,,,,
HistoryVocabEOrdersMigration_OrdersTrackingHistory,FUStatusID,No,,,,
HistoryVocabEOrdersMigration_OrdersTrackingHistory,FUNotes,No,,,,
HistoryVocabEOrdersMigration_OrdersTrackingHistory,ResultGeneralFindingID,No,,,,
HistoryVocabEOrdersMigration_OrdersTrackingHistory,ReviewedBy,No,,,,
HistoryVocabEOrdersMigration_OrdersTrackingHistory,enteredby,Yes,MASK,enteredby,,
HistoryVocabEOrdersMigration_OrdersTrackingHistory,ResultNotes,No,,,,
HistoryVocabEOrdersMigration_OrdersTrackingHistory,PerformedDate,No,,,,
HistoryVocabEOrdersMigration_OrdersTrackingHistory,ResultsReceived,No,,,,
HistoryVocabEOrdersMigration_OrdersTrackingHistory,PerformedByID,No,,,,
HistoryVocabEOrdersMigration_OrdersTrackingHistory,ReasonForCancelID,No,,,,
HistoryVocabEOrdersMigration_OrdersTrackingHistory,CancelNotes,Yes,NOTES,,,
HistoryVocabEOrdersMigration_OrdersTrackingHistory,CreateDate,Yes,DATE_OFFSET,,,
HistoryVocabEOrdersMigration_OrdersTrackingHistory,HistoryDate,Yes,DATE_OFFSET,,,
HistoryVocabEOrdersMigration_OrdersTrackingHistory,nd_auto_increment_id,No,,,,
ImplantedDevice,ImplantedDeviceID,No,,,,
ImplantedDevice,ImportedDeviceGUDIDSearch,No,,,,
ImplantedDevice,PatientID,Yes,PATIENT_ID,,,
ImplantedDevice,UniqueDeviceID,No,,,,
ImplantedDevice,DeviceName,No,,,,
ImplantedDevice,BrandName,No,,,,
ImplantedDevice,Description,No,,,,
ImplantedDevice,CompanyName,No,,,,
ImplantedDevice,VersionModel,No,,,,
ImplantedDevice,PrimaryDeviceID,No,,,,
ImplantedDevice,SerialNumber,Yes,MASK,SerialNumber,,
ImplantedDevice,LotNumber,No,,,,
ImplantedDevice,HumanCellTissue,No,,,,
ImplantedDevice,ContainsRubber,No,,,,
ImplantedDevice,SafetyInformation,No,,,,
ImplantedDevice,ManufactureDate,Yes,DATE_OFFSET,,,
ImplantedDevice,ExpirationDate,No,,,,
ImplantedDevice,NOTES,Yes,NOTES,,,
ImplantedDevice,PreferredNameOption,No,,,,
ImplantedDevice,PreferredName,No,,,,
ImplantedDevice,ImplantedDeviceStatusID,No,,,,
ImplantedDevice,ImplantedDate,Yes,DATE_OFFSET,,,
ImplantedDevice,RemovedDate,No,,,,
ImplantedDevice,Comments,No,,,,
ImplantedDevice,DonationID,No,,,,
ImplantedDevice,DeletedDate,No,,,,
ImplantedDevice,DeletedReason,No,,,,
ImplantedDevice,CreateDate,Yes,DATE_OFFSET,,,
ImplantedDevice,CreatedUserID,No,,,,
ImplantedDevice,SnomedCode,No,,,,
ImplantedDevice,LastModifiedBy,No,,,,
ImplantedDevice,LastModifiedDateTime,Yes,DATE_OFFSET,,,
ImplantedDevice,nd_auto_increment_id,No,,,,
InsCoveragePatient,InsCoveragePatID,No,,,,
InsCoveragePatient,InsCoverageID,Yes,MASK,InsCoverageID,,
InsCoveragePatient,PatientID,Yes,PATIENT_ID,,,
InsCoveragePatient,Priority,No,,,,
InsCoveragePatient,SubOrder,No,,,,
InsCoveragePatient,nd_auto_increment_id,No,,,,
InsuranceCoverage,InsID,Yes,MASK,InsID,,
InsuranceCoverage,PersonID,Yes,PATIENT_ID,,,
InsuranceCoverage,PlanID,Yes,MASK,PlanID,,
InsuranceCoverage,StartDate,Yes,DATE_OFFSET,,,
InsuranceCoverage,EndDate,Yes,DATE_OFFSET,,,
InsuranceCoverage,PolicyName,Yes,MASK,PolicyName,,
InsuranceCoverage,EmployerName,Yes,MASK,EmployerName,,
InsuranceCoverage,PolicyGroupNumber,Yes,MASK,PolicyGroupNumber,,
InsuranceCoverage,PolicyNumber,Yes,MASK,PolicyNumber,,
InsuranceCoverage,PolicyHolder,Yes,MASK,PolicyHolder,,
InsuranceCoverage,PreCertNumber,Yes,MASK,PreCertNumber,,
InsuranceCoverage,PreCertFromDate,No,,,,
InsuranceCoverage,PreCertToDate,Yes,DATE_OFFSET,,,
InsuranceCoverage,EditDate,Yes,DATE_OFFSET,,,
InsuranceCoverage,CreateDate,Yes,DATE_OFFSET,,,
InsuranceCoverage,Active,No,,,,
InsuranceCoverage,VerifiedDate,Yes,DATE_OFFSET,,,
InsuranceCoverage,Comment,No,,,,
InsuranceCoverage,COBRA,No,,,,
InsuranceCoverage,CoverageRoleTypeID,No,,,,
InsuranceCoverageHistory,InsCoverageHistoryID,No,,,,
InsuranceCoverageHistory,InsID,Yes,MASK,InsID,,
InsuranceCoverageHistory,PersonID,Yes,PATIENT_ID,,,
InsuranceCoverageHistory,PlanID,Yes,MASK,PlanID,,
InsuranceCoverageHistory,StartDate,Yes,DATE_OFFSET,,,
InsuranceCoverageHistory,EndDate,Yes,DATE_OFFSET,,,
InsuranceCoverageHistory,PolicyName,No,,,,
InsuranceCoverageHistory,EmployerName,Yes,MASK,EmployerName,,
InsuranceCoverageHistory,PolicyGroupNumber,Yes,MASK,PolicyGroupNumber,,
InsuranceCoverageHistory,PolicyNumber,Yes,MASK,PolicyNumber,,
InsuranceCoverageHistory,PolicyHolder,Yes,MASK,PolicyHolder,,
InsuranceCoverageHistory,PreCertNumber,Yes,MASK,PreCertNumber,,
InsuranceCoverageHistory,PreCertFromDate,Yes,DATE_OFFSET,,,
InsuranceCoverageHistory,PreCertToDate,Yes,DATE_OFFSET,,,
InsuranceCoverageHistory,EditDate,Yes,DATE_OFFSET,,,
InsuranceCoverageHistory,CreateDate,Yes,DATE_OFFSET,,,
InsuranceCoverageHistory,Active,No,,,,
InsuranceCoverageHistory,HistoryChangeDate,Yes,DATE_OFFSET,,,
InsuranceCoverageHistory,VerifiedDate,Yes,DATE_OFFSET,,,
InsuranceCoverageHistory,Comment,Yes,NOTES,,,
InsuranceCoverageHistory,nd_auto_increment_id,No,,,,
InsuranceCoverageManualBenefitEntry,PatientID,Yes,PATIENT_ID,,,
InsuranceCoverageManualBenefitEntry,InsCoverageID,Yes,MASK,InsCoverageID,,
InsuranceCoverageManualBenefitEntry,VerificationSource,No,,,,
InsuranceCoverageManualBenefitEntry,VerificationDate,Yes,DATE_OFFSET,,,
InsuranceCoverageManualBenefitEntry,EffectiveDate,Yes,DATE_OFFSET,,,
InsuranceCoverageManualBenefitEntry,ExpirationDate,Yes,DATE_OFFSET,,,
InsuranceCoverageManualBenefitEntry,InNetwork,No,,,,
InsuranceCoverageManualBenefitEntry,AuthOrPreCert,No,,,,
InsuranceCoverageManualBenefitEntry,ReferralRequired,No,,,,
InsuranceCoverageManualBenefitEntry,CareProviderID,No,,,,
InsuranceCoverageManualBenefitEntry,IndividualDeductible,No,,,,
InsuranceCoverageManualBenefitEntry,IndividualDeductibleMet,No,,,,
InsuranceCoverageManualBenefitEntry,FamilyDeductible,No,,,,
InsuranceCoverageManualBenefitEntry,FamilyDeductibleMet,No,,,,
InsuranceCoverageManualBenefitEntry,CoInsurancePercent,No,,,,
InsuranceCoverageManualBenefitEntry,CoPaymentOV,No,,,,
InsuranceCoverageManualBenefitEntry,CoPaymentSpecialist,No,,,,
InsuranceCoverageManualBenefitEntry,Comments,No,,,,
InsuranceCoverageManualBenefitEntry,LastModifiedDate,Yes,DATE_OFFSET,,,
InsuranceCoverageManualBenefitEntry,LastModifiedBy,Yes,MASK,LastModifiedBy,,
InsuranceCoverageManualBenefitEntry,OutOfPocketMax,No,,,,
InsuranceCoverageManualBenefitEntry,OutOfPocketMaxMet,No,,,,
InsuranceCoverageManualBenefitEntry,nd_auto_increment_id,No,,,,
InsuranceCoverageManualBenefitEntryHistory,HistoryID,No,,,,
InsuranceCoverageManualBenefitEntryHistory,PatientID,Yes,PATIENT_ID,,,
InsuranceCoverageManualBenefitEntryHistory,InsCoverageID,No,,,,
InsuranceCoverageManualBenefitEntryHistory,VerificationSource,No,,,,
InsuranceCoverageManualBenefitEntryHistory,VerificationDate,Yes,DATE_OFFSET,,,
InsuranceCoverageManualBenefitEntryHistory,EffectiveDate,Yes,DATE_OFFSET,,,
InsuranceCoverageManualBenefitEntryHistory,ExpirationDate,Yes,DATE_OFFSET,,,
InsuranceCoverageManualBenefitEntryHistory,InNetwork,No,,,,
InsuranceCoverageManualBenefitEntryHistory,AuthOrPreCert,No,,,,
InsuranceCoverageManualBenefitEntryHistory,ReferralRequired,No,,,,
InsuranceCoverageManualBenefitEntryHistory,CareProviderID,No,,,,
InsuranceCoverageManualBenefitEntryHistory,IndividualDeductible,No,,,,
InsuranceCoverageManualBenefitEntryHistory,IndividualDeductibleMet,No,,,,
InsuranceCoverageManualBenefitEntryHistory,FamilyDeductible,No,,,,
InsuranceCoverageManualBenefitEntryHistory,FamilyDeductibleMet,No,,,,
InsuranceCoverageManualBenefitEntryHistory,OutOfPocketMax,No,,,,
InsuranceCoverageManualBenefitEntryHistory,OutOfPocketMaxMet,No,,,,
InsuranceCoverageManualBenefitEntryHistory,CoInsurancePercent,No,,,,
InsuranceCoverageManualBenefitEntryHistory,CoPaymentOV,No,,,,
InsuranceCoverageManualBenefitEntryHistory,CoPaymentSpecialist,No,,,,
InsuranceCoverageManualBenefitEntryHistory,Comments,No,,,,
InsuranceCoverageManualBenefitEntryHistory,LastModifiedDate,Yes,DATE_OFFSET,,,
InsuranceCoverageManualBenefitEntryHistory,LastModifiedBy,Yes,MASK,LastModifiedBy,,
InsuranceCoverageManualBenefitEntryHistory,HistoryChangeDate,Yes,DATE_OFFSET,,,
InsuranceCoverageManualBenefitEntryHistory,nd_auto_increment_id,No,,,,
InsurancePreCert,InsPreCertID,Yes,MASK,InsPreCertID,,
InsurancePreCert,InsID,Yes,MASK,InsID,,
InsurancePreCert,PreCertNumber,Yes,MASK,PreCertNumber,,
InsurancePreCert,PreCertStartDate,Yes,DATE_OFFSET,,,
InsurancePreCert,PreCertEndDate,Yes,DATE_OFFSET,,,
InsurancePreCert,ProcedureMasterID,No,,,,
InsurancePreCert,AuthorizationType,No,,,,
InsurancePreCert,AuthorizationStatus,No,,,,
InsurancePreCert,Description,No,,,,
InsurancePreCert,Contact,Yes,MASK,Contact,,
InsurancePreCert,Email,Yes,MASK,Email,,
InsurancePreCert,URL,Yes,MASK,URL,,
InsurancePreCert,BillingPhone,Yes,MASK,BillingPhone,,
InsurancePreCert,EligibilityPhone,Yes,MASK,EligibilityPhone,,
InsurancePreCert,PreCertPhone,Yes,MASK,PreCertPhone,,
InsurancePreCert,Fax,Yes,MASK,Fax,,
InsurancePreCert,CoPayAmount,No,,,,
InsurancePreCert,DeductAmount,No,,,,
InsurancePreCert,DeductMet,No,,,,
InsurancePreCert,OutOfPocketAmount,Yes,MASK,OutOfPocketAmount,,
InsurancePreCert,OutOfPocketMet,No,,,,
InsurancePreCert,FollowUpDays,No,,,,
InsurancePreCert,InsurancePercent,No,,,,
InsurancePreCert,CareProviderID,Yes,MASK,CareProviderID,,
InsurancePreCert,ReferringProviderID,Yes,MASK,ReferringProviderID,,
InsurancePreCert,PrimaryProviderID,No,,,,
InsurancePreCert,DateReceived,Yes,DATE_OFFSET,,,
InsurancePreCert,NumberOfVisits,No,,,,
InsurancePreCert,NumberOfVisitsRemaining,No,,,,
InsurancePreCert,NumberOfVisitsUsed,No,,,,
InsurancePreCert,MaxBenAmount,No,,,,
InsurancePreCert,Other,No,,,,
InsurancePreCert,CPTDataType,No,,,,
InsurancePreCert,CPTRangeStart,No,,,,
InsurancePreCert,CPTRangeEnd,No,,,,
InsurancePreCert,ICD9DataType,No,,,,
InsurancePreCert,ICD9RangeStart,No,,,,
InsurancePreCert,ICD9RangeEnd,No,,,,
InsurancePreCert,Comments,Yes,NOTES,,,
InsurancePreCert,InpatOutpat,No,,,,
InsurancePreCert,FacilityID,No,,,,
InsurancePreCert,DiagnosisDate,Yes,DATE_OFFSET,,,
InsurancePreCert,ProposedAdmissionDate,Yes,DATE_OFFSET,,,
InsurancePreCert,ProposedSurgeryDate,Yes,DATE_OFFSET,,,
InsurancePreCert,ProposedDischargeDate,No,,,,
InsurancePreCert,PatientID,Yes,PATIENT_ID,,,
InsurancePreCert,AuthorizationCategory,No,,,,
InsurancePreCert,AuthorizationSubType,Yes,MASK,AuthorizationSubType,,
InsurancePreCert,ReferredDate,Yes,DATE_OFFSET,,,
InsurancePreCert,CreateUser,Yes,MASK,CreateUser,,
InsurancePreCert,LastModUser,No,,,,
InsurancePreCert,ReferralReason,Yes,NOTES,,,
InsurancePreCert,OrderDate,Yes,DATE_OFFSET,,,
InsurancePreCert,VisitDate,Yes,DATE_OFFSET,,,
InsurancePreCert,ApptDate,Yes,DATE_OFFSET,,,
InsurancePreCert,InNetwork,No,,,,
InsurancePreCert,VisitID,Yes,ENCOUNTER_ID,,,
InsurancePreCert,Specialty,Yes,MASK,Specialty,,
InsurancePreCert,Active,No,,,,
InsurancePreCert,AuthorizationOutOFNetworkReason,No,,,,
InsurancePreCert,BookedBy,No,,,,
InsurancePreCert,FacilityTypeID,No,,,,
InsurancePreCert,ApptTime,Yes,DATE_OFFSET,,,
InsurancePreCert,CreateDate,Yes,DATE_OFFSET,,,
InsurancePreCert,PrelimDxCode,Yes,MASK,PrelimDxCode,,
InsurancePreCert,ExternalOrganizationID,No,,,,
InsurancePreCert,UrgencyStatusID,No,,,,
InsurancePreCert,DueDate,Yes,DATE_OFFSET,,,
InsurancePreCert,IsUpdoxSent,No,,,,
InsurancePreCert,nd_auto_increment_id,No,,,,
InterfaceEvent,InterfaceEventID,No,,,,
InterfaceEvent,InterfaceEventTypeID,No,,,,
InterfaceEvent,SendTime,Yes,DATE_OFFSET,,,
InterfaceEvent,InterfaceDistributorID,No,,,,
InterfaceEvent,InterfaceStatusID,No,,,,
InterfaceEvent,PatientID,Yes,PATIENT_ID,,,
InterfaceEvent,AdditionalDetail,No,,,,
InterfaceEvent,CreateDate,Yes,DATE_OFFSET,,,
InterfaceEvent,CreateUserID,No,,,,
InterfaceEvent,LastModifiedDate,Yes,DATE_OFFSET,,,
InterfaceEvent,LastModifiedUserID,No,,,,
InterfaceTransaction,InterfaceTransactionID,No,,,,
InterfaceTransaction,InterfaceEventID,No,,,,
InterfaceTransaction,InsertTime,Yes,STATIC_OFFSET,,,
InterfaceTransaction,CompleteTime,Yes,STATIC_OFFSET,,,
InterfaceTransaction,Request,Yes,GENERIC_NOTES,,,
InterfaceTransaction,Response,Yes,GENERIC_NOTES,,,
InterfaceTransaction,InterfaceProviderRoleID,No,,,,
InterfaceTransaction,MessageContent,Yes,GENERIC_NOTES,,,
InterfaceTransaction,InterfaceStatusID,No,,,,
InterfaceTransaction,InterfaceTransactionTypeID,No,,,,
LogAudit,AuditLogID,No,,,,
LogAudit,CreateDateTime,Yes,DATE_OFFSET,,,
LogAudit,ModuleListID,Yes,MASK,ModuleListID,,
LogAudit,SubComponentID,No,,,,
LogAudit,LogActionID,No,,,,
LogAudit,PersonID,No,,,,
LogAudit,PatientID,Yes,PATIENT_ID,,,
LogAudit,UserID,No,,,,
LogAudit,DeviceID,No,,,,
LogAudit,AuditDescription,Yes,NOTES,,,
LogError,ErrorLogID,No,,,,
LogError,CreateDateTime,Yes,STATIC_OFFSET,,,
LogError,ModuleListID,No,,,,
LogError,SubComponentID,No,,,,
LogError,LogActionID,No,,,,
LogError,PatientID,Yes,PATIENT_ID,,,
LogError,PersonID,No,,,,
LogError,UserID,No,,,,
LogError,ErrorDescription,No,,,,
LogInterfaces,LogEventID,No,,,,
LogInterfaces,EventID,No,,,,
LogInterfaces,EventDateTime,Yes,DATE_OFFSET,,,
LogInterfaces,PatientID,Yes,PATIENT_ID,,,
LogInterfaces,UserID,No,,,,
LogInterfaces,ProcessedFlag,No,,,,
MedicationRxNormFact,Medid,No,,,,
MedicationRxNormFact,descdisplay,No,,,,
MedicationRxNormFact,PMID,No,,,,
MedicationRxNormFact,RxNorm,No,,,,
MedicationRxNormFact,RxNormDisplay,No,,,,
MedicationRxNormFact,Code,No,,,,
Messages,MessageID,No,,,,
Messages,MessageTypeID,No,,,,
Messages,PriorityID,No,,,,
Messages,Subject,Yes,MASK,Subject,,
Messages,Body,Yes,NOTES,,,
Messages,CreatedDate,Yes,DATE_OFFSET,,,
Messages,Legacy,No,,,,
Messages,PatientInfo,Yes,NOTES,,,
Messages,FromMessageUserID,No,,,,
Messages,DocumentID,No,,,,
MULogActivity,ActivityId,No,,,,
MULogActivity,PatientID,Yes,PATIENT_ID,,,
MULogActivity,DocumentID,No,,,,
MULogActivity,VisitID,Yes,ENCOUNTER_ID,,,
MULogActivity,ActionID,No,,,,
MULogActivity,TargetID,No,,,,
MULogActivity,ActivityDate,Yes,DATE_OFFSET,,,
MULogActivity,ReferralID,No,,,,
MULogActivity,ReferredFromProviderID,No,,,,
MULogActivity,ReferredToProviderID,No,,,,
MULogActivity,ReferredToExternalOrganizationID,No,,,,
MUMeasurePatient,MUSubMeasureID,No,,,,
MUMeasurePatient,PatientID,Yes,PATIENT_ID,,,
MUMeasurePatient,VisitID,Yes,ENCOUNTER_ID,,,
MUMeasurePatient,Numerator,No,,,,
MUMeasurePatient,Denominator,No,,,,
MUMeasurePatient,NotInNumerator,No,,,,
MUMeasurePatient,Excluded,No,,,,
MUMeasurePatient,VisitDate,Yes,DATE_OFFSET,,,
MUMeasurePatient,BillableCareProviderID,No,,,,
MUMeasurePatient,RenderingCareProviderID,Yes,MASK,RenderingCareProviderID,,
MUMeasurePatientWork,MUSubMeasureID,No,,,,
MUMeasurePatientWork,PatientID,Yes,PATIENT_ID,,,
MUMeasurePatientWork,VisitID,Yes,ENCOUNTER_ID,,,
MUMeasurePatientWork,BillableCareProviderID,Yes,MASK,BillableCareProviderID,,
MUMeasurePatientWork,RenderingCareProviderID,Yes,MASK,RenderingCareProviderID,,
MUMeasurePatientWork,Numerator,No,,,,
MUMeasurePatientWork,Denominator,No,,,,
MUMeasurePatientWork,NotInNumerator,No,,,,
MUMeasurePatientWork,Excluded,No,,,,
MUMeasurePatientWork,VisitDate,Yes,DATE_OFFSET,,,
MUMeasurePatientWork,RxDiabetes,No,,,,
MUMeasurePatientWork,DxDiabetes,No,,,,
MUMeasurePatientWork,NumEnc1,No,,,,
MUMeasurePatientWork,NumEnc2,No,,,,
MUPatientVisit,PatientID,Yes,PATIENT_ID,,,
MUPatientVisit,VisitID,Yes,ENCOUNTER_ID,,,
MUPatientVisit,BillableCareProviderID,Yes,MASK,BillableCareProviderID,,
MUPatientVisit,VisitDate,Yes,DATE_OFFSET,,,
MUPatientVisit,RenderingCareProviderID,Yes,MASK,RenderingCareProviderID,,
MUPatientWork,PatientID,Yes,PATIENT_ID,,,
MUService,MUServiceID,No,,,,
MUService,ForeignServiceID,No,,,,
MUService,ForeignServiceTypeID,No,,,,
MUService,CareProviderID,Yes,MASK,CareProviderID,,
MUService,PatientID,Yes,PATIENT_ID,,,
MUService,VisitID,Yes,ENCOUNTER_ID,,,
MUService,FromDate,Yes,DATE_OFFSET,,,
MUService,ProcedureCode,No,,,,
MUService,Mod1,No,,,,
MUService,Mod2,Yes,MASK,Mod2,,
MUService,Mod3,Yes,MASK,Mod3,,
MUService,Mod4,No,,,,
NextOfKin,NextOfKinID,No,,,,
NextOfKin,PersonID,Yes,PATIENT_ID,,,
NextOfKin,NextOfKinPerID,Yes,PATIENT_ID,,,
NextOfKin,AssociationTypeID,No,,,,
NextOfKin,Active,No,,,,
NextOfKin,LastUpdateDate,Yes,DATE_OFFSET,,,
NextOfKin,RelationShipTypeID,No,,,,
NextOfKin,StatementReceiver,No,,,,
NextOfKin,ExternalRelationshipCode,No,,,,
NextOfKin,OtherRelationshipType,No,,,,
Notes,NoteID,No,,,,
Notes,PatientID,Yes,PATIENT_ID,,,
Notes,ModuleID,No,,,,
Notes,UserID,No,,,,
Notes,OtherID,No,,,,
Notes,CreateDate,Yes,DATE_OFFSET,,,
Notes,LastModifiedDate,Yes,DATE_OFFSET,,,
Notes,Text,Yes,NOTES,,,
Notes,Printable,No,,,,
Notes,NoteTypeID,No,,,,
Notes,NoteSubType,No,,,,
OBR,OBRID,No,,,,
OBR,OBRguid,No,,,,
OBR,PatientID,Yes,PATIENT_ID,,,
OBR,LabID,No,,,,
OBR,LabPanelID,No,,,,
OBR,PanelNo,No,,,,
OBR,PanelDescription,No,,,,
OBR,CollectionDate,Yes,DATE_OFFSET,,,
OBR,LabReceivedDate,Yes,DATE_OFFSET,,,
OBR,LabReportedDate,Yes,DATE_OFFSET,,,
OBR,ReportStatus,No,,,,
OBR,ResultDocumentID,No,,,,
OBR,DocumentID,No,,,,
OBR,Enabled,No,,,,
OBR,OrderID,No,,,,
OBR,BatchGUID,No,,,,
OBR,DataSourceFacilityID,Yes,MASK,DataSourceFacilityID,,
OBR,SpecimenSource,No,,,,
OBR_PreBug288167,OBRID,No,,,,
OBR_PreBug288167,OBRguid,No,,,,
OBR_PreBug288167,PatientID,Yes,PATIENT_ID,,,
OBR_PreBug288167,LabID,No,,,,
OBR_PreBug288167,LabPanelID,No,,,,
OBR_PreBug288167,PanelNo,No,,,,
OBR_PreBug288167,PanelDescription,No,,,,
OBR_PreBug288167,CollectionDate,Yes,DATE_OFFSET,,,
OBR_PreBug288167,LabReceivedDate,Yes,DATE_OFFSET,,,
OBR_PreBug288167,LabReportedDate,Yes,DATE_OFFSET,,,
OBR_PreBug288167,ReportStatus,No,,,,
OBR_PreBug288167,ResultDocumentID,No,,,,
OBR_PreBug288167,DocumentID,No,,,,
OBR_PreBug288167,Enabled,No,,,,
OBR_PreBug288167,OrderID,No,,,,
OBR_PreBug288167,BatchGUID,No,,,,
OBR_PreBug288167,DataSourceFacilityID,No,,,,
OBX,OBXId,No,,,,
OBX,OBXguid,No,,,,
OBX,PatientID,Yes,PATIENT_ID,,,
OBX,TestResultId,No,,,,
OBX,TestDescription,No,,,,
OBX,ResultValueType,No,,,,
OBX,ResultUnits,No,,,,
OBX,ResultValue,No,,,,
OBX,LocalResultUnits,No,,,,
OBX,LocalResultValue,No,,,,
OBX,LocalResultFlag,No,,,,
OBX,LocalResultUOMConceptID,No,,,,
OBX,ReferenceRange,No,,,,
OBX,ResultFlag,No,,,,
OBX,ResultStatus,No,,,,
OBX,CollectionDate,Yes,DATE_OFFSET,,,
OBX,ResultDate,Yes,DATE_OFFSET,,,
OBX,SeeNote,No,,,,
OBX,ChangeID,No,,,,
OBX,DisplayValue,No,,,,
OBX,DisplayUnits,No,,,,
OBX,DisplayFlag,No,,,,
OBX,GMTDisplayValue,No,,,,
OBX,ResultDocumentID,No,,,,
OBX,Enabled,No,,,,
OBX,ResultNo,No,,,,
OBX,BatchGUID,No,,,,
OBX,DataSourceFacilityID,Yes,MASK,DataSourceFacilityID,,
OBX,OBXManualID,No,,,,
OBX,CreatedBy,No,,,,
OBX,CreatedDateTime,Yes,DATE_OFFSET,,,
OBX,LastModifiedBy,Yes,MASK,LastModifiedBy,,
OBX,LastModifiedDateTime,Yes,DATE_OFFSET,,,
OBX,TravelHistoryID,No,,,,
OBX_Backup_D53959,OBXId,No,,,,
OBX_Backup_D53959,OBXguid,No,,,,
OBX_Backup_D53959,PatientID,Yes,PATIENT_ID,,,
OBX_Backup_D53959,TestResultId,No,,,,
OBX_Backup_D53959,TestDescription,No,,,,
OBX_Backup_D53959,ResultValueType,No,,,,
OBX_Backup_D53959,ResultUnits,No,,,,
OBX_Backup_D53959,ResultValue,No,,,,
OBX_Backup_D53959,LocalResultUnits,No,,,,
OBX_Backup_D53959,LocalResultValue,No,,,,
OBX_Backup_D53959,LocalResultFlag,No,,,,
OBX_Backup_D53959,LocalResultUOMConceptID,No,,,,
OBX_Backup_D53959,ReferenceRange,No,,,,
OBX_Backup_D53959,ResultFlag,No,,,,
OBX_Backup_D53959,ResultStatus,No,,,,
OBX_Backup_D53959,CollectionDate,Yes,DATE_OFFSET,,,
OBX_Backup_D53959,ResultDate,Yes,DATE_OFFSET,,,
OBX_Backup_D53959,SeeNote,No,,,,
OBX_Backup_D53959,ChangeID,No,,,,
OBX_Backup_D53959,DisplayValue,No,,,,
OBX_Backup_D53959,DisplayUnits,No,,,,
OBX_Backup_D53959,DisplayFlag,No,,,,
OBX_Backup_D53959,GMTDisplayValue,No,,,,
OBX_Backup_D53959,ResultDocumentID,No,,,,
OBX_Backup_D53959,Enabled,No,,,,
OBX_Backup_D53959,ResultNo,No,,,,
OBX_Backup_D53959,BatchGUID,No,,,,
OBX_Backup_D53959,DataSourceFacilityID,Yes,MASK,DataSourceFacilityID,,
OBX_Backup_D53959,OBXManualID,No,,,,
Obx_Backup_Refactor_US306271,OBXId,No,,,,
Obx_Backup_Refactor_US306271,OBXguid,No,,,,
Obx_Backup_Refactor_US306271,PatientID,Yes,PATIENT_ID,,,
Obx_Backup_Refactor_US306271,TestResultId,No,,,,
Obx_Backup_Refactor_US306271,TestDescription,No,,,,
Obx_Backup_Refactor_US306271,ResultValueType,No,,,,
Obx_Backup_Refactor_US306271,ResultUnits,No,,,,
Obx_Backup_Refactor_US306271,ResultValue,No,,,,
Obx_Backup_Refactor_US306271,LocalResultUnits,No,,,,
Obx_Backup_Refactor_US306271,LocalResultValue,No,,,,
Obx_Backup_Refactor_US306271,LocalResultFlag,No,,,,
Obx_Backup_Refactor_US306271,LocalResultUOMConceptID,No,,,,
Obx_Backup_Refactor_US306271,ReferenceRange,No,,,,
Obx_Backup_Refactor_US306271,ResultFlag,No,,,,
Obx_Backup_Refactor_US306271,ResultStatus,No,,,,
Obx_Backup_Refactor_US306271,CollectionDate,Yes,DATE_OFFSET,,,
Obx_Backup_Refactor_US306271,ResultDate,Yes,DATE_OFFSET,,,
Obx_Backup_Refactor_US306271,SeeNote,No,,,,
Obx_Backup_Refactor_US306271,ChangeID,No,,,,
Obx_Backup_Refactor_US306271,DisplayValue,No,,,,
Obx_Backup_Refactor_US306271,DisplayUnits,No,,,,
Obx_Backup_Refactor_US306271,DisplayFlag,No,,,,
Obx_Backup_Refactor_US306271,GMTDisplayValue,No,,,,
Obx_Backup_Refactor_US306271,ResultDocumentID,No,,,,
Obx_Backup_Refactor_US306271,Enabled,No,,,,
Obx_Backup_Refactor_US306271,ResultNo,No,,,,
Obx_Backup_Refactor_US306271,BatchGUID,No,,,,
Obx_Backup_Refactor_US306271,DataSourceFacilityID,No,,,,
Obx_Backup_Refactor_US306271,Backup_Date,No,,,,
OBXManual,OBXManualId,No,,,,
OBXManual,OBXManualguid,No,,,,
OBXManual,OBXConceptID,No,,,,
OBXManual,ConceptHistoryID,No,,,,
OBXManual,PatientId,Yes,PATIENT_ID,,,
OBXManual,TestDescription,No,,,,
OBXManual,ResultValueType,No,,,,
OBXManual,ResultUnits,No,,,,
OBXManual,ResultValue,No,,,,
OBXManual,LocalResultUnits,No,,,,
OBXManual,LocalResultValue,No,,,,
OBXManual,LocalResultFlag,No,,,,
OBXManual,LocalResultUOMConceptID,No,,,,
OBXManual,ReferenceRange,No,,,,
OBXManual,ResultFlag,No,,,,
OBXManual,ResultStatus,No,,,,
OBXManual,CollectionDate,Yes,DATE_OFFSET,,,
OBXManual,ResultDate,Yes,DATE_OFFSET,,,
OBXManual,CreateUser,Yes,MASK,CreateUser,,
OBXManual,CreateDate,Yes,DATE_OFFSET,,,
OBXManual,LastChangedBy,Yes,MASK,LastChangedBy,,
OBXManual,LastChangedDate,Yes,DATE_OFFSET,,,
OBXManual,ResultDocumentID,No,,,,
OBXManual,DocumentID,No,,,,
OBXManual,Enabled,No,,,,
OBXManual_Backup_D53959,OBXManualId,No,,,,
OBXManual_Backup_D53959,OBXManualguid,No,,,,
OBXManual_Backup_D53959,OBXConceptID,No,,,,
OBXManual_Backup_D53959,ConceptHistoryID,No,,,,
OBXManual_Backup_D53959,PatientId,Yes,PATIENT_ID,,,
OBXManual_Backup_D53959,TestDescription,No,,,,
OBXManual_Backup_D53959,ResultValueType,No,,,,
OBXManual_Backup_D53959,ResultUnits,No,,,,
OBXManual_Backup_D53959,ResultValue,No,,,,
OBXManual_Backup_D53959,LocalResultUnits,No,,,,
OBXManual_Backup_D53959,LocalResultValue,No,,,,
OBXManual_Backup_D53959,LocalResultFlag,No,,,,
OBXManual_Backup_D53959,LocalResultUOMConceptID,No,,,,
OBXManual_Backup_D53959,ReferenceRange,No,,,,
OBXManual_Backup_D53959,ResultFlag,No,,,,
OBXManual_Backup_D53959,ResultStatus,No,,,,
OBXManual_Backup_D53959,CollectionDate,Yes,DATE_OFFSET,,,
OBXManual_Backup_D53959,ResultDate,Yes,DATE_OFFSET,,,
OBXManual_Backup_D53959,CreateUser,Yes,MASK,CreateUser,,
OBXManual_Backup_D53959,CreateDate,Yes,DATE_OFFSET,,,
OBXManual_Backup_D53959,LastChangedBy,Yes,MASK,LastChangedBy,,
OBXManual_Backup_D53959,LastChangedDate,Yes,DATE_OFFSET,,,
OBXManual_Backup_D53959,ResultDocumentID,No,,,,
OBXManual_Backup_D53959,DocumentID,No,,,,
OBXManual_Backup_D53959,Enabled,No,,,,
OBXManualHistory,OBXManualHistoryID,No,,,,
OBXManualHistory,OBXManualId,No,,,,
OBXManualHistory,OBXManualguid,No,,,,
OBXManualHistory,OBXConceptID,No,,,,
OBXManualHistory,ConceptHistoryID,No,,,,
OBXManualHistory,PatientId,Yes,PATIENT_ID,,,
OBXManualHistory,TestDescription,No,,,,
OBXManualHistory,ResultValueType,No,,,,
OBXManualHistory,ResultUnits,No,,,,
OBXManualHistory,ResultValue,No,,,,
OBXManualHistory,LocalResultUnits,No,,,,
OBXManualHistory,LocalResultValue,No,,,,
OBXManualHistory,LocalResultFlag,No,,,,
OBXManualHistory,LocalResultUOMConceptID,No,,,,
OBXManualHistory,ReferenceRange,No,,,,
OBXManualHistory,ResultFlag,No,,,,
OBXManualHistory,ResultStatus,No,,,,
OBXManualHistory,CollectionDate,Yes,DATE_OFFSET,,,
OBXManualHistory,ResultDate,Yes,DATE_OFFSET,,,
OBXManualHistory,CreateUser,Yes,MASK,CreateUser,,
OBXManualHistory,CreateDate,Yes,DATE_OFFSET,,,
OBXManualHistory,LastChangedBy,No,,,,
OBXManualHistory,LastChangedDate,Yes,DATE_OFFSET,,,
OBXManualHistory,ResultDocumentID,No,,,,
OBXManualHistory,DocumentID,No,,,,
OBXManualHistory,Enabled,No,,,,
OBXManualHistory,HistoryDate,Yes,DATE_OFFSET,,,
OBXManualHistory,HistoryUserID,No,,,,
OBXManualHistory,HistoryAction,No,,,,
OBXManualHistory_Backup_D53959,OBXManualHistoryID,No,,,,
OBXManualHistory_Backup_D53959,OBXManualId,No,,,,
OBXManualHistory_Backup_D53959,OBXManualguid,No,,,,
OBXManualHistory_Backup_D53959,OBXConceptID,No,,,,
OBXManualHistory_Backup_D53959,ConceptHistoryID,No,,,,
OBXManualHistory_Backup_D53959,PatientId,Yes,PATIENT_ID,,,
OBXManualHistory_Backup_D53959,TestDescription,No,,,,
OBXManualHistory_Backup_D53959,ResultValueType,No,,,,
OBXManualHistory_Backup_D53959,ResultUnits,No,,,,
OBXManualHistory_Backup_D53959,ResultValue,No,,,,
OBXManualHistory_Backup_D53959,LocalResultUnits,No,,,,
OBXManualHistory_Backup_D53959,LocalResultValue,No,,,,
OBXManualHistory_Backup_D53959,LocalResultFlag,No,,,,
OBXManualHistory_Backup_D53959,LocalResultUOMConceptID,No,,,,
OBXManualHistory_Backup_D53959,ReferenceRange,No,,,,
OBXManualHistory_Backup_D53959,ResultFlag,No,,,,
OBXManualHistory_Backup_D53959,ResultStatus,No,,,,
OBXManualHistory_Backup_D53959,CollectionDate,Yes,DATE_OFFSET,,,
OBXManualHistory_Backup_D53959,ResultDate,Yes,DATE_OFFSET,,,
OBXManualHistory_Backup_D53959,CreateUser,Yes,MASK,CreateUser,,
OBXManualHistory_Backup_D53959,CreateDate,Yes,DATE_OFFSET,,,
OBXManualHistory_Backup_D53959,LastChangedBy,Yes,MASK,LastChangedBy,,
OBXManualHistory_Backup_D53959,LastChangedDate,Yes,DATE_OFFSET,,,
OBXManualHistory_Backup_D53959,ResultDocumentID,No,,,,
OBXManualHistory_Backup_D53959,DocumentID,No,,,,
OBXManualHistory_Backup_D53959,Enabled,No,,,,
OBXManualHistory_Backup_D53959,HistoryDate,Yes,DATE_OFFSET,,,
OBXManualHistory_Backup_D53959,HistoryUserID,No,,,,
OBXManualHistory_Backup_D53959,HistoryAction,No,,,,
OrdersTrackingHistory,OrderID,No,,,,
OrdersTrackingHistory,PatientID,Yes,PATIENT_ID,,,
OrdersTrackingHistory,IssuingDocumentID,No,,,,
OrdersTrackingHistory,ProcedureMasterID,No,,,,
OrdersTrackingHistory,ProcedureCode,No,,,,
OrdersTrackingHistory,Unit,No,,,,
OrdersTrackingHistory,Description,No,,,,
OrdersTrackingHistory,Disabled,No,,,,
OrdersTrackingHistory,DateOrdered,Yes,DATE_OFFSET,,,
OrdersTrackingHistory,StatusID,No,,,,
OrdersTrackingHistory,FUStatusID,No,,,,
OrdersTrackingHistory,FUNotes,No,,,,
OrdersTrackingHistory,ResultGeneralFindingID,No,,,,
OrdersTrackingHistory,ReviewedBy,No,,,,
OrdersTrackingHistory,enteredby,No,,,,
OrdersTrackingHistory,ResultNotes,No,,,,
OrdersTrackingHistory,ResultsReceived,No,,,,
OrdersTrackingHistory,CollectedByCareProviderID,Yes,MASK,CollectedByCareProviderID,,
OrdersTrackingHistory,ReasonForCancelID,No,,,,
OrdersTrackingHistory,CancelNotes,No,,,,
OrdersTrackingHistory,CreateDate,Yes,DATE_OFFSET,,,
OrdersTrackingHistory,HistoryDate,Yes,DATE_OFFSET,,,
OrdersTrackingHistory,OrdConceptID,Yes,MASK,OrdConceptID,,
OrdersTrackingHistory,StatFlag,No,,,,
OrdersTrackingHistory,OrderCodeTypeID,No,,,,
OrdersTrackingHistory,CollectedDateTime,Yes,DATE_OFFSET,,,
OrdersTrackingHistory,OrdersTrackingHistoryID,No,,,,
OrdersTrackingHistory,HoldResults,No,,,,
OrdersTrackingOrderNotes,NoteID,No,,,,
OrdersTrackingOrderNotes,OrderID,No,,,,
OrdersTrackingOrderNotes,CreateDateTime,Yes,DATE_OFFSET,,,
OrdersTrackingOrderNotes,Note,Yes,NOTES,,,
OrdersTrackingOrderNotes,UserID,No,,,,
OrdersTrackingOrderNotes,Type,No,,,,
OrdReqNote,OrdReqNoteID,No,,,,
OrdReqNote,OrdReqID,No,,,,
OrdReqNote,UserID,No,,,,
OrdReqNote,CreateDate,Yes,DATE_OFFSET,,,
OrdReqNote,Description,Yes,NOTES,,,
OrdReqNote,LastChangedDate,Yes,DATE_OFFSET,,,
OrdReqNote,LastChangedBy,Yes,MASK,LastChangedBy,,
OrdReqNote,Checked,No,,,,
PatFaceSheetSectionStatus,PatientID,Yes,PATIENT_ID,,,
PatFaceSheetSectionStatus,FaceSheetSectionID,No,,,,
PatFaceSheetSectionStatus,FaceSheetSectionStatusID,No,,,,
PatFaceSheetSectionStatus,nd_auto_increment_id,No,,,,
PatHistAccessHistory,PatientID,Yes,PATIENT_ID,,,
PatHistAccessHistory,PatHistCatPatHistItemID,No,,,,
PatHistAccessHistory,CreateDate,Yes,DATE_OFFSET,,,
PatHistAccessHistory,UserID,No,,,,
PatHistAccessHistory,nd_auto_increment_id,No,,,,
PatHistAllergy,PatientID,Yes,PATIENT_ID,,,
PatHistAllergy,PatHistCatPatHistItemID,No,,,,
PatHistAllergy,PatHistAllergyID,No,,,,
PatHistAllergy,CreatedBy,No,,,,
PatHistAllergy,CreateDate,Yes,DATE_OFFSET,,,
PatHistAllergy,LastChanged,Yes,DATE_OFFSET,,,
PatHistAllergy,LastChangedBy,No,,,,
PatHistAllergy,ProblemListMember,No,,,,
PatHistAllergy,Reaction,Yes,MASK,Reaction,,
PatHistAllergy,AllergyNote,Yes,NOTES,,,
PatHistAllergy,CurrentInDrFirst,No,,,,
PatHistAllergy,DateOfOnset,No,,,,
PatHistAllergy,AllergySeverityID,No,,,,
PatHistAllergy,nd_auto_increment_id,No,,,,
PatHistAllergyHistory,PatHistAllergyHistoryID,No,,,,
PatHistAllergyHistory,PatientID,Yes,PATIENT_ID,,,
PatHistAllergyHistory,PatHistCatPatHistItemID,No,,,,
PatHistAllergyHistory,PatHistAllergyID,No,,,,
PatHistAllergyHistory,CreatedBy,No,,,,
PatHistAllergyHistory,CreateDate,Yes,DATE_OFFSET,,,
PatHistAllergyHistory,LastChanged,Yes,DATE_OFFSET,,,
PatHistAllergyHistory,LastChangedBy,Yes,MASK,LastChangedBy,,
PatHistAllergyHistory,ProblemListMember,No,,,,
PatHistAllergyHistory,Reaction,No,,,,
PatHistAllergyHistory,AllergyNote,Yes,NOTES,,,
PatHistAllergyHistory,HistoryDate,Yes,DATE_OFFSET,,,
PatHistAllergyHistory,UserID,No,,,,
PatHistAllergyHistory,PatHistAction,No,,,,
PatHistAllergyHistory,DateOfOnset,No,,,,
PatHistAllergyHistory,AllergySeverityID,No,,,,
PatHistAllergyHistory,nd_auto_increment_id,No,,,,
PatHistAllergyReaction,PatHistAllergyReactionID,No,,,,
PatHistAllergyReaction,PatientID,Yes,PATIENT_ID,,,
PatHistAllergyReaction,PatHistCatPatHistItemID,No,,,,
PatHistAllergyReaction,SnomedCode,No,,,,
PatHistAllergyReaction,Description,No,,,,
PatHistAllergyReaction,CreatedBy,No,,,,
PatHistAllergyReaction,CreateDate,Yes,DATE_OFFSET,,,
PatHistAllergyReaction,LastChanged,Yes,DATE_OFFSET,,,
PatHistAllergyReaction,LastChangedBy,No,,,,
PatHistAllergyReaction,nd_auto_increment_id,No,,,,
PatHistAllergyReactionHistory,PatHistAllergyReactionHistoryID,No,,,,
PatHistAllergyReactionHistory,PatHistAllergyReactionID,No,,,,
PatHistAllergyReactionHistory,PatientID,Yes,PATIENT_ID,,,
PatHistAllergyReactionHistory,PatHistCatPatHistItemID,No,,,,
PatHistAllergyReactionHistory,SnomedCode,No,,,,
PatHistAllergyReactionHistory,Description,No,,,,
PatHistAllergyReactionHistory,CreatedBy,No,,,,
PatHistAllergyReactionHistory,CreateDate,Yes,DATE_OFFSET,,,
PatHistAllergyReactionHistory,LastChanged,Yes,DATE_OFFSET,,,
PatHistAllergyReactionHistory,LastChangedBy,Yes,MASK,LastChangedBy,,
PatHistAllergyReactionHistory,PatHistAction,No,,,,
PatHistAllergyReactionHistory,PatHistAllergyHistoryID,No,,,,
PatHistAllergyReactionHistory,nd_auto_increment_id,No,,,,
PatHistFamily,PatientID,Yes,PATIENT_ID,,,
PatHistFamily,PatHistCatPatHistItemID,No,,,,
PatHistFamily,PatHistFamilyID,No,,,,
PatHistFamily,CreatedBy,No,,,,
PatHistFamily,CreateDate,Yes,DATE_OFFSET,,,
PatHistFamily,LastChanged,Yes,DATE_OFFSET,,,
PatHistFamily,LastChangedBy,No,,,,
PatHistFamily,ProblemListMember,No,,,,
PatHistFamily,PFHNote,Yes,NOTES,,,
PatHistFamily,nd_auto_increment_id,No,,,,
PatHistFamilyHistory,PatHistFamilyHistoryID,No,,,,
PatHistFamilyHistory,PatientID,Yes,PATIENT_ID,,,
PatHistFamilyHistory,PatHistCatPatHistItemID,No,,,,
PatHistFamilyHistory,PatHistFamilyID,No,,,,
PatHistFamilyHistory,CreatedBy,No,,,,
PatHistFamilyHistory,CreateDate,Yes,DATE_OFFSET,,,
PatHistFamilyHistory,LastChanged,Yes,DATE_OFFSET,,,
PatHistFamilyHistory,LastChangedBy,No,,,,
PatHistFamilyHistory,ProblemListMember,No,,,,
PatHistFamilyHistory,PFHNote,Yes,NOTES,,,
PatHistFamilyHistory,HistoryDate,Yes,DATE_OFFSET,,,
PatHistFamilyHistory,UserID,No,,,,
PatHistFamilyHistory,PatHistAction,No,,,,
PatHistFamilyHistory,nd_auto_increment_id,No,,,,
PatHistFamilyRelation,PatientID,Yes,PATIENT_ID,,,
PatHistFamilyRelation,PatHistCatPatHistItemID,No,,,,
PatHistFamilyRelation,Relation,Yes,MASK,Relation,,
PatHistFamilyRelation,CreatedBy,No,,,,
PatHistFamilyRelation,CreateDate,Yes,DATE_OFFSET,,,
PatHistFamilyRelation,AgeOfOnset,No,,,,
PatHistFamilyRelation,FirstName,Yes,MASK,FirstName,,
PatHistFamilyRelation,LastName,Yes,MASK,LastName,,
PatHistFamilyRelation,nd_auto_increment_id,No,,,,
PatHistFamilyRelationHistory,PatHistFamilyRelationHistoryID,No,,,,
PatHistFamilyRelationHistory,PatientID,Yes,PATIENT_ID,,,
PatHistFamilyRelationHistory,PatHistCatPatHistItemID,No,,,,
PatHistFamilyRelationHistory,Relation,Yes,MASK,Relation,,
PatHistFamilyRelationHistory,CreatedBy,No,,,,
PatHistFamilyRelationHistory,CreateDate,Yes,DATE_OFFSET,,,
PatHistFamilyRelationHistory,AgeOfOnset,No,,,,
PatHistFamilyRelationHistory,HistoryDate,Yes,DATE_OFFSET,,,
PatHistFamilyRelationHistory,UserID,No,,,,
PatHistFamilyRelationHistory,PatHistAction,No,,,,
PatHistFamilyRelationHistory,FirstName,Yes,MASK,FirstName,,
PatHistFamilyRelationHistory,LastName,Yes,MASK,LastName,,
PatHistFamilyRelationHistory,nd_auto_increment_id,No,,,,
PatHistMedical,PatientID,Yes,PATIENT_ID,,,
PatHistMedical,PatHistCatPatHistItemID,No,,,,
PatHistMedical,PatHistMedicalID,No,,,,
PatHistMedical,CreatedBy,No,,,,
PatHistMedical,CreateDate,Yes,DATE_OFFSET,,,
PatHistMedical,LastChanged,Yes,DATE_OFFSET,,,
PatHistMedical,LastChangedBy,Yes,MASK,LastChangedBy,,
PatHistMedical,ProblemListMember,No,,,,
PatHistMedical,PMHNote,Yes,NOTES,,,
PatHistMedical,DateOfOnset,No,,,,
PatHistMedical,DateOnsetObjective,Yes,DATE_OFFSET,,,
PatHistMedical,DateOfOnsetTime,No,,,,
PatHistMedical,nd_auto_increment_id,No,,,,
PatHistMedicalHistory,PatHistMedicalHistoryID,No,,,,
PatHistMedicalHistory,PatientID,Yes,PATIENT_ID,,,
PatHistMedicalHistory,PatHistCatPatHistItemID,No,,,,
PatHistMedicalHistory,PatHistMedicalID,No,,,,
PatHistMedicalHistory,CreatedBy,No,,,,
PatHistMedicalHistory,CreateDate,Yes,DATE_OFFSET,,,
PatHistMedicalHistory,LastChanged,Yes,DATE_OFFSET,,,
PatHistMedicalHistory,LastChangedBy,No,,,,
PatHistMedicalHistory,ProblemListMember,No,,,,
PatHistMedicalHistory,PMHNote,Yes,NOTES,,,
PatHistMedicalHistory,DateOfOnset,No,,,,
PatHistMedicalHistory,HistoryDate,Yes,DATE_OFFSET,,,
PatHistMedicalHistory,UserID,No,,,,
PatHistMedicalHistory,PatHistAction,No,,,,
PatHistMedicalHistory,DateOfOnsetTime,No,,,,
PatHistMedicalHistory,nd_auto_increment_id,No,,,,
PatHistMenstrual,PatHistMenstrualID,No,,,,
PatHistMenstrual,PatientID,Yes,PATIENT_ID,,,
PatHistMenstrual,AgeMenarche,No,,,,
PatHistMenstrual,CycleInterval,No,,,,
PatHistMenstrual,MenopauseStatusID,No,,,,
PatHistMenstrual,MenstrualFlowID,No,,,,
PatHistMenstrual,ContraceptiveID,No,,,,
PatHistMenstrual,HomePrenancyTestID,Yes,MASK,HomePrenancyTestID,,
PatHistMenstrual,OfficePregnancyTestID,No,,,,
PatHistMenstrual,NumberOfTampons,No,,,,
PatHistMenstrual,NumberOfPads,No,,,,
PatHistMenstrual,MensesDuration,No,,,,
PatHistMenstrual,AgeMenopause,No,,,,
PatHistMenstrual,LMP,Yes,DATE_OFFSET,,,
PatHistMenstrual,CertaintyOfDate,No,,,,
PatHistMenstrual,Clots,No,,,,
PatHistMenstrual,Bleeding,Yes,MASK,Bleeding,,
PatHistMenstrual,HRT,No,,,,
PatHistMenstrual,PregnancyStatus,No,,,,
PatHistMenstrual,PregnancyStatusDate,Yes,DATE_OFFSET,,,
PatHistMenstrual,IntentStatus,No,,,,
PatHistMenstrual,IntentStatusDate,No,,,,
PatHistMenstrual,nd_auto_increment_id,No,,,,
PatHistMenstrualHistory,PatHistMenstrualHistoryID,No,,,,
PatHistMenstrualHistory,PatHistMenstrualID,No,,,,
PatHistMenstrualHistory,PatientID,Yes,PATIENT_ID,,,
PatHistMenstrualHistory,AgeMenarche,Yes,MASK,AgeMenarche,,
PatHistMenstrualHistory,CycleInterval,No,,,,
PatHistMenstrualHistory,MenopauseStatusID,No,,,,
PatHistMenstrualHistory,MenstrualFlowID,No,,,,
PatHistMenstrualHistory,ContraceptiveID,No,,,,
PatHistMenstrualHistory,HomePrenancyTestID,No,,,,
PatHistMenstrualHistory,OfficePregnancyTestID,No,,,,
PatHistMenstrualHistory,NumberOfTampons,No,,,,
PatHistMenstrualHistory,NumberOfPads,No,,,,
PatHistMenstrualHistory,MensesDuration,No,,,,
PatHistMenstrualHistory,AgeMenopause,No,,,,
PatHistMenstrualHistory,LMP,Yes,DATE_OFFSET,,,
PatHistMenstrualHistory,CertaintyOfDate,No,,,,
PatHistMenstrualHistory,Clots,No,,,,
PatHistMenstrualHistory,Bleeding,No,,,,
PatHistMenstrualHistory,HRT,No,,,,
PatHistMenstrualHistory,HistoryDate,Yes,DATE_OFFSET,,,
PatHistMenstrualHistory,UserID,No,,,,
PatHistMenstrualHistory,PatHistAction,Yes,MASK,PatHistAction,,
PatHistMenstrualHistory,PregnancyStatus,Yes,MASK,PregnancyStatus,,
PatHistMenstrualHistory,PregnancyStatusDate,Yes,DATE_OFFSET,,,
PatHistMenstrualHistory,IntentStatus,No,,,,
PatHistMenstrualHistory,IntentStatusDate,No,,,,
PatHistMenstrualHistory,nd_auto_increment_id,No,,,,
PatHistPregnancy,PatientID,Yes,PATIENT_ID,,,
PatHistPregnancy,TotalPregnancies,No,,,,
PatHistPregnancy,TotalFullTerm,No,,,,
PatHistPregnancy,TotalPreMature,No,,,,
PatHistPregnancy,TotalAbInduced,No,,,,
PatHistPregnancy,TotalAbSpontaneous,No,,,,
PatHistPregnancy,TotalEctopics,No,,,,
PatHistPregnancy,Multiples,No,,,,
PatHistPregnancy,Living,Yes,MASK,Living,,
PatHistPregnancy,nd_auto_increment_id,No,,,,
PatHistPregnancyHistory,PatHistPregnancyHistoryID,No,,,,
PatHistPregnancyHistory,PatientID,Yes,PATIENT_ID,,,
PatHistPregnancyHistory,TotalPregnancies,No,,,,
PatHistPregnancyHistory,TotalFullTerm,No,,,,
PatHistPregnancyHistory,TotalPreMature,No,,,,
PatHistPregnancyHistory,TotalAbInduced,No,,,,
PatHistPregnancyHistory,TotalAbSpontaneous,No,,,,
PatHistPregnancyHistory,TotalEctopics,No,,,,
PatHistPregnancyHistory,Multiples,No,,,,
PatHistPregnancyHistory,Living,Yes,MASK,Living,,
PatHistPregnancyHistory,HistoryDate,Yes,DATE_OFFSET,,,
PatHistPregnancyHistory,UserID,No,,,,
PatHistPregnancyHistory,PatHistAction,Yes,MASK,PatHistAction,,
PatHistPregnancyHistory,nd_auto_increment_id,No,,,,
PatHistProblemList,PatHistProblemListID,No,,,,
PatHistProblemList,PatientID,Yes,PATIENT_ID,,,
PatHistProblemList,PatHistCatPatHistItemID,No,,,,
PatHistProblemList,ProblemListStatusID,No,,,,
PatHistProblemList,DisplayOrder,No,,,,
PatHistProblemList,LastChanged,Yes,DATE_OFFSET,,,
PatHistProblemList,LastChangedBy,No,,,,
PatHistProblemList,DateResolved,No,,,,
PatHistProblemList,ProblemNote,Yes,NOTES,,,
PatHistProblemList,ProblemStartDate,Yes,DATE_OFFSET,,,
PatHistProblemList,ProblemStartDateObjective,Yes,DATE_OFFSET,,,
PatHistProblemList,IsCurrent,No,,,,
PatHistProblemList,DateResolvedObjective,Yes,PATIENT_DOB,,,
PatHistProblemList,IsMapICD10,No,,,,
PatHistProblemList,CreatedBy,No,,,,
PatHistProblemList,CreatedDateTime,Yes,DATE_OFFSET,,,
PatHistProblemList,nd_auto_increment_id,No,,,,
PatHistProblemListHistory,PatHistProblemListHistoryID,No,,,,
PatHistProblemListHistory,PatHistProblemListID,No,,,,
PatHistProblemListHistory,PatientID,Yes,PATIENT_ID,,,
PatHistProblemListHistory,PatHistCatPatHistItemID,No,,,,
PatHistProblemListHistory,ProblemListStatusID,No,,,,
PatHistProblemListHistory,DisplayOrder,No,,,,
PatHistProblemListHistory,LastChanged,Yes,DATE_OFFSET,,,
PatHistProblemListHistory,LastChangedBy,Yes,MASK,LastChangedBy,,
PatHistProblemListHistory,DateResolved,No,,,,
PatHistProblemListHistory,Action,No,,,,
PatHistProblemListHistory,ProblemNote,Yes,NOTES,,,
PatHistProblemListHistory,ProblemStartDate,Yes,DATE_OFFSET,,,
PatHistProblemListHistory,nd_auto_increment_id,No,,,,
PatHistSectionAccessHistory,PatientID,Yes,PATIENT_ID,,,
PatHistSectionAccessHistory,PatHistSectionID,No,,,,
PatHistSectionAccessHistory,CreateDate,Yes,DATE_OFFSET,,,
PatHistSectionAccessHistory,UserID,No,,,,
PatHistSectionAccessHistory,nd_auto_increment_id,No,,,,
PatHistSocial,PatientID,Yes,PATIENT_ID,,,
PatHistSocial,PatHistCatPatHistItemID,No,,,,
PatHistSocial,PatHistSocialID,No,,,,
PatHistSocial,Status,Yes,MASK,Status,,
PatHistSocial,Quantity,No,,,,
PatHistSocial,AgeStart,No,,,,
PatHistSocial,AgeStop,No,,,,
PatHistSocial,PHSNote,Yes,NOTES,,,
PatHistSocial,ProblemListMember,No,,,,
PatHistSocial,ScreeningDate,Yes,DATE_OFFSET,,,
PatHistSocial,DateOnSet,Yes,DATE_OFFSET,,,
PatHistSocial,CreatedBy,No,,,,
PatHistSocial,CreatedDateTime,Yes,DATE_OFFSET,,,
PatHistSocial,LastModifiedBy,No,,,,
PatHistSocial,LastModifiedDateTime,Yes,DATE_OFFSET,,,
PatHistSocial,nd_auto_increment_id,No,,,,
PatHistSocialHistory,PatHistSocialHistoryID,No,,,,
PatHistSocialHistory,PatientID,Yes,PATIENT_ID,,,
PatHistSocialHistory,PatHistCatPatHistItemID,No,,,,
PatHistSocialHistory,PatHistSocialID,No,,,,
PatHistSocialHistory,Status,No,,,,
PatHistSocialHistory,Quantity,No,,,,
PatHistSocialHistory,AgeStart,No,,,,
PatHistSocialHistory,AgeStop,No,,,,
PatHistSocialHistory,PHSNote,Yes,NOTES,,,
PatHistSocialHistory,ProblemListMember,No,,,,
PatHistSocialHistory,HistoryDate,Yes,DATE_OFFSET,,,
PatHistSocialHistory,UserID,No,,,,
PatHistSocialHistory,PatHistAction,No,,,,
PatHistSocialHistory,ScreeningDate,Yes,DATE_OFFSET,,,
PatHistSurgical,PatientID,Yes,PATIENT_ID,,,
PatHistSurgical,PatHistCatPatHistItemID,No,,,,
PatHistSurgical,PatHistSurgicalID,No,,,,
PatHistSurgical,CreatedBy,No,,,,
PatHistSurgical,CreateDate,Yes,DATE_OFFSET,,,
PatHistSurgical,LastChanged,Yes,DATE_OFFSET,,,
PatHistSurgical,LastChangedBY,No,,,,
PatHistSurgical,ProblemListMember,No,,,,
PatHistSurgical,PSHNote,Yes,NOTES,,,
PatHistSurgical,DateOfProcedure,No,,,,
PatHistSurgical,DateProcedureObjective,Yes,DATE_OFFSET,,,
PatHistSurgical,nd_auto_increment_id,No,,,,
PatHistSurgicalHistory,PatHistSurgicalHistoryID,No,,,,
PatHistSurgicalHistory,PatientID,Yes,PATIENT_ID,,,
PatHistSurgicalHistory,PatHistCatPatHistItemID,No,,,,
PatHistSurgicalHistory,PatHistSurgicalID,No,,,,
PatHistSurgicalHistory,CreatedBy,No,,,,
PatHistSurgicalHistory,CreateDate,Yes,DATE_OFFSET,,,
PatHistSurgicalHistory,LastChanged,Yes,DATE_OFFSET,,,
PatHistSurgicalHistory,LastChangedBy,No,,,,
PatHistSurgicalHistory,ProblemListMember,No,,,,
PatHistSurgicalHistory,PSHNote,Yes,NOTES,,,
PatHistSurgicalHistory,DateOfProcedure,No,,,,
PatHistSurgicalHistory,HistoryDate,Yes,DATE_OFFSET,,,
PatHistSurgicalHistory,UserID,No,,,,
PatHistSurgicalHistory,PatHistAction,No,,,,
PatHistSurgicalHistory,nd_auto_increment_id,No,,,,
PatHistURL,PatientID,Yes,PATIENT_ID,,,
PatHistURL,DateTimeGenerated,Yes,DATE_OFFSET,,,
PatHistURL,URLPath,No,,,,
PatHistURL,URLTypeID,Yes,MASK,URLTypeID,,
PatHistURL,Name,No,,,,
PatHistURL,VisitID,Yes,ENCOUNTER_ID,,,
PatHistURL,CreatedBy,No,,,,
PatHistURL,CreatedDateTime,Yes,DATE_OFFSET,,,
PatHistURL,LastModifiedBy,No,,,,
PatHistURL,LastModifiedDateTime,Yes,DATE_OFFSET,,,
PatHistURL,nd_auto_increment_id,No,,,,
PatientEmergencyContact,PatientID,Yes,PATIENT_ID,,,
PatientEmergencyContact,Priority,No,,,,
PatientEmergencyContact,Name,Yes,MASK,Name,,
PatientEmergencyContact,Phone,Yes,MASK,Phone,,
PatientEmergencyContact,Relationship,Yes,MASK,Relationship,,
PatientEmergencyContact,nd_auto_increment_id,No,,,,
PatientFlags,PatientID,Yes,PATIENT_ID,,,
PatientFlags,RegFlagID,No,,,,
PatientFlags,CreateDate,Yes,DATE_OFFSET,,,
PatientFlags_bak_03989743,PatientID,Yes,PATIENT_ID,,,
PatientFlags_bak_03989743,RegFlagID,No,,,,
PatientFlags_bak_03989743,CreateDate,No,,,,
PatientFlags_bak_03989743,nd_auto_increment_id,No,,,,
PatientFlagsHistory,PatientID,Yes,PATIENT_ID,,,
PatientFlagsHistory,RegFlagID,No,,,,
PatientFlagsHistory,CreateDate,Yes,DATE_OFFSET,,,
PatientFlagsHistory,RemoveDate,Yes,DATE_OFFSET,,,
PatientFlagsHistory,nd_auto_increment_id,No,,,,
PatientHistory,UserID,No,,,,
PatientHistory,EffectiveStartDate,Yes,DATE_OFFSET,,,
PatientHistory,EffectiveEndDate,Yes,DATE_OFFSET,,,
PatientHistory,PatientID,Yes,PATIENT_ID,,,
PatientHistory,PersonID,Yes,PATIENT_ID,,,
PatientHistory,StudentStatusID,No,,,,
PatientHistory,PrimaryPhysID,No,,,,
PatientHistory,LegalRepID,No,,,,
PatientHistory,SealedFlag,No,,,,
PatientHistory,AltPatientID,No,,,,
PatientHistory,OrgPatientID,No,,,,
PatientHistory,Notes,Yes,NOTES,,,
PatientHistory,PatDeathFlag,Yes,MASK,PatDeathFlag,,
PatientHistory,PatDeathTime,Yes,DATE_OFFSET,,,
PatientHistory,PatFinRiskFlag,No,,,,
PatientHistory,PatProofResidFlag,No,,,,
PatientHistory,Enabled,No,,,,
PatientHistory,IsPatient,Yes,MASK,IsPatient,,
PatientHistory,AssignmentOfBenefits,No,,,,
PatientHistory,ReleaseOfInformation,Yes,MASK,ReleaseOfInformation,,
PatientHistory,PharmacyID,No,,,,
PatientHistory,PharmacyNoteID,No,,,,
PatientHistory,CareProviderID,No,,,,
PatientHistory,SignatureSourceCode,No,,,,
PatientHistory,PreferredPharmacyID,Yes,MASK,PreferredPharmacyID,,
PatientHistory,CurrentInDrFirst,No,,,,
PatientHistory,ShotFrequencyID,No,,,,
PatientHistory,AllergyComment,No,,,,
PatientHistory,ConsentFlag,No,,,,
PatientHistory,ePrescribeConsent,No,,,,
PatientHistory,PreferredSvcLoc,No,,,,
PatientInfoQueue,QueueID,No,,,,
PatientInfoQueue,VisitID,Yes,ENCOUNTER_ID,,,
PatientInfoQueue,CreateDate,Yes,DATE_OFFSET,,,
PatientInfoQueue,TryCount,No,,,,
PatientInfoQueue,nd_auto_increment_id,No,,,,
PatientList,PatientListId,No,,,,
PatientList,DayId,No,,,,
PatientList,PatientName,Yes,MASK,PatientName,,
PatientList,PatientID,Yes,PATIENT_ID,,,
PatientList,OtherId,No,,,,
PatientList,Comments,Yes,NOTES,,,
PatientList,ChiefComplaint,Yes,NOTES,,,
PatientList,Picture,No,,,,
PatientList,AppointmentType,No,,,,
PatientList,AppointmentTypeId,No,,,,
PatientList,ChangeId,No,,,,
PatientList,AppointmentDate,Yes,DATE_OFFSET,,,
PatientList,AppointmentTime,No,,,,
PatientList,SortApptDateTimeNumeric,No,,,,
PatientList,SortApptTimeDateNumeric,No,,,,
PatientList,SortVisitFromDateTimeNumeric,No,,,,
PatientList,SortVisitFromTimeDateNumeric,No,,,,
PatientList,SortVisitThroughDateTimeNumeric,No,,,,
PatientList,SortVisitThroughTimeDateNumeric,No,,,,
PatientList,VisitDate,Yes,DATE_OFFSET,,,
PatientList,TimeIn,No,,,,
PatientList,TimeOut,No,,,,
PatientList,Resource,Yes,MASK,Resource,,
PatientList,CareProvider,Yes,MASK,CareProvider,,
PatientList,CareProviderId,Yes,MASK,CareProviderId,,
PatientList,VisitId,Yes,ENCOUNTER_ID,,,
PatientList,VisitType,No,,,,
PatientList,ApptId,No,,,,
PatientList,StepId,No,,,,
PatientList,ColumnType,No,,,,
PatientList,IsCheckedIn,No,,,,
PatientList,Superbill,No,,,,
PatientList,ChargesEntered,No,,,,
PatientList,ScheduleLocationid,No,,,,
PatientList,AppointmentLocationName,Yes,MASK,AppointmentLocationName,,
PatientList,AppointmentEndTime,No,,,,
PatientList,DateofBirth,Yes,PATIENT_DOB,,,
PatientList,TelehealthEventStatus,No,,,,
PatientList,TelehealthEventDatetime,Yes,DATE_OFFSET,,,
PatientList,IsTelehealthAppt,No,,,,
PatientPreferredPharmacy,PatientPreferredPharmacyID,No,,,,
PatientPreferredPharmacy,PatientID,Yes,PATIENT_ID,,,
PatientPreferredPharmacy,PharmacyID,No,,,,
PatientPreferredPharmacy,IsCurrent,No,,,,
PatientPreviousName,PreviousNameID,No,,,,
PatientPreviousName,PatientID,Yes,PATIENT_ID,,,
PatientPreviousName,FirstName,Yes,MASK,FirstName,,
PatientPreviousName,LastName,Yes,MASK,LastName,,
PatientPreviousName,MiddleName,Yes,MASK,MiddleName,,
PatientPreviousName,IsBirthName,Yes,MASK,IsBirthName,,
PatientPreviousName,PreviousNameDate,Yes,DATE_OFFSET,,,
PatientToMessage,MessageID,No,,,,
PatientToMessage,PatientID,Yes,PATIENT_ID,,,
PatMedRecon,PatientID,Yes,PATIENT_ID,,,
PatMedRecon,MedReconDate,Yes,DATE_OFFSET,,,
PatMedRecon,TransitionOfCareDate,Yes,DATE_OFFSET,,,
PatMedRecon,VisitID,Yes,ENCOUNTER_ID,,,
PatMedRecon,UserID,No,,,,
PatMedRecon,PatMedReconID,No,,,,
PatMedRecon,ProbReconDate,Yes,DATE_OFFSET,,,
PatMedRecon,AllergyReconDate,Yes,DATE_OFFSET,,,
PatMedRecon,CCDAReconDate,Yes,DATE_OFFSET,,,
PatMedRecon,DocumentID,No,,,,
PatMedRecon,SnomedCode,No,,,,
PaymentPlanMinimal,PatientID,Yes,PATIENT_ID,,,
PaymentPlanMinimal,UserID,No,,,,
PaymentPlanMinimal,AmountToPay,Yes,MASK,AmountToPay,,
PaymentPlanMinimal,CurrDateTime,Yes,DATE_OFFSET,,,
PaymentPlanMinimal,nd_auto_increment_id,No,,,,
PBMPatientBenefitInfo,PBMPatientBenefitInfoID,No,,,,
PBMPatientBenefitInfo,PatientID,Yes,PATIENT_ID,,,
PBMPatientBenefitInfo,PayerID,Yes,MASK,PayerID,,
PBMPatientBenefitInfo,EffectiveDate,Yes,DATE_OFFSET,,,
PBMPatientBenefitInfo,ExpirationDate,Yes,DATE_OFFSET,,,
PBMPatientBenefitInfo,PayerName,Yes,MASK,PayerName,,
PBMPatientBenefitInfo,BenefitType,No,,,,
PBMPatientBenefitInfo,PlanID,Yes,MASK,PlanID,,
PBMPatientBenefitInfo,BenefitCoverage,No,,,,
PBMPatientBenefitInfo,BenefitID,No,,,,
PBMPatientBenefitInfo,BenefitAmount,No,,,,
PBMPatientBenefitInfo,BenefitName,No,,,,
PBMPatientInfo,PBMPatientInfoID,No,,,,
PBMPatientInfo,CardholderID,No,,,,
PBMPatientInfo,CardholderName,Yes,MASK,CardholderName,,
PBMPatientInfo,GroupID,No,,,,
PBMPatientInfo,EffectiveDate,Yes,DATE_OFFSET,,,
PBMPatientInfo,ExpirationDate,Yes,DATE_OFFSET,,,
PBMPatientInfo,Consent,Yes,MASK,Consent,,
PBMPatientInfo,PBMMemberID,Yes,MASK,PBMMemberID,,
PBMPatientInfo,PatientID,Yes,PATIENT_ID,,,
PBMPatientInfo,FormularyListID,No,,,,
PBMPatientInfo,AlternativeListID,No,,,,
PBMPatientInfo,CoverageListID,Yes,MASK,CoverageListID,,
PBMPatientInfo,CopayID,No,,,,
PBMPatientInfo,CoverageStatus,No,,,,
PBMPatientInfo,PayerID,Yes,MASK,PayerID,,
PBMPatientInfo,PlanID,Yes,MASK,PlanID,,
PBMPatientInfo,BenefitID,No,,,,
PBMPatientInfo,PayerName,Yes,MASK,PayerName,,
PBMPatientInfo,PlanName,Yes,MASK,PlanName,,
PBMPatientInfo,ProviderFirstName,Yes,MASK,ProviderFirstName,,
PBMPatientInfo,ProviderLastName,Yes,MASK,ProviderLastName,,
PBMPatientInfo,ProviderMiddleName,Yes,MASK,ProviderMiddleName,,
PBMPatientInfo,ProviderNPI,Yes,MASK,ProviderNPI,,
PBMPatientInfo,InsuredFirstName,Yes,MASK,InsuredFirstName,,
PBMPatientInfo,InsuredLastName,Yes,MASK,InsuredLastName,,
PBMPatientInfo,DependentFirstName,Yes,MASK,DependentFirstName,,
PBMPatientInfo,DependentLastName,Yes,MASK,DependentLastName,,
PBMPatientInfo,PolicyHolder,Yes,MASK,PolicyHolder,,
PBMPatientInfo,PCN,Yes,MASK,PCN,,
PBMPatientInfo,EligibilityResponseID,No,,,,
PBMPatientInfo,MiddleName,Yes,MASK,MiddleName,,
PBMPatientInfo,Suffix,No,,,,
PBMPatientInfo,BIN,Yes,MASK,BIN,,
PBMPatientInfo,GroupName,Yes,MASK,GroupName,,
Person,PersonID,Yes,PATIENT_ID,,,
Person,PrefixID,No,,,,
Person,FirstName,Yes,MASK,FirstName,,
Person,MiddleName1,Yes,MASK,MiddleName1,,
Person,MiddleName2,No,,,,
Person,LastName,Yes,MASK,LastName,,
Person,NickName,No,,,,
Person,MaidenName,Yes,MASK,MaidenName,,
Person,SuffixID,No,,,,
Person,SSN,Yes,MASK,SSN,,
Person,DateOfBirth,Yes,PATIENT_DOB,,,
Person,BirthPlace,Yes,MASK,BirthPlace,,
Person,GenderID,No,,,,
Person,MaritalStatusID,No,,,,
Person,MothersMaidenName,Yes,MASK,MothersMaidenName,,
Person,DriverLicNum,Yes,MASK,DriverLicNum,,
Person,DriverLicState,No,,,,
Person,PrimaryLanguageID,No,,,,
Person,SecondaryLanguageID,No,,,,
Person,RaceID,No,,,,
Person,AffiliationID,No,,,,
Person,ReligionID,Yes,MASK,ReligionID,,
Person,CitizenshipID,Yes,MASK,CitizenshipID,,
Person,Pager,Yes,MASK,Pager,,
Person,CellPhone1,Yes,MASK,CellPhone1,,
Person,CellPhone2,Yes,MASK,CellPhone2,,
Person,EMail1,Yes,MASK,EMail1,,
Person,EMail2,Yes,MASK,EMail2,,
Person,PhotoPath,Yes,MASK,PhotoPath,,
Person,ResidentialAddressID,No,,,,
Person,Enabled,No,,,,
Person,Occupation,No,,,,
Person,BillingAddressID,No,,,,
Person,BillingAddEffDtm,Yes,DATE_OFFSET,,,
Person,PrimaryPhone,Yes,MASK,PrimaryPhone,,
Person,PrimaryWorkPhone,Yes,MASK,PrimaryWorkPhone,,
Person,EthnicityID,No,,,,
Person,PreferredCommunicationsID,No,,,,
Person,TimeOfBirth,No,,,,
Person,BirthplaceStateID,No,,,,
Person,PublicityCodeID,No,,,,
Person,SexualOrientationID,Yes,MASK,SexualOrientationID,,
Person,SexualOrientationOther,Yes,MASK,SexualOrientationOther,,
Person,GenderIdentityID,No,,,,
Person,GenderIdentityOther,No,,,,
Person,BirthSexID,Yes,MASK,BirthSexID,,
Person,CreatedUserID,No,,,,
Person,DateOfCreation,Yes,DATE_OFFSET,,,
Person,LastModifiedBy,No,,,,
Person,LastModifiedDateTime,Yes,DATE_OFFSET,,,
Person_Backup_Bug308620,PersonID,Yes,PATIENT_ID,,,
Person_Backup_Bug308620,PrefixID,No,,,,
Person_Backup_Bug308620,FirstName,Yes,MASK,FirstName,,
Person_Backup_Bug308620,MiddleName1,Yes,MASK,MiddleName1,,
Person_Backup_Bug308620,MiddleName2,No,,,,
Person_Backup_Bug308620,LastName,Yes,MASK,LastName,,
Person_Backup_Bug308620,NickName,No,,,,
Person_Backup_Bug308620,MaidenName,Yes,MASK,MaidenName,,
Person_Backup_Bug308620,SuffixID,No,,,,
Person_Backup_Bug308620,SSN,Yes,MASK,SSN,,
Person_Backup_Bug308620,DateOfBirth,Yes,PATIENT_DOB,,,
Person_Backup_Bug308620,BirthPlace,No,,,,
Person_Backup_Bug308620,GenderID,Yes,MASK,GenderID,,
Person_Backup_Bug308620,MaritalStatusID,No,,,,
Person_Backup_Bug308620,MothersMaidenName,Yes,MASK,MothersMaidenName,,
Person_Backup_Bug308620,DriverLicNum,Yes,MASK,DriverLicNum,,
Person_Backup_Bug308620,DriverLicState,No,,,,
Person_Backup_Bug308620,PrimaryLanguageID,Yes,MASK,PrimaryLanguageID,,
Person_Backup_Bug308620,SecondaryLanguageID,No,,,,
Person_Backup_Bug308620,RaceID,Yes,MASK,RaceID,,
Person_Backup_Bug308620,AffiliationID,No,,,,
Person_Backup_Bug308620,ReligionID,No,,,,
Person_Backup_Bug308620,CitizenshipID,No,,,,
Person_Backup_Bug308620,Pager,No,,,,
Person_Backup_Bug308620,CellPhone1,Yes,MASK,CellPhone1,,
Person_Backup_Bug308620,CellPhone2,Yes,MASK,CellPhone2,,
Person_Backup_Bug308620,EMail1,Yes,MASK,EMail1,,
Person_Backup_Bug308620,EMail2,Yes,MASK,EMail2,,
Person_Backup_Bug308620,PhotoPath,Yes,NOTES,,,
Person_Backup_Bug308620,ResidentialAddressID,Yes,MASK,ResidentialAddressID,,
Person_Backup_Bug308620,Enabled,No,,,,
Person_Backup_Bug308620,Occupation,No,,,,
Person_Backup_Bug308620,BillingAddressID,Yes,MASK,BillingAddressID,,
Person_Backup_Bug308620,BillingAddEffDtm,Yes,DATE_OFFSET,,,
Person_Backup_Bug308620,PrimaryPhone,Yes,MASK,PrimaryPhone,,
Person_Backup_Bug308620,PrimaryWorkPhone,Yes,MASK,PrimaryWorkPhone,,
Person_Backup_Bug308620,EthnicityID,No,,,,
Person_Backup_Bug308620,PreferredCommunicationsID,No,,,,
Person_Backup_Bug308620,TimeOfBirth,No,,,,
Person_Backup_Bug308620,BirthplaceStateID,No,,,,
PersonEmployers,PersonEmployerID,No,,,,
PersonEmployers,PersonID,Yes,PATIENT_ID,,,
PersonEmployers,EmployerID,No,,,,
PersonEmployers,Active,No,,,,
PersonEmployers,WorkStatusID,No,,,,
PersonEmployers,HireDay,No,,,,
PersonEmployers,HireMonth,No,,,,
PersonEmployers,HireYear,No,,,,
PersonEmployers,TerminationDay,No,,,,
PersonEmployers,TerminationMonth,No,,,,
PersonEmployers,TerminationYear,No,,,,
PersonEmployers,PersonalPhoneNumber,Yes,MASK,PersonalPhoneNumber,,
PersonEmployers,Occupation,Yes,MASK,Occupation,,
PersonEthnicity,PersonID,Yes,PATIENT_ID,,,
PersonEthnicity,EthnicityID,No,,,,
PersonEthnicity,IsPrimary,No,,,,
PersonHistory,UserID,No,,,,
PersonHistory,EffectiveStartDate,Yes,DATE_OFFSET,,,
PersonHistory,EffectiveEndDate,Yes,DATE_OFFSET,,,
PersonHistory,PersonID,Yes,PATIENT_ID,,,
PersonHistory,PrefixID,No,,,,
PersonHistory,FirstName,Yes,MASK,FirstName,,
PersonHistory,MiddleName1,Yes,MASK,MiddleName1,,
PersonHistory,MiddleName2,Yes,MASK,MiddleName2,,
PersonHistory,LastName,Yes,MASK,LastName,,
PersonHistory,NickName,No,,,,
PersonHistory,MaidenName,Yes,MASK,MaidenName,,
PersonHistory,SuffixID,No,,,,
PersonHistory,SSN,Yes,MASK,SSN,,
PersonHistory,DateOfBirth,Yes,PATIENT_DOB,,,
PersonHistory,BirthPlace,Yes,MASK,BirthPlace,,
PersonHistory,GenderID,Yes,MASK,GenderID,,
PersonHistory,MaritalStatusID,No,,,,
PersonHistory,MothersMaidenName,Yes,MASK,MothersMaidenName,,
PersonHistory,DriverLicNum,Yes,MASK,DriverLicNum,,
PersonHistory,DriverLicState,No,,,,
PersonHistory,PrimaryLanguageID,No,,,,
PersonHistory,SecondaryLanguageID,No,,,,
PersonHistory,RaceID,Yes,MASK,RaceID,,
PersonHistory,AffiliationID,No,,,,
PersonHistory,ReligionID,No,,,,
PersonHistory,CitizenshipID,Yes,MASK,CitizenshipID,,
PersonHistory,Pager,No,,,,
PersonHistory,CellPhone1,Yes,MASK,CellPhone1,,
PersonHistory,CellPhone2,Yes,MASK,CellPhone2,,
PersonHistory,EMail1,Yes,MASK,EMail1,,
PersonHistory,EMail2,Yes,MASK,EMail2,,
PersonHistory,PhotoPath,Yes,MASK,PhotoPath,,
PersonHistory,ResidentialAddressID,Yes,MASK,ResidentialAddressID,,
PersonHistory,Enabled,No,,,,
PersonHistory,Occupation,No,,,,
PersonHistory,BillingAddressID,Yes,MASK,BillingAddressID,,
PersonHistory,BillingAddEffDtm,Yes,DATE_OFFSET,,,
PersonHistory,PrimaryPhone,Yes,MASK,PrimaryPhone,,
PersonHistory,PrimaryWorkPhone,Yes,MASK,PrimaryWorkPhone,,
PersonHistory,EthnicityID,Yes,MASK,EthnicityID,,
PersonHistory,PreferredCommunicationsID,No,,,,
PersonHistory,TimeOfBirth,No,,,,
PersonHistory,BirthplaceStateID,No,,,,
PersonHistory,PublicityCodeID,No,,,,
PersonHistory,SexualOrientationID,Yes,MASK,SexualOrientationID,,
PersonHistory,SexualOrientationOther,Yes,MASK,SexualOrientationOther,,
PersonHistory,GenderIdentityID,Yes,MASK,GenderIdentityID,,
PersonHistory,GenderIdentityOther,Yes,MASK,GenderIdentityOther,,
PersonHistory,PersonHistoryID,No,,,,
PersonPhone,PersonID,Yes,PATIENT_ID,,,
PersonPhone,PhoneTypeID,No,,,,
PersonPhone,PhoneNumber,Yes,MASK,PhoneNumber,,
PersonPhone,PhoneNumberText,Yes,MASK,PhoneNumberText,,
PersonPhone,IsPrimary,No,,,,
PersonRace,PersonRaceID,No,,,,
PersonRace,PersonID,Yes,PATIENT_ID,,,
PersonRace,RaceID,No,,,,
PersonRace,IsPrimary,No,,,,
PrimePatientActivityHistory,ActivityID,No,,,,
PrimePatientActivityHistory,AccountHolderPersonId,Yes,PATIENT_ID,,,
PrimePatientActivityHistory,UserId,No,,,,
PrimePatientActivityHistory,ActivityDate,Yes,DATE_OFFSET,,,
PrimePatientActivityHistory,PrimePatientActionId,No,,,,
PrimePatientActivityHistory,PatientId,Yes,PATIENT_ID,,,
PrimePatientActivityHistory,PrimePatientActivityId,No,,,,
PrimePatientActivityHistory,AdditionalInfo,No,,,,
PrimePatientActivityHistory,nd_auto_increment_id,No,,,,
PrimePatientPatientAccessStatus,AccountHolderPersonId,Yes,PATIENT_ID,,,
PrimePatientPatientAccessStatus,PatientId,Yes,PATIENT_ID,,,
PrimePatientPatientAccessStatus,PrimePatientPatientAccessStatusTypeId,No,,,,
PrimePatientPatientAccessStatus,PrimePatientPatientAccessLastEnabledDate,Yes,DATE_OFFSET,,,
PrimePatientPatientAccessStatus,PrimePatientPatientAccessLastDisabledDate,Yes,DATE_OFFSET,,,
PrimePatientPatientAccessStatus,nd_auto_increment_id,No,,,,
ProgramWorkTriggerEvent,ProgramWorkTriggerEventID,No,,,,
ProgramWorkTriggerEvent,ProgramWorkTriggerID,No,,,,
ProgramWorkTriggerEvent,TriggerPrimeSuiteEventID,No,,,,
ProgramWorkTriggerEvent,EventDataContract,Yes,GENERIC_NOTES,,,
ProgramWorkTriggerEvent,CreateDate,Yes,STATIC_OFFSET,,,
ProgramWorkTriggerEvent,nd_auto_increment_id,No,,,,
ptHistory,ptHistoryID,No,,,,
ptHistory,ptActiveID,No,,,,
ptHistory,PatientID,Yes,PATIENT_ID,,,
ptHistory,ptStatusID,No,,,,
ptHistory,ptAreaID,No,,,,
ptHistory,ptResponsibleID,Yes,PATIENT_ID,,,
ptHistory,ptEventID,No,,,,
ptHistory,UserID,No,,,,
ptHistory,StartTime,Yes,DATE_OFFSET,,,
ptHistory,EndTime,Yes,DATE_OFFSET,,,
ptHistory,DurationinMinutes,No,,,,
ptHistory,HistoryOrder,No,,,,
ptHistory,StartTimeOnly,Yes,DATE_OFFSET,,,
ptHistory,StartDateOnly,Yes,DATE_OFFSET,,,
ptHistory,EndTimeOnly,Yes,DATE_OFFSET,,,
ptHistory,EndDateOnly,Yes,DATE_OFFSET,,,
ptHistory,nd_auto_increment_id,No,,,,
ReferenceDocument,DocumentID,No,,,,
ReferenceDocument,PatientID,Yes,PATIENT_ID,,,
ReferenceDocument,TaskID,No,,,,
ReferenceDocument,DocumentName,No,,,,
ReferenceDocument,CreateDate,Yes,DATE_OFFSET,,,
ReferenceDocument,CreateUserID,No,,,,
ReferenceDocument,FileType,No,,,,
ReferenceDocument,DocumentDate,Yes,DATE_OFFSET,,,
ReferenceDocument,OriginalContent,Yes,NOTES,,,
ReferenceDocument,ReconciliationContent,Yes,NOTES,,,
ReferenceDocument,VisitID,Yes,ENCOUNTER_ID,,,
ReferenceDocument,FailedValidation,No,,,,
ReferenceDocument,IsDelete,No,,,,
ReferenceDocument,DocAuthorName,Yes,MASK,DocAuthorName,,
ReferenceDocument,DocCreatedOnDate,Yes,DATE_OFFSET,,,
ReferenceDocument,nd_auto_increment_id,No,,,,
ReferralsPrimaryProvider,ReferralsPrimaryID,No,,,,
ReferralsPrimaryProvider,PatientID,Yes,PATIENT_ID,,,
ReferralsPrimaryProvider,CreateDate,Yes,DATE_OFFSET,,,
ReferralsPrimaryProvider,PrimaryCareProviderID,No,,,,
ReferralsPrimaryProvider,PrimaryComments,No,,,,
ReferralsPrimaryProvider,ChangeDate,Yes,DATE_OFFSET,,,
ReferralsPrimaryProvider,nd_auto_increment_id,No,,,,
ReferralsReferringProvider,ReferralID,No,,,,
ReferralsReferringProvider,PatientID,Yes,PATIENT_ID,,,
ReferralsReferringProvider,CreateDate,Yes,DATE_OFFSET,,,
ReferralsReferringProvider,ReferringProviderID,No,,,,
ReferralsReferringProvider,ReferringComments,No,,,,
ReferralsReferringProvider,ChangeDate,Yes,DATE_OFFSET,,,
ReferralsReferringProvider,nd_auto_increment_id,No,,,,
RXBDetailInfo,RXBGroupID,No,,,,
RXBDetailInfo,ClinicalPatMedID,No,,,,
RXBDetailInfo,DrugName,No,,,,
RXBDetailInfo,Comment,Yes,NOTES,,,
RXBDetailInfo,DEACode,No,,,,
RXBDetailInfo,SIG,No,,,,
RXBDetailInfo,DrugDispense,No,,,,
RXBDetailInfo,NumRefills,No,,,,
RXBDetailInfo,DrugPrescriptionDate,Yes,DATE_OFFSET,,,
RXBDetailInfo,ExpireDate,Yes,DATE_OFFSET,,,
RXBDetailInfo,Indication,Yes,NOTES,,,
RXBDetailInfo,DispenseAsWritten,No,,,,
RXBDetailInfo,CareProviderID,No,,,,
RXBDetailInfo,CareProviderFirstName,No,,,,
RXBDetailInfo,CareProviderMiddleName,No,,,,
RXBDetailInfo,CareProviderLastName,No,,,,
RXBDetailInfo,CareProviderShortName,No,,,,
RXBDetailInfo,CareProviderCredentials,No,,,,
RXBDetailInfo,CareProviderDEANumber,No,,,,
RXBDetailInfo,CareProviderUPIN,No,,,,
RXBDetailInfo,CareProviderStateLicenseNumber,No,,,,
RXBDetailInfo,CareProviderSubstanceNumber,No,,,,
RXBDetailInfo,CareProviderUserID,No,,,,
RXBDetailInfo,CreatedByCareProviderID,No,,,,
RXBDetailInfo,CreatedByFirstName,No,,,,
RXBDetailInfo,CreatedByMiddleName,No,,,,
RXBDetailInfo,CreatedByLastName,No,,,,
RXBDetailInfo,CreatedByShortName,No,,,,
RXBDetailInfo,CreatedByCredentials,No,,,,
RXBDetailInfo,CreatedByDEANumber,Yes,MASK,CreatedByDEANumber,,
RXBDetailInfo,CreatedByUPIN,Yes,MASK,CreatedByUPIN,,
RXBDetailInfo,CreatedByStateLicenseNumber,Yes,MASK,CreatedByStateLicenseNumber,,
RXBDetailInfo,CreatedBySubstanceNumber,No,,,,
RXBDetailInfo,PageNumber,No,,,,
RXBDetailInfo,LastMedication,No,,,,
RXBDetailInfo,CareProviderPerSigVerID,No,,,,
RXBDetailInfo,CreatedByPerSigVerID,No,,,,
RXBDetailInfo,CareProviderNPI,No,,,,
RXBDetailInfo,CreatedByNPI,No,,,,
RXBDetailInfo,ControlledConsecNum,No,,,,
RXBDetailInfo,RXReferenceNum,No,,,,
RXBDetailInfo,PharmacyNote,Yes,NOTES,,,
RXBDetailInfo,PharmacyName,Yes,MASK,PharmacyName,,
RXBDetailInfo,PharmacyAddress1,Yes,MASK,PharmacyAddress1,,
RXBDetailInfo,PharmacyAddress2,No,,,,
RXBDetailInfo,PharmacyCity,No,,,,
RXBDetailInfo,PharmacyState,No,,,,
RXBDetailInfo,PharmacyZip,No,,,,
RXBDetailInfo,ERXEventStatusID,No,,,,
RXBDetailInfo,ERXSendDate,Yes,DATE_OFFSET,,,
RXBDetailInfo,ICD10Code,Yes,MASK,ICD10Code,,
RXBDetailInfo,nd_auto_increment_id,No,,,,
SBPrintLog,SBPrintLogID,No,,,,
SBPrintLog,VisitID,Yes,ENCOUNTER_ID,,,
SBPrintLog,PrintDate,Yes,DATE_OFFSET,,,
SBPrintLog,UserID,No,,,,
SBPrintLog,nd_auto_increment_id,No,,,,
ScheduleAppointment,ApptID,No,,,,
ScheduleAppointment,StartDate,Yes,DATE_OFFSET,,,
ScheduleAppointment,PatientName,Yes,MASK,PatientName,,
ScheduleAppointment,PatientComplaint,Yes,NOTES,,,
ScheduleAppointment,AdditionalInfo,Yes,NOTES,,,
ScheduleAppointment,PatientID,Yes,PATIENT_ID,,,
ScheduleAppointment,ApptTypeId,No,,,,
ScheduleAppointment,ApptDescription,Yes,NOTES,,,
ScheduleAppointment,UserID,No,,,,
ScheduleAppointment,Disable,No,,,,
ScheduleAppointment,ChangeId,No,,,,
ScheduleAppointment,ApptLink,No,,,,
ScheduleAppointment,StepLink,No,,,,
ScheduleAppointment,StepId,No,,,,
ScheduleAppointment,DateMade,Yes,DATE_OFFSET,,,
ScheduleAppointment,LastModifiedUserID,No,,,,
ScheduleAppointment,LastModifiedDate,Yes,DATE_OFFSET,,,
ScheduleAppointment,IsTelehealthAppt,No,,,,
ScheduleAppointment,TelehealthEventStatus,No,,,,
ScheduleAppointment,TelehealthEventDatetime,Yes,DATE_OFFSET,,,
ScheduleApptRequest,ApptRequestId,No,,,,
ScheduleApptRequest,ApptTypeId,No,,,,
ScheduleApptRequest,StepId,No,,,,
ScheduleApptRequest,PatientId,Yes,PATIENT_ID,,,
ScheduleApptRequest,RequestDate,Yes,DATE_OFFSET,,,
ScheduleApptRequest,DayBuffer,No,,,,
ScheduleApptRequest,ApptCareProviderId,No,,,,
ScheduleApptRequest,ApptServiceLocationId,No,,,,
ScheduleApptRequest,bAnyCareProviderWillDo,No,,,,
ScheduleApptRequest,AdditionalInfo,No,,,,
ScheduleApptRequest,OrigCareProviderId,Yes,MASK,OrigCareProviderId,,
ScheduleApptRequest,OrigServiceLocationId,No,,,,
ScheduleApptRequest,RequestorTypeId,No,,,,
ScheduleApptRequest,bAllowOverride,No,,,,
ScheduleApptRequest,DocumentId,No,,,,
ScheduleApptRequest,SequenceId,No,,,,
ScheduleApptRequest,UserId,No,,,,
ScheduleApptRequest,CreateDateTime,Yes,DATE_OFFSET,,,
ScheduleApptRequest,Enabled,No,,,,
ScheduleApptRequest,LastModifiedUser,Yes,MASK,LastModifiedUser,,
ScheduleApptRequest,LastModifiedDate,Yes,DATE_OFFSET,,,
ScheduleApptRequest,nd_auto_increment_id,No,,,,
ScheduleBlockedTime,BlockID,No,,,,
ScheduleBlockedTime,BlockDate,Yes,DATE_OFFSET,,,
ScheduleBlockedTime,StartTime,Yes,DATE_OFFSET,,,
ScheduleBlockedTime,EndTime,Yes,DATE_OFFSET,,,
ScheduleBlockedTime,Duration,No,,,,
ScheduleBlockedTime,Reason,Yes,MASK,Reason,,
ScheduleBlockedTime,Label,No,,,,
ScheduleBlockedTime,CreateUserID,No,,,,
ScheduleBlockedTime,CreateDate,Yes,DATE_OFFSET,,,
ScheduleBlockedTime,LastModifiedUserID,No,,,,
ScheduleBlockedTime,LastModifiedDate,Yes,DATE_OFFSET,,,
ScheduleBlockedTime,Disable,No,,,,
ScheduleBlockedTime,nd_auto_increment_id,No,,,,
ScheduleResourceAppointment,ApptID,No,,,,
ScheduleResourceAppointment,ResourceID,No,,,,
ScheduleResourceAppointment,ResourceCategoryID,No,,,,
ScheduleResourceAppointment,StartDate,Yes,DATE_OFFSET,,,
ScheduleResourceAppointment,StartTime,Yes,DATE_OFFSET,,,
ScheduleResourceAppointment,DurationMinutes,No,,,,
ScheduleResourceAppointment,PatientName,Yes,MASK,PatientName,,
ScheduleResourceAppointment,PatientComplaint,Yes,NOTES,,,
ScheduleResourceAppointment,AdditionalInfo,Yes,NOTES,,,
ScheduleResourceAppointment,OverloadValue,No,,,,
ScheduleResourceAppointment,PatientID,Yes,PATIENT_ID,,,
ScheduleResourceAppointment,ApptTypeId,No,,,,
ScheduleResourceAppointment,ApptDescription,Yes,NOTES,,,
ScheduleResourceAppointment,UserID,No,,,,
ScheduleResourceAppointment,Disable,No,,,,
ScheduleResourceAppointment,ChangeId,No,,,,
ScheduleResourceAppointment,ApptLink,No,,,,
ScheduleResourceAppointment,StepLink,No,,,,
ScheduleResourceAppointment,StepId,No,,,,
ScheduleResourceAppointment,DateMade,Yes,DATE_OFFSET,,,
ScheduleResourceAppointment,LastModifiedUserID,No,,,,
ScheduleResourceAppointment,LastModifiedDate,Yes,DATE_OFFSET,,,
ScheduleVisitLink,VisitID,Yes,ENCOUNTER_ID,,,
ScheduleVisitLink,ScheduleLinkID,No,,,,
ServiceGroup,ServiceGroupID,No,,,,
ServiceGroup,PatientID,Yes,PATIENT_ID,,,
ServiceGroup,VisitID,Yes,ENCOUNTER_ID,,,
ServiceGroup,CareProviderID,Yes,MASK,CareProviderID,,
ServiceGroup,LocationID,No,,,,
ServiceGroup,ReferringProvID,No,,,,
ServiceGroup,AccidentStateID,No,,,,
ServiceGroup,AccidentTypeID,No,,,,
ServiceGroup,RenderingProviderID,Yes,MASK,RenderingProviderID,,
ServiceGroup,RenderingOverride,No,,,,
ServiceGroup,Pregnancy,No,,,,
ServiceGroup,SpecialProgramCode,No,,,,
ServiceGroup,ServiceAuthorizationExceptionCode,No,,,,
ServiceGroup,LastSeen,No,,,,
ServiceGroup,LastMenstrualPeriod,Yes,DATE_OFFSET,,,
ServiceGroup,HearingAndVisionPrescription,No,,,,
ServiceGroup,AuthorizedReturnToWork,No,,,,
ServiceGroup,SimilarIllness,No,,,,
ServiceGroup,RelinquishedCare,No,,,,
ServiceGroup,HospitalFrom,Yes,DATE_OFFSET,,,
ServiceGroup,HospitalTo,Yes,DATE_OFFSET,,,
ServiceGroup,DisabilityFrom,Yes,DATE_OFFSET,,,
ServiceGroup,DisabilityTo,No,,,,
ServiceGroup,AccidentDate,Yes,DATE_OFFSET,,,
ServiceGroup,EDC,No,,,,
ServiceGroup,LastWorked,No,,,,
ServiceGroup,AssumedCare,No,,,,
ServiceGroup,OrderDate,Yes,DATE_OFFSET,,,
ServiceGroup,AccidentTime,No,,,,
ServiceGroup,CPOLocationID,No,,,,
ServiceGroup,EPSDTReferralCode,No,,,,
ServiceGroup,SupervisingProviderID,No,,,,
ServiceGroup,ClaimComment,No,,,,
ServiceGroup,InitialTxDate,Yes,DATE_OFFSET,,,
ServiceGroup,FileInformation,No,,,,
ServiceGroup,PropertyCasualtyClaimNumber,No,,,,
ServiceGroup,NonPrimaryRenderingID,No,,,,
ServiceGroup,PracticeLocationID,Yes,MASK,PracticeLocationID,,
ServiceGroup,ClaimFrequencyCode,No,,,,
ServiceGroup,DemonstrationProjectID,No,,,,
ServiceGroup,InvestigationalDeviceExemption,No,,,,
ServiceGroup,nd_auto_increment_id,No,,,,
StatementHistoryAging,StatementHistoryID,No,,,,
StatementHistoryAging,PatientID,Yes,PATIENT_ID,,,
StatementHistoryAging,AgingPeriodID,No,,,,
StatementHistoryAging,AgingPeriodDescription,No,,,,
StatementHistoryAging,TotalBalance,No,,,,
StatementHistoryAging,PatientExpected,No,,,,
StatementHistoryAging,InsuraceExpected,No,,,,
StatementHistoryAging,TotalCredit,No,,,,
StatementHistoryAging,nd_auto_increment_id,No,,,,
StatementHistoryDetail,StatementHistoryID,No,,,,
StatementHistoryDetail,PatientID,Yes,PATIENT_ID,,,
StatementHistoryDetail,StatementDetailID,No,,,,
StatementHistoryDetail,TransactionDate,Yes,DATE_OFFSET,,,
StatementHistoryDetail,TransactionType,No,,,,
StatementHistoryDetail,TransactionDesc,No,,,,
StatementHistoryDetail,ChargeID,No,,,,
StatementHistoryDetail,ServiceDetailID,No,,,,
StatementHistoryDetail,PlanName,Yes,MASK,PlanName,,
StatementHistoryDetail,PaymentTransactionID,No,,,,
StatementHistoryDetail,NumberOfDaysOrUnits,No,,,,
StatementHistoryDetail,Amount,No,,,,
StatementHistoryDetail,PatientAmount,No,,,,
StatementHistoryDetail,InsuranceAmount,No,,,,
StatementHistoryDetail,FinanceCharge,No,,,,
StatementHistoryDetail,PaymentSourceDesc,No,,,,
StatementHistoryDetail,PaymentMethodDesc,No,,,,
StatementHistoryDetail,CheckNumber,Yes,MASK,CheckNumber,,
StatementHistoryDetail,RenderingProviderID,Yes,MASK,RenderingProviderID,,
StatementHistoryDetail,CareProviderPrefix,No,,,,
StatementHistoryDetail,CareProviderFirstName,Yes,MASK,CareProviderFirstName,,
StatementHistoryDetail,CareProviderMiddleName1,Yes,MASK,CareProviderMiddleName1,,
StatementHistoryDetail,CareProviderMiddleName2,No,,,,
StatementHistoryDetail,CareProviderLastName,Yes,MASK,CareProviderLastName,,
StatementHistoryDetail,CareProviderSuffix,No,,,,
StatementHistoryDetail,DiagnosisCode,No,,,,
StatementHistoryDetail,ProcedureCode,No,,,,
StatementHistoryDetail,StandardDescription,No,,,,
StatementHistoryDetail,ClaimFiled,No,,,,
StatementHistoryDetail,PaymentToChargeNote,Yes,NOTES,,,
StatementHistoryDetail,TransactionDescription,No,,,,
StatementHistoryDetail,nd_auto_increment_id,No,,,,
StatementHistoryHeader,StatementHistoryID,No,,,,
StatementHistoryHeader,PatientID,Yes,PATIENT_ID,,,
StatementHistoryHeader,StatementDate,Yes,DATE_OFFSET,,,
StatementHistoryHeader,StatementPrintDate,Yes,DATE_OFFSET,,,
StatementHistoryHeader,PaymentDueDate,Yes,DATE_OFFSET,,,
StatementHistoryHeader,PatientPrefix,No,,,,
StatementHistoryHeader,PatientFirstName,Yes,MASK,PatientFirstName,,
StatementHistoryHeader,PatientMiddleName1,Yes,MASK,PatientMiddleName1,,
StatementHistoryHeader,PatientMiddleName2,Yes,MASK,PatientMiddleName2,,
StatementHistoryHeader,PatientLastName,Yes,MASK,PatientLastName,,
StatementHistoryHeader,PatientSuffix,Yes,MASK,PatientSuffix,,
StatementHistoryHeader,ResponsiblePersonPrefix,No,,,,
StatementHistoryHeader,ResponsiblePersonFirstName,Yes,MASK,ResponsiblePersonFirstName,,
StatementHistoryHeader,ResponsiblePersonMiddleName1,Yes,MASK,ResponsiblePersonMiddleName1,,
StatementHistoryHeader,ResponsiblePersonMiddleName2,Yes,MASK,ResponsiblePersonMiddleName2,,
StatementHistoryHeader,ResponsiblePersonLastName,Yes,MASK,ResponsiblePersonLastName,,
StatementHistoryHeader,ResponsiblePersonSuffix,No,,,,
StatementHistoryHeader,BillingAddressLine1,Yes,MASK,BillingAddressLine1,,
StatementHistoryHeader,BillingAddressLine2,Yes,MASK,BillingAddressLine2,,
StatementHistoryHeader,BillingCity,Yes,MASK,BillingCity,,
StatementHistoryHeader,BillingState,No,,,,
StatementHistoryHeader,BillingPostalCode,No,,,,
StatementHistoryHeader,BillingPhoneNum1,Yes,MASK,BillingPhoneNum1,,
StatementHistoryHeader,BillingPhoneNum2,Yes,MASK,BillingPhoneNum2,,
StatementHistoryHeader,ResidentialAddressLine1,Yes,MASK,ResidentialAddressLine1,,
StatementHistoryHeader,ResidentialAddressLine2,Yes,MASK,ResidentialAddressLine2,,
StatementHistoryHeader,ResidentialCity,Yes,MASK,ResidentialCity,,
StatementHistoryHeader,ResidentialState,No,,,,
StatementHistoryHeader,ResidentialPostalCode,No,,,,
StatementHistoryHeader,ResidentialPhoneNum1,Yes,MASK,ResidentialPhoneNum1,,
StatementHistoryHeader,ResidentialPhoneNum2,Yes,MASK,ResidentialPhoneNum2,,
StatementHistoryHeader,RemitToName,Yes,MASK,RemitToName,,
StatementHistoryHeader,RemitToAddressLine1,Yes,MASK,RemitToAddressLine1,,
StatementHistoryHeader,RemitToAddressLine2,No,,,,
StatementHistoryHeader,RemitToCity,Yes,MASK,RemitToCity,,
StatementHistoryHeader,RemitToState,No,,,,
StatementHistoryHeader,RemitToPostalCode,No,,,,
StatementHistoryHeader,RemitToPhoneNum1,Yes,MASK,RemitToPhoneNum1,,
StatementHistoryHeader,RemitToPhoneNum2,Yes,MASK,RemitToPhoneNum2,,
StatementHistoryHeader,TotalPatientDue,No,,,,
StatementHistoryHeader,LastPaymentDate,Yes,DATE_OFFSET,,,
StatementHistoryHeader,LastPaymentAmount,Yes,MASK,LastPaymentAmount,,
StatementHistoryHeader,LastStatementDate,Yes,DATE_OFFSET,,,
StatementHistoryHeader,LastStatementAmount,Yes,MASK,LastStatementAmount,,
StatementHistoryHeader,PatientBalance,No,,,,
StatementHistoryHeader,InsuranceBalance,No,,,,
StatementHistoryHeader,PatientCredit,No,,,,
StatementHistoryHeader,InsuranceCredit,No,,,,
StatementHistoryHeader,UndeterminedCredit,No,,,,
StatementHistoryHeader,PrePayCredit,No,,,,
StatementHistoryHeader,GlobalStatementMessage,Yes,NOTES,,,
StatementHistoryHeader,AmountDue,Yes,MASK,AmountDue,,
StatementHistoryHeader,DisclosureStatement,No,,,,
StatementHistoryHeader,StatementBatchID,No,,,,
StatementHistoryHeader,CreditStyle,No,,,,
StatementHistoryHeader,RemitToContactName,No,,,,
StatementHistoryHeader,ReturnName,Yes,MASK,ReturnName,,
StatementHistoryHeader,ReturnAddress1,Yes,MASK,ReturnAddress1,,
StatementHistoryHeader,ReturnAddress2,No,,,,
StatementHistoryHeader,ReturnCity,Yes,MASK,ReturnCity,,
StatementHistoryHeader,ReturnState,No,,,,
StatementHistoryHeader,ReturnZip,No,,,,
StatementHistoryHeader,DunningMessage,Yes,MASK,DunningMessage,,
StatementHistoryHeader,ccMC,No,,,,
StatementHistoryHeader,ccVISA,No,,,,
StatementHistoryHeader,ccAMEX,No,,,,
StatementHistoryHeader,ccDISCOVER,No,,,,
StatementHistoryHeader,PaymentDueMessage,No,,,,
StatementHistoryHeader,CreditCards,No,,,,
StatementHistoryHeader,FRPPatientID,Yes,PATIENT_ID,,,
StatementHistoryHeader,StatementGroupID,No,,,,
StatementHistoryHeader,nd_auto_increment_id,No,,,,
StatementHistoryPatient,StatementID,No,,,,
StatementHistoryPatient,PatientID,Yes,PATIENT_ID,,,
StatementHistoryPatient,PatientPrefix,No,,,,
StatementHistoryPatient,PatientFirstName,Yes,MASK,PatientFirstName,,
StatementHistoryPatient,PatientMiddleName1,Yes,MASK,PatientMiddleName1,,
StatementHistoryPatient,PatientMiddleName2,Yes,MASK,PatientMiddleName2,,
StatementHistoryPatient,PatientLastName,Yes,MASK,PatientLastName,,
StatementHistoryPatient,PatientSuffix,No,,,,
StatementHistoryPatient,nd_auto_increment_id,No,,,,
TaskHistory,TaskHistID,No,,,,
TaskHistory,TaskID,No,,,,
TaskHistory,PatientID,Yes,PATIENT_ID,,,
TaskHistory,FollowUpDate,Yes,DATE_OFFSET,,,
TaskHistory,Locked,No,,,,
TaskHistory,AssignmentLock,No,,,,
TaskHistory,CreateDate,Yes,DATE_OFFSET,,,
TaskHistory,HistoryDate,Yes,DATE_OFFSET,,,
TaskHistory,LastChanged,Yes,DATE_OFFSET,,,
TaskHistory,nd_auto_increment_id,No,,,,
TaskList,TaskListID,No,,,,
TaskList,AssignedTo,No,,,,
TaskList,SenderID,No,,,,
TaskList,CreateDate,Yes,DATE_OFFSET,,,
TaskList,DueDate,Yes,DATE_OFFSET,,,
TaskList,Subject,Yes,NOTES,,,
TaskList,TLPriorityID,No,,,,
TaskList,PatientID,Yes,PATIENT_ID,,,
TaskList,TLTypeID,No,,,,
TaskList,TLStatusID,No,,,,
TaskList,LastModifiedDate,Yes,DATE_OFFSET,,,
TaskList,LastModifiedBy,No,,,,
TaskList,CareProviderID,Yes,MASK,CareProviderID,,
TaskList,LocationID,Yes,MASK,LocationID,,
TaskList,DataSource,No,,,,
TaskList,AddToFacesheet,No,,,,
TaskList,nd_auto_increment_id,No,,,,
TaskListExtRequest,TaskListID,No,,,,
TaskListExtRequest,ExtID,No,,,,
TaskListExtRequest,PPModuleID,No,,,,
TaskListExtRequest,ExtPatientID,No,,,,
TaskListExtRequest,ExtLocationID,No,,,,
TaskListExtRequest,ExtPracticeID,No,,,,
TaskListExtRequest,ExtStaffID,No,,,,
TaskListExtRequest,ExtDOM,No,,,,
TaskListExtRequest,nd_auto_increment_id,No,,,,
TaskListHistory,HistoryID,No,,,,
TaskListHistory,TaskListID,No,,,,
TaskListHistory,AssignedTo,No,,,,
TaskListHistory,SenderID,No,,,,
TaskListHistory,CreateDate,Yes,DATE_OFFSET,,,
TaskListHistory,DueDate,Yes,DATE_OFFSET,,,
TaskListHistory,Subject,Yes,NOTES,,,
TaskListHistory,TLPriorityID,No,,,,
TaskListHistory,PatientID,Yes,PATIENT_ID,,,
TaskListHistory,TLTypeID,No,,,,
TaskListHistory,TLStatusID,No,,,,
TaskListHistory,LastModifiedDate,Yes,DATE_OFFSET,,,
TaskListHistory,LastModifiedBy,No,,,,
TaskListHistory,CareProviderID,No,,,,
TaskListHistory,LocationID,No,,,,
TaskListHistory,DataSource,No,,,,
TaskListHistory,AddToFacesheet,No,,,,
TaskListHistory,AssociatedDocuments,No,,,,
TaskListHistory,HistoryDate,Yes,DATE_OFFSET,,,
TaskListHistory,ModifiedBy,No,,,,
TaskListHistory,Action,No,,,,
TaskListHistory,nd_auto_increment_id,No,,,,
TaskListNote,NoteID,No,,,,
TaskListNote,TaskListID,No,,,,
TaskListNote,NoteDate,Yes,DATE_OFFSET,,,
TaskListNote,NoteCreatorID,No,,,,
TaskListNote,Note,Yes,NOTES,,,
TaskListNote,IsNoteFromPatient,No,,,,
TaskListNote,nd_auto_increment_id,No,,,,
TaskPatientColActionLog,TaskPatientColActionLogID,No,,,,
TaskPatientColActionLog,PatientID,Yes,PATIENT_ID,,,
TaskPatientColActionLog,TaskID,No,,,,
TaskPatientColActionLog,ColWorkListID,No,,,,
TaskPatientColActionLog,LetterID,No,,,,
TaskPatientColActionLog,Note,Yes,NOTES,,,
TaskPatientColActionLog,FollowUpDays,No,,,,
TaskPatientColActionLog,StatementType,No,,,,
TaskPatientColActionLog,ExcludeFinanceCharge,No,,,,
TaskPatientColActionLog,CreateDate,Yes,DATE_OFFSET,,,
TaskPatientColActionLog,UserID,No,,,,
TaskPatientColActionLog,Deleted,No,,,,
TaskPatientColActionLog,Qualified,No,,,,
TaskPatientColActionLog,ActionDeviated,No,,,,
TaskPatientColActionLog,NoteID,No,,,,
TaskPatientColActionLog,ActionID,No,,,,
TaskPatientColActionLog,AssignUserID,No,,,,
TaskPatientColActionLog,NextActionID,No,,,,
TaskPatientColActionLog,DueDate,Yes,DATE_OFFSET,,,
TaskPatientColActionLog,nd_auto_increment_id,No,,,,
TaskPatientColActionLogBatch,BatchID,No,,,,
TaskPatientColActionLogBatch,LogID,No,,,,
TaskPatientColActionLogBatch,PatientID,Yes,PATIENT_ID,,,
TaskPatientColActionLogBatch,TaskID,No,,,,
TaskPatientColActionLogBatch,ActionID,No,,,,
TaskPatientColActionLogBatch,ColWorkListID,No,,,,
TaskPatientColActionLogBatch,UserID,No,,,,
TaskPatientColActionLogBatch,LetterID,No,,,,
TaskPatientColActionLogBatch,Note,No,,,,
TaskPatientColActionLogBatch,FollowUpDays,No,,,,
TaskPatientColActionLogBatch,StatementType,No,,,,
TaskPatientColActionLogBatch,ExcludeFinanceCharge,No,,,,
TaskPatientColActionLogBatch,Qualified,No,,,,
TaskPatientColActionLogBatch,Deleted,No,,,,
TaskPatientColActionLogBatch,WorkListLock,No,,,,
TaskPatientColActionLogBatch,AssignmentLock,No,,,,
TaskPatientColActionLogBatch,AssignUserID,No,,,,
TaskPatientColActionLogBatch,NextActionID,No,,,,
TaskPatientColActionLogBatch,nd_auto_increment_id,No,,,,
TaskPatientCollectionHistory,TaskPatientCollectionHistID,No,,,,
TaskPatientCollectionHistory,PatientID,Yes,PATIENT_ID,,,
TaskPatientCollectionHistory,TaskID,No,,,,
TaskPatientCollectionHistory,ColWorkListID,No,,,,
TaskPatientCollectionHistory,NextActionID,No,,,,
TaskPatientCollectionHistory,LastActionID,No,,,,
TaskPatientCollectionHistory,LastActionDeviated,No,,,,
TaskPatientCollectionHistory,WorkListLock,No,,,,
TaskPatientCollectionHistory,LastChangedBy,No,,,,
TaskPatientCollectionHistory,LastChangedDate,Yes,DATE_OFFSET,,,
TaskPatientCollectionHistory,LastActionDate,Yes,DATE_OFFSET,,,
TaskPatientCollectionHistory,HistoryDate,Yes,DATE_OFFSET,,,
TaskPatientCollectionHistory,SnoozeCount,No,,,,
TaskPatientCollectionHistory,nd_auto_increment_id,No,,,,
UserPatients,UserID,No,,,,
UserPatients,PatientID,Yes,PATIENT_ID,,,
UserPatients,LastAccessed,Yes,DATE_OFFSET,,,
UserPatients,nd_auto_increment_id,No,,,,
VisitHistory,UserID,No,,,,
VisitHistory,StartChangeDate,Yes,DATE_OFFSET,,,
VisitHistory,EndChangeDate,Yes,DATE_OFFSET,,,
VisitHistory,VisitID,Yes,ENCOUNTER_ID,,,
VisitHistory,PatientID,Yes,PATIENT_ID,,,
VisitHistory,PatientArrivalFlag,No,,,,
VisitHistory,PatArrDateTime,Yes,DATE_OFFSET,,,
VisitHistory,VisitTypeID,No,,,,
VisitHistory,CareProviderID,No,,,,
VisitHistory,ReferringProviderID,Yes,MASK,ReferringProviderID,,
VisitHistory,BillableCareProviderID,Yes,MASK,BillableCareProviderID,,
VisitHistory,PrimaryCareProviderID,Yes,MASK,PrimaryCareProviderID,,
VisitHistory,CreateUserID,No,,,,
VisitHistory,CreateDate,Yes,DATE_OFFSET,,,
VisitHistory,ServiceLocationID,No,,,,
VisitHistory,PracticeLocationID,Yes,MASK,PracticeLocationID,,
VisitHistory,FromDateTime,Yes,DATE_OFFSET,,,
VisitHistory,ThroughDateTime,Yes,DATE_OFFSET,,,
VisitHistory,ChargeTicketID,No,,,,
VisitHistory,PrimaryComplaint,Yes,NOTES,,,
VisitHistory,VisitStatus,No,,,,
VisitHistory,AccidentFlag,No,,,,
VisitHistory,AccidentState,No,,,,
VisitHistory,AccidentTypeID,No,,,,
VisitHistory,DisabilityFromDate,No,,,,
VisitHistory,DisabilityToDate,No,,,,
VisitHistory,HospitalAdmitDateTime,Yes,DATE_OFFSET,,,
VisitHistory,HospitalDischargeDateTime,Yes,DATE_OFFSET,,,
VisitHistory,FinanciallyResponsiblePartyID,Yes,PATIENT_ID,,,
VisitHistory,SimilarIllnessDate,Yes,DATE_OFFSET,,,
VisitHistory,SymptomDate,Yes,DATE_OFFSET,,,
VisitHistory,Comments,Yes,NOTES,,,
VisitHistory,SuperBillID,No,,,,
VisitHistory,nd_auto_increment_id,No,,,,
VisitInsurance,VisitID,Yes,ENCOUNTER_ID,,,
VisitInsurance,InsID,Yes,MASK,InsID,,
VisitInsurance,Priority,No,,,,
VisitInsurance,SubmissionOrder,No,,,,
VisitInsurance,PreCertNumber,Yes,MASK,PreCertNumber,,
VisitInsurance,InsPreCertID,Yes,MASK,InsPreCertID,,
VisitInsurance,DecrementCounter,No,,,,
VisitInsurance,InsuranceTypeID,Yes,MASK,InsuranceTypeID,,
VisitInsurance,nd_auto_increment_id,No,,,,
