TABLE_NAME,COLUMN_NAME,IS_PHI,DE_IDENTIFICATION_RULE,MASK_VALUE,REFERENCE_PATIENT_ID,REFERENCE_ENCOUNTER_ID
__OrdersTrackingActions_DELETED,TaskKey,No,,,,
__OrdersTrackingActions_DELETED,OrderID,No,,,,
__OrdersTrackingActions_DELETED,FUTaskID,No,,,,
__OrdersTrackingActions_DELETED,nd_auto_increment_id,No,,,,
_oldOrdersTracking,OrderID,No,,,,
_oldOrdersTracking,PatientID,Yes,PATIENT_ID,,,
_oldOrdersTracking,IssuingDocumentID,No,,,,
_oldOrdersTracking,ProcedureMasterID,No,,,,
_oldOrdersTracking,ProcedureCode,No,,,,
_oldOrdersTracking,Unit,No,,,,
_oldOrdersTracking,Description,No,,,,
_oldOrdersTracking,Disabled,No,,,,
_oldOrdersTracking,DateOrdered,Yes,STATIC_OFFSET,,,
_oldOrdersTracking,StatusID,No,,,,
_oldOrdersTracking,FUStatusID,No,,,,
_oldOrdersTracking,FUNotes,No,,,,
_oldOrdersTracking,ResultGeneralFindingID,No,,,,
_oldOrdersTracking,ReviewedBy,No,,,,
_oldOrdersTracking,enteredby,No,,,,
_oldOrdersTracking,ResultNotes,No,,,,
_oldOrdersTracking,PerformedDate,No,,,,
_oldOrdersTracking,ResultsReceived,No,,,,
_oldOrdersTracking,PerformedByID,No,,,,
_oldOrdersTracking,ReasonForCancelID,No,,,,
_oldOrdersTracking,ResultsDocumentID,No,,,,
_oldOrdersTracking,CancelNotes,No,,,,
_oldOrdersTracking,nd_auto_increment_id,No,,,,
ABNDocument,ABNDocumentID,No,,,,
ABNDocument,ABNDocumentStatusID,No,,,,
ABNDocument,ABNPatientResponseID,No,,,,
ABNDocument,ClinicalDocumentID,No,,,,
ABNDocument,nd_auto_increment_id,No,,,,
ABNDocumentStatus,ABNDocumentStatusID,No,,,,
ABNDocumentStatus,StatusDescription,No,,,,
ABNDocumentStatus,nd_auto_increment_id,No,,,,
ABNOrderStatus,ABNOrderStatusID,No,,,,
ABNOrderStatus,StatusDescription,No,,,,
ABNOrderStatus,nd_auto_increment_id,No,,,,
ABNPatientResponse,ABNPatientResponseID,No,,,,
ABNPatientResponse,ResponseDescription,No,,,,
ABNPatientResponse,nd_auto_increment_id,No,,,,
ABNRequiredReason,ABNRequiredReasonID,No,,,,
ABNRequiredReason,ReasonDescription,Yes,GENERIC_NOTES,,,
ABNRequiredReason,ReasonText,Yes,GENERIC_NOTES,,,
ABNRequiredReason,nd_auto_increment_id,No,,,,
ABNStatus,ABNStatusID,No,,,,
ABNStatus,StatusDescription,No,,,,
ABNStatus,nd_auto_increment_id,No,,,,
AccidentType,AccidentTypeID,No,,,,
AccidentType,LocalName,No,,,,
AccidentType,StandardName,No,,,,
AccidentType,Description,No,,,,
AccidentType,IsDefaultField,No,,,,
AccidentType,Enabled,No,,,,
AccidentType,nd_auto_increment_id,No,,,,
ActCodingSystem,CodingSystemId,No,,,,
ActCodingSystem,Code,No,,,,
ActCodingSystem,CodeDisplayName,No,,,,
ActCodingSystem,nd_auto_increment_id,No,,,,
ActionGroupLU,GroupID,No,,,,
ActionGroupLU,GroupName,No,,,,
ActionGroupLU,Description,No,,,,
ActionGroupLU,SortOrder,No,,,,
ActionGroupLU,ModuleListID,No,,,,
ActionGroupLU,ParentID,No,,,,
ActionGroupLU,nd_auto_increment_id,No,,,,
ActionReaction,ActionID,No,,,,
ActionReaction,DependentID,No,,,,
ActionReaction,Enable,No,,,,
ActionReaction,Disable,No,,,,
ActionReaction,nd_auto_increment_id,No,,,,
ActionsLU,ActionID,No,,,,
ActionsLU,ActionName,No,,,,
ActionsLU,Description,No,,,,
ActionsLU,SortOrder,No,,,,
ActionsLU,GroupID,No,,,,
ActionsLU,ActionTypeID,No,,,,
ActionsLU,Hidden,No,,,,
ActionsLU,nd_auto_increment_id,No,,,,
ActionType,ActionTypeID,No,,,,
ActionType,Description,No,,,,
ActionType,GroupID,No,,,,
ActionType,SortOrder,No,,,,
ActionType,nd_auto_increment_id,No,,,,
ActiveConnections,Session,No,,,,
ActiveConnections,UserID,No,,,,
ActiveConnections,TimeOn,No,,,,
ActiveConnections,nd_auto_increment_id,No,,,,
ActivityTxnEvntMgrLog,LogID,No,,,,
ActivityTxnEvntMgrLog,AggregateStatus,No,,,,
ActivityTxnEvntMgrLog,PrescriptionStatus,No,,,,
ActivityTxnEvntMgrLog,TransmissionDate,Yes,STATIC_OFFSET,,,
ActivityTxnEvntMgrLog,nd_auto_increment_id,No,,,,
AdamImage,AdamImageID,No,,,,
AdamImage,AdamImageName,No,,,,
AdamImage,AdamImageFileName,Yes,GENERIC_NOTES,,,
AdamImage,AdamImageXML,Yes,GENERIC_NOTES,,,
AdamImage,Enabled,No,,,,
AdamImage,nd_auto_increment_id,No,,,,
AddressHistory,UserID,No,,,,
AddressHistory,EffectiveStartDate,Yes,STATIC_OFFSET,,,
AddressHistory,EffectiveEndDate,Yes,STATIC_OFFSET,,,
AddressHistory,AddressID,No,,,,
AddressHistory,AddressLine1,Yes,MASK,AddressLine1,,
AddressHistory,AddressLine2,No,,,,
AddressHistory,City,Yes,MASK,City,,
AddressHistory,County,No,,,,
AddressHistory,State,No,,,,
AddressHistory,Country,No,,,,
AddressHistory,PostalCode,No,,,,
AddressHistory,PhoneNum1,Yes,MASK,PhoneNum1,,
AddressHistory,PhoneNum2,Yes,MASK,PhoneNum2,,
AddressHistory,FaxNumber,Yes,MASK,FaxNumber,,
AddressHistory,FromDate,Yes,STATIC_OFFSET,,,
AddressHistory,ToDate,No,,,,
AddressHistory,Status,No,,,,
AddressHistory,AddressHistID,No,,,,
AddressHistory,nd_auto_increment_id,No,,,,
AdjustmentSubType,AdjustmentSubTypeID,No,,,,
AdjustmentSubType,AdjustmentSubTypeDesc,No,,,,
AdjustmentSubType,AdjustmentTypeID,No,,,,
AdjustmentSubType,Active,No,,,,
AdjustmentSubType,nd_auto_increment_id,No,,,,
AdjustmentType,AdjustmentTypeID,No,,,,
AdjustmentType,AdjustmentTypeDesc,No,,,,
AdjustmentType,AdjustmentAnalysisINSString,Yes,MASK,AdjustmentAnalysisINSString,,
AdjustmentType,nd_auto_increment_id,No,,,,
AgingPeriod,AgingPeriodID,No,,,,
AgingPeriod,AgingPeriodSortOrder,No,,,,
AgingPeriod,BeginningRangeDays,No,,,,
AgingPeriod,EndingRangeDays,No,,,,
AgingPeriod,AgingPeriodDesc,No,,,,
AgingPeriod,nd_auto_increment_id,No,,,,
AlcoholAmountUsed,AlcoholAmountUsedID,No,,,,
AlcoholAmountUsed,AmountDesc,No,,,,
AlcoholAmountUsed,nd_auto_increment_id,No,,,,
AlertType,AlertTypeID,No,,,,
AlertType,AlertDesc,No,,,,
AlertType,nd_auto_increment_id,No,,,,
Allergen,AllergenConceptID,No,,,,
Allergen,AllergenTypeID,No,,,,
Allergen,ShortName,No,,,,
Allergen,Enabled,No,,,,
Allergen,nd_auto_increment_id,No,,,,
AllergenCodingSystem,CodingSystemID,No,,,,
AllergenCodingSystem,AllergenConceptID,No,,,,
AllergenCodingSystem,CodeID,No,,,,
AllergenCodingSystem,nd_auto_increment_id,No,,,,
AllergenSyn,AllergenSynID,No,,,,
AllergenSyn,AllergenConceptID,No,,,,
AllergenSyn,AllergenSynDesc,No,,,,
AllergenSyn,Enabled,No,,,,
AllergenSyn,nd_auto_increment_id,No,,,,
AllergenType,AllergenTypeID,No,,,,
AllergenType,AllergenTypeDesc,No,,,,
AllergenType,nd_auto_increment_id,No,,,,
AllergyEd,AllergyEdID,No,,,,
AllergyEd,AllergyEdDesc,No,,,,
AllergyEd,AllergyEdTypeID,No,,,,
AllergyEd,AllergenConceptID,No,,,,
AllergyEd,AllergenSynID,No,,,,
AllergyEd,BaselineFlag,No,,,,
AllergyEd,CreateDate,Yes,STATIC_OFFSET,,,
AllergyEd,UserID,No,,,,
AllergyEd,nd_auto_increment_id,No,,,,
AllergyEdType,AllergyEdTypeID,No,,,,
AllergyEdType,AllergyEdTypeDesc,No,,,,
AllergyEdType,UserID,No,,,,
AllergyEdType,CreateDate,Yes,STATIC_OFFSET,,,
AllergyEdType,nd_auto_increment_id,No,,,,
AllergySeverity,AllergySeverityID,No,,,,
AllergySeverity,SeverityDescription,No,,,,
AllergySeverity,IsEnabled,No,,,,
AllergySeverity,DisplayOrder,No,,,,
AllergySeverity,nd_auto_increment_id,No,,,,
AllergySeverityCodingSystem,AllergySeverityID,No,,,,
AllergySeverityCodingSystem,CodingSystemID,No,,,,
AllergySeverityCodingSystem,CodeID,No,,,,
AllergySeverityCodingSystem,nd_auto_increment_id,No,,,,
AllergySnomedCodeFact,AgID,No,,,,
AllergySnomedCodeFact,DrugClassDesc,No,,,,
AllergySnomedCodeFact,SnomedCode,No,,,,
AllergySnomedCodeFact,SnomedDesc,No,,,,
AllergySnomedCodeFact,nd_auto_increment_id,No,,,,
AllergySnomedCodeValueSetLookUp,SnomedCode,No,,,,
AllergySnomedCodeValueSetLookUp,SnomedDesc,No,,,,
AllergySnomedCodeValueSetLookUp,nd_auto_increment_id,No,,,,
AllergyTest,AllergyTestID,No,,,,
AllergyTest,AllergyTestDesc,No,,,,
AllergyTest,AllergyTestTypeID,No,,,,
AllergyTest,UserID,No,,,,
AllergyTest,CreateDate,Yes,STATIC_OFFSET,,,
AllergyTest,ActiveFlag,No,,,,
AllergyTest,nd_auto_increment_id,No,,,,
AllergyTestBattery,AllergyTestBatteryID,No,,,,
AllergyTestBattery,AllergyTestBatteryDesc,No,,,,
AllergyTestBattery,UserID,No,,,,
AllergyTestBattery,CreateDate,Yes,STATIC_OFFSET,,,
AllergyTestBattery,nd_auto_increment_id,No,,,,
AllergyTestDetail,AllergyTestID,No,,,,
AllergyTestDetail,AllergenConceptID,No,,,,
AllergyTestDetail,AllergenSynID,No,,,,
AllergyTestDetail,AllergyTestBatteryID,No,,,,
AllergyTestDetail,DisplayOrder,No,,,,
AllergyTestDetail,UserID,No,,,,
AllergyTestDetail,CreateDate,Yes,STATIC_OFFSET,,,
AllergyTestDetail,nd_auto_increment_id,No,,,,
AllergyTestLocation,AllergyTestLocationID,No,,,,
AllergyTestLocation,AllergyTestLocationDesc,No,,,,
AllergyTestLocation,nd_auto_increment_id,No,,,,
AllergyTestResultType,AllergyTestResultTypeID,No,,,,
AllergyTestResultType,AllergyTestResultTypeDesc,No,,,,
AllergyTestResultType,nd_auto_increment_id,No,,,,
AllergyTestType,AllergyTestTypeID,No,,,,
AllergyTestType,AllergyTestTypeDesc,No,,,,
AllergyTestType,nd_auto_increment_id,No,,,,
AllocationTypes,Type,No,,,,
AllocationTypes,Main,No,,,,
AllocationTypes,Credit,No,,,,
AllocationTypes,PaymentAdjustment,No,,,,
AllocationTypes,PTCVoidIsolation,No,,,,
AllocationTypes,Description,No,,,,
AllocationTypes,BaseType,No,,,,
AllocationTypes,CPSummary,No,,,,
AllocationTypes,TransactionDetailcpString,No,,,,
AllocationTypes,AdjustmentAnalysisINSString,No,,,,
AllocationTypes,AdjustmentAnalysisSubType,No,,,,
AllocationTypes,AccountDetailsDescription,No,,,,
AllocationTypes,AccountDetailsOffsetDescription,No,,,,
AllocationTypes,nd_auto_increment_id,No,,,,
AmbulatoryClassification,AmbulatoryClassificationID,No,,,,
AmbulatoryClassification,Name,Yes,MASK,Name,,
AmbulatoryClassification,Value,No,,,,
AmbulatoryClassification,nd_auto_increment_id,No,,,,
Anesthesia,AnesthesiaID,No,,,,
Anesthesia,AnesthesiaDescription,No,,,,
Anesthesia,nd_auto_increment_id,No,,,,
AntigenBoard,AntigenBoardID,No,,,,
AntigenBoard,AntigenBoardDesc,No,,,,
AntigenBoard,nd_auto_increment_id,No,,,,
AntigenBoardLotNum,AntigenBoardLotNumID,No,,,,
AntigenBoardLotNum,AntigenLotNumID,No,,,,
AntigenBoardLotNum,AntigenBoardID,No,,,,
AntigenBoardLotNum,ActiveFlag,No,,,,
AntigenBoardLotNum,CreateDate,Yes,STATIC_OFFSET,,,
AntigenBoardLotNum,AllergenSynID,No,,,,
AntigenBoardLotNum,nd_auto_increment_id,No,,,,
AntigenLotNum,AntigenLotNumID,No,,,,
AntigenLotNum,AllergenConceptID,No,,,,
AntigenLotNum,LotNum,No,,,,
AntigenLotNum,ExpirationDate,No,,,,
AntigenLotNum,ActiveFlag,No,,,,
AntigenLotNum,CreateDate,No,,,,
AntigenLotNum,nd_auto_increment_id,No,,,,
ArmCheckOffset,ArmCheckOffsetID,No,,,,
ArmCheckOffset,ArmCheckOffsetValue,No,,,,
ArmCheckOffset,UOMConceptID,No,,,,
ArmCheckOffset,nd_auto_increment_id,No,,,,
ArrivalModes,ArrivalModeID,No,,,,
ArrivalModes,LocalName,Yes,MASK,LocalName,,
ArrivalModes,StandardName,No,,,,
ArrivalModes,Description,No,,,,
ArrivalModes,IsDefaultField,No,,,,
ArrivalModes,Enabled,No,,,,
ArrivalModes,nd_auto_increment_id,No,,,,
ARSetting,GroupName,No,,,,
ARSetting,KeyName,No,,,,
ARSetting,Value,No,,,,
ARSetting,CreateDate,Yes,STATIC_OFFSET,,,
ARSetting,RevisionDate,Yes,STATIC_OFFSET,,,
ARSetting,nd_auto_increment_id,No,,,,
AsciiCleanup,ascii_val,No,,,,
AsciiCleanup,nchar_val,No,,,,
AsciiCleanup,char_val,No,,,,
AsciiCleanup,nd_auto_increment_id,No,,,,
ASCX12_835D_Adjustment,X12DA835ID,No,,,,
ASCX12_835D_Adjustment,X12DC835ID,No,,,,
ASCX12_835D_Adjustment,X12DS835ID,No,,,,
ASCX12_835D_Adjustment,GroupCode,No,,,,
ASCX12_835D_Adjustment,ReasonCode1,No,,,,
ASCX12_835D_Adjustment,Amount1,No,,,,
ASCX12_835D_Adjustment,Quantity1,No,,,,
ASCX12_835D_Adjustment,ReasonCode2,No,,,,
ASCX12_835D_Adjustment,Amount2,Yes,MASK,Amount2,,
ASCX12_835D_Adjustment,Quantity2,No,,,,
ASCX12_835D_Adjustment,ReasonCode3,No,,,,
ASCX12_835D_Adjustment,Amount3,No,,,,
ASCX12_835D_Adjustment,Quantity3,No,,,,
ASCX12_835D_Adjustment,ReasonCode4,No,,,,
ASCX12_835D_Adjustment,Amount4,No,,,,
ASCX12_835D_Adjustment,Quantity4,No,,,,
ASCX12_835D_Adjustment,ReasonCode5,No,,,,
ASCX12_835D_Adjustment,Amount5,No,,,,
ASCX12_835D_Adjustment,Quantity5,No,,,,
ASCX12_835D_Adjustment,ReasonCode6,No,,,,
ASCX12_835D_Adjustment,Amount6,No,,,,
ASCX12_835D_Adjustment,Quantity6,No,,,,
ASCX12_835D_Adjustment,nd_auto_increment_id,No,,,,
ASCX12_835D_Claim,X12DC835ID,No,,,,
ASCX12_835D_Claim,X12D835ID,No,,,,
ASCX12_835D_Claim,SubmitterControlNumber,No,,,,
ASCX12_835D_Claim,ClaimStatusCode,No,,,,
ASCX12_835D_Claim,ClaimCharge,No,,,,
ASCX12_835D_Claim,ClaimPayment,No,,,,
ASCX12_835D_Claim,ClaimPatResp,No,,,,
ASCX12_835D_Claim,ClaimFilingIndicator,Yes,MASK,ClaimFilingIndicator,,
ASCX12_835D_Claim,PayerClaimControlNumber,No,,,,
ASCX12_835D_Claim,FacilityTypeCode,No,,,,
ASCX12_835D_Claim,ClaimFrequencyCode,No,,,,
ASCX12_835D_Claim,DRGCode,No,,,,
ASCX12_835D_Claim,DRGWeight,No,,,,
ASCX12_835D_Claim,DischargeFraction,No,,,,
ASCX12_835D_Claim,PatientLastName,Yes,MASK,PatientLastName,,
ASCX12_835D_Claim,PatientFirstName,Yes,MASK,PatientFirstName,,
ASCX12_835D_Claim,PatientMiddleName,Yes,MASK,PatientMiddleName,,
ASCX12_835D_Claim,PatientNameSuffix,Yes,MASK,PatientNameSuffix,,
ASCX12_835D_Claim,PatientIDNumberType,Yes,MASK,PatientIDNumberType,,
ASCX12_835D_Claim,PatientIDNumber,Yes,PATIENT_ID,,,
ASCX12_835D_Claim,InsuredLastName,Yes,MASK,InsuredLastName,,
ASCX12_835D_Claim,InsuredFirstName,Yes,MASK,InsuredFirstName,,
ASCX12_835D_Claim,InsuredMiddleName,Yes,MASK,InsuredMiddleName,,
ASCX12_835D_Claim,InsuredNameSuffix,Yes,MASK,InsuredNameSuffix,,
ASCX12_835D_Claim,InsuredIDNumberType,Yes,MASK,InsuredIDNumberType,,
ASCX12_835D_Claim,InsuredIDNumber,Yes,MASK,InsuredIDNumber,,
ASCX12_835D_Claim,CorrectedLastName,Yes,MASK,CorrectedLastName,,
ASCX12_835D_Claim,CorrectedFirstName,Yes,MASK,CorrectedFirstName,,
ASCX12_835D_Claim,CorrectedMiddleName,Yes,MASK,CorrectedMiddleName,,
ASCX12_835D_Claim,CorrectedNameSuffix,Yes,MASK,CorrectedNameSuffix,,
ASCX12_835D_Claim,CorrectedIDNumberType,No,,,,
ASCX12_835D_Claim,CorrectedIDNumber,No,,,,
ASCX12_835D_Claim,RenderingLastNameOrOrganization,Yes,MASK,RenderingLastNameOrOrganization,,
ASCX12_835D_Claim,RenderingFirstName,Yes,MASK,RenderingFirstName,,
ASCX12_835D_Claim,RenderingMiddleName,Yes,MASK,RenderingMiddleName,,
ASCX12_835D_Claim,RenderingNameSuffix,Yes,MASK,RenderingNameSuffix,,
ASCX12_835D_Claim,RenderingProviderIDType,No,,,,
ASCX12_835D_Claim,RenderingProviderID,Yes,MASK,RenderingProviderID,,
ASCX12_835D_Claim,CrossoverCarrierName,Yes,MASK,CrossoverCarrierName,,
ASCX12_835D_Claim,CrossoverCarrierIDType,No,,,,
ASCX12_835D_Claim,CrossoverCarrierID,No,,,,
ASCX12_835D_Claim,CorrectedPriorityPayerName1,Yes,MASK,CorrectedPriorityPayerName1,,
ASCX12_835D_Claim,CorrectedPriorityPayerID1Type,No,,,,
ASCX12_835D_Claim,CorrectedPriorityPayerID1,Yes,MASK,CorrectedPriorityPayerID1,,
ASCX12_835D_Claim,CorrectedPriorityPayerName2,No,,,,
ASCX12_835D_Claim,CorrectedPriorityPayerID2Type,No,,,,
ASCX12_835D_Claim,CorrectedPriorityPayerID2,No,,,,
ASCX12_835D_Claim,IPCoveredDaysOrVisitsCount,No,,,,
ASCX12_835D_Claim,IPPPSOperatingOutlierAmount,No,,,,
ASCX12_835D_Claim,IPLifetimePsychiatricDaysCount,No,,,,
ASCX12_835D_Claim,IPClaimDRGAmount,No,,,,
ASCX12_835D_Claim,IPRemarkCode1,No,,,,
ASCX12_835D_Claim,IPClaimDisproportionateShareAmount,No,,,,
ASCX12_835D_Claim,IPClaimMSPPassThroughAmount,No,,,,
ASCX12_835D_Claim,IPClaimPPSCapitalAmount,No,,,,
ASCX12_835D_Claim,IPPPSCapitalFSPDRGAmount,No,,,,
ASCX12_835D_Claim,IPPPSCapitalHSPDRGAmount,No,,,,
ASCX12_835D_Claim,IPPPSCapitalDSHDRGAmount,No,,,,
ASCX12_835D_Claim,IPOldCapitalAmount,No,,,,
ASCX12_835D_Claim,IPPPSCapitalIMEAmount,No,,,,
ASCX12_835D_Claim,IPPPSOperatingHospSpecificDRGAmount,No,,,,
ASCX12_835D_Claim,IPCostReportDayCount,No,,,,
ASCX12_835D_Claim,IPPPSOperatingFederalSpecificDRGAmount,No,,,,
ASCX12_835D_Claim,IPClaimPPSCapitalOutlierAmount,No,,,,
ASCX12_835D_Claim,IPClaimIndirectTeachingAmount,No,,,,
ASCX12_835D_Claim,IPNonpayableProfCompAmount,No,,,,
ASCX12_835D_Claim,IPRemarkCode2,No,,,,
ASCX12_835D_Claim,IPRemarkCode3,No,,,,
ASCX12_835D_Claim,IPRemarkCode4,No,,,,
ASCX12_835D_Claim,IPRemarkCode5,No,,,,
ASCX12_835D_Claim,IPPPSCapitalExceptionAmount,No,,,,
ASCX12_835D_Claim,OPReimbursementRatePct,No,,,,
ASCX12_835D_Claim,OPClaimHCPCSPayableAmount,No,,,,
ASCX12_835D_Claim,OPRemarkCode1,No,,,,
ASCX12_835D_Claim,OPRemarkCode2,No,,,,
ASCX12_835D_Claim,OPRemarkCode3,No,,,,
ASCX12_835D_Claim,OPRemarkCode4,Yes,MASK,OPRemarkCode4,,
ASCX12_835D_Claim,OPRemarkCode5,Yes,MASK,OPRemarkCode5,,
ASCX12_835D_Claim,OPClaimESRDPaymentAmount,No,,,,
ASCX12_835D_Claim,OPNonpayableProfCompAmount,No,,,,
ASCX12_835D_Claim,ClaimDateExpiration,Yes,STATIC_OFFSET,,,
ASCX12_835D_Claim,ClaimDateReceived,Yes,STATIC_OFFSET,,,
ASCX12_835D_Claim,ClaimDateStart,Yes,STATIC_OFFSET,,,
ASCX12_835D_Claim,ClaimDateEnd,Yes,STATIC_OFFSET,,,
ASCX12_835D_Claim,OtherSubscriberLastName,Yes,MASK,OtherSubscriberLastName,,
ASCX12_835D_Claim,OtherSubscriberFirstName,Yes,MASK,OtherSubscriberFirstName,,
ASCX12_835D_Claim,OtherSubscriberMiddleName,Yes,MASK,OtherSubscriberMiddleName,,
ASCX12_835D_Claim,OtherSubscriberNameSuffix,No,,,,
ASCX12_835D_Claim,OtherSubscriberIDNumberType,Yes,MASK,OtherSubscriberIDNumberType,,
ASCX12_835D_Claim,OtherSubscriberIDNumber,Yes,MASK,OtherSubscriberIDNumber,,
ASCX12_835D_Claim,nd_auto_increment_id,No,,,,
ASCX12_835D_ClaimContact,X12DCCC835ID,No,,,,
ASCX12_835D_ClaimContact,X12DC835ID,No,,,,
ASCX12_835D_ClaimContact,ClaimContactName,Yes,MASK,ClaimContactName,,
ASCX12_835D_ClaimContact,ClaimContactNumberType1,No,,,,
ASCX12_835D_ClaimContact,ClaimContactNumber1,Yes,MASK,ClaimContactNumber1,,
ASCX12_835D_ClaimContact,ClaimContactNumberType2,No,,,,
ASCX12_835D_ClaimContact,ClaimContactNumber2,No,,,,
ASCX12_835D_ClaimContact,ClaimContactNumberType3,No,,,,
ASCX12_835D_ClaimContact,ClaimContactNumber3,No,,,,
ASCX12_835D_ClaimContact,nd_auto_increment_id,No,,,,
ASCX12_835D_OtherClaimServiceRefID,X12DCOS835ID,No,,,,
ASCX12_835D_OtherClaimServiceRefID,X12DC835ID,No,,,,
ASCX12_835D_OtherClaimServiceRefID,X12DS835ID,No,,,,
ASCX12_835D_OtherClaimServiceRefID,OtherRefIDQualifier,No,,,,
ASCX12_835D_OtherClaimServiceRefID,OtherRefID,No,,,,
ASCX12_835D_OtherClaimServiceRefID,nd_auto_increment_id,No,,,,
ASCX12_835D_OtherRenderingID,X12DCOR835ID,No,,,,
ASCX12_835D_OtherRenderingID,X12DC835ID,No,,,,
ASCX12_835D_OtherRenderingID,X12DS835ID,No,,,,
ASCX12_835D_OtherRenderingID,RenderingIDQualifier,No,,,,
ASCX12_835D_OtherRenderingID,RenderingID,No,,,,
ASCX12_835D_OtherRenderingID,nd_auto_increment_id,No,,,,
ASCX12_835D_Provider,X12D835ID,No,,,,
ASCX12_835D_Provider,X12H835ID,No,,,,
ASCX12_835D_Provider,HeaderNumber,No,,,,
ASCX12_835D_Provider,ProviderID,No,,,,
ASCX12_835D_Provider,FacilityTypeCode,No,,,,
ASCX12_835D_Provider,FiscalDate,Yes,STATIC_OFFSET,,,
ASCX12_835D_Provider,TotalClaimCount,No,,,,
ASCX12_835D_Provider,TotalClaimCharge,Yes,MASK,TotalClaimCharge,,
ASCX12_835D_Provider,TotalCoveredCharge,No,,,,
ASCX12_835D_Provider,TotalNonCoveredCharge,No,,,,
ASCX12_835D_Provider,TotalDeniedCharge,No,,,,
ASCX12_835D_Provider,TotalProviderPayment,No,,,,
ASCX12_835D_Provider,TotalInterest,No,,,,
ASCX12_835D_Provider,TotalContractualAdjustment,No,,,,
ASCX12_835D_Provider,TotalGrammRudmanReduction,No,,,,
ASCX12_835D_Provider,TotalMSPPayer,No,,,,
ASCX12_835D_Provider,TotalBloodDeductible,No,,,,
ASCX12_835D_Provider,TotalCoinsurance,No,,,,
ASCX12_835D_Provider,TotalNonLabCharge,No,,,,
ASCX12_835D_Provider,TotalHCPCSReportedCharge,No,,,,
ASCX12_835D_Provider,TotalHCPCSPayable,No,,,,
ASCX12_835D_Provider,TotalDeductible,No,,,,
ASCX12_835D_Provider,TotalProfessionalComponent,No,,,,
ASCX12_835D_Provider,TotalMSPPatientLiabilityMet,No,,,,
ASCX12_835D_Provider,TotalPatientReimbursement,No,,,,
ASCX12_835D_Provider,TotalPIPClaimCount,No,,,,
ASCX12_835D_Provider,TotalPIPAdjustment,No,,,,
ASCX12_835D_Provider,TotalDRG,No,,,,
ASCX12_835D_Provider,TotalFederalSpecific,No,,,,
ASCX12_835D_Provider,TotalHospitalSpecific,No,,,,
ASCX12_835D_Provider,TotalDisproportionateShare,No,,,,
ASCX12_835D_Provider,TotalCapital,No,,,,
ASCX12_835D_Provider,TotalIndirectMedEdu,No,,,,
ASCX12_835D_Provider,TotalOutlierDayCount,No,,,,
ASCX12_835D_Provider,TotalOutlierDayAmount,No,,,,
ASCX12_835D_Provider,TotalCostOutlier,No,,,,
ASCX12_835D_Provider,AverageDRGLengthOfStay,No,,,,
ASCX12_835D_Provider,TotalDischargeCount,No,,,,
ASCX12_835D_Provider,TotalCostReportDayCount,No,,,,
ASCX12_835D_Provider,TotalCoveredDayCount,No,,,,
ASCX12_835D_Provider,TotalNoncoveredDayCount,No,,,,
ASCX12_835D_Provider,TotalMSPPassThroughAmount,No,,,,
ASCX12_835D_Provider,AverageDRGWeight,No,,,,
ASCX12_835D_Provider,TotalPPSCapitalFSPDRGAmount,No,,,,
ASCX12_835D_Provider,TotalPPSCapitalHSPDRGAmount,No,,,,
ASCX12_835D_Provider,TotalPPSDSHDRGAmount,No,,,,
ASCX12_835D_Provider,nd_auto_increment_id,No,,,,
ASCX12_835D_Service,X12DS835ID,No,,,,
ASCX12_835D_Service,X12DC835ID,No,,,,
ASCX12_835D_Service,ServiceIDQualifier,No,,,,
ASCX12_835D_Service,ProcedureCode,No,,,,
ASCX12_835D_Service,Modifier1,No,,,,
ASCX12_835D_Service,Modifier2,No,,,,
ASCX12_835D_Service,Modifier3,No,,,,
ASCX12_835D_Service,Modifier4,No,,,,
ASCX12_835D_Service,Description,No,,,,
ASCX12_835D_Service,Charge,Yes,MASK,Charge,,
ASCX12_835D_Service,Payment,No,,,,
ASCX12_835D_Service,RevenueCode,No,,,,
ASCX12_835D_Service,Units,No,,,,
ASCX12_835D_Service,OriginalServiceIDQualifier,No,,,,
ASCX12_835D_Service,OriginalProcedureCode,Yes,MASK,OriginalProcedureCode,,
ASCX12_835D_Service,OriginalModifier1,No,,,,
ASCX12_835D_Service,OriginalModifier2,No,,,,
ASCX12_835D_Service,OriginalModifier3,No,,,,
ASCX12_835D_Service,OriginalModifier4,No,,,,
ASCX12_835D_Service,OriginalDescription,No,,,,
ASCX12_835D_Service,OriginalUnits,No,,,,
ASCX12_835D_Service,ServiceDateFrom,Yes,STATIC_OFFSET,,,
ASCX12_835D_Service,ServiceDateTo,Yes,STATIC_OFFSET,,,
ASCX12_835D_Service,nd_auto_increment_id,No,,,,
ASCX12_835D_ServiceRemarkCode,X12DSR835ID,No,,,,
ASCX12_835D_ServiceRemarkCode,X12DS835ID,No,,,,
ASCX12_835D_ServiceRemarkCode,CodeListQualifier,No,,,,
ASCX12_835D_ServiceRemarkCode,RemarkCode,No,,,,
ASCX12_835D_ServiceRemarkCode,nd_auto_increment_id,No,,,,
ASCX12_835D_SupplementalInfo,X12DCSI835ID,No,,,,
ASCX12_835D_SupplementalInfo,X12DC835ID,No,,,,
ASCX12_835D_SupplementalInfo,X12DS835ID,No,,,,
ASCX12_835D_SupplementalInfo,SuppAmountQualifier,No,,,,
ASCX12_835D_SupplementalInfo,SupplementalAmount,No,,,,
ASCX12_835D_SupplementalInfo,nd_auto_increment_id,No,,,,
ASCX12_835D_SupplementalQty,X12DCSQ835ID,No,,,,
ASCX12_835D_SupplementalQty,X12DC835ID,No,,,,
ASCX12_835D_SupplementalQty,X12DS835ID,No,,,,
ASCX12_835D_SupplementalQty,SuppQuantityQualifier,No,,,,
ASCX12_835D_SupplementalQty,SuppQuantity,No,,,,
ASCX12_835D_SupplementalQty,nd_auto_increment_id,No,,,,
ASCX12_835H_OtherPayeeInfo,X12HOPEI835ID,No,,,,
ASCX12_835H_OtherPayeeInfo,X12H835ID,No,,,,
ASCX12_835H_OtherPayeeInfo,PayeeIDQualifier,No,,,,
ASCX12_835H_OtherPayeeInfo,PayeeID,No,,,,
ASCX12_835H_OtherPayeeInfo,nd_auto_increment_id,No,,,,
ASCX12_835H_OtherPayerInfo,X12HOPRI835ID,No,,,,
ASCX12_835H_OtherPayerInfo,X12H835ID,No,,,,
ASCX12_835H_OtherPayerInfo,PayerIDQualifier,No,,,,
ASCX12_835H_OtherPayerInfo,PayerID,Yes,MASK,PayerID,,
ASCX12_835H_OtherPayerInfo,nd_auto_increment_id,No,,,,
ASCX12_835H_Transaction,X12H835ID,No,,,,
ASCX12_835H_Transaction,X12TransactionID,No,,,,
ASCX12_835H_Transaction,TransactionCode,No,,,,
ASCX12_835H_Transaction,LoopCount,No,,,,
ASCX12_835H_Transaction,HandlingCode,No,,,,
ASCX12_835H_Transaction,TotalPaymentAmount,No,,,,
ASCX12_835H_Transaction,CreditDebitFlag,No,,,,
ASCX12_835H_Transaction,PaymentMethodCode,No,,,,
ASCX12_835H_Transaction,PaymentFormatCode,No,,,,
ASCX12_835H_Transaction,SenderDFIQualifier,No,,,,
ASCX12_835H_Transaction,SenderDFINumber,Yes,MASK,SenderDFINumber,,
ASCX12_835H_Transaction,SenderAcctNumQualifier,No,,,,
ASCX12_835H_Transaction,SenderAcctNumber,Yes,MASK,SenderAcctNumber,,
ASCX12_835H_Transaction,OriginatingCompanyID,No,,,,
ASCX12_835H_Transaction,OrigCompanySupplementalCode,Yes,MASK,OrigCompanySupplementalCode,,
ASCX12_835H_Transaction,ReceiverDFIQualifier,No,,,,
ASCX12_835H_Transaction,ReceiverDFINumber,Yes,MASK,ReceiverDFINumber,,
ASCX12_835H_Transaction,ReceiverAcctNumQualifier,No,,,,
ASCX12_835H_Transaction,ReceiverAcctNumber,No,,,,
ASCX12_835H_Transaction,CheckOrEFTDate,Yes,STATIC_OFFSET,,,
ASCX12_835H_Transaction,TraceTypeCode,No,,,,
ASCX12_835H_Transaction,CheckOrEFTTraceNumber,No,,,,
ASCX12_835H_Transaction,ReceiverID,No,,,,
ASCX12_835H_Transaction,VersionNumber,No,,,,
ASCX12_835H_Transaction,ProductionDate,Yes,STATIC_OFFSET,,,
ASCX12_835H_Transaction,PayerName,Yes,MASK,PayerName,,
ASCX12_835H_Transaction,PayerIDCodeQualifier,No,,,,
ASCX12_835H_Transaction,PayerID,Yes,MASK,PayerID,,
ASCX12_835H_Transaction,PayerAddressLine1,Yes,MASK,PayerAddressLine1,,
ASCX12_835H_Transaction,PayerAddressLine2,Yes,MASK,PayerAddressLine2,,
ASCX12_835H_Transaction,PayerCity,Yes,MASK,PayerCity,,
ASCX12_835H_Transaction,PayerState,No,,,,
ASCX12_835H_Transaction,PayerZip,No,,,,
ASCX12_835H_Transaction,PayerCountry,No,,,,
ASCX12_835H_Transaction,PayerContactName,Yes,MASK,PayerContactName,,
ASCX12_835H_Transaction,PayerContactNumberType1,Yes,MASK,PayerContactNumberType1,,
ASCX12_835H_Transaction,PayerContactNumber1,Yes,MASK,PayerContactNumber1,,
ASCX12_835H_Transaction,PayerContactNumberType2,No,,,,
ASCX12_835H_Transaction,PayerContactNumber2,Yes,MASK,PayerContactNumber2,,
ASCX12_835H_Transaction,PayerContactNumberType3,No,,,,
ASCX12_835H_Transaction,PayerContactNumber3,No,,,,
ASCX12_835H_Transaction,PayeeName,Yes,MASK,PayeeName,,
ASCX12_835H_Transaction,PayeeIDCodeQualifier,No,,,,
ASCX12_835H_Transaction,PayeeIDCode,No,,,,
ASCX12_835H_Transaction,PayeeAddressLine1,Yes,MASK,PayeeAddressLine1,,
ASCX12_835H_Transaction,PayeeAddressLine2,Yes,MASK,PayeeAddressLine2,,
ASCX12_835H_Transaction,PayeeCity,Yes,MASK,PayeeCity,,
ASCX12_835H_Transaction,PayeeState,No,,,,
ASCX12_835H_Transaction,PayeeZip,No,,,,
ASCX12_835H_Transaction,PayeeCountry,No,,,,
ASCX12_835H_Transaction,PayerCountrySubdivision,No,,,,
ASCX12_835H_Transaction,PayerWebSiteURL,Yes,MASK,PayerWebSiteURL,,
ASCX12_835H_Transaction,PayeeCountrySubdivision,No,,,,
ASCX12_835H_Transaction,RemittanceReportTransmission,No,,,,
ASCX12_835H_Transaction,RemittanceName,Yes,MASK,RemittanceName,,
ASCX12_835H_Transaction,RemittanceContactNumber,Yes,MASK,RemittanceContactNumber,,
ASCX12_835H_Transaction,PayerTechnicalContactName,Yes,MASK,PayerTechnicalContactName,,
ASCX12_835H_Transaction,PayerTechnicalContactNumberType1,No,,,,
ASCX12_835H_Transaction,PayerTechnicalContactNumber1,Yes,MASK,PayerTechnicalContactNumber1,,
ASCX12_835H_Transaction,PayerTechnicalContactNumberType2,No,,,,
ASCX12_835H_Transaction,PayerTechnicalContactNumber2,Yes,MASK,PayerTechnicalContactNumber2,,
ASCX12_835H_Transaction,PayerTechnicalContactNumberType3,Yes,MASK,PayerTechnicalContactNumberType3,,
ASCX12_835H_Transaction,PayerTechnicalContactNumber3,No,,,,
ASCX12_835H_Transaction,nd_auto_increment_id,No,,,,
ASCX12_835S_ProviderAdjustment,X12SPA835ID,Yes,MASK,X12SPA835ID,,
ASCX12_835S_ProviderAdjustment,X12H835ID,No,,,,
ASCX12_835S_ProviderAdjustment,ProviderID,Yes,MASK,ProviderID,,
ASCX12_835S_ProviderAdjustment,FiscalPeriod,Yes,DATE_OFFSET,,,
ASCX12_835S_ProviderAdjustment,Reason1,Yes,MASK,Reason1,,
ASCX12_835S_ProviderAdjustment,Identifier1,No,,,,
ASCX12_835S_ProviderAdjustment,Amount1,Yes,MASK,Amount1,,
ASCX12_835S_ProviderAdjustment,Reason2,No,,,,
ASCX12_835S_ProviderAdjustment,Identifier2,No,,,,
ASCX12_835S_ProviderAdjustment,Amount2,No,,,,
ASCX12_835S_ProviderAdjustment,Reason3,Yes,MASK,Reason3,,
ASCX12_835S_ProviderAdjustment,Identifier3,No,,,,
ASCX12_835S_ProviderAdjustment,Amount3,Yes,MASK,Amount3,,
ASCX12_835S_ProviderAdjustment,Reason4,Yes,MASK,Reason4,,
ASCX12_835S_ProviderAdjustment,Identifier4,No,,,,
ASCX12_835S_ProviderAdjustment,Amount4,No,,,,
ASCX12_835S_ProviderAdjustment,Reason5,No,,,,
ASCX12_835S_ProviderAdjustment,Identifier5,No,,,,
ASCX12_835S_ProviderAdjustment,Amount5,No,,,,
ASCX12_835S_ProviderAdjustment,Reason6,No,,,,
ASCX12_835S_ProviderAdjustment,Identifier6,Yes,MASK,Identifier6,,
ASCX12_835S_ProviderAdjustment,Amount6,Yes,MASK,Amount6,,
ASCX12_835S_ProviderAdjustment,nd_auto_increment_id,No,,,,
ASCX12_CodeSet_CodeType,codetypeid,No,,,,
ASCX12_CodeSet_CodeType,codetype,No,,,,
ASCX12_CodeSet_CodeType,nd_auto_increment_id,No,,,,
ASCX12_FunctionalGroup,X12GroupID,No,,,,
ASCX12_FunctionalGroup,X12InterchangeID,No,,,,
ASCX12_FunctionalGroup,GroupType,No,,,,
ASCX12_FunctionalGroup,GroupCtlNum,No,,,,
ASCX12_FunctionalGroup,GroupCode,No,,,,
ASCX12_FunctionalGroup,AppSenderCode,No,,,,
ASCX12_FunctionalGroup,AppReceiverCode,Yes,MASK,AppReceiverCode,,
ASCX12_FunctionalGroup,GroupDate,Yes,DATE_OFFSET,,,
ASCX12_FunctionalGroup,ResponsibleAgencyCode,No,,,,
ASCX12_FunctionalGroup,VersionReleaseCode,No,,,,
ASCX12_FunctionalGroup,GroupCtlNumValidation,No,,,,
ASCX12_FunctionalGroup,TransactionSetCount,No,,,,
ASCX12_FunctionalGroup,nd_auto_increment_id,No,,,,
ASCX12_Interchange,X12InterchangeID,No,,,,
ASCX12_Interchange,ERAFileID,No,,,,
ASCX12_Interchange,InterchangeType,No,,,,
ASCX12_Interchange,InterchangeCtlNum,No,,,,
ASCX12_Interchange,DataElementDelimiter,No,,,,
ASCX12_Interchange,SubCompDelimiter,No,,,,
ASCX12_Interchange,SegTermDelimiter,No,,,,
ASCX12_Interchange,AuthInfoQualifier,No,,,,
ASCX12_Interchange,AuthInfo,No,,,,
ASCX12_Interchange,SecInfoQualifier,No,,,,
ASCX12_Interchange,SecInfo,No,,,,
ASCX12_Interchange,SenderIDQualifier,No,,,,
ASCX12_Interchange,SenderID,Yes,MASK,SenderID,,
ASCX12_Interchange,ReceiverIDQualifier,No,,,,
ASCX12_Interchange,ReceiverID,Yes,MASK,ReceiverID,,
ASCX12_Interchange,ISADateTime,Yes,STATIC_OFFSET,,,
ASCX12_Interchange,ISAStandardID,No,,,,
ASCX12_Interchange,ISAVersion,No,,,,
ASCX12_Interchange,ISAAckRequest,No,,,,
ASCX12_Interchange,UsageIndicator,No,,,,
ASCX12_Interchange,InterchangeCtlNumValidation,No,,,,
ASCX12_Interchange,FunctionalGroupCount,No,,,,
ASCX12_Interchange,nd_auto_increment_id,No,,,,
ASCX12_RecordDefinitions,DefinitionID,No,,,,
ASCX12_RecordDefinitions,TransactionSetCode,No,,,,
ASCX12_RecordDefinitions,RecordCode,No,,,,
ASCX12_RecordDefinitions,FieldNumber,No,,,,
ASCX12_RecordDefinitions,SetQualifier,No,,,,
ASCX12_RecordDefinitions,RecordQualifier,No,,,,
ASCX12_RecordDefinitions,DataQualifier,No,,,,
ASCX12_RecordDefinitions,SegmentQualifier,No,,,,
ASCX12_RecordDefinitions,FieldName,No,,,,
ASCX12_RecordDefinitions,TableName,No,,,,
ASCX12_RecordDefinitions,DataType,No,,,,
ASCX12_RecordDefinitions,DataLength,No,,,,
ASCX12_RecordDefinitions,ValidationRecordCode,No,,,,
ASCX12_RecordDefinitions,ValidationFieldNumber,No,,,,
ASCX12_RecordDefinitions,ValidationFieldOperator,No,,,,
ASCX12_RecordDefinitions,ValidationFieldValue,No,,,,
ASCX12_RecordDefinitions,RequireNewRecord,No,,,,
ASCX12_RecordDefinitions,VersionCode,No,,,,
ASCX12_RecordDefinitions,SetGlobalData,No,,,,
ASCX12_RecordDefinitions,nd_auto_increment_id,No,,,,
ASCX12_SegmentQualifiers,SegmentQualifierID,No,,,,
ASCX12_SegmentQualifiers,TransactionSetCode,No,,,,
ASCX12_SegmentQualifiers,RecordCode,No,,,,
ASCX12_SegmentQualifiers,SegmentQualifier,No,,,,
ASCX12_SegmentQualifiers,RecordQualifier,No,,,,
ASCX12_SegmentQualifiers,VersionCode,No,,,,
ASCX12_SegmentQualifiers,nd_auto_increment_id,No,,,,
ASCX12_TableIdentifiers,TableDefinitionID,No,,,,
ASCX12_TableIdentifiers,TableName,No,,,,
ASCX12_TableIdentifiers,TableRecordIDFieldName,No,,,,
ASCX12_TableIdentifiers,RecordIDType,No,,,,
ASCX12_TableIdentifiers,PreRequisiteID,No,,,,
ASCX12_TableIdentifiers,VersionCode,No,,,,
ASCX12_TableIdentifiers,nd_auto_increment_id,No,,,,
ASCX12_TransactionSet,X12TransactionID,No,,,,
ASCX12_TransactionSet,X12GroupID,No,,,,
ASCX12_TransactionSet,TransactionSetCode,No,,,,
ASCX12_TransactionSet,TransactionSetCtlNum,No,,,,
ASCX12_TransactionSet,TransactionSetSegmentCount,No,,,,
ASCX12_TransactionSet,TransactionSetCtlNumValidation,No,,,,
ASCX12_TransactionSet,nd_auto_increment_id,No,,,,
AssociationTypes,AssociationTypeID,No,,,,
AssociationTypes,LocalName,No,,,,
AssociationTypes,StandardName,Yes,MASK,StandardName,,
AssociationTypes,Description,Yes,MASK,Description,,
AssociationTypes,IsDefaultField,No,,,,
AssociationTypes,Enabled,No,,,,
AssociationTypes,nd_auto_increment_id,No,,,,
AutoImportSettings,DocumentType,No,,,,
AutoImportSettings,AutoImport,No,,,,
AutoImportSettings,DefaultSigned,No,,,,
AutoImportSettings,DefaultDocType,No,,,,
AutoImportSettings,nd_auto_increment_id,No,,,,
B_113871_InterfaceEndpoint_Backup,InterfaceEndpointID,No,,,,
B_113871_InterfaceEndpoint_Backup,Name,No,,,,
B_113871_InterfaceEndpoint_Backup,URL,Yes,MASK,URL,,
B_113871_InterfaceEndpoint_Backup,APIKey,No,,,,
B_113871_InterfaceEndpoint_Backup,BackupDate,Yes,DATE_OFFSET,,,
B_113871_InterfaceEndpoint_Backup,nd_auto_increment_id,No,,,,
B_121908_InterfaceCredential_Backup,RowID,No,,,,
B_121908_InterfaceCredential_Backup,InterfaceCredentialID,No,,,,
B_121908_InterfaceCredential_Backup,Password,Yes,MASK,Password,,
B_121908_InterfaceCredential_Backup,BackupDate,Yes,DATE_OFFSET,,,
B_121908_InterfaceCredential_Backup,nd_auto_increment_id,No,,,,
B_121914_SystemConfig_Backup,DBVersion,No,,,,
B_121914_SystemConfig_Backup,PxPassword,Yes,MASK,PxPassword,,
B_121914_SystemConfig_Backup,BackupDate,Yes,STATIC_OFFSET,,,
B_121914_SystemConfig_Backup,nd_auto_increment_id,No,,,,
B_121918_ClinicalFormGroupSiteAuthenticationHistory_Backup,RowNum,No,,,,
B_121918_ClinicalFormGroupSiteAuthenticationHistory_Backup,ClinicalFormGrouID,No,,,,
B_121918_ClinicalFormGroupSiteAuthenticationHistory_Backup,Password,Yes,MASK,Password,,
B_121918_ClinicalFormGroupSiteAuthenticationHistory_Backup,LastModifiedDate,Yes,STATIC_OFFSET,,,
B_121918_ClinicalFormGroupSiteAuthenticationHistory_Backup,HistoryDate,Yes,STATIC_OFFSET,,,
B_121918_ClinicalFormGroupSiteAuthenticationHistory_Backup,BackupDate,No,,,,
B_121918_ClinicalFormGroupSiteAuthenticationHistory_Backup,nd_auto_increment_id,No,,,,
B_121919_InterfaceCredentialHistory_Backup,RowNum,No,,,,
B_121919_InterfaceCredentialHistory_Backup,InterfaceCredentialHistoryID,No,,,,
B_121919_InterfaceCredentialHistory_Backup,InterfaceCredentialID,No,,,,
B_121919_InterfaceCredentialHistory_Backup,Password,Yes,MASK,Password,,
B_121919_InterfaceCredentialHistory_Backup,BackupDate,Yes,STATIC_OFFSET,,,
B_121919_InterfaceCredentialHistory_Backup,nd_auto_increment_id,No,,,,
B_121922_GreenwayWebServices_Backup,RowNum,No,,,,
B_121922_GreenwayWebServices_Backup,ServiceID,No,,,,
B_121922_GreenwayWebServices_Backup,PassWord,Yes,MASK,PassWord,,
B_121922_GreenwayWebServices_Backup,BackupDate,Yes,STATIC_OFFSET,,,
B_121922_GreenwayWebServices_Backup,nd_auto_increment_id,No,,,,
B_121924_ClinicalFormGroupSiteAuthentication_Backup,RowID,No,,,,
B_121924_ClinicalFormGroupSiteAuthentication_Backup,ClinicalFormGroupID,No,,,,
B_121924_ClinicalFormGroupSiteAuthentication_Backup,Password,Yes,MASK,Password,,
B_121924_ClinicalFormGroupSiteAuthentication_Backup,BackupDate,Yes,DATE_OFFSET,,,
B_121924_ClinicalFormGroupSiteAuthentication_Backup,nd_auto_increment_id,No,,,,
B_121927_EFilePlans_Backup,RowID,No,,,,
B_121927_EFilePlans_Backup,EFilePlanID,No,,,,
B_121927_EFilePlans_Backup,EFilePassword,Yes,MASK,EFilePassword,,
B_121927_EFilePlans_Backup,RealTimePassword,Yes,MASK,RealTimePassword,,
B_121927_EFilePlans_Backup,BackupDate,Yes,STATIC_OFFSET,,,
B_121927_EFilePlans_Backup,nd_auto_increment_id,No,,,,
B_121929_CHCLogon_Backup,RowID,No,,,,
B_121929_CHCLogon_Backup,LogonID,No,,,,
B_121929_CHCLogon_Backup,Password,Yes,MASK,Password,,
B_121929_CHCLogon_Backup,BackupDate,Yes,STATIC_OFFSET,,,
B_121929_CHCLogon_Backup,nd_auto_increment_id,No,,,,
B_121935_PrimePatientPortalSettings_Backup,RowNum,No,,,,
B_121935_PrimePatientPortalSettings_Backup,PortalSettingName,Yes,MASK,PortalSettingName,,
B_121935_PrimePatientPortalSettings_Backup,PortalSettingValue,No,,,,
B_121935_PrimePatientPortalSettings_Backup,BackupDate,Yes,STATIC_OFFSET,,,
B_121935_PrimePatientPortalSettings_Backup,nd_auto_increment_id,No,,,,
B_121938_ClinicalFormGroupUserAuthentication_Backup,RowID,No,,,,
B_121938_ClinicalFormGroupUserAuthentication_Backup,ClinicalFormGroupID,No,,,,
B_121938_ClinicalFormGroupUserAuthentication_Backup,Password,Yes,MASK,Password,,
B_121938_ClinicalFormGroupUserAuthentication_Backup,BackupDate,Yes,STATIC_OFFSET,,,
B_121938_ClinicalFormGroupUserAuthentication_Backup,nd_auto_increment_id,No,,,,
B_123747_SystemConfig_Backup,ClientAppHelpURL,No,,,,
B_123747_SystemConfig_Backup,CreateDateTime,Yes,STATIC_OFFSET,,,
B_123747_SystemConfig_Backup,nd_auto_increment_id,No,,,,
B_125660_PatHistSocial_Backup,PatientID,Yes,PATIENT_ID,,,
B_125660_PatHistSocial_Backup,PatHistCatPatHistItemID,No,,,,
B_125660_PatHistSocial_Backup,PatHistSocialID,No,,,,
B_125660_PatHistSocial_Backup,Status,No,,,,
B_125660_PatHistSocial_Backup,Quantity,No,,,,
B_125660_PatHistSocial_Backup,PHSNotes,Yes,NOTES,,,
B_125660_PatHistSocial_Backup,BackupDate,Yes,DATE_OFFSET,,,
B_125660_PatHistSocial_Backup,nd_auto_increment_id,No,,,,
B_126687_ReferralsReferringProvider_BackUp,DuplicateReferralsReferralID,No,,,,
B_126687_ReferralsReferringProvider_BackUp,BackUpDate,No,,,,
B_126687_ReferralsReferringProvider_BackUp,nd_auto_increment_id,No,,,,
B_126741_erxProviderLocation_Backup,erxProviderLocationID,No,,,,
B_126741_erxProviderLocation_Backup,CareProviderID,Yes,MASK,CareProviderID,,
B_126741_erxProviderLocation_Backup,LocationID,No,,,,
B_126741_erxProviderLocation_Backup,SureScriptsSPI,Yes,MASK,SureScriptsSPI,,
B_126741_erxProviderLocation_Backup,Enable,No,,,,
B_126741_erxProviderLocation_Backup,ActiveStartTime,Yes,STATIC_OFFSET,,,
B_126741_erxProviderLocation_Backup,ActiveEndTime,Yes,STATIC_OFFSET,,,
B_126741_erxProviderLocation_Backup,eRxActionBy,No,,,,
B_126741_erxProviderLocation_Backup,ServiceLevel,No,,,,
B_126741_erxProviderLocation_Backup,DEANumber,Yes,MASK,DEANumber,,
B_126741_erxProviderLocation_Backup,ProvStateLicense,No,,,,
B_126741_erxProviderLocation_Backup,nd_auto_increment_id,No,,,,
B_127176_CHCMap_File_Detail_Backup,Map_Details_ID,No,,,,
B_127176_CHCMap_File_Detail_Backup,Segment,No,,,,
B_127176_CHCMap_File_Detail_Backup,Field_Value,No,,,,
B_127176_CHCMap_File_Detail_Backup,BackupDate,Yes,STATIC_OFFSET,,,
B_127176_CHCMap_File_Detail_Backup,nd_auto_increment_id,No,,,,
B_127439_ProbmleListPMHXModifiers_BackUp,PatHistMedicalID,No,,,,
B_127439_ProbmleListPMHXModifiers_BackUp,PatHistModifierID,No,,,,
B_127439_ProbmleListPMHXModifiers_BackUp,PatHistProblemListModifierID,No,,,,
B_127439_ProbmleListPMHXModifiers_BackUp,BackupDate,Yes,STATIC_OFFSET,,,
B_127439_ProbmleListPMHXModifiers_BackUp,nd_auto_increment_id,No,,,,
B_133488_CDADocument_Backup,CDADocumentID,No,,,,
B_133488_CDADocument_Backup,DocumentName,No,,,,
B_133488_CDADocument_Backup,DocumentDescription,No,,,,
B_133488_CDADocument_Backup,DocumentDisplayName,No,,,,
B_133488_CDADocument_Backup,Code,No,,,,
B_133488_CDADocument_Backup,CodeDisplayName,No,,,,
B_133488_CDADocument_Backup,CodeSystem,No,,,,
B_133488_CDADocument_Backup,CodeSystemName,No,,,,
B_133488_CDADocument_Backup,FormatCode,No,,,,
B_133488_CDADocument_Backup,OID,No,,,,
B_133488_CDADocument_Backup,BackupDate,Yes,STATIC_OFFSET,,,
B_133488_CDADocument_Backup,nd_auto_increment_id,No,,,,
B_135108_Insert_Update_PlaceOfService_Backup,POSCode,No,,,,
B_135108_Insert_Update_PlaceOfService_Backup,POSDesc,Yes,MASK,POSDesc,,
B_135108_Insert_Update_PlaceOfService_Backup,PlaceOfServiceTypeID,No,,,,
B_135108_Insert_Update_PlaceOfService_Backup,BackupDate,Yes,STATIC_OFFSET,,,
B_135108_Insert_Update_PlaceOfService_Backup,nd_auto_increment_id,No,,,,
B_143591_ClinicalDocTypes_Backup,DocTypeID,No,,,,
B_143591_ClinicalDocTypes_Backup,DocTypeName,No,,,,
B_143591_ClinicalDocTypes_Backup,Enabled,No,,,,
B_143591_ClinicalDocTypes_Backup,Description,No,,,,
B_143591_ClinicalDocTypes_Backup,Code,No,,,,
B_143591_ClinicalDocTypes_Backup,CodingSystem,No,,,,
B_143591_ClinicalDocTypes_Backup,SystemType,No,,,,
B_143591_ClinicalDocTypes_Backup,CreateID,No,,,,
B_143591_ClinicalDocTypes_Backup,CreateDate,No,,,,
B_143591_ClinicalDocTypes_Backup,LastModifiedID,No,,,,
B_143591_ClinicalDocTypes_Backup,LastModifiedDate,Yes,STATIC_OFFSET,,,
B_143591_ClinicalDocTypes_Backup,System,No,,,,
B_143591_ClinicalDocTypes_Backup,Hide,No,,,,
B_143591_ClinicalDocTypes_Backup,LoincCode,No,,,,
B_143591_ClinicalDocTypes_Backup,BackupDate,Yes,STATIC_OFFSET,,,
B_143591_ClinicalDocTypes_Backup,nd_auto_increment_id,No,,,,
B_143788_ReferralsPrimaryProvider_BackUp,DuplicateReferralsPrimaryID,No,,,,
B_143788_ReferralsPrimaryProvider_BackUp,BackUpDate,No,,,,
B_143788_ReferralsPrimaryProvider_BackUp,nd_auto_increment_id,No,,,,
B_149508_ClinicalDocTypes_Backup,DocTypeID,No,,,,
B_149508_ClinicalDocTypes_Backup,DocTypeName,No,,,,
B_149508_ClinicalDocTypes_Backup,Enabled,No,,,,
B_149508_ClinicalDocTypes_Backup,Description,No,,,,
B_149508_ClinicalDocTypes_Backup,Code,No,,,,
B_149508_ClinicalDocTypes_Backup,CodingSystem,No,,,,
B_149508_ClinicalDocTypes_Backup,SystemType,No,,,,
B_149508_ClinicalDocTypes_Backup,CreateId,No,,,,
B_149508_ClinicalDocTypes_Backup,CreateDate,Yes,STATIC_OFFSET,,,
B_149508_ClinicalDocTypes_Backup,LastModifiedId,No,,,,
B_149508_ClinicalDocTypes_Backup,LastModifiedDate,Yes,STATIC_OFFSET,,,
B_149508_ClinicalDocTypes_Backup,System,No,,,,
B_149508_ClinicalDocTypes_Backup,Hide,No,,,,
B_149508_ClinicalDocTypes_Backup,LoincCode,No,,,,
B_149508_ClinicalDocTypes_Backup,BackupDate,Yes,STATIC_OFFSET,,,
B_149508_ClinicalDocTypes_Backup,nd_auto_increment_id,No,,,,
B_150201_Update_FHIRResource_Backup,FHIRConceptID,No,,,,
B_150201_Update_FHIRResource_Backup,FHIRConceptName,No,,,,
B_150201_Update_FHIRResource_Backup,ActionID,No,,,,
B_150201_Update_FHIRResource_Backup,IsWrite,No,,,,
B_150201_Update_FHIRResource_Backup,BackupDate,Yes,STATIC_OFFSET,,,
B_150201_Update_FHIRResource_Backup,nd_auto_increment_id,No,,,,
B_150462_UserPasswords_Backup,UserID,No,,,,
B_150462_UserPasswords_Backup,Password,Yes,MASK,Password,,
B_150462_UserPasswords_Backup,PasswordChangeDate,Yes,STATIC_OFFSET,,,
B_150462_UserPasswords_Backup,BackupDate,Yes,STATIC_OFFSET,,,
B_150462_UserPasswords_Backup,nd_auto_increment_id,No,,,,
B_167189_OBXConcept_Backup,OBXID,No,,,,
B_167189_OBXConcept_Backup,PatientID,Yes,PATIENT_ID,,,
B_167189_OBXConcept_Backup,OBXConceptID,No,,,,
B_167189_OBXConcept_Backup,OLD_OBXAdminPickListID,No,,,,
B_167189_OBXConcept_Backup,NEW_OBXAdminPickListID,No,,,,
B_167189_OBXConcept_Backup,BackUpDate,No,,,,
B_167189_OBXConcept_Backup,nd_auto_increment_id,No,,,,
B_171659_erxProviderLocation_Backup,erxProviderLocationID,No,,,,
B_171659_erxProviderLocation_Backup,CareProviderID,No,,,,
B_171659_erxProviderLocation_Backup,LocationID,No,,,,
B_171659_erxProviderLocation_Backup,SureScriptsSPI,Yes,MASK,SureScriptsSPI,,
B_171659_erxProviderLocation_Backup,Enable,No,,,,
B_171659_erxProviderLocation_Backup,ActiveStartTime,Yes,STATIC_OFFSET,,,
B_171659_erxProviderLocation_Backup,ActiveEndTime,Yes,STATIC_OFFSET,,,
B_171659_erxProviderLocation_Backup,eRxActionBy,No,,,,
B_171659_erxProviderLocation_Backup,ServiceLevel,No,,,,
B_171659_erxProviderLocation_Backup,DEANumber,Yes,MASK,DEANumber,,
B_171659_erxProviderLocation_Backup,ProvStateLicense,Yes,MASK,ProvStateLicense,,
B_171659_erxProviderLocation_Backup,BackupDate,Yes,STATIC_OFFSET,,,
B_171659_erxProviderLocation_Backup,nd_auto_increment_id,No,,,,
B103414_SureScriptDosageForm_BackUp,DoseFormID,No,,,,
B103414_SureScriptDosageForm_BackUp,ExactMatchCode,No,,,,
B103414_SureScriptDosageForm_BackUp,ExactMatchDescription,No,,,,
B103414_SureScriptDosageForm_BackUp,ClosetMatchCode,No,,,,
B103414_SureScriptDosageForm_BackUp,ClosetMatchDescription,No,,,,
B103414_SureScriptDosageForm_BackUp,nd_auto_increment_id,No,,,,
B103414_SureScriptPotencyUnit_BackUp,PSUnits,No,,,,
B103414_SureScriptPotencyUnit_BackUp,SSExactMatchCode,No,,,,
B103414_SureScriptPotencyUnit_BackUp,SSExactMatchDescription,No,,,,
B103414_SureScriptPotencyUnit_BackUp,SSClosestMatchCode,No,,,,
B103414_SureScriptPotencyUnit_BackUp,SSClosestMatchDescription,No,,,,
B103414_SureScriptPotencyUnit_BackUp,nd_auto_increment_id,No,,,,
B103414_SureScriptStrengthUnit_BackUp,PSUnits,No,,,,
B103414_SureScriptStrengthUnit_BackUp,SSExactMatchCode,Yes,MASK,SSExactMatchCode,,
B103414_SureScriptStrengthUnit_BackUp,SSExactMatchDescription,No,,,,
B103414_SureScriptStrengthUnit_BackUp,SSClosestMatchCode,No,,,,
B103414_SureScriptStrengthUnit_BackUp,SSClosestMatchDescription,No,,,,
B103414_SureScriptStrengthUnit_BackUp,nd_auto_increment_id,No,,,,
BackupOBXNote,OBXNoteID,No,,,,
BackupOBXNote,OBXId,No,,,,
BackupOBXNote,OBXNoteguid,No,,,,
BackupOBXNote,UserID,No,,,,
BackupOBXNote,OBXNoteDate,No,,,,
BackupOBXNote,NoteText,No,,,,
BackupOBXNote,nd_auto_increment_id,No,,,,
BatchAR,BatchID,No,,,,
BatchAR,BatchDescription,No,,,,
BatchAR,CreatorID,Yes,MASK,CreatorID,,
BatchAR,PostingDate,Yes,STATIC_OFFSET,,,
BatchAR,CreateDate,Yes,STATIC_OFFSET,,,
BatchAR,ClosedDate,Yes,STATIC_OFFSET,,,
BatchAR,nd_auto_increment_id,No,,,,
BatchARUser,BatchARUserID,No,,,,
BatchARUser,BatchID,No,,,,
BatchARUser,UserID,No,,,,
BatchARUser,State,No,,,,
BatchARUser,nd_auto_increment_id,No,,,,
BatchClaims,BatchID,No,,,,
BatchClaims,PlanID,Yes,MASK,PlanID,,
BatchClaims,BatchName,No,,,,
BatchClaims,BatchCreateDate,Yes,STATIC_OFFSET,,,
BatchClaims,BatchEditDate,Yes,STATIC_OFFSET,,,
BatchClaims,BatchSubmitDate,Yes,STATIC_OFFSET,,,
BatchClaims,NumClaimsInBatch,No,,,,
BatchClaims,BatchTtlAmount,No,,,,
BatchClaims,BatchProcessing,No,,,,
BatchClaims,BatchType,No,,,,
BatchClaims,nd_auto_increment_id,No,,,,
BatchGCSTracking,BatchID,No,,,,
BatchGCSTracking,GCSSubmitDate,Yes,STATIC_OFFSET,,,
BatchGCSTracking,TempTrackingNumber,No,,,,
BatchGCSTracking,FullTrackingNumber,No,,,,
BatchGCSTracking,LastModifiedDate,Yes,STATIC_OFFSET,,,
BatchGCSTracking,nd_auto_increment_id,No,,,,
BatchQ,QEntry,No,,,,
BatchQ,BatchID,No,,,,
BatchQ,PlanID,No,,,,
BatchQ,QEntryTime,No,,,,
BatchQ,NumberOfTries,No,,,,
BatchQ,nd_auto_increment_id,No,,,,
BillingConfigurationOptions,AutoCreateClaims,No,,,,
BillingConfigurationOptions,IntervalToCreateClaims,No,,,,
BillingConfigurationOptions,DayOfWeekToCreateClaims,No,,,,
BillingConfigurationOptions,SmallBalanceWriteOffAmount,No,,,,
BillingConfigurationOptions,TimeToCreateClaims,Yes,STATIC_OFFSET,,,
BillingConfigurationOptions,ClaimsAgingPoint,No,,,,
BillingConfigurationOptions,BalanceAlertAmount,No,,,,
BillingConfigurationOptions,DefaultBalanceCalcMethod,No,,,,
BillingConfigurationOptions,AgingType,No,,,,
BillingConfigurationOptions,PatientDueCalculationMethod,No,,,,
BillingConfigurationOptions,BatchIDRequired,No,,,,
BillingConfigurationOptions,UBActive,No,,,,
BillingConfigurationOptions,ClaimIDPrefix,No,,,,
BillingConfigurationOptions,AutoGenMessageUserID,No,,,,
BillingConfigurationOptions,AutoGenType,No,,,,
BillingConfigurationOptions,CreateInBackground,No,,,,
BillingConfigurationOptions,UseExtendedPRCCodes,No,,,,
BillingConfigurationOptions,UsePRCMapping,No,,,,
BillingConfigurationOptions,PrintOption,No,,,,
BillingConfigurationOptions,HoldPDFClaimsDays,No,,,,
BillingConfigurationOptions,GCodeDefaultCode,No,,,,
BillingConfigurationOptions,GCodeProcedureList,No,,,,
BillingConfigurationOptions,GCodePlanIDList,No,,,,
BillingConfigurationOptions,FractionalUnitsEnabled,No,,,,
BillingConfigurationOptions,nd_auto_increment_id,No,,,,
BillingReasonCode,RC,No,,,,
BillingReasonCode,OutterType,No,,,,
BillingReasonCode,Description,No,,,,
BillingReasonCode,nd_auto_increment_id,No,,,,
BillingRegisterStage,Sequence,No,,,,
BillingRegisterStage,BatchGUID,No,,,,
BillingRegisterStage,PatientID,No,,,,
BillingRegisterStage,CRTID,No,,,,
BillingRegisterStage,ServiceDetailID,No,,,,
BillingRegisterStage,PaymentID,No,,,,
BillingRegisterStage,PaymentTransactionID,No,,,,
BillingRegisterStage,AdjustmentTypeID,No,,,,
BillingRegisterStage,PaymentSourceID,No,,,,
BillingRegisterStage,PlanID,Yes,MASK,PlanID,,
BillingRegisterStage,UserID,No,,,,
BillingRegisterStage,PRCID,No,,,,
BillingRegisterStage,PostingDate,No,,,,
BillingRegisterStage,Amount,No,,,,
BillingRegisterStage,ChargeID,No,,,,
BillingRegisterStage,BatchID,No,,,,
BillingRegisterStage,nd_auto_increment_id,No,,,,
BillingTran,TranID,No,,,,
BillingTran,TranType,No,,,,
BillingTran,nd_auto_increment_id,No,,,,
BillingTranMatrix,TranID,No,,,,
BillingTranMatrix,AdjustmentTypeID,No,,,,
BillingTranMatrix,PaymentSourceID,No,,,,
BillingTranMatrix,GrossCharge,No,,,,
BillingTranMatrix,ChargeVoid,No,,,,
BillingTranMatrix,GrossAppliedAdj,No,,,,
BillingTranMatrix,AppliedAdjVoid,No,,,,
BillingTranMatrix,AppliedAdjOffset,No,,,,
BillingTranMatrix,GrossAppliedPmtPatOther,No,,,,
BillingTranMatrix,GrossAppliedPmtIns,No,,,,
BillingTranMatrix,AppliedPmtVoid,No,,,,
BillingTranMatrix,AppliedPmtOffset,No,,,,
BillingTranMatrix,NetAppliedAdj,No,,,,
BillingTranMatrix,GrossAppliedPmt,No,,,,
BillingTranMatrix,NetAppliedPmt,No,,,,
BillingTranMatrix,NetChangeAR,No,,,,
BillingTranMatrix,UserAmount,No,,,,
BillingTranMatrix,nd_auto_increment_id,No,,,,
BinaryAPIReqDetails,BinaryAPIReqDetailsID,No,,,,
BinaryAPIReqDetails,BinaryAPIRequestID,No,,,,
BinaryAPIReqDetails,Key,No,,,,
BinaryAPIReqDetails,Value,No,,,,
BinaryAPIReqDetails,nd_auto_increment_id,No,,,,
BinaryAPIRequest,BinaryAPIRequestID,No,,,,
BinaryAPIRequest,DBName,No,,,,
BinaryAPIRequest,TableName,No,,,,
BinaryAPIRequest,ColumnName,No,,,,
BinaryAPIRequest,StatusID,No,,,,
BinaryAPIRequest,nd_auto_increment_id,No,,,,
BinaryAPIStatus,BinaryAPIStatusID,No,,,,
BinaryAPIStatus,BinaryAPIStatusValue,No,,,,
BinaryAPIStatus,nd_auto_increment_id,No,,,,
BioMousePrints,UserID,No,,,,
BioMousePrints,Finger,No,,,,
BioMousePrints,Template,No,,,,
BioMousePrints,nd_auto_increment_id,No,,,,
br_PaymentAllocationsCreditDetail,AllocationID,No,,,,
br_PaymentAllocationsCreditDetail,CareProviderIDBillable,No,,,,
br_PaymentAllocationsCreditDetail,CareProviderIDRendering,Yes,MASK,CareProviderIDRendering,,
br_PaymentAllocationsCreditDetail,LocationIDService,Yes,MASK,LocationIDService,,
br_PaymentAllocationsCreditDetail,LocationIDPractice,No,,,,
br_PaymentAllocationsCreditDetail,VisitTypeID,No,,,,
br_PaymentAllocationsCreditDetail,RevenueCategoryID,No,,,,
br_PaymentAllocationsCreditDetail,CreateDate,Yes,STATIC_OFFSET,,,
br_PaymentAllocationsCreditDetail,nd_auto_increment_id,No,,,,
br_PaymentAllocationsInfo,AllocationInfoID,No,,,,
br_PaymentAllocationsInfo,Status,No,,,,
br_PaymentAllocationsInfo,PostingDate,Yes,STATIC_OFFSET,,,
br_PaymentAllocationsInfo,Payee,Yes,MASK,Payee,,
br_PaymentAllocationsInfo,CheckNumber,No,,,,
br_PaymentAllocationsInfo,CreateDate,Yes,STATIC_OFFSET,,,
br_PaymentAllocationsInfo,Amount,No,,,,
br_PaymentAllocationsInfo,PayeeAddressID,No,,,,
br_PaymentAllocationsInfo,nd_auto_increment_id,No,,,,
br_PaymentAllocationsInsuranceDetails,AllocationID,No,,,,
br_PaymentAllocationsInsuranceDetails,CoPay,No,,,,
br_PaymentAllocationsInsuranceDetails,Deductible,No,,,,
br_PaymentAllocationsInsuranceDetails,CoInsPer,No,,,,
br_PaymentAllocationsInsuranceDetails,CoIns,No,,,,
br_PaymentAllocationsInsuranceDetails,ClaimID,Yes,MASK,ClaimID,,
br_PaymentAllocationsInsuranceDetails,nd_auto_increment_id,No,,,,
br_PaymentAllocationsNotes,AllocationNoteID,No,,,,
br_PaymentAllocationsNotes,Note,Yes,GENERIC_NOTES,,,
br_PaymentAllocationsNotes,Printable,No,,,,
br_PaymentAllocationsNotes,CreateDate,Yes,STATIC_OFFSET,,,
br_PaymentAllocationsNotes,nd_auto_increment_id,No,,,,
br_PaymentAllocationsPRC,br_PaymentAllocationsPRCID,No,,,,
br_PaymentAllocationsPRC,AllocationID,No,,,,
br_PaymentAllocationsPRC,ClaimID,No,,,,
br_PaymentAllocationsPRC,PRCID,No,,,,
br_PaymentAllocationsPRC,CodeType,No,,,,
br_PaymentAllocationsPRC,GroupCode,No,,,,
br_PaymentAllocationsPRC,Code,No,,,,
br_PaymentAllocationsPRC,CreateDate,Yes,STATIC_OFFSET,,,
br_PaymentAllocationsPRC,CreatedBy,Yes,MASK,CreatedBy,,
br_PaymentAllocationsRefundInfo,AllocationID,No,,,,
br_PaymentAllocationsRefundInfo,AllocationInfoID,No,,,,
br_PaymentAllocationsRefundInfo,Payee,Yes,MASK,Payee,,
br_PaymentAllocationsRefundInfo,CheckNumber,No,,,,
br_PaymentAllocationsRefundInfo,CreateDate,Yes,STATIC_OFFSET,,,
br_PaymentAllocationsRefundInfo,PayeeAddressID,No,,,,
br_PaymentAllocationsRefundInfo,nd_auto_increment_id,No,,,,
br_PaymentCredit,CreditID,No,,,,
br_PaymentCredit,TransferCreditID,No,,,,
br_PaymentCredit,PaymentID,No,,,,
br_PaymentCredit,PatientID,Yes,PATIENT_ID,,,
br_PaymentCredit,CreditType,No,,,,
br_PaymentCredit,Amount,No,,,,
br_PaymentCredit,AmountApplied,No,,,,
br_PaymentCredit,CreationDate,No,,,,
br_PaymentCredit,ModificationDate,No,,,,
br_PaymentCredit,UserID,No,,,,
br_PaymentCredit,VoidedPaymentID,No,,,,
br_PaymentCredit,OldCreditID,No,,,,
br_PaymentCredit,nd_auto_increment_id,No,,,,
br_PaymentCreditTransactions,CreditTransactionID,No,,,,
br_PaymentCreditTransactions,CreditID,No,,,,
br_PaymentCreditTransactions,Amount,No,,,,
br_PaymentCreditTransactions,CreationDate,Yes,STATIC_OFFSET,,,
br_PaymentCreditTransactions,UserID,No,,,,
br_PaymentCreditTransactions,nd_auto_increment_id,No,,,,
br_PaymentVoid,PaymentID,No,,,,
br_PaymentVoid,PostingDate,Yes,STATIC_OFFSET,,,
br_PaymentVoid,UserID,No,,,,
br_PaymentVoid,CreateDate,Yes,STATIC_OFFSET,,,
br_PaymentVoid,BatchID,No,,,,
br_PaymentVoid,nd_auto_increment_id,No,,,,
br_ServiceDetailInsurance,ServiceDetailInsuranceID,No,,,,
br_ServiceDetailInsurance,ServiceDetailID,No,,,,
br_ServiceDetailInsurance,InsCovID,Yes,MASK,InsCovID,,
br_ServiceDetailInsurance,Priority,No,,,,
br_ServiceDetailInsurance,SubOrder,No,,,,
br_ServiceDetailInsurance,PreCertNumber,Yes,MASK,PreCertNumber,,
br_ServiceDetailInsurance,Status,No,,,,
br_ServiceDetailInsurance,CoPay,No,,,,
br_ServiceDetailInsurance,CoIns,No,,,,
br_ServiceDetailInsurance,Deductible,No,,,,
br_ServiceDetailInsurance,FeeScheduleAmount,No,,,,
br_ServiceDetailInsuranceHistory,ServiceDetailInsuranceID,No,,,,
br_ServiceDetailInsuranceHistory,ServiceDetailID,No,,,,
br_ServiceDetailInsuranceHistory,InsCovID,Yes,MASK,InsCovID,,
br_ServiceDetailInsuranceHistory,Priority,No,,,,
br_ServiceDetailInsuranceHistory,SubOrder,No,,,,
br_ServiceDetailInsuranceHistory,PreCertNumber,Yes,MASK,PreCertNumber,,
br_ServiceDetailInsuranceHistory,Status,No,,,,
br_ServiceDetailInsuranceHistory,CoPay,No,,,,
br_ServiceDetailInsuranceHistory,CoIns,No,,,,
br_ServiceDetailInsuranceHistory,Deductible,No,,,,
br_ServiceDetailInsuranceHistory,FeeScheduleAmount,No,,,,
br_ServiceDetailInsuranceHistory,LastChanged,Yes,STATIC_OFFSET,,,
br_ServiceDetailInsuranceHistory,nd_auto_increment_id,No,,,,
br_ServiceDetailMeasurement,ServiceDetailMeasurementID,No,,,,
br_ServiceDetailMeasurement,ServiceDetailID,No,,,,
br_ServiceDetailMeasurement,MeasurementType,No,,,,
br_ServiceDetailMeasurement,MeasurementCode,No,,,,
br_ServiceDetailMeasurement,MeasurementValue,No,,,,
br_ServiceDetailMeasurement,nd_auto_increment_id,No,,,,
br_ServiceDetailMeasurementHistory,ServiceDetailMeasurementID,No,,,,
br_ServiceDetailMeasurementHistory,ServiceDetailID,No,,,,
br_ServiceDetailMeasurementHistory,MeasurementType,No,,,,
br_ServiceDetailMeasurementHistory,MeasurementCode,No,,,,
br_ServiceDetailMeasurementHistory,MeasurementValue,No,,,,
br_ServiceDetailMeasurementHistory,LastChanged,No,,,,
br_ServiceDetailMeasurementHistory,nd_auto_increment_id,No,,,,
br_ServiceDetailModifiers,ServiceDetailModifierID,No,,,,
br_ServiceDetailModifiers,ServiceDetailID,No,,,,
br_ServiceDetailModifiers,Modifier,No,,,,
br_ServiceDetailModifiersHistory,ServiceDetailModifierID,No,,,,
br_ServiceDetailModifiersHistory,ServiceDetailID,No,,,,
br_ServiceDetailModifiersHistory,Modifier,No,,,,
br_ServiceDetailModifiersHistory,LastChanged,Yes,STATIC_OFFSET,,,
br_ServiceDetailModifiersHistory,nd_auto_increment_id,No,,,,
br_ServiceDetailToDiagnosis,SDDiagID,No,,,,
br_ServiceDetailToDiagnosis,ServiceDetailID,No,,,,
br_ServiceDetailToDiagnosis,DiagnosisCode,No,,,,
br_ServiceDetailToDiagnosis,DiagnosisPriority,No,,,,
br_ServiceDetailToDiagnosis,CodingSystemID,No,,,,
br_ServiceDetailToDiagnosisHistory,SDDiagID,No,,,,
br_ServiceDetailToDiagnosisHistory,ServiceDetailID,No,,,,
br_ServiceDetailToDiagnosisHistory,DiagnosisCode,No,,,,
br_ServiceDetailToDiagnosisHistory,DiagnosisPriority,No,,,,
br_ServiceDetailToDiagnosisHistory,LastChanged,Yes,DATE_OFFSET,,,
br_ServiceDetailVoid,ServiceDetailID,No,,,,
br_ServiceDetailVoid,PostingDate,Yes,STATIC_OFFSET,,,
br_ServiceDetailVoid,UserID,No,,,,
br_ServiceDetailVoid,CreateDate,Yes,STATIC_OFFSET,,,
br_ServiceDetailVoid,BatchID,No,,,,
br_ServiceDetailVoid,nd_auto_increment_id,No,,,,
CancelRxResponse,eRxSSPharmacyRequestID,No,,,,
CancelRxResponse,Approved,No,,,,
CancelRxResponse,eRxSSReasonID,No,,,,
CancelRxResponse,Reason,No,,,,
CancelRxResponse,nd_auto_increment_id,No,,,,
CaptureDom,ProcedureName,No,,,,
CaptureDom,CreateDate,Yes,STATIC_OFFSET,,,
CaptureDom,nd_auto_increment_id,No,,,,
CaptureDomBin,CaptureDomBinID,No,,,,
CaptureDomBin,ProcedureName,No,,,,
CaptureDomBin,CreateDate,Yes,STATIC_OFFSET,,,
CaptureDomBin,DomText,Yes,GENERIC_NOTES,,,
CaptureDomBin,nd_auto_increment_id,No,,,,
CarePlanEvaluationOutcome,CarePlanEvaluationOutcomeID,No,,,,
CarePlanEvaluationOutcome,EvaluationOutcomeDescription,No,,,,
CarePlanEvaluationOutcome,CarePlanGoalID,No,,,,
CarePlanEvaluationOutcome,CarePlanEvaluationOutcomeStatusID,No,,,,
CarePlanEvaluationOutcome,CreateDate,Yes,STATIC_OFFSET,,,
CarePlanEvaluationOutcome,CreateUserID,No,,,,
CarePlanEvaluationOutcome,LastModifyDate,Yes,STATIC_OFFSET,,,
CarePlanEvaluationOutcome,LastModifyUserID,No,,,,
CarePlanEvaluationOutcome,nd_auto_increment_id,No,,,,
CarePlanEvaluationOutcomeStatusLU,CarePlanEvaluationOutcomeStatusID,No,,,,
CarePlanEvaluationOutcomeStatusLU,Description,No,,,,
CarePlanEvaluationOutcomeStatusLU,nd_auto_increment_id,No,,,,
CarePlanGoal,CarePlanGoalID,No,,,,
CarePlanGoal,GoalDescription,No,,,,
CarePlanGoal,PatientID,Yes,PATIENT_ID,,,
CarePlanGoal,DueDate,No,,,,
CarePlanGoal,CarePlanGoalStatusID,No,,,,
CarePlanGoal,InitiatedBy,No,,,,
CarePlanGoal,HideFromPatient,No,,,,
CarePlanGoal,CreateDate,Yes,STATIC_OFFSET,,,
CarePlanGoal,CreateUserID,No,,,,
CarePlanGoal,LastModifyDate,Yes,STATIC_OFFSET,,,
CarePlanGoal,LastModifyUserID,No,,,,
CarePlanGoal,nd_auto_increment_id,No,,,,
CarePlanGoalHealthConcern,CarePlanGoalID,No,,,,
CarePlanGoalHealthConcern,CarePlanHealthConcernID,No,,,,
CarePlanGoalHealthConcern,CarePlanGoalHealthConcernID,No,,,,
CarePlanGoalHealthConcern,nd_auto_increment_id,No,,,,
CarePlanGoalInitiatedByLU,InitiatedBy,Yes,MASK,InitiatedBy,,
CarePlanGoalInitiatedByLU,nd_auto_increment_id,No,,,,
CarePlanGoalStatusLU,CarePlanGoalStatusID,No,,,,
CarePlanGoalStatusLU,Description,Yes,GENERIC_NOTES,,,
CarePlanGoalStatusLU,StatusCategory,No,,,,
CarePlanGoalStatusLU,nd_auto_increment_id,No,,,,
CarePlanGoalVitalConcept,CarePlanGoalID,No,,,,
CarePlanGoalVitalConcept,ConceptID,No,,,,
CarePlanGoalVitalConcept,VitalTarget,No,,,,
CarePlanGoalVitalConcept,nd_auto_increment_id,No,,,,
CarePlanHealthConcern,CarePlanHealthConcernID,No,,,,
CarePlanHealthConcern,CarePlanHealthConcernTypeID,No,,,,
CarePlanHealthConcern,SourceID,No,,,,
CarePlanHealthConcern,PatientID,Yes,PATIENT_ID,,,
CarePlanHealthConcern,Description,No,,,,
CarePlanHealthConcern,CreateDate,Yes,STATIC_OFFSET,,,
CarePlanHealthConcern,CreateUserID,No,,,,
CarePlanHealthConcern,LastModifyDate,Yes,STATIC_OFFSET,,,
CarePlanHealthConcern,LastModifyUserID,No,,,,
CarePlanHealthConcern,CarePlanHealthConcernStatusID,No,,,,
CarePlanHealthConcern,nd_auto_increment_id,No,,,,
CarePlanHealthConcernStatusLU,CarePlanHealthConcernStatusID,No,,,,
CarePlanHealthConcernStatusLU,Description,Yes,GENERIC_NOTES,,,
CarePlanHealthConcernStatusLU,nd_auto_increment_id,No,,,,
CarePlanHealthConcernType,CarePlanHealthConcernTypeID,No,,,,
CarePlanHealthConcernType,Description,No,,,,
CarePlanHealthConcernType,nd_auto_increment_id,No,,,,
CarePlanIntervention,CarePlanInterventionID,No,,,,
CarePlanIntervention,InterventionDescription,No,,,,
CarePlanIntervention,CarePlanGoalID,No,,,,
CarePlanIntervention,DueDate,Yes,STATIC_OFFSET,,,
CarePlanIntervention,InterventionStatusID,No,,,,
CarePlanIntervention,HideFromPatient,No,,,,
CarePlanIntervention,CreateDate,Yes,STATIC_OFFSET,,,
CarePlanIntervention,CreateUserID,No,,,,
CarePlanIntervention,LastModifyDate,Yes,STATIC_OFFSET,,,
CarePlanIntervention,LastModifyUserID,No,,,,
CarePlanIntervention,nd_auto_increment_id,No,,,,
CarePlanInterventionMedication,CarePlanInterventionID,No,,,,
CarePlanInterventionMedication,ClinicalPatMedID,No,,,,
CarePlanInterventionMedication,nd_auto_increment_id,No,,,,
CarePlanInterventionOrder,CarePlanInterventionID,No,,,,
CarePlanInterventionOrder,OrderID,No,,,,
CarePlanInterventionOrder,nd_auto_increment_id,No,,,,
CarePlanInterventionStatusLU,InterventionStatusID,No,,,,
CarePlanInterventionStatusLU,Description,No,,,,
CarePlanInterventionStatusLU,nd_auto_increment_id,No,,,,
CareProvider,CareProviderID,No,,,,
CareProvider,PersonID,Yes,PATIENT_ID,,,
CareProvider,CareProviderTypeID,No,,,,
CareProvider,NationalProviderID,Yes,MASK,NationalProviderID,,
CareProvider,UPINID,No,,,,
CareProvider,GroupNPIID,Yes,MASK,GroupNPIID,,
CareProvider,DEANumber,No,,,,
CareProvider,HospiceEmp,No,,,,
CareProvider,EMCSubmissionID,No,,,,
CareProvider,EMCProviderID,No,,,,
CareProvider,ProvSpecialtyLicense,Yes,MASK,ProvSpecialtyLicense,,
CareProvider,ProvStateLicense,No,,,,
CareProvider,ProvTaxType,No,,,,
CareProvider,ProvTaxID,Yes,MASK,ProvTaxID,,
CareProvider,IDNMemberFlag,No,,,,
CareProvider,ProviderTypeOrgID,No,,,,
CareProvider,CareProvBillable,No,,,,
CareProvider,IsReferringProvider,No,,,,
CareProvider,IsOnStaffProvider,No,,,,
CareProvider,CurrUserID,No,,,,
CareProvider,CurrDateTime,Yes,DATE_OFFSET,,,
CareProvider,UserID,No,,,,
CareProvider,Credentials,No,,,,
CareProvider,Enabled,No,,,,
CareProvider,IsPrimaryCareProvider,No,,,,
CareProvider,StateSubstanceNumber,No,,,,
CareProvider,ShortName,No,,,,
CareProvider,AntigenBoardID,No,,,,
CareProvider,ActiveStartTime,Yes,DATE_OFFSET,,,
CareProvider,ActiveEndTime,Yes,DATE_OFFSET,,,
CareProvider,eRxActionBy,No,,,,
CareProvider,SureScriptSPI,Yes,MASK,SureScriptSPI,,
CareProvider,IsMidlevel,No,,,,
CareProvider,SupervisorID,No,,,,
CareProvider,PracticeLocationID,No,,,,
CareProvider,ServiceLevel,No,,,,
CareProvider,ServiceLevelIds,No,,,,
CareProvider,IsFederalProvider,No,,,,
CareProvider,SpecialityType1,No,,,,
CareProvider,SpecialityType2,No,,,,
CareProvider,SpecialityType3,No,,,,
CareProvider,SpecialityType4,No,,,,
CareProvider,DirectAddress,Yes,MASK,DirectAddress,,
CareProvider,OfficeContactPerson,Yes,MASK,OfficeContactPerson,,
CareProvider,DirectEmailAddress,Yes,MASK,DirectEmailAddress,,
CareProvider,NADEANumber,Yes,MASK,NADEANumber,,
CareProvider,CertificateToPrescribe,No,,,,
CareProvider,TelehealthProviderUrl,Yes,MASK,TelehealthProviderUrl,,
CareProvider,IsTelehealthProvider,No,,,,
CareProvider,nd_auto_increment_id,No,,,,
CareProviderExternalOrganization,CareProviderExternalOrganizationID,No,,,,
CareProviderExternalOrganization,CareProviderID,No,,,,
CareProviderExternalOrganization,ExternalOrganizationID,No,,,,
CareProviderExternalOrganization,nd_auto_increment_id,No,,,,
CareProviderIDType,CareProviderIDTypeID,No,,,,
CareProviderIDType,CareProviderIDTypeCode,No,,,,
CareProviderIDType,CareProviderIDTypeDesc,Yes,MASK,CareProviderIDTypeDesc,,
CareProviderIDType,nd_auto_increment_id,No,,,,
CareProviderInsuranceID,CareProviderInsuranceID,Yes,MASK,CareProviderInsuranceID,,
CareProviderInsuranceID,CareProviderID,Yes,MASK,CareProviderID,,
CareProviderInsuranceID,LocationID,No,,,,
CareProviderInsuranceID,InsurancePlanID,Yes,MASK,InsurancePlanID,,
CareProviderInsuranceID,IndCareProviderIDNumber,Yes,MASK,IndCareProviderIDNumber,,
CareProviderInsuranceID,GrpCareProviderIDNumber,No,,,,
CareProviderInsuranceID,AcceptsAssignment,No,,,,
CareProviderInsuranceID,ClaimOverrideFlag,No,,,,
CareProviderInsuranceID,IgnoreBenefits,No,,,,
CareProviderInsuranceID,CompanyID,Yes,MASK,CompanyID,,
CareProviderInsuranceID,TaxTypeInd,No,,,,
CareProviderInsuranceID,IndInsuranceType,Yes,MASK,IndInsuranceType,,
CareProviderInsuranceID,GrpInsuranceType,Yes,MASK,GrpInsuranceType,,
CareProviderInsuranceID,IsPrimaryTypeNumber,No,,,,
CareProviderInsuranceID,PerfRefType,No,,,,
CareProviderInsuranceID,PayToID,No,,,,
CareProviderInsuranceID,PayToSecCareProviderIDNumber,Yes,MASK,PayToSecCareProviderIDNumber,,
CareProviderInsuranceID,PayToSecInsuranceType,Yes,MASK,PayToSecInsuranceType,,
CareProviderInsuranceID,OverrideGroupTaxonomyCode,No,,,,
CareProviderInsuranceID,OverrideRenderingTaxonomyCode,No,,,,
CareProviderInsuranceID,nd_auto_increment_id,No,,,,
CareProviderInsurancePayTo,PayToID,No,,,,
CareProviderInsurancePayTo,IsPerson,No,,,,
CareProviderInsurancePayTo,LastNameOrgName,No,,,,
CareProviderInsurancePayTo,ShortName,No,,,,
CareProviderInsurancePayTo,FirstName,Yes,MASK,FirstName,,
CareProviderInsurancePayTo,MiddleName,Yes,MASK,MiddleName,,
CareProviderInsurancePayTo,SuffixID,No,,,,
CareProviderInsurancePayTo,NPI,Yes,MASK,NPI,,
CareProviderInsurancePayTo,TaxID,Yes,MASK,TaxID,,
CareProviderInsurancePayTo,TaxIDType,No,,,,
CareProviderInsurancePayTo,AddressID,No,,,,
CareProviderInsurancePayTo,nd_auto_increment_id,No,,,,
CareProviderLocation,LocationID,No,,,,
CareProviderLocation,LocationName,Yes,MASK,LocationName,,
CareProviderLocation,LocationAddressID,No,,,,
CareProviderLocation,LocationEmailAddress,Yes,MASK,LocationEmailAddress,,
CareProviderLocation,LocationInternetAddress,Yes,MASK,LocationInternetAddress,,
CareProviderLocation,LocationBillingContact,No,,,,
CareProviderLocation,LocationAdminContact,No,,,,
CareProviderLocation,CLIA,No,,,,
CareProviderLocation,LocationReferralsContact,Yes,MASK,LocationReferralsContact,,
CareProviderLocation,ActiveLocation,No,,,,
CareProviderLocation,IsPractice,No,,,,
CareProviderLocation,PosCodeID,No,,,,
CareProviderLocation,TaxIDNumber,Yes,MASK,TaxIDNumber,,
CareProviderLocation,LocationBillingName,Yes,MASK,LocationBillingName,,
CareProviderLocation,NPI,Yes,MASK,NPI,,
CareProviderLocation,TaxonomyCode,No,,,,
CareProviderLocation,LocationQualifier,No,,,,
CareProviderLocation,MailingAddressID,No,,,,
CareProviderLocation,IsFacility,No,,,,
CareProviderLocation,GMTMedRegID,No,,,,
CareProviderLocation,DefaultLabAccountID,No,,,,
CareProviderLocation,DefaultExternalCareProviderLabAccountID,No,,,,
CareProviderLocation,ExcludeForMU,No,,,,
CareProviderLocation,PayToAddressID,No,,,,
CareProviderLocation,Billing5010AddressID,No,,,,
CareProviderLocation,IsDefaultLocation,No,,,,
CareProviderLocation,ContractorID,No,,,,
CareProviderLocation,ContractorVersion,No,,,,
CareProviderLocation,DMEContractorID,No,,,,
CareProviderLocation,DMEContractorVersion,No,,,,
CareProviderLocation,crTemplateID,No,,,,
CareProviderLocation,LocationOfficeContact,No,,,,
CareProviderLocation,AmbulatoryClassificationID,No,,,,
CareProviderLocation,nd_auto_increment_id,No,,,,
CareProviderSpecialty,Code,No,,,,
CareProviderSpecialty,Description,No,,,,
CareProviderSpecialty,nd_auto_increment_id,No,,,,
CareProviderToLocation,CareProviderID,No,,,,
CareProviderToLocation,LocationID,No,,,,
CareProviderToLocation,ActiveProvider,No,,,,
CareProviderToLocation,nd_auto_increment_id,No,,,,
CareProviderToSpecialty,CareProviderID,No,,,,
CareProviderToSpecialty,Specialtycode,No,,,,
CareProviderToSpecialty,CertNumber,Yes,MASK,CertNumber,,
CareProviderToSpecialty,CertDate,Yes,STATIC_OFFSET,,,
CareProviderToSpecialty,TaxonomyCode,No,,,,
CareProviderToSpecialty,PrimarySpecialty,No,,,,
CareProviderToSpecialty,nd_auto_increment_id,No,,,,
CareProviderType,CareProviderTypeID,No,,,,
CareProviderType,CareProviderTypeDesc,No,,,,
CareProviderType,nd_auto_increment_id,No,,,,
CaseDx,CaseDxID,No,,,,
CaseDx,CaseID,No,,,,
CaseDx,DiagCode,No,,,,
CaseDx,Description,No,,,,
CaseDx,Enabled,No,,,,
CaseDx,CreateDate,Yes,STATIC_OFFSET,,,
CaseDx,nd_auto_increment_id,No,,,,
CaseHeader,CaseHeaderID,No,,,,
CaseHeader,PatientID,Yes,PATIENT_ID,,,
CaseHeader,CaseTypeID,No,,,,
CaseHeader,CaseStatusID,No,,,,
CaseHeader,DefaultVisitID,No,,,,
CaseHeader,RenderingCareProviderID,No,,,,
CaseHeader,ReferringCareProviderID,No,,,,
CaseHeader,ServiceLocationID,No,,,,
CaseHeader,PracticeServiceLocationID,No,,,,
CaseHeader,PatientFacMedRec,No,,,,
CaseHeader,PatientFacFinNum,No,,,,
CaseHeader,AdmissionDate,Yes,STATIC_OFFSET,,,
CaseHeader,WingTower,No,,,,
CaseHeader,Floor,No,,,,
CaseHeader,UnitWard,No,,,,
CaseHeader,RoomNum,No,,,,
CaseHeader,Bed,No,,,,
CaseHeader,DischargeDate,Yes,STATIC_OFFSET,,,
CaseHeader,DateLastSeen,Yes,STATIC_OFFSET,,,
CaseHeader,RoundsListMember,No,,,,
CaseHeader,DateAdded,Yes,STATIC_OFFSET,,,
CaseHeader,CreateDate,No,,,,
CaseHeader,CaseDescription,No,,,,
CaseHeader,Notes,No,,,,
CaseHeader,nd_auto_increment_id,No,,,,
CaseStatus,CaseStatusID,No,,,,
CaseStatus,CaseStatusDesc,No,,,,
CaseStatus,Enabled,No,,,,
CaseStatus,CreateDate,Yes,STATIC_OFFSET,,,
CaseStatus,nd_auto_increment_id,No,,,,
CaseStatusGMT,CaseStatusGMTID,No,,,,
CaseStatusGMT,CaseStatusDesc,No,,,,
CaseStatusGMT,Enabled,No,,,,
CaseStatusGMT,CreateDate,Yes,STATIC_OFFSET,,,
CaseStatusGMT,nd_auto_increment_id,No,,,,
CaseStatusGMTMapping,CaseStatusGMTID,No,,,,
CaseStatusGMTMapping,CaseStatusPRID,No,,,,
CaseStatusGMTMapping,nd_auto_increment_id,No,,,,
CaseType,CaseTypeID,No,,,,
CaseType,CaseTypeDesc,No,,,,
CaseType,Enabled,No,,,,
CaseType,CreateDate,Yes,STATIC_OFFSET,,,
CaseType,nd_auto_increment_id,No,,,,
CaseTypeGMT,CaseTypeGMTID,No,,,,
CaseTypeGMT,CaseTypeDesc,No,,,,
CaseTypeGMT,Enabled,No,,,,
CaseTypeGMT,CreateDate,Yes,STATIC_OFFSET,,,
CaseTypeGMT,nd_auto_increment_id,No,,,,
CaseTypeGMTMapping,CaseTypeGMTID,No,,,,
CaseTypeGMTMapping,CaseTypePRID,No,,,,
CaseTypeGMTMapping,nd_auto_increment_id,No,,,,
CCDACustomization,CCDACustomizationID,No,,,,
CCDACustomization,DocTypeID,No,,,,
CCDACustomization,PatientID,Yes,PATIENT_ID,,,
CCDACustomization,VisitID,Yes,ENCOUNTER_ID,,,
CCDACustomization,ExcludedIDs,No,,,,
CCDACustomization,nd_auto_increment_id,No,,,,
CCDAImportStatistics,CCDAImportStatisticsID,No,,,,
CCDAImportStatistics,PatientID,Yes,PATIENT_ID,,,
CCDAImportStatistics,MedicationFlag,No,,,,
CCDAImportStatistics,ProblemListFlag,No,,,,
CCDAImportStatistics,AllergyFlag,No,,,,
CCDAImportStatistics,userID,No,,,,
CCDAImportStatistics,CreateDatetime,Yes,DATE_OFFSET,,,
CCDAImportStatistics,nd_auto_increment_id,No,,,,
CCDAMEDCommonDoseUnit,CCDAMEDCommonDoseUnitID,No,,,,
CCDAMEDCommonDoseUnit,UnitsID,No,,,,
CCDAMEDCommonDoseUnit,Description,No,,,,
CCDAMEDCommonDoseUnit,Unit,No,,,,
CCDAMEDCommonDoseUnit,nd_auto_increment_id,No,,,,
CCDAMEDModifiedDoseUnit,CCDAMEDModifiedDoseUnitID,No,,,,
CCDAMEDModifiedDoseUnit,RTID,No,,,,
CCDAMEDModifiedDoseUnit,DFID,No,,,,
CCDAMEDModifiedDoseUnit,Description,No,,,,
CCDAMEDModifiedDoseUnit,UnitDescription,No,,,,
CCDAMEDModifiedDoseUnit,Unit,No,,,,
CCDAMEDModifiedDoseUnit,nd_auto_increment_id,No,,,,
CCDAPurposeOfUse,CCDAPurposeOfUseID,No,,,,
CCDAPurposeOfUse,Level,No,,,,
CCDAPurposeOfUse,Code,No,,,,
CCDAPurposeOfUse,Display,No,,,,
CCDAPurposeOfUse,Definition,No,,,,
CCDAPurposeOfUse,nd_auto_increment_id,No,,,,
CCDASection,SectionID,No,,,,
CCDASection,SectionDescription,Yes,GENERIC_NOTES,,,
CCDASection,IsEnabled,No,,,,
CCDASection,DisplayOrder,No,,,,
CCDASection,nd_auto_increment_id,No,,,,
CCDASubmissionOption,SubmissionOptionID,No,,,,
CCDASubmissionOption,SubmissionOptionCode,No,,,,
CCDASubmissionOption,DisplayName,No,,,,
CCDASubmissionOption,nd_auto_increment_id,No,,,,
CCDAValidatorConfig,CCDAValidationObjective,No,,,,
CCDAValidatorConfig,CCDAReferenceFileName,No,,,,
CCDAValidatorConfig,CCDAURL,Yes,MASK,CCDAURL,,
CCDAValidatorConfig,nd_auto_increment_id,No,,,,
CDADocument,CDADocumentID,No,,,,
CDADocument,DocumentName,No,,,,
CDADocument,DocumentDescription,No,,,,
CDADocument,DocumentDisplayName,No,,,,
CDADocument,Code,No,,,,
CDADocument,CodeDisplayName,No,,,,
CDADocument,CodeSystem,No,,,,
CDADocument,CodeSystemName,No,,,,
CDADocument,FormatCode,No,,,,
CDADocument,OID,No,,,,
CDADocument,nd_auto_increment_id,No,,,,
CDADocumentProfile,CDADocumentProfileID,No,,,,
CDADocumentProfile,ProfileName,No,,,,
CDADocumentProfile,ProfileDescription,No,,,,
CDADocumentProfile,Enabled,No,,,,
CDADocumentProfile,CreateDate,Yes,STATIC_OFFSET,,,
CDADocumentProfile,CreateUser,Yes,MASK,CreateUser,,
CDADocumentProfile,LastModifiedDate,Yes,STATIC_OFFSET,,,
CDADocumentProfile,LastModifiedUser,No,,,,
CDADocumentProfile,nd_auto_increment_id,No,,,,
CDADocumentProfileRestriction,CDADocumentProfileID,No,,,,
CDADocumentProfileRestriction,CDADPRAssignedAuthorTypeID,No,,,,
CDADocumentProfileRestriction,CDADPRAssignedAuthorNPIOverrideTypeID,No,,,,
CDADocumentProfileRestriction,CDADPRDateRestrictionTypeID,Yes,MASK,CDADPRDateRestrictionTypeID,,
CDADocumentProfileRestriction,DateRestrictionBufferInDays,No,,,,
CDADocumentProfileRestriction,NumberOfVisitsRestricted,No,,,,
CDADocumentProfileRestriction,nd_auto_increment_id,No,,,,
CDADPRAssignedAuthorNPIOverrideType,CDADPRAssignedAuthorNPIOverrideTypeID,No,,,,
CDADPRAssignedAuthorNPIOverrideType,CDADPRAssignedAuthorNPIOverrideTypeName,Yes,MASK,CDADPRAssignedAuthorNPIOverrideTypeName,,
CDADPRAssignedAuthorNPIOverrideType,nd_auto_increment_id,No,,,,
CDADPRAssignedAuthorType,CDADPRAssignedAuthorTypeID,No,,,,
CDADPRAssignedAuthorType,CDADPRAssignedAuthorTypeName,No,,,,
CDADPRAssignedAuthorType,nd_auto_increment_id,No,,,,
CDADPRDateRestrictionType,CDADPRDateRestrictionTypeID,Yes,MASK,CDADPRDateRestrictionTypeID,,
CDADPRDateRestrictionType,CDADPRDateRestrictionTypeName,No,,,,
CDADPRDateRestrictionType,nd_auto_increment_id,No,,,,
CDAImport,CDAImportID,No,,,,
CDAImport,DocumentID,No,,,,
CDAImport,CreateDate,Yes,STATIC_OFFSET,,,
CDAImport,CreateUser,No,,,,
CDAImport,LastModifiedDate,Yes,STATIC_OFFSET,,,
CDAImport,LastModifiedUser,No,,,,
CDAImport,Enabled,No,,,,
CDAImport,DocumentLocationID,No,,,,
CDAImport,nd_auto_increment_id,No,,,,
CDAImportClinicalPatMeds,CDAImportID,No,,,,
CDAImportClinicalPatMeds,ClinicalPatMedID,No,,,,
CDAImportClinicalPatMeds,root,No,,,,
CDAImportClinicalPatMeds,extension,No,,,,
CDAImportClinicalPatMeds,nd_auto_increment_id,No,,,,
CDAImportDemographics,CDAImportID,No,,,,
CDAImportDemographics,PatientID,Yes,PATIENT_ID,,,
CDAImportDemographics,ColumnName,Yes,MASK,ColumnName,,
CDAImportDemographics,nd_auto_increment_id,No,,,,
CDAImportDocumentLocation,DocumentLocationID,No,,,,
CDAImportDocumentLocation,Location,No,,,,
CDAImportDocumentLocation,nd_auto_increment_id,No,,,,
CDAImportPatHistAllergy,CDAImportID,No,,,,
CDAImportPatHistAllergy,PatientID,Yes,PATIENT_ID,,,
CDAImportPatHistAllergy,PatHistCatPatHistItemID,No,,,,
CDAImportPatHistAllergy,root,No,,,,
CDAImportPatHistAllergy,extension,No,,,,
CDAImportPatHistAllergy,AltSystemCode,No,,,,
CDAImportPatHistAllergy,nd_auto_increment_id,No,,,,
CDAImportPatHistFamily,CDAImportID,No,,,,
CDAImportPatHistFamily,PatientID,Yes,PATIENT_ID,,,
CDAImportPatHistFamily,PatHistCatPatHistItemID,No,,,,
CDAImportPatHistFamily,root,No,,,,
CDAImportPatHistFamily,extension,No,,,,
CDAImportPatHistFamily,nd_auto_increment_id,No,,,,
CDAImportPatHistGenetic,CDAImportID,No,,,,
CDAImportPatHistGenetic,PatientID,Yes,PATIENT_ID,,,
CDAImportPatHistGenetic,PatHistCatPatHistItemID,No,,,,
CDAImportPatHistGenetic,root,No,,,,
CDAImportPatHistGenetic,extension,No,,,,
CDAImportPatHistGenetic,nd_auto_increment_id,No,,,,
CDAImportPatHistMedical,CDAImportID,No,,,,
CDAImportPatHistMedical,PatientID,Yes,PATIENT_ID,,,
CDAImportPatHistMedical,PatHistCatPatHistItemID,No,,,,
CDAImportPatHistMedical,root,No,,,,
CDAImportPatHistMedical,extension,No,,,,
CDAImportPatHistMedical,nd_auto_increment_id,No,,,,
CDAImportPatHistMenstrual,CDAImportID,No,,,,
CDAImportPatHistMenstrual,PatientID,Yes,PATIENT_ID,,,
CDAImportPatHistMenstrual,PatHistMenstrualID,No,,,,
CDAImportPatHistMenstrual,root,No,,,,
CDAImportPatHistMenstrual,extension,No,,,,
CDAImportPatHistMenstrual,nd_auto_increment_id,No,,,,
CDAImportPatHistPregnancyDetail,CDAImportID,No,,,,
CDAImportPatHistPregnancyDetail,PatientID,Yes,PATIENT_ID,,,
CDAImportPatHistPregnancyDetail,PatHistPregnancyDetailID,No,,,,
CDAImportPatHistPregnancyDetail,root,No,,,,
CDAImportPatHistPregnancyDetail,extension,No,,,,
CDAImportPatHistPregnancyDetail,nd_auto_increment_id,No,,,,
CDAImportPatHistProblemList,CDAImportID,No,,,,
CDAImportPatHistProblemList,PatientID,Yes,PATIENT_ID,,,
CDAImportPatHistProblemList,PatHistProblemListID,No,,,,
CDAImportPatHistProblemList,root,No,,,,
CDAImportPatHistProblemList,extension,No,,,,
CDAImportPatHistProblemList,nd_auto_increment_id,No,,,,
CDAImportPatHistSocial,CDAImportID,No,,,,
CDAImportPatHistSocial,PatientID,Yes,PATIENT_ID,,,
CDAImportPatHistSocial,PatHistCatPatHistItemID,No,,,,
CDAImportPatHistSocial,root,No,,,,
CDAImportPatHistSocial,extension,No,,,,
CDAImportPatHistSocial,nd_auto_increment_id,No,,,,
CDAImportPatHistSurgical,CDAImportID,No,,,,
CDAImportPatHistSurgical,PatientID,Yes,PATIENT_ID,,,
CDAImportPatHistSurgical,PatHistCatPatHistItemID,No,,,,
CDAImportPatHistSurgical,root,No,,,,
CDAImportPatHistSurgical,extension,No,,,,
CDAImportPatHistSurgical,nd_auto_increment_id,No,,,,
CDAImportPatient,CDAImportID,No,,,,
CDAImportPatient,PatientID,Yes,PATIENT_ID,,,
CDAImportPatient,nd_auto_increment_id,No,,,,
CDAImportStatus,CDAImportStatusID,No,,,,
CDAImportStatus,CDAImportStatusDescription,No,,,,
CDAImportStatus,nd_auto_increment_id,No,,,,
CDCPediatricHeadCircumference,Gender,Yes,MASK,Gender,,
CDCPediatricHeadCircumference,AgeInMonths,No,,,,
CDCPediatricHeadCircumference,L,No,,,,
CDCPediatricHeadCircumference,M,No,,,,
CDCPediatricHeadCircumference,S,No,,,,
CDCPediatricHeadCircumference,nd_auto_increment_id,No,,,,
CDCPediatricWeightForLength,Gender,Yes,MASK,Gender,,
CDCPediatricWeightForLength,Length,No,,,,
CDCPediatricWeightForLength,L,No,,,,
CDCPediatricWeightForLength,M,No,,,,
CDCPediatricWeightForLength,S,No,,,,
CDCPediatricWeightForLength,LowValue,No,,,,
CDCPediatricWeightForLength,nd_auto_increment_id,No,,,,
CFBClaimInfo,ClaimID,No,,,,
CFBClaimInfo,BatchID,No,,,,
CFBClaimInfo,PageNumber,No,,,,
CFBClaimInfo,CreateDate,Yes,DATE_OFFSET,,,
CFBClaimInfo,PatientID,Yes,PATIENT_ID,,,
CFBClaimInfo,PatFullName,Yes,MASK,PatFullName,,
CFBClaimInfo,PatFirstName,Yes,MASK,PatFirstName,,
CFBClaimInfo,PatMI,Yes,MASK,PatMI,,
CFBClaimInfo,PatMiddleName,Yes,MASK,PatMiddleName,,
CFBClaimInfo,PatLastName,Yes,MASK,PatLastName,,
CFBClaimInfo,PatDOBMM,Yes,PATIENT_DOB,,,
CFBClaimInfo,PatDOBDD,Yes,MASK,PatDOBDD,,
CFBClaimInfo,PatDOBYY,Yes,MASK,PatDOBYY,,
CFBClaimInfo,PatDOBYYYY,No,,,,
CFBClaimInfo,PatSex,No,,,,
CFBClaimInfo,PatAddressLine1,Yes,MASK,PatAddressLine1,,
CFBClaimInfo,PatAddressLine2,Yes,MASK,PatAddressLine2,,
CFBClaimInfo,PatAddressLine1And2,Yes,MASK,PatAddressLine1And2,,
CFBClaimInfo,PatCity,Yes,MASK,PatCity,,
CFBClaimInfo,PatState,No,,,,
CFBClaimInfo,PatZipPlus4,Yes,ZIP_CODE,,,
CFBClaimInfo,PatZip,Yes,ZIP_CODE,,,
CFBClaimInfo,PatCityStateZip,Yes,ZIP_CODE,,,
CFBClaimInfo,PatPhoneAreaCode,Yes,ZIP_CODE,,,
CFBClaimInfo,PatPhone,Yes,MASK,PatPhone,,
CFBClaimInfo,PatPhonePrefix,Yes,MASK,PatPhonePrefix,,
CFBClaimInfo,PatPhoneSuffix,Yes,MASK,PatPhoneSuffix,,
CFBClaimInfo,PatDeceasedInd,No,,,,
CFBClaimInfo,PatMaritalStatus,No,,,,
CFBClaimInfo,PatStudentStatus,Yes,MASK,PatStudentStatus,,
CFBClaimInfo,PatEmploymentStatus,Yes,MASK,PatEmploymentStatus,,
CFBClaimInfo,PatEmployerName,Yes,MASK,PatEmployerName,,
CFBClaimInfo,PatEmployerHireDate,Yes,MASK,PatEmployerHireDate,,
CFBClaimInfo,PatEmployerTermDate,Yes,MASK,PatEmployerTermDate,,
CFBClaimInfo,PatAssignBenefits,Yes,MASK,PatAssignBenefits,,
CFBClaimInfo,PatMaidenName,Yes,MASK,PatMaidenName,,
CFBClaimInfo,PatReleaseOfInfoInd,No,,,,
CFBClaimInfo,PatSSN,Yes,MASK,PatSSN,,
CFBClaimInfo,PatRelationInsured,Yes,MASK,PatRelationInsured,,
CFBClaimInfo,InsuredFullName,Yes,MASK,InsuredFullName,,
CFBClaimInfo,InsuredFirstName,Yes,MASK,InsuredFirstName,,
CFBClaimInfo,InsuredMI,Yes,MASK,InsuredMI,,
CFBClaimInfo,InsuredLastName,Yes,MASK,InsuredLastName,,
CFBClaimInfo,InsuredMiddleName,Yes,MASK,InsuredMiddleName,,
CFBClaimInfo,InsuredPolicyHolderName,Yes,MASK,InsuredPolicyHolderName,,
CFBClaimInfo,InsuredAddressLine1,Yes,MASK,InsuredAddressLine1,,
CFBClaimInfo,InsuredAddressLine2,Yes,MASK,InsuredAddressLine2,,
CFBClaimInfo,InsuredAddressLine1And2,Yes,MASK,InsuredAddressLine1And2,,
CFBClaimInfo,InsuredCity,Yes,MASK,InsuredCity,,
CFBClaimInfo,InsuredState,No,,,,
CFBClaimInfo,InsuredZip,Yes,ZIP_CODE,,,
CFBClaimInfo,InsuredCityStateZip,Yes,ZIP_CODE,,,
CFBClaimInfo,InsuredSex,No,,,,
CFBClaimInfo,InsuredDOBMM,Yes,MASK,InsuredDOBMM,,
CFBClaimInfo,InsuredDOBDD,Yes,MASK,InsuredDOBDD,,
CFBClaimInfo,InsuredDOBYY,No,,,,
CFBClaimInfo,InsuredDOBYYYY,No,,,,
CFBClaimInfo,InsuredCovComments,Yes,NOTES,,,
CFBClaimInfo,InsuredCovEffDate,Yes,DATE_OFFSET,,,
CFBClaimInfo,InsuredCovExpDate,Yes,DATE_OFFSET,,,
CFBClaimInfo,InsuredEmpName,Yes,MASK,InsuredEmpName,,
CFBClaimInfo,InsuredEmpHireDate,Yes,DATE_OFFSET,,,
CFBClaimInfo,InsuredEmpTermDate,Yes,DATE_OFFSET,,,
CFBClaimInfo,InsuredOccupation,Yes,MASK,InsuredOccupation,,
CFBClaimInfo,InsuredGroupNumber,No,,,,
CFBClaimInfo,InsuredPolicyNumber,No,,,,
CFBClaimInfo,InsuredPhone,Yes,MASK,InsuredPhone,,
CFBClaimInfo,InsPlanName,No,,,,
CFBClaimInfo,InsPlanAddressLine1,Yes,MASK,InsPlanAddressLine1,,
CFBClaimInfo,InsPlanAddressLine2,Yes,MASK,InsPlanAddressLine2,,
CFBClaimInfo,InsPlanCity,Yes,MASK,InsPlanCity,,
CFBClaimInfo,InsPlanState,No,,,,
CFBClaimInfo,InsPlanZip,Yes,ZIP_CODE,,,
CFBClaimInfo,InsPlanCityStateZip,Yes,ZIP_CODE,,,
CFBClaimInfo,InsPlanCategory,No,,,,
CFBClaimInfo,InsPlanType,No,,,,
CFBClaimInfo,InsPlanPriority,No,,,,
CFBClaimInfo,InsCompanyName,No,,,,
CFBClaimInfo,InsCompPayerPrefix,No,,,,
CFBClaimInfo,InsCompProcCodeMethod,No,,,,
CFBClaimInfo,InsCompReqPCInd,No,,,,
CFBClaimInfo,InsPlanAAInd,No,,,,
CFBClaimInfo,InsPlanCrossover,No,,,,
CFBClaimInfo,InsPlanCoPay,No,,,,
CFBClaimInfo,InsPlanDeductible,No,,,,
CFBClaimInfo,InsPlanDMERCInd,No,,,,
CFBClaimInfo,InsPlanMedigapNum,No,,,,
CFBClaimInfo,InsPlanRefProvTypeInd,No,,,,
CFBClaimInfo,InsPlanReferralReq,No,,,,
CFBClaimInfo,InsuredFullName1,Yes,MASK,InsuredFullName1,,
CFBClaimInfo,InsuredFirstName1,Yes,MASK,InsuredFirstName1,,
CFBClaimInfo,InsuredMI1,Yes,MASK,InsuredMI1,,
CFBClaimInfo,InsuredLastName1,Yes,MASK,InsuredLastName1,,
CFBClaimInfo,InsuredMiddleName1,Yes,MASK,InsuredMiddleName1,,
CFBClaimInfo,InsuredPolicyHolderName1,Yes,MASK,InsuredPolicyHolderName1,,
CFBClaimInfo,InsuredAddressLine11,Yes,MASK,InsuredAddressLine11,,
CFBClaimInfo,InsuredAddressLine21,Yes,MASK,InsuredAddressLine21,,
CFBClaimInfo,InsuredAddressLine1And21,Yes,MASK,InsuredAddressLine1And21,,
CFBClaimInfo,InsuredCity1,Yes,MASK,InsuredCity1,,
CFBClaimInfo,InsuredState1,No,,,,
CFBClaimInfo,InsuredZip1,Yes,ZIP_CODE,,,
CFBClaimInfo,InsuredCityStateZip1,Yes,ZIP_CODE,,,
CFBClaimInfo,InsuredSex1,No,,,,
CFBClaimInfo,InsuredDOBMM1,Yes,MASK,InsuredDOBMM1,,
CFBClaimInfo,InsuredDOBDD1,Yes,MASK,InsuredDOBDD1,,
CFBClaimInfo,InsuredDOBYY1,No,,,,
CFBClaimInfo,InsuredDOBYYYY1,No,,,,
CFBClaimInfo,InsuredCovComments1,Yes,NOTES,,,
CFBClaimInfo,InsuredCovEffDate1,Yes,DATE_OFFSET,,,
CFBClaimInfo,InsuredCovExpDate1,Yes,DATE_OFFSET,,,
CFBClaimInfo,InsuredEmpName1,Yes,MASK,InsuredEmpName1,,
CFBClaimInfo,InsuredEmpHireDate1,Yes,DATE_OFFSET,,,
CFBClaimInfo,InsuredEmpTermDate1,Yes,DATE_OFFSET,,,
CFBClaimInfo,InsuredOccupation1,Yes,MASK,InsuredOccupation1,,
CFBClaimInfo,InsuredGroupNumber1,No,,,,
CFBClaimInfo,InsuredPolicyNumber1,No,,,,
CFBClaimInfo,InsuredPhone1,Yes,MASK,InsuredPhone1,,
CFBClaimInfo,InsPlanName1,No,,,,
CFBClaimInfo,InsPlanAddressLine11,Yes,MASK,InsPlanAddressLine11,,
CFBClaimInfo,InsPlanAddressLine21,Yes,MASK,InsPlanAddressLine21,,
CFBClaimInfo,InsPlanCity1,Yes,MASK,InsPlanCity1,,
CFBClaimInfo,InsPlanState1,No,,,,
CFBClaimInfo,InsPlanZip1,Yes,ZIP_CODE,,,
CFBClaimInfo,InsPlanCityStateZip1,Yes,ZIP_CODE,,,
CFBClaimInfo,InsPlanCategory1,No,,,,
CFBClaimInfo,InsPlanType1,No,,,,
CFBClaimInfo,InsPlanPriority1,No,,,,
CFBClaimInfo,InsCompanyName1,No,,,,
CFBClaimInfo,InsCompPayerPrefix1,No,,,,
CFBClaimInfo,InsCompProcCodeMethod1,No,,,,
CFBClaimInfo,InsCompReqPCInd1,No,,,,
CFBClaimInfo,InsPlanAAInd1,No,,,,
CFBClaimInfo,InsPlanCrossover1,No,,,,
CFBClaimInfo,InsPlanCoPay1,No,,,,
CFBClaimInfo,InsPlanDeductible1,No,,,,
CFBClaimInfo,InsPlanDMERCInd1,No,,,,
CFBClaimInfo,InsPlanMedigapNum1,No,,,,
CFBClaimInfo,InsPlanRefProvTypeInd1,No,,,,
CFBClaimInfo,InsPlanReferralReq1,No,,,,
CFBClaimInfo,InsuredFullName2,Yes,MASK,InsuredFullName2,,
CFBClaimInfo,InsuredFirstName2,Yes,MASK,InsuredFirstName2,,
CFBClaimInfo,InsuredMI2,Yes,MASK,InsuredMI2,,
CFBClaimInfo,InsuredLastName2,Yes,MASK,InsuredLastName2,,
CFBClaimInfo,InsuredMiddleName2,Yes,MASK,InsuredMiddleName2,,
CFBClaimInfo,InsuredPolicyHolderName2,Yes,MASK,InsuredPolicyHolderName2,,
CFBClaimInfo,InsuredAddressLine12,Yes,MASK,InsuredAddressLine12,,
CFBClaimInfo,InsuredAddressLine22,Yes,MASK,InsuredAddressLine22,,
CFBClaimInfo,InsuredAddressLine1And22,Yes,MASK,InsuredAddressLine1And22,,
CFBClaimInfo,InsuredCity2,Yes,MASK,InsuredCity2,,
CFBClaimInfo,InsuredState2,No,,,,
CFBClaimInfo,InsuredZip2,Yes,ZIP_CODE,,,
CFBClaimInfo,InsuredCityStateZip2,Yes,ZIP_CODE,,,
CFBClaimInfo,InsuredSex2,No,,,,
CFBClaimInfo,InsuredDOBMM2,Yes,MASK,InsuredDOBMM2,,
CFBClaimInfo,InsuredDOBDD2,Yes,MASK,InsuredDOBDD2,,
CFBClaimInfo,InsuredDOBYY2,No,,,,
CFBClaimInfo,InsuredDOBYYYY2,No,,,,
CFBClaimInfo,InsuredCovComments2,Yes,NOTES,,,
CFBClaimInfo,InsuredCovEffDate2,Yes,DATE_OFFSET,,,
CFBClaimInfo,InsuredCovExpDate2,Yes,DATE_OFFSET,,,
CFBClaimInfo,InsuredEmpName2,Yes,MASK,InsuredEmpName2,,
CFBClaimInfo,InsuredEmpHireDate2,Yes,DATE_OFFSET,,,
CFBClaimInfo,InsuredEmpTermDate2,Yes,DATE_OFFSET,,,
CFBClaimInfo,InsuredOccupation2,Yes,MASK,InsuredOccupation2,,
CFBClaimInfo,InsuredGroupNumber2,No,,,,
CFBClaimInfo,InsuredPolicyNumber2,No,,,,
CFBClaimInfo,InsuredPhone2,Yes,MASK,InsuredPhone2,,
CFBClaimInfo,InsPlanName2,No,,,,
CFBClaimInfo,InsPlanAddressLine12,Yes,MASK,InsPlanAddressLine12,,
CFBClaimInfo,InsPlanAddressLine22,Yes,MASK,InsPlanAddressLine22,,
CFBClaimInfo,InsPlanCity2,Yes,MASK,InsPlanCity2,,
CFBClaimInfo,InsPlanState2,No,,,,
CFBClaimInfo,InsPlanZip2,Yes,ZIP_CODE,,,
CFBClaimInfo,InsPlanCityStateZip2,Yes,ZIP_CODE,,,
CFBClaimInfo,InsPlanCategory2,No,,,,
CFBClaimInfo,InsPlanType2,No,,,,
CFBClaimInfo,InsPlanPriority2,No,,,,
CFBClaimInfo,InsCompanyName2,No,,,,
CFBClaimInfo,InsCompPayerPrefix2,No,,,,
CFBClaimInfo,InsCompProcCodeMethod2,No,,,,
CFBClaimInfo,InsCompReqPCInd2,No,,,,
CFBClaimInfo,InsPlanAAInd2,No,,,,
CFBClaimInfo,InsPlanCrossover2,No,,,,
CFBClaimInfo,InsPlanCoPay2,No,,,,
CFBClaimInfo,InsPlanDeductible2,No,,,,
CFBClaimInfo,InsPlanDMERCInd2,No,,,,
CFBClaimInfo,InsPlanMedigapNum2,No,,,,
CFBClaimInfo,InsPlanRefProvTypeInd2,No,,,,
CFBClaimInfo,InsPlanReferralReq2,No,,,,
CFBClaimInfo,PracticeName,Yes,MASK,PracticeName,,
CFBClaimInfo,PracticeAddressLine1,Yes,MASK,PracticeAddressLine1,,
CFBClaimInfo,PracticeAddressLine2,Yes,MASK,PracticeAddressLine2,,
CFBClaimInfo,PracticeCity,Yes,MASK,PracticeCity,,
CFBClaimInfo,PracticeState,No,,,,
CFBClaimInfo,PracticeZip,Yes,ZIP_CODE,,,
CFBClaimInfo,PracticeCityStateZip,Yes,ZIP_CODE,,,
CFBClaimInfo,PracticePhone,Yes,MASK,PracticePhone,,
CFBClaimInfo,PracticeShortName,Yes,MASK,PracticeShortName,,
CFBClaimInfo,PracticeTaxID,Yes,MASK,PracticeTaxID,,
CFBClaimInfo,FacilityName,Yes,MASK,FacilityName,,
CFBClaimInfo,FacilityAddressLine1,Yes,MASK,FacilityAddressLine1,,
CFBClaimInfo,FacilityAddressLine2,Yes,MASK,FacilityAddressLine2,,
CFBClaimInfo,FacilityAddressLine1And2,Yes,MASK,FacilityAddressLine1And2,,
CFBClaimInfo,FacilityAddressCity,Yes,MASK,FacilityAddressCity,,
CFBClaimInfo,FacilityAddressState,No,,,,
CFBClaimInfo,FacilityAddressZip,Yes,ZIP_CODE,,,
CFBClaimInfo,FacilityAddressCityStateZip,Yes,ZIP_CODE,,,
CFBClaimInfo,FacilityPhone,Yes,MASK,FacilityPhone,,
CFBClaimInfo,FacilityIsPractice,No,,,,
CFBClaimInfo,FacilityUsePracticeAddress,No,,,,
CFBClaimInfo,BillableProvFullName,Yes,MASK,BillableProvFullName,,
CFBClaimInfo,BillableProvFirstName,Yes,MASK,BillableProvFirstName,,
CFBClaimInfo,BillableProvMI,Yes,MASK,BillableProvMI,,
CFBClaimInfo,BillableProvLastName,Yes,MASK,BillableProvLastName,,
CFBClaimInfo,BillableProvMiddleName,Yes,MASK,BillableProvMiddleName,,
CFBClaimInfo,BillableAAOverride,Yes,MASK,BillableAAOverride,,
CFBClaimInfo,BillableCareProvType,Yes,MASK,BillableCareProvType,,
CFBClaimInfo,BillableProvGroupNum,Yes,MASK,BillableProvGroupNum,,
CFBClaimInfo,BillableProvIndNum,Yes,MASK,BillableProvIndNum,,
CFBClaimInfo,BillableProvSpecialty,Yes,MASK,BillableProvSpecialty,,
CFBClaimInfo,BillableProvCertificationNum,Yes,MASK,BillableProvCertificationNum,,
CFBClaimInfo,BillableProvCertificationDate,Yes,MASK,BillableProvCertificationDate,,
CFBClaimInfo,BillableProvCred,Yes,MASK,BillableProvCred,,
CFBClaimInfo,BillableDefaultTaxIDType,Yes,MASK,BillableDefaultTaxIDType,,
CFBClaimInfo,BillableProvIndTaxID,Yes,MASK,BillableProvIndTaxID,,
CFBClaimInfo,BillableProvSSN,Yes,MASK,BillableProvSSN,,
CFBClaimInfo,BillablePlanTaxIDTypeInd,Yes,MASK,BillablePlanTaxIDTypeInd,,
CFBClaimInfo,BillableProvUPIN,Yes,MASK,BillableProvUPIN,,
CFBClaimInfo,BillableProvStateLicense,Yes,MASK,BillableProvStateLicense,,
CFBClaimInfo,BillableProvDEANumber,Yes,MASK,BillableProvDEANumber,,
CFBClaimInfo,BillableProvTaxonomyCode,Yes,MASK,BillableProvTaxonomyCode,,
CFBClaimInfo,RefProvFullName,Yes,MASK,RefProvFullName,,
CFBClaimInfo,RefProvFirstName,Yes,MASK,RefProvFirstName,,
CFBClaimInfo,RefProvMI,Yes,MASK,RefProvMI,,
CFBClaimInfo,RefProvMiddleName,Yes,MASK,RefProvMiddleName,,
CFBClaimInfo,RefProvLastName,Yes,MASK,RefProvLastName,,
CFBClaimInfo,RefProvIndNum,Yes,MASK,RefProvIndNum,,
CFBClaimInfo,RefProvUPIN,Yes,MASK,RefProvUPIN,,
CFBClaimInfo,RefProvCredentials,Yes,MASK,RefProvCredentials,,
CFBClaimInfo,RendProvFullName,Yes,MASK,RendProvFullName,,
CFBClaimInfo,RendProvFirstName,Yes,MASK,RendProvFirstName,,
CFBClaimInfo,RendProvMI,Yes,MASK,RendProvMI,,
CFBClaimInfo,RendProvLastName,Yes,MASK,RendProvLastName,,
CFBClaimInfo,RendProvMiddleName,Yes,MASK,RendProvMiddleName,,
CFBClaimInfo,RendCareProvType,Yes,MASK,RendCareProvType,,
CFBClaimInfo,RendProvBillingType,Yes,MASK,RendProvBillingType,,
CFBClaimInfo,RendProvBillableOverride,Yes,MASK,RendProvBillableOverride,,
CFBClaimInfo,RendProvGroupNum,Yes,MASK,RendProvGroupNum,,
CFBClaimInfo,RendProvIndNum,Yes,MASK,RendProvIndNum,,
CFBClaimInfo,RendProvCredentials,Yes,MASK,RendProvCredentials,,
CFBClaimInfo,RendProvSpecialty,Yes,MASK,RendProvSpecialty,,
CFBClaimInfo,RendProvCertificationNumber,Yes,MASK,RendProvCertificationNumber,,
CFBClaimInfo,RendProvCertificationDate,Yes,MASK,RendProvCertificationDate,,
CFBClaimInfo,RendProvDefaultTaxIDType,Yes,MASK,RendProvDefaultTaxIDType,,
CFBClaimInfo,RendProvIndTaxID,Yes,MASK,RendProvIndTaxID,,
CFBClaimInfo,RendProvSSN,Yes,MASK,RendProvSSN,,
CFBClaimInfo,RendProvPlanTaxIDTypeInd,Yes,MASK,RendProvPlanTaxIDTypeInd,,
CFBClaimInfo,RendProvAAInd,Yes,MASK,RendProvAAInd,,
CFBClaimInfo,RendProvUPIN,Yes,MASK,RendProvUPIN,,
CFBClaimInfo,RendProvStateLicense,Yes,MASK,RendProvStateLicense,,
CFBClaimInfo,RendProvDEANumber,Yes,MASK,RendProvDEANumber,,
CFBClaimInfo,RendProvTaxonomyCode,Yes,MASK,RendProvTaxonomyCode,,
CFBClaimInfo,HospFromDD,No,,,,
CFBClaimInfo,HospFromMM,No,,,,
CFBClaimInfo,HospFromYY,No,,,,
CFBClaimInfo,HospFromYYYY,No,,,,
CFBClaimInfo,HospToDD,No,,,,
CFBClaimInfo,HospToMM,No,,,,
CFBClaimInfo,HospToYY,No,,,,
CFBClaimInfo,HospToYYYY,No,,,,
CFBClaimInfo,AccidentType,No,,,,
CFBClaimInfo,AutoAccidentState,No,,,,
CFBClaimInfo,CLIANumber,No,,,,
CFBClaimInfo,CLIARequiredInd,No,,,,
CFBClaimInfo,AccidentDateDD,No,,,,
CFBClaimInfo,AccidentDateMM,No,,,,
CFBClaimInfo,AccidentDateYY,No,,,,
CFBClaimInfo,AccidentDateYYYY,No,,,,
CFBClaimInfo,LMPDD,No,,,,
CFBClaimInfo,LMPMM,No,,,,
CFBClaimInfo,LMPYY,No,,,,
CFBClaimInfo,LMPYYYY,No,,,,
CFBClaimInfo,OnsetDD,No,,,,
CFBClaimInfo,OnsetMM,No,,,,
CFBClaimInfo,OnsetYY,No,,,,
CFBClaimInfo,OnsetYYYY,No,,,,
CFBClaimInfo,SimilarIllnessDD,No,,,,
CFBClaimInfo,SimilarIllnessMM,No,,,,
CFBClaimInfo,SimilarIllnessYY,No,,,,
CFBClaimInfo,SimilarIllnessYYYY,No,,,,
CFBClaimInfo,DiagCode1,No,,,,
CFBClaimInfo,DiagCode2,No,,,,
CFBClaimInfo,DiagCode3,No,,,,
CFBClaimInfo,DiagCode4,No,,,,
CFBClaimInfo,DiagCode5,No,,,,
CFBClaimInfo,DiagCode6,No,,,,
CFBClaimInfo,DiagCode7,No,,,,
CFBClaimInfo,DiagCode8,No,,,,
CFBClaimInfo,DiagDesc1,No,,,,
CFBClaimInfo,DiagDesc2,No,,,,
CFBClaimInfo,DiagDesc3,No,,,,
CFBClaimInfo,DiagDesc4,No,,,,
CFBClaimInfo,DiagDesc5,No,,,,
CFBClaimInfo,DiagDesc6,No,,,,
CFBClaimInfo,DiagDesc7,No,,,,
CFBClaimInfo,DiagDesc8,No,,,,
CFBClaimInfo,DisabFromDD,No,,,,
CFBClaimInfo,DisabFromMM,No,,,,
CFBClaimInfo,DisabFromYY,No,,,,
CFBClaimInfo,DisabFromYYYY,No,,,,
CFBClaimInfo,DisabToDD,No,,,,
CFBClaimInfo,DisabToMM,No,,,,
CFBClaimInfo,DisabToYY,No,,,,
CFBClaimInfo,DisabToYYYY,No,,,,
CFBClaimInfo,ReferralDate,Yes,DATE_OFFSET,,,
CFBClaimInfo,EmpRelatedFlag,No,,,,
CFBClaimInfo,ClaimLabChargesTotal,No,,,,
CFBClaimInfo,ClaimChargesTotal,No,,,,
CFBClaimInfo,ClaimInsurancePaid,No,,,,
CFBClaimInfo,ClaimPatientPaid,No,,,,
CFBClaimInfo,ClaimContractualsTotal,No,,,,
CFBClaimInfo,PageCharges,No,,,,
CFBClaimInfo,PageLabCharges,No,,,,
CFBClaimInfo,PageInsurancePaid,No,,,,
CFBClaimInfo,PagePatientPaid,No,,,,
CFBClaimInfo,PageContractuals,No,,,,
CFBClaimInfo,ClaimOutsideLabFlag,No,,,,
CFBClaimInfo,MammographyReqInd,No,,,,
CFBClaimInfo,MammographyLocInd,No,,,,
CFBClaimInfo,MammographyCertNum,No,,,,
CFBClaimInfo,MedicaidResubCode,No,,,,
CFBClaimInfo,MedicaidResubOrigRefNum,No,,,,
CFBClaimInfo,PriorAuthOrPreCert,No,,,,
CFBClaimInfo,ClaimTypeOfService,No,,,,
CFBClaimInfo,ClaimRefPerfInd,No,,,,
CFBClaimInfo,ClaimProcDescRequired,No,,,,
CFBClaimInfo,ClaimProcDescription,No,,,,
CFBClaimInfo,DiagCode1Left,No,,,,
CFBClaimInfo,DiagCode1Right,No,,,,
CFBClaimInfo,DiagCode2Left,No,,,,
CFBClaimInfo,DiagCode2Right,No,,,,
CFBClaimInfo,DiagCode3Left,No,,,,
CFBClaimInfo,DiagCode3Right,No,,,,
CFBClaimInfo,DiagCode4Left,No,,,,
CFBClaimInfo,DiagCode4Right,No,,,,
CFBClaimInfo,DiagCode5Left,No,,,,
CFBClaimInfo,DiagCode5Right,No,,,,
CFBClaimInfo,DiagCode6Left,No,,,,
CFBClaimInfo,DiagCode6Right,No,,,,
CFBClaimInfo,DiagCode7Left,No,,,,
CFBClaimInfo,DiagCode7Right,No,,,,
CFBClaimInfo,DiagCode8Left,No,,,,
CFBClaimInfo,DiagCode8Right,No,,,,
CFBClaimInfo,RefProvGroupNum,No,,,,
CFBClaimInfo,FacilityLocationIDNum,No,,,,
CFBClaimInfo,InsuredEmpAddress1And2,Yes,MASK,InsuredEmpAddress1And2,,
CFBClaimInfo,InsuredEmpCity,Yes,MASK,InsuredEmpCity,,
CFBClaimInfo,InsuredEmpState,No,,,,
CFBClaimInfo,InsuredEmpZip,Yes,ZIP_CODE,,,
CFBClaimInfo,InsuredEmpCityStateZip,Yes,ZIP_CODE,,,
CFBClaimInfo,InsuredEmpPhone,Yes,MASK,InsuredEmpPhone,,
CFBClaimInfo,ClaimUsesMedicaid,No,,,,
CFBClaimInfo,MedicaidPolicyNumber,No,,,,
CFBClaimInfo,PageDetailCount,No,,,,
CFBClaimInfo,FamilyPlanningInd,No,,,,
CFBClaimInfo,HealthyKidsInd,No,,,,
CFBClaimInfo,InsPlanPhone,No,,,,
CFBClaimInfo,ClaimEMGInd,No,,,,
CFBClaimInfo,RendHospFlag,No,,,,
CFBClaimInfo,InsPlanCOBANum,No,,,,
CFBClaimInfo,InsPlanCOBANum1,No,,,,
CFBClaimInfo,InsPlanCOBANum2,No,,,,
CFBClaimInfo,ClaimTotalPages,No,,,,
CFBClaimInfo,FacilityBillingName,Yes,MASK,FacilityBillingName,,
CFBClaimInfo,FacilityTaxID,Yes,MASK,FacilityTaxID,,
CFBClaimInfo,BillableProvPerfIndNum,No,,,,
CFBClaimInfo,RendProvPerfIndNum,No,,,,
CFBClaimInfo,InsPlanUsePerfRefRule,No,,,,
CFBClaimInfo,AmendedClaim,No,,,,
CFBClaimInfo,PracticeLocationName,Yes,MASK,PracticeLocationName,,
CFBClaimInfo,PracticeLocationAddressLine1,Yes,MASK,PracticeLocationAddressLine1,,
CFBClaimInfo,PracticeLocationAddressLine2,Yes,MASK,PracticeLocationAddressLine2,,
CFBClaimInfo,PracticeLocationCity,Yes,MASK,PracticeLocationCity,,
CFBClaimInfo,PracticeLocationState,No,,,,
CFBClaimInfo,PracticeLocationZip,Yes,ZIP_CODE,,,
CFBClaimInfo,PracticeLocationCityStateZip,Yes,ZIP_CODE,,,
CFBClaimInfo,PracticeLocationPhone,Yes,MASK,PracticeLocationPhone,,
CFBClaimInfo,CPOClaimFlag,No,,,,
CFBClaimInfo,OrganizationNPI,No,,,,
CFBClaimInfo,BillableProviderNPI,No,,,,
CFBClaimInfo,RenderingProviderNPI,No,,,,
CFBClaimInfo,ReferringProviderNPI,No,,,,
CFBClaimInfo,ServiceLocationNPI,No,,,,
CFBClaimInfo,NPIFlag,No,,,,
CFBClaimInfo,BillableProvIndNumType,No,,,,
CFBClaimInfo,BillableProvGrpNumType,No,,,,
CFBClaimInfo,RendProvIndNumType,No,,,,
CFBClaimInfo,RendProvGrpNumType,No,,,,
CFBClaimInfo,RefProvIndNumType,No,,,,
CFBClaimInfo,BillableProvPerfIndNumType,No,,,,
CFBClaimInfo,RendProvPerfIndNumType,No,,,,
CFBClaimInfo,RefProvTaxonomyCode,No,,,,
CFBClaimInfo,GroupTaxonomyCode,No,,,,
CFBClaimInfo,InsPlanUseGroupTaxonomy,No,,,,
CFBClaimInfo,ClaimComment,No,,,,
CFBClaimInfo,BillableProviderSuffix,No,,,,
CFBClaimInfo,RenderingProviderSuffix,No,,,,
CFBClaimInfo,ReferringProviderSuffix,No,,,,
CFBClaimInfo,UBAddressLine1,Yes,MASK,UBAddressLine1,,
CFBClaimInfo,UBAddressLine2,Yes,MASK,UBAddressLine2,,
CFBClaimInfo,UBCity,Yes,MASK,UBCity,,
CFBClaimInfo,UBState,No,,,,
CFBClaimInfo,UBPostalCode,Yes,ZIP_CODE,UBPostalCode,,
CFBClaimInfo,UBBillingPhone,Yes,MASK,UBBillingPhone,,
CFBClaimInfo,UBCityStateZip,Yes,ZIP_CODE,,,
CFBClaimInfo,O1PatRelation,No,,,,
CFBClaimInfo,O2PatRelation,No,,,,
CFBClaimInfo,DiagCode9,No,,,,
CFBClaimInfo,DiagCode10,No,,,,
CFBClaimInfo,DiagCode11,No,,,,
CFBClaimInfo,DiagCode12,No,,,,
CFBClaimInfo,DiagDesc9,No,,,,
CFBClaimInfo,DiagDesc10,No,,,,
CFBClaimInfo,DiagDesc11,No,,,,
CFBClaimInfo,DiagDesc12,No,,,,
CFBClaimInfo,DiagCode9Left,No,,,,
CFBClaimInfo,DiagCode9Right,No,,,,
CFBClaimInfo,DiagCode10Left,No,,,,
CFBClaimInfo,DiagCode10Right,No,,,,
CFBClaimInfo,DiagCode11Left,No,,,,
CFBClaimInfo,DiagCode11Right,No,,,,
CFBClaimInfo,DiagCode12Left,No,,,,
CFBClaimInfo,DiagCode12Right,No,,,,
CFBClaimInfo,CodingSystem,No,,,,
CFBClaimInfo,InvestigationalDeviceExemption,No,,,,
CFBDetailInfo,ClaimID,No,,,,
CFBDetailInfo,BatchID,No,,,,
CFBDetailInfo,ServiceDetailID,No,,,,
CFBDetailInfo,PageNumber,No,,,,
CFBDetailInfo,ClaimDetailNum,No,,,,
CFBDetailInfo,ProcedureCode,No,,,,
CFBDetailInfo,Modifier1,No,,,,
CFBDetailInfo,Modifier2,No,,,,
CFBDetailInfo,Modifier3,No,,,,
CFBDetailInfo,Modifier4,No,,,,
CFBDetailInfo,ChargeAmount,Yes,MASK,ChargeAmount,,
CFBDetailInfo,InsurancePaid,No,,,,
CFBDetailInfo,PatientPaid,No,,,,
CFBDetailInfo,Contractual,No,,,,
CFBDetailInfo,Units,No,,,,
CFBDetailInfo,TotalCharge,No,,,,
CFBDetailInfo,COB,No,,,,
CFBDetailInfo,ServiceFromDD,No,,,,
CFBDetailInfo,ServiceFromMM,No,,,,
CFBDetailInfo,ServiceFromYY,No,,,,
CFBDetailInfo,ServiceFromYYYY,Yes,DATE_OFFSET,,,
CFBDetailInfo,ServiceToDD,No,,,,
CFBDetailInfo,ServiceToMM,No,,,,
CFBDetailInfo,ServiceToYY,No,,,,
CFBDetailInfo,ServiceToYYYY,Yes,DATE_OFFSET,,,
CFBDetailInfo,Description,No,,,,
CFBDetailInfo,DiagCode1,No,,,,
CFBDetailInfo,DiagCode2,Yes,MASK,DiagCode2,,
CFBDetailInfo,DiagCode3,Yes,MASK,DiagCode3,,
CFBDetailInfo,DiagCode4,No,,,,
CFBDetailInfo,DiagPointer1,No,,,,
CFBDetailInfo,DiagPointer2,No,,,,
CFBDetailInfo,DiagPointer3,No,,,,
CFBDetailInfo,DiagPointer4,No,,,,
CFBDetailInfo,DMEInd,No,,,,
CFBDetailInfo,EMG,No,,,,
CFBDetailInfo,EPSDT,No,,,,
CFBDetailInfo,FamilyPlanning,No,,,,
CFBDetailInfo,NonCoveredInd,No,,,,
CFBDetailInfo,RefPerfInd,No,,,,
CFBDetailInfo,POSCode,No,,,,
CFBDetailInfo,TOSCode,No,,,,
CFBDetailInfo,ReqEqCertInd,No,,,,
CFBDetailInfo,RevenueCode,No,,,,
CFBDetailInfo,RevenueDesc,No,,,,
CFBDetailInfo,UnlabeledFieldNational,No,,,,
CFBDetailInfo,ReferralAuthNum,Yes,MASK,ReferralAuthNum,,
CFBDetailInfo,PrintProcDesc,No,,,,
CFBDetailInfo,CLIAReqInd,No,,,,
CFBDetailInfo,Diag1Desc,Yes,NOTES,,,
CFBDetailInfo,Diag2Desc,Yes,NOTES,,,
CFBDetailInfo,Diag3Desc,Yes,NOTES,,,
CFBDetailInfo,Diag4Desc,Yes,NOTES,,,
CFBDetailInfo,UBCode,No,,,,
CFBDetailInfo,NDCCode,No,,,,
CFBDetailInfo,ChargeNote,Yes,NOTES,,,
CFBDetailInfo,RefProvID,Yes,MASK,RefProvID,,
CFBDetailInfo,RefProvFName,Yes,MASK,RefProvFName,,
CFBDetailInfo,RefProvMName,Yes,MASK,RefProvMName,,
CFBDetailInfo,RefProvLName,Yes,MASK,RefProvLName,,
CFBDetailInfo,RefProvIndNum,No,,,,
CFBDetailInfo,RefProvGrpNum,No,,,,
CFBDetailInfo,RefProvIndType,No,,,,
CFBDetailInfo,RefProvGrpType,No,,,,
CFBDetailInfo,RefProvTaxonomyCode,Yes,MASK,RefProvTaxonomyCode,,
CFBDetailInfo,RefProvUPIN,Yes,MASK,RefProvUPIN,,
CFBDetailInfo,RefProvNPI,Yes,MASK,RefProvNPI,,
CFBDetailInfo,RefProvCred,Yes,MASK,RefProvCred,,
CFBDetailInfo,NDCQty,No,,,,
CFBDetailInfo,NDCUnitType,No,,,,
CFBDetailInfo,NDCPrice,No,,,,
CFBDetailInfo,RxNumber,Yes,MASK,RxNumber,,
CFBDetailInfo,InitialTxDateDD,No,,,,
CFBDetailInfo,InitialTxDateMM,No,,,,
CFBDetailInfo,InitialTxDateYY,No,,,,
CFBDetailInfo,InitialTxDateYYYY,No,,,,
CFBDetailInfo,NonCoveredChargeAmt,No,,,,
CFBDetailInfo,nd_auto_increment_id,No,,,,
cfbPaperBatch,cfbPaperBatchID,No,,,,
cfbPaperBatch,ProcessDate,Yes,DATE_OFFSET,,,
cfbPaperBatch,nd_auto_increment_id,No,,,,
cfbPaperBatchClaim,cfbPaperBatchID,No,,,,
cfbPaperBatchClaim,ClaimID,No,,,,
cfbPaperBatchClaim,nd_auto_increment_id,No,,,,
CFBUBInfo,ClaimID,No,,,,
CFBUBInfo,BatchID,No,,,,
CFBUBInfo,StatementFromDate,No,,,,
CFBUBInfo,StatementToDate,No,,,,
CFBUBInfo,AdmissionHour,No,,,,
CFBUBInfo,DischargeHour,No,,,,
CFBUBInfo,TypeOfBill,No,,,,
CFBUBInfo,PatientStatus,No,,,,
CFBUBInfo,AdmissionType,No,,,,
CFBUBInfo,AdmissionSource,No,,,,
CFBUBInfo,PrincipalDiagnosis,Yes,MASK,PrincipalDiagnosis,,
CFBUBInfo,AdmittingDiagnosis,Yes,NOTES,,,
CFBUBInfo,ReasonForVisitDiagnosis,No,,,,
CFBUBInfo,ECodeDiagnosis,No,,,,
CFBUBInfo,PrincipalProcedureCode,No,,,,
CFBUBInfo,PrincipalProcedureDate,No,,,,
CFBUBInfo,OtherProcedureCode1,No,,,,
CFBUBInfo,OtherProcedureDate1,No,,,,
CFBUBInfo,OtherProcedureCode2,No,,,,
CFBUBInfo,OtherProcedureDate2,No,,,,
CFBUBInfo,OtherProcedureCode3,No,,,,
CFBUBInfo,OtherProcedureDate3,No,,,,
CFBUBInfo,OtherProcedureCode4,No,,,,
CFBUBInfo,OtherProcedureDate4,No,,,,
CFBUBInfo,OtherProcedureCode5,No,,,,
CFBUBInfo,OtherProcedureDate5,No,,,,
CFBUBInfo,DCN,No,,,,
CFBUBInfo,UseOperatingFlag,No,,,,
CFBUBInfo,Remarks,No,,,,
CFBUBInfo,OtherFLUse,No,,,,
CFBUBInfo,OccurrenceCode1,No,,,,
CFBUBInfo,OccurrenceDate1,No,,,,
CFBUBInfo,OccurrenceCode2,No,,,,
CFBUBInfo,OccurrenceDate2,No,,,,
CFBUBInfo,OccurrenceCode3,No,,,,
CFBUBInfo,OccurrenceDate3,No,,,,
CFBUBInfo,OccurrenceCode4,No,,,,
CFBUBInfo,OccurrenceDate4,No,,,,
CFBUBInfo,OccurrenceCode5,No,,,,
CFBUBInfo,OccurrenceDate5,No,,,,
CFBUBInfo,OccurrenceCode6,No,,,,
CFBUBInfo,OccurrenceDate6,No,,,,
CFBUBInfo,OccurrenceCode7,No,,,,
CFBUBInfo,OccurrenceDate7,No,,,,
CFBUBInfo,OccurrenceCode8,No,,,,
CFBUBInfo,OccurrenceDate8,No,,,,
CFBUBInfo,OccurrenceSpanCode1,No,,,,
CFBUBInfo,OccurrenceSpanDateFrom1,No,,,,
CFBUBInfo,OccurrenceSpanDateTo1,No,,,,
CFBUBInfo,OccurrenceSpanCode2,No,,,,
CFBUBInfo,OccurrenceSpanDateFrom2,No,,,,
CFBUBInfo,OccurrenceSpanDateTo2,No,,,,
CFBUBInfo,OccurrenceSpanCode3,No,,,,
CFBUBInfo,OccurrenceSpanDateFrom3,No,,,,
CFBUBInfo,OccurrenceSpanDateTo3,No,,,,
CFBUBInfo,OccurrenceSpanCode4,No,,,,
CFBUBInfo,OccurrenceSpanDateFrom4,No,,,,
CFBUBInfo,OccurrenceSpanDateTo4,No,,,,
CFBUBInfo,ConditionCode1,No,,,,
CFBUBInfo,ConditionCode2,No,,,,
CFBUBInfo,ConditionCode3,No,,,,
CFBUBInfo,ConditionCode4,No,,,,
CFBUBInfo,ConditionCode5,No,,,,
CFBUBInfo,ConditionCode6,No,,,,
CFBUBInfo,ConditionCode7,No,,,,
CFBUBInfo,ConditionCode8,No,,,,
CFBUBInfo,ConditionCode9,No,,,,
CFBUBInfo,ConditionCode10,No,,,,
CFBUBInfo,ConditionCode11,No,,,,
CFBUBInfo,ValueCode1,No,,,,
CFBUBInfo,ValueAmount1,No,,,,
CFBUBInfo,ValueAmtLeft1,No,,,,
CFBUBInfo,ValueAmtRight1,No,,,,
CFBUBInfo,ValueCode2,No,,,,
CFBUBInfo,ValueAmount2,No,,,,
CFBUBInfo,ValueAmtLeft2,No,,,,
CFBUBInfo,ValueAmtRight2,No,,,,
CFBUBInfo,ValueCode3,No,,,,
CFBUBInfo,ValueAmount3,No,,,,
CFBUBInfo,ValueAmtLeft3,No,,,,
CFBUBInfo,ValueAmtRight3,No,,,,
CFBUBInfo,ValueCode4,No,,,,
CFBUBInfo,ValueAmount4,No,,,,
CFBUBInfo,ValueAmtLeft4,No,,,,
CFBUBInfo,ValueAmtRight4,No,,,,
CFBUBInfo,ValueCode5,No,,,,
CFBUBInfo,ValueAmount5,No,,,,
CFBUBInfo,ValueAmtLeft5,No,,,,
CFBUBInfo,ValueAmtRight5,No,,,,
CFBUBInfo,ValueCode6,No,,,,
CFBUBInfo,ValueAmount6,No,,,,
CFBUBInfo,ValueAmtLeft6,No,,,,
CFBUBInfo,ValueAmtRight6,No,,,,
CFBUBInfo,ValueCode7,No,,,,
CFBUBInfo,ValueAmount7,No,,,,
CFBUBInfo,ValueAmtLeft7,No,,,,
CFBUBInfo,ValueAmtRight7,No,,,,
CFBUBInfo,ValueCode8,No,,,,
CFBUBInfo,ValueAmount8,No,,,,
CFBUBInfo,ValueAmtLeft8,No,,,,
CFBUBInfo,ValueAmtRight8,No,,,,
CFBUBInfo,ValueCode9,No,,,,
CFBUBInfo,ValueAmount9,No,,,,
CFBUBInfo,ValueAmtLeft9,No,,,,
CFBUBInfo,ValueAmtRight9,No,,,,
CFBUBInfo,ValueCode10,No,,,,
CFBUBInfo,ValueAmount10,No,,,,
CFBUBInfo,ValueAmtLeft10,No,,,,
CFBUBInfo,ValueAmtRight10,No,,,,
CFBUBInfo,ValueCode11,No,,,,
CFBUBInfo,ValueAmount11,No,,,,
CFBUBInfo,ValueAmtLeft11,No,,,,
CFBUBInfo,ValueAmtRight11,No,,,,
CFBUBInfo,ValueCode12,No,,,,
CFBUBInfo,ValueAmount12,No,,,,
CFBUBInfo,ValueAmtLeft12,No,,,,
CFBUBInfo,ValueAmtRight12,No,,,,
CFBUBInfo,ClaimFrequencyCode,No,,,,
CFBUBInfo,UBPaperRollupType,No,,,,
CFBUBInfo,UBDefaultRevenueCode,No,,,,
CFBUBInfo,ECodeDx1,No,,,,
CFBUBInfo,ECodeDx2,No,,,,
CFBUBInfo,ECodeDx3,No,,,,
CFBUBInfo,ECodeDx4,No,,,,
CFBUBInfo,ECodeDx5,No,,,,
CFBUBInfo,ECodeDx6,No,,,,
CFBUBInfo,ECodeDx7,No,,,,
CFBUBInfo,ECodeDx8,No,,,,
CFBUBInfo,ECodeDx9,No,,,,
CFBUBInfo,ECodeDx10,No,,,,
CFBUBInfo,ECodeDx11,No,,,,
CFBUBInfo,ECodeDx12,No,,,,
CFBUBInfo,PrincipalICD10Code,Yes,MASK,PrincipalICD10Code,,
CFBUBInfo,ReasonForVisitICD10Code,No,,,,
CFBUBInfo,AdmittingICD10Code,Yes,MASK,AdmittingICD10Code,,
CFBUBInfo,nd_auto_increment_id,No,,,,
ChargeActions,ChargeActionID,No,,,,
ChargeActions,ActionShortDescription,No,,,,
ChargeActions,ActionLongDescription,No,,,,
ChargeActions,nd_auto_increment_id,No,,,,
ChargeEdits,ChargeEditID,No,,,,
ChargeEdits,EditShortDescription,No,,,,
ChargeEdits,EditLongDescription,Yes,GENERIC_NOTES,,,
ChargeEdits,nd_auto_increment_id,No,,,,
ChargeEntryEditDiagnosis,ChargeEntryEditDiagnosisID,No,,,,
ChargeEntryEditDiagnosis,ChargeEntryEditID,No,,,,
ChargeEntryEditDiagnosis,DiagnosisCode,No,,,,
ChargeEntryEditDiagnosis,DiagnosisCodeRangeFrom,No,,,,
ChargeEntryEditDiagnosis,DiagnosisCodeRangeTo,No,,,,
ChargeEntryEditDiagnosis,RequirementType,No,,,,
ChargeEntryEditDiagnosis,nd_auto_increment_id,No,,,,
ChargeEntryEditInsurance,ChargeEntryEditInsuranceID,No,,,,
ChargeEntryEditInsurance,ChargeEntryEditID,No,,,,
ChargeEntryEditInsurance,InsuranceID,Yes,MASK,InsuranceID,,
ChargeEntryEditInsurance,InsurancePlanClassID,Yes,MASK,InsurancePlanClassID,,
ChargeEntryEditInsurance,InsuranceCompanyID,Yes,MASK,InsuranceCompanyID,,
ChargeEntryEditInsurance,InsurancePlanID,Yes,MASK,InsurancePlanID,,
ChargeEntryEditInsurance,nd_auto_increment_id,No,,,,
ChargeEntryEditLocation,ChargeEntryEditLocationID,No,,,,
ChargeEntryEditLocation,ChargeEntryEditID,No,,,,
ChargeEntryEditLocation,LocationID,No,,,,
ChargeEntryEditLocation,nd_auto_increment_id,No,,,,
ChargeEntryEditModifiers,ChargeEntryEditID,No,,,,
ChargeEntryEditModifiers,ModifierCode,No,,,,
ChargeEntryEditModifiers,nd_auto_increment_id,No,,,,
ChargeEntryEditProcedures,ChargeEntryEditProcedureID,No,,,,
ChargeEntryEditProcedures,ChargeEntryEditID,No,,,,
ChargeEntryEditProcedures,ProcedureMasterID,No,,,,
ChargeEntryEditProcedures,ProcedureRevenueCategoryID,No,,,,
ChargeEntryEditProcedures,ProcedureCodeFrom,No,,,,
ChargeEntryEditProcedures,ProcedureCodeTo,No,,,,
ChargeEntryEditProcedures,IsExcluded,No,,,,
ChargeEntryEditProcedures,CodePair,No,,,,
ChargeEntryEditProcedures,nd_auto_increment_id,No,,,,
ChargeEntryEditProvider,ChargeEntryEditProviderID,No,,,,
ChargeEntryEditProvider,ChargeEntryEditID,No,,,,
ChargeEntryEditProvider,CareProviderID,Yes,MASK,CareProviderID,,
ChargeEntryEditProvider,nd_auto_increment_id,No,,,,
ChargeEntryEdits,ChargeEntryEditID,No,,,,
ChargeEntryEdits,ActionTypeID,No,,,,
ChargeEntryEdits,EditTypeID,No,,,,
ChargeEntryEdits,ActionName,No,,,,
ChargeEntryEdits,ActionDesc,No,,,,
ChargeEntryEdits,Message,No,,,,
ChargeEntryEdits,FollowUpReasonID,No,,,,
ChargeEntryEdits,AllProcedures,No,,,,
ChargeEntryEdits,AllInsurances,No,,,,
ChargeEntryEdits,StartDate,Yes,DATE_OFFSET,,,
ChargeEntryEdits,EndDate,Yes,DATE_OFFSET,,,
ChargeEntryEdits,UserID,Yes,PATIENT_ID,,,
ChargeEntryEdits,CreateDate,Yes,DATE_OFFSET,,,
ChargeEntryEdits,LastUserID,No,,,,
ChargeEntryEdits,LastModified,Yes,DATE_OFFSET,,,
ChargeEntryEdits,DiagnosisCodingSystemID,No,,,,
ChargeEntryEdits,nd_auto_increment_id,No,,,,
ChargeSchedule,ChargeScheduleID,No,,,,
ChargeSchedule,Name,Yes,MASK,Name,,
ChargeSchedule,Enabled,No,,,,
ChargeSchedule,nd_auto_increment_id,No,,,,
ChargeScheduleDateRange,ChargeScheduleDateRangeID,No,,,,
ChargeScheduleDateRange,ChargeScheduleID,No,,,,
ChargeScheduleDateRange,StartDate,Yes,STATIC_OFFSET,,,
ChargeScheduleDateRange,EndDate,Yes,STATIC_OFFSET,,,
ChargeScheduleDateRange,nd_auto_increment_id,No,,,,
ChargeScheduleProcedure,ChargeScheduleDateRangeID,No,,,,
ChargeScheduleProcedure,ProcedureMasterID,No,,,,
ChargeScheduleProcedure,ChargeAmount,No,,,,
ChargeScheduleProcedure,nd_auto_increment_id,No,,,,
ChargeScheduleProviderLocation,CareProviderID,Yes,MASK,CareProviderID,,
ChargeScheduleProviderLocation,LocationID,No,,,,
ChargeScheduleProviderLocation,InsurancePlanID,Yes,MASK,InsurancePlanID,,
ChargeScheduleProviderLocation,ChargeScheduleID,No,,,,
ChargeScheduleProviderLocation,nd_auto_increment_id,No,,,,
ChargeVoid,ChargeID,No,,,,
ChargeVoid,UserID,No,,,,
ChargeVoid,PostingDate,Yes,DATE_OFFSET,,,
ChargeVoid,CreateDate,Yes,DATE_OFFSET,,,
ChargeVoid,BatchID,No,,,,
ChargeVoid,ChargeVoidID,No,,,,
ChargeVoid,nd_auto_increment_id,No,,,,
CHCAddress,AddressID,No,,,,
CHCAddress,MailOK,No,,,,
CHCAddress,PhoneNum1_CallCriteria,Yes,MASK,PhoneNum1_CallCriteria,,
CHCAddress,PhoneNum2_CallCriteria,Yes,MASK,PhoneNum2_CallCriteria,,
CHCAddress,ClinicReturnAddressFlag,No,,,,
CHCAddress,CreatedByID,Yes,MASK,CreatedByID,,
CHCAddress,Created,Yes,STATIC_OFFSET,,,
CHCAddress,LastModifiedByID,No,,,,
CHCAddress,LastModified,No,,,,
CHCAddress,nd_auto_increment_id,No,,,,
CHCAddressHistory,UserID,No,,,,
CHCAddressHistory,EffectiveStartDate,Yes,STATIC_OFFSET,,,
CHCAddressHistory,EffectiveEndDate,No,,,,
CHCAddressHistory,AddressID,No,,,,
CHCAddressHistory,MailOK,No,,,,
CHCAddressHistory,PhoneNum1_CallCriteria,Yes,MASK,PhoneNum1_CallCriteria,,
CHCAddressHistory,PhoneNum2_CallCriteria,Yes,MASK,PhoneNum2_CallCriteria,,
CHCAddressHistory,ClinicReturnAddressFlag,No,,,,
CHCAddressHistory,CreatedByID,No,,,,
CHCAddressHistory,Created,Yes,STATIC_OFFSET,,,
CHCAddressHistory,LastModifiedByID,No,,,,
CHCAddressHistory,LastModified,No,,,,
CHCAddressHistory,nd_auto_increment_id,No,,,,
CHCBaseClaim,BaseClaimID,No,,,,
CHCBaseClaim,Loop_ID,No,,,,
CHCBaseClaim,Segment_ID,No,,,,
CHCBaseClaim,Loop,No,,,,
CHCBaseClaim,Parent,No,,,,
CHCBaseClaim,Segment,No,,,,
CHCBaseClaim,Segment_Description,Yes,MASK,Segment_Description,,
CHCBaseClaim,Element,No,,,,
CHCBaseClaim,Element_Description,No,,,,
CHCBaseClaim,Field_Type,No,,,,
CHCBaseClaim,Field_Length,No,,,,
CHCBaseClaim,Tag,No,,,,
CHCBaseClaim,Code,No,,,,
CHCBaseClaim,Code2,No,,,,
CHCBaseClaim,ClaimLevel,No,,,,
CHCBaseClaim,Trailer,No,,,,
CHCBaseClaim,ForceOrder,No,,,,
CHCBaseClaim,ParentBaseClaimID,No,,,,
CHCBaseClaim,IsParent,No,,,,
CHCBaseClaim,AltParentBaseClaimID,No,,,,
CHCBaseClaim,nd_auto_increment_id,No,,,,
CHCBatchFile,BatchGUID,No,,,,
CHCBatchFile,BatchName,No,,,,
CHCBatchFile,BatchID,No,,,,
CHCBatchFile,FileDate,No,,,,
CHCBatchFile,LogFile,No,,,,
CHCBatchFile,Errors,No,,,,
CHCBatchFile,nd_auto_increment_id,No,,,,
CHCCHClaim_Log,CHClaimLog_ID,No,,,,
CHCCHClaim_Log,LogDate,Yes,STATIC_OFFSET,,,
CHCCHClaim_Log,LogMessage,No,,,,
CHCCHClaim_Log,CHBatch_ID,No,,,,
CHCCHClaim_Log,CHClaim_ID,No,,,,
CHCCHClaim_Log,nd_auto_increment_id,No,,,,
CHCClaim,CyClaims_Claim_ID,No,,,,
CHCClaim,claim_id,No,,,,
CHCClaim,clearinghouse_id,No,,,,
CHCClaim,Patient_Id,Yes,PATIENT_ID,,,
CHCClaim,billing_provider_id,Yes,MASK,billing_provider_id,,
CHCClaim,billing_provider_2nd_id,No,,,,
CHCClaim,Carrier_Id,No,,,,
CHCClaim,Current_Insurance_Id,Yes,MASK,Current_Insurance_Id,,
CHCClaim,Other_Insurance_Id1,Yes,MASK,Other_Insurance_Id1,,
CHCClaim,Other_Insurance_Id2,No,,,,
CHCClaim,File_Doctor_Id,Yes,MASK,File_Doctor_Id,,
CHCClaim,Referring_Physician,Yes,MASK,Referring_Physician,,
CHCClaim,Other_Id2,No,,,,
CHCClaim,other_id3,No,,,,
CHCClaim,Other_Id4,No,,,,
CHCClaim,Other_Id5,No,,,,
CHCClaim,Other_Id6,No,,,,
CHCClaim,Carrier_Receiver_Type_Code,No,,,,
CHCClaim,Principal_Procedure_Code,No,,,,
CHCClaim,Referral_Code,No,,,,
CHCClaim,Dept_Code,No,,,,
CHCClaim,ClearingHouse_Name,No,,,,
CHCClaim,Contact_name,Yes,MASK,Contact_name,,
CHCClaim,Submission_number,No,,,,
CHCClaim,submitter_id_text,No,,,,
CHCClaim,Ins_Payment_Source,No,,,,
CHCClaim,Ins_Add1,Yes,MASK,Ins_Add1,,
CHCClaim,Ins_Add2,No,,,,
CHCClaim,Ins_City,Yes,MASK,Ins_City,,
CHCClaim,Ins_State,No,,,,
CHCClaim,Ins_Zip,No,,,,
CHCClaim,Invoice_No,No,,,,
CHCClaim,subscriber_id_break,Yes,MASK,subscriber_id_break,,
CHCClaim,subscriber_patient_break,No,,,,
CHCClaim,subscriber_shared_id_break,Yes,MASK,subscriber_shared_id_break,,
CHCClaim,position_order,No,,,,
CHCClaim,Ins_Filing_Note,No,,,,
CHCClaim,Payor1_Patient_Relation,No,,,,
CHCClaim,Payor2_Patient_Relation,No,,,,
CHCClaim,Current_Insurance_Suscriber_ID,Yes,MASK,Current_Insurance_Suscriber_ID,,
CHCClaim,Service_Auth_Code,No,,,,
CHCClaim,claim_filed_other_insurance_id1,Yes,MASK,claim_filed_other_insurance_id1,,
CHCClaim,filing_amount,No,,,,
CHCClaim,Patient_Paid_Amt,No,,,,
CHCClaim,Patient_Paid_Additional_Amt,No,,,,
CHCClaim,Appt_CoPay_Amt,No,,,,
CHCClaim,Rate_Code,No,,,,
CHCClaim,Original_Reference,No,,,,
CHCClaim,Date_cur_illness,No,,,,
CHCClaim,Place_Of_Service,No,,,,
CHCClaim,Doctor_Signature_Onfile,No,,,,
CHCClaim,Prior_Authorization,No,,,,
CHCClaim,carrier_provider_id_clia_Code,No,,,,
CHCClaim,doctor_clia_Code,No,,,,
CHCClaim,Specialty_Code,No,,,,
CHCClaim,Patient_Status,No,,,,
CHCClaim,primary_secondary_code,No,,,,
CHCClaim,CAS_lineitem_count,No,,,,
CHCClaim,Other_Id1,No,,,,
CHCClaim,Employer_Name,Yes,MASK,Employer_Name,,
CHCClaim,Employer_Address,Yes,MASK,Employer_Address,,
CHCClaim,Employer_City,No,,,,
CHCClaim,Employer_State,No,,,,
CHCClaim,Employer_Zip,No,,,,
CHCClaim,Encounter_Date,Yes,STATIC_OFFSET,,,
CHCClaim,Principal_Procedure_Date,Yes,STATIC_OFFSET,,,
CHCClaim,fromdate,Yes,STATIC_OFFSET,,,
CHCClaim,todate,No,,,,
CHCClaim,Date_Info_Release_Signed,Yes,STATIC_OFFSET,,,
CHCClaim,LMP_Date,Yes,STATIC_OFFSET,,,
CHCClaim,date_similar_illness,Yes,STATIC_OFFSET,,,
CHCClaim,date_unable_from,Yes,STATIC_OFFSET,,,
CHCClaim,Date_Unable_To,No,,,,
CHCClaim,Date_Of_Injury,Yes,STATIC_OFFSET,,,
CHCClaim,assignment,No,,,,
CHCClaim,Workman_Visit,No,,,,
CHCClaim,Doctor_Practice_Name_flag,No,,,,
CHCClaim,Pt_Pmt_On_Hcfa,No,,,,
CHCClaim,Self_Referring,No,,,,
CHCClaim,lab_flag,No,,,,
CHCClaim,Use_NDC,No,,,,
CHCClaim,cob_flg,No,,,,
CHCClaim,place_of_service_flg,No,,,,
CHCClaim,dental_place_of_service_flg,No,,,,
CHCClaim,epsdt_flag,No,,,,
CHCClaim,EPSDT_code_not_used,No,,,,
CHCClaim,EPSDT_code_other,No,,,,
CHCClaim,EPSDT_Referral_Code_Text,No,,,,
CHCClaim,EPSDT_No,No,,,,
CHCClaim,emc,No,,,,
CHCClaim,Box19_Date_Last_Seen,No,,,,
CHCClaim,Box19_Text,No,,,,
CHCClaim,self_ref_box17,No,,,,
CHCClaim,Self_Ref_Box17a,No,,,,
CHCClaim,Ref_Phy_Box17a,No,,,,
CHCClaim,inst_type_of_bill,No,,,,
CHCClaim,type_of_bill_05_1,No,,,,
CHCClaim,type_of_bill_05_3,No,,,,
CHCClaim,related_causes_info_11,No,,,,
CHCClaim,related_causes_info_11_01,No,,,,
CHCClaim,isPregnant_check,No,,,,
CHCClaim,unit,No,,,,
CHCClaim,ndc_extra,No,,,,
CHCClaim,Resubmit_ICN,No,,,,
CHCClaim,Default_Billng_address_1,Yes,MASK,Default_Billng_address_1,,
CHCClaim,Default_Billng_address_2,Yes,MASK,Default_Billng_address_2,,
CHCClaim,Default_Billng_city,Yes,MASK,Default_Billng_city,,
CHCClaim,Default_Billng_state,No,,,,
CHCClaim,Default_Billng_zip,No,,,,
CHCClaim,CopyDateTime,No,,,,
CHCClaim,submitter_id_code,No,,,,
CHCClaim,App_Receiver_Code,No,,,,
CHCClaim,Submitter_ID,Yes,MASK,Submitter_ID,,
CHCClaim,NPI_Flag,No,,,,
CHCClaim,Tax_Indicator_ID,No,,,,
CHCClaim,PriUseGroupTaxonomy,No,,,,
CHCClaim,BillingEntityType,No,,,,
CHCClaim,Wrap_claim,No,,,,
CHCClaim,rollup_claim,No,,,,
CHCClaim,mediciad_prim,No,,,,
CHCClaim,ICN,No,,,,
CHCClaim,NYMedicaid,Yes,MASK,NYMedicaid,,
CHCClaim,IsMedicaid,No,,,,
CHCClaim,AdmissionTypeCode,No,,,,
CHCClaim,AdmissionSourceCode,No,,,,
CHCClaim,PrimaryCareProviderType,No,,,,
CHCClaim,VisitType,No,,,,
CHCClaim,CustomerID,No,,,,
CHCClaim,accident_state,No,,,,
CHCClaim,VisitLocation,No,,,,
CHCClaim,Outside_Amt,No,,,,
CHCClaim,MammographyCertNum,Yes,MASK,MammographyCertNum,,
CHCClaim,IsUGS,No,,,,
CHCClaim,IsPrimUGS,No,,,,
CHCClaim,remaining_patient_liability,No,,,,
CHCClaim,PrimClaimID,No,,,,
CHCClaim,contact_email,Yes,MASK,contact_email,,
CHCClaim,assignment_benefit_patient,No,,,,
CHCClaim,rcm_claim_id,No,,,,
CHCClaim,EReceiverLoopID,No,,,,
CHCClaim,PropertyCasualtyClaimNumber,No,,,,
CHCClaim,SpecialProgramcode,No,,,,
CHCClaim,ClaimDelayReasonCode,No,,,,
CHCClaim,ClaimIDPrefix,No,,,,
CHCClaim,ClaimFrequencyCode,No,,,,
CHCClaim,AssumedCareDate,Yes,STATIC_OFFSET,,,
CHCClaim,HearingVisionRxDate,No,,,,
CHCClaim,DisabilityFromDate,Yes,STATIC_OFFSET,,,
CHCClaim,DisabilityToDate,No,,,,
CHCClaim,SymptomDate,Yes,STATIC_OFFSET,,,
CHCClaim,InitialTxDate,Yes,STATIC_OFFSET,,,
CHCClaim,RelinquishedCareDate,Yes,STATIC_OFFSET,,,
CHCClaim,ClaimComment,No,,,,
CHCClaim,FileInformation,No,,,,
CHCClaim,EReceiverID,No,,,,
CHCClaim,ISAPwd,No,,,,
CHCClaim,EReceiverName,No,,,,
CHCClaim,EDINumber,No,,,,
CHCClaim,ReceiverIDQualifier,No,,,,
CHCClaim,SenderIDQualifier,No,,,,
CHCClaim,FacilityBillIndicator,No,,,,
CHCClaim,UB_Address_1,No,,,,
CHCClaim,UB_Address_2,No,,,,
CHCClaim,UB_City,Yes,MASK,UB_City,,
CHCClaim,UB_State,No,,,,
CHCClaim,UB_Zip,No,,,,
CHCClaim,UBClaimFrequencyCode,No,,,,
CHCClaim,AdmissionHour,No,,,,
CHCClaim,DischargeHour,No,,,,
CHCClaim,BillingName,Yes,MASK,BillingName,,
CHCClaim,DMERCPlan,No,,,,
CHCClaim,NoReferData,No,,,,
CHCClaim,IsMedicare,No,,,,
CHCClaim,IsPrimMedicare,No,,,,
CHCClaim,AdmissionDate,Yes,STATIC_OFFSET,,,
CHCClaim,DischargeDate,Yes,STATIC_OFFSET,,,
CHCClaim,InvestigationalDeviceExemption,No,,,,
CHCClaim,nd_auto_increment_id,No,,,,
CHCClaim_Batch_Det,Batch_Det_ID,No,,,,
CHCClaim_Batch_Det,Batch_ID,No,,,,
CHCClaim_Batch_Det,CyClaims_Claim_ID,No,,,,
CHCClaim_Batch_Det,Insurance_ID,Yes,MASK,Insurance_ID,,
CHCClaim_Batch_Det,Claim_ID,No,,,,
CHCClaim_Batch_Det,Claim_ID2,No,,,,
CHCClaim_Batch_Det,nd_auto_increment_id,No,,,,
CHCClaim_Batch_Hdr,Batch_ID,No,,,,
CHCClaim_Batch_Hdr,Customer_ID,No,,,,
CHCClaim_Batch_Hdr,ClearingHouse_ID,No,,,,
CHCClaim_Batch_Hdr,Form_ID,No,,,,
CHCClaim_Batch_Hdr,Prod_Test,No,,,,
CHCClaim_Batch_Hdr,Primary_Secondary,No,,,,
CHCClaim_Batch_Hdr,User_ID,No,,,,
CHCClaim_Batch_Hdr,Filing_Date,Yes,STATIC_OFFSET,,,
CHCClaim_Batch_Hdr,Orig_Batch_ID,No,,,,
CHCClaim_Batch_Hdr,ProcessedID,No,,,,
CHCClaim_Batch_Hdr,last_file_name,No,,,,
CHCClaim_Batch_Hdr,BatchMedia,No,,,,
CHCClaim_Batch_Hdr,nd_auto_increment_id,No,,,,
CHCClaim_Codes,CyClaims_Claim_Codes_ID,No,,,,
CHCClaim_Codes,CyClaims_Claim_ID,No,,,,
CHCClaim_Codes,Occu_Span1,No,,,,
CHCClaim_Codes,Occu_From1,No,,,,
CHCClaim_Codes,Occu_To1,No,,,,
CHCClaim_Codes,Occu_Span2,No,,,,
CHCClaim_Codes,Occu_From2,No,,,,
CHCClaim_Codes,Occu_To2,No,,,,
CHCClaim_Codes,occu_code1,No,,,,
CHCClaim_Codes,occu_date1,No,,,,
CHCClaim_Codes,occu_code2,No,,,,
CHCClaim_Codes,occu_date2,No,,,,
CHCClaim_Codes,occu_code3,No,,,,
CHCClaim_Codes,occu_date3,No,,,,
CHCClaim_Codes,occu_code4,No,,,,
CHCClaim_Codes,occu_date4,No,,,,
CHCClaim_Codes,occu_code5,No,,,,
CHCClaim_Codes,occu_date5,No,,,,
CHCClaim_Codes,occu_code6,No,,,,
CHCClaim_Codes,occu_date6,No,,,,
CHCClaim_Codes,occu_code7,No,,,,
CHCClaim_Codes,occu_date7,No,,,,
CHCClaim_Codes,occu_code8,No,,,,
CHCClaim_Codes,occu_date8,No,,,,
CHCClaim_Codes,value_code1,No,,,,
CHCClaim_Codes,value_amt1,No,,,,
CHCClaim_Codes,value_code2,No,,,,
CHCClaim_Codes,value_amt2,No,,,,
CHCClaim_Codes,value_code3,No,,,,
CHCClaim_Codes,value_amt3,No,,,,
CHCClaim_Codes,value_code4,No,,,,
CHCClaim_Codes,value_amt4,No,,,,
CHCClaim_Codes,value_code5,No,,,,
CHCClaim_Codes,value_amt5,No,,,,
CHCClaim_Codes,value_code6,No,,,,
CHCClaim_Codes,value_amt6,No,,,,
CHCClaim_Codes,value_code7,No,,,,
CHCClaim_Codes,value_amt7,No,,,,
CHCClaim_Codes,value_code8,No,,,,
CHCClaim_Codes,value_amt8,No,,,,
CHCClaim_Codes,value_code9,No,,,,
CHCClaim_Codes,value_amt9,No,,,,
CHCClaim_Codes,value_code10,No,,,,
CHCClaim_Codes,value_amt10,No,,,,
CHCClaim_Codes,value_code11,No,,,,
CHCClaim_Codes,value_amt11,No,,,,
CHCClaim_Codes,value_code12,No,,,,
CHCClaim_Codes,value_amt12,No,,,,
CHCClaim_Codes,condition_code1,No,,,,
CHCClaim_Codes,condition_code2,No,,,,
CHCClaim_Codes,condition_code3,No,,,,
CHCClaim_Codes,condition_code4,No,,,,
CHCClaim_Codes,condition_code5,No,,,,
CHCClaim_Codes,condition_code6,No,,,,
CHCClaim_Codes,condition_code7,No,,,,
CHCClaim_Codes,ICD1,No,,,,
CHCClaim_Codes,ICD2,No,,,,
CHCClaim_Codes,ICD3,No,,,,
CHCClaim_Codes,ICD4,No,,,,
CHCClaim_Codes,ICD5,No,,,,
CHCClaim_Codes,ICD6,No,,,,
CHCClaim_Codes,ICD7,No,,,,
CHCClaim_Codes,ICD8,No,,,,
CHCClaim_Codes,icd9,Yes,MASK,icd9,,
CHCClaim_Codes,EMC_ICD_Code,No,,,,
CHCClaim_Codes,EMC_ICD_Code_2,No,,,,
CHCClaim_Codes,EMC_ICD_Code_3,No,,,,
CHCClaim_Codes,EMC_ICD_Code_4,No,,,,
CHCClaim_Codes,EMC_ICD_Code_5,No,,,,
CHCClaim_Codes,EMC_ICD_Code_6,No,,,,
CHCClaim_Codes,EMC_ICD_Code_7,No,,,,
CHCClaim_Codes,EMC_ICD_Code_8,No,,,,
CHCClaim_Codes,AdmittingDiagnosis,No,,,,
CHCClaim_Codes,ReasonForVisitDiagnosis,No,,,,
CHCClaim_Codes,ECodeDiagnosis,No,,,,
CHCClaim_Codes,ICD10,Yes,MASK,ICD10,,
CHCClaim_Codes,ICD11,No,,,,
CHCClaim_Codes,ICD12,No,,,,
CHCClaim_Codes,IsICD10,No,,,,
CHCClaim_Codes,PrincipalDiagnosis,Yes,MASK,PrincipalDiagnosis,,
CHCClaim_Codes,ExternalDiagnosis1,No,,,,
CHCClaim_Codes,ExternalDiagnosis2,No,,,,
CHCClaim_Codes,ExternalDiagnosis3,Yes,MASK,ExternalDiagnosis3,,
CHCClaim_Codes,ExternalDiagnosis4,No,,,,
CHCClaim_Codes,ExternalDiagnosis5,No,,,,
CHCClaim_Codes,ExternalDiagnosis6,No,,,,
CHCClaim_Codes,ExternalDiagnosis7,No,,,,
CHCClaim_Codes,ExternalDiagnosis8,No,,,,
CHCClaim_Codes,ExternalDiagnosis9,No,,,,
CHCClaim_Codes,ExternalDiagnosis10,No,,,,
CHCClaim_Codes,ExternalDiagnosis11,No,,,,
CHCClaim_Codes,ExternalDiagnosis12,No,,,,
CHCClaim_Codes,nd_auto_increment_id,No,,,,
CHCClaim_Doctor,CyClaims_Claim_Doctor_ID,No,,,,
CHCClaim_Doctor,CyClaims_Claim_ID,No,,,,
CHCClaim_Doctor,Claim_Doctor_Type_ID,No,,,,
CHCClaim_Doctor,Doctor_ID,No,,,,
CHCClaim_Doctor,doctor_last_name,Yes,MASK,doctor_last_name,,
CHCClaim_Doctor,doctor_first_name,Yes,MASK,doctor_first_name,,
CHCClaim_Doctor,doctor_middle_int,No,,,,
CHCClaim_Doctor,Doctor_Address_Line_1,Yes,MASK,Doctor_Address_Line_1,,
CHCClaim_Doctor,Doctor_Address_Line_2,No,,,,
CHCClaim_Doctor,Doctor_City,Yes,MASK,Doctor_City,,
CHCClaim_Doctor,Doctor_State,No,,,,
CHCClaim_Doctor,Doctor_Zip,No,,,,
CHCClaim_Doctor,Doctor_Location_code,No,,,,
CHCClaim_Doctor,Doctor_Tax_Id,Yes,MASK,Doctor_Tax_Id,,
CHCClaim_Doctor,Doctor_NPI,No,,,,
CHCClaim_Doctor,doctor_medicare_no,Yes,MASK,doctor_medicare_no,,
CHCClaim_Doctor,doctor_medicaid_no,Yes,MASK,doctor_medicaid_no,,
CHCClaim_Doctor,doctor_blueCross_no,Yes,MASK,doctor_blueCross_no,,
CHCClaim_Doctor,doctor_blueShield_no,Yes,MASK,doctor_blueShield_no,,
CHCClaim_Doctor,Doctor_UPIN,Yes,MASK,Doctor_UPIN,,
CHCClaim_Doctor,Doctor_State_License,No,,,,
CHCClaim_Doctor,doctor_EMC_id,No,,,,
CHCClaim_Doctor,Doctor_CPI_TAX_ID,Yes,MASK,Doctor_CPI_TAX_ID,,
CHCClaim_Doctor,Doctor_CPI_Individual_ID,No,,,,
CHCClaim_Doctor,Doctor_CPI_Group_ID,No,,,,
CHCClaim_Doctor,Doctor_SSN,Yes,MASK,Doctor_SSN,,
CHCClaim_Doctor,Doctor_Specialty,No,,,,
CHCClaim_Doctor,Doctor_Department_Specialty,No,,,,
CHCClaim_Doctor,Doctor_Practice_Name_flag,No,,,,
CHCClaim_Doctor,Doctor_Use_Group_For_Filing,No,,,,
CHCClaim_Doctor,doctorgroup_id,No,,,,
CHCClaim_Doctor,DoctorGroup_Name,No,,,,
CHCClaim_Doctor,DoctorGroup_Address_Line_1,Yes,MASK,DoctorGroup_Address_Line_1,,
CHCClaim_Doctor,DoctorGroup_Address_Line_2,Yes,MASK,DoctorGroup_Address_Line_2,,
CHCClaim_Doctor,DoctorGroup_city,No,,,,
CHCClaim_Doctor,DoctorGroup_State,No,,,,
CHCClaim_Doctor,DoctorGroup_zip,No,,,,
CHCClaim_Doctor,DoctorGroup_Tax_ID,Yes,MASK,DoctorGroup_Tax_ID,,
CHCClaim_Doctor,DoctorGroup_NPI,Yes,MASK,DoctorGroup_NPI,,
CHCClaim_Doctor,doctorgroup_medicare_no,Yes,MASK,doctorgroup_medicare_no,,
CHCClaim_Doctor,doctorgroup_medicaid_no,Yes,MASK,doctorgroup_medicaid_no,,
CHCClaim_Doctor,doctorgroup_blueCross_no,Yes,MASK,doctorgroup_blueCross_no,,
CHCClaim_Doctor,doctorgroup_blueShield_no,Yes,MASK,doctorgroup_blueShield_no,,
CHCClaim_Doctor,doctorgroup_EMC_id,No,,,,
CHCClaim_Doctor,doctorgroup_Taxonomy,No,,,,
CHCClaim_Doctor,Doctor_NPI_Individual_ID,Yes,MASK,Doctor_NPI_Individual_ID,,
CHCClaim_Doctor,carrier_provider_id_group_id,No,,,,
CHCClaim_Doctor,carrier_provider_id_individual_id,No,,,,
CHCClaim_Doctor,Carrier_Provider_ID_Tax_ID,No,,,,
CHCClaim_Doctor,ProvTaxType,No,,,,
CHCClaim_Doctor,CareProviderBillable,No,,,,
CHCClaim_Doctor,Doctor_Suffix,No,,,,
CHCClaim_Doctor,nd_auto_increment_id,No,,,,
CHCClaim_FilingPlans_Accept,FILEPlan_ID,No,,,,
CHCClaim_FilingPlans_Accept,nd_auto_increment_id,No,,,,
CHCClaim_KidMed,CyClaims_Claim_KidMed_ID,No,,,,
CHCClaim_KidMed,CyClaims_Claim_ID,No,,,,
CHCClaim_KidMed,kidmed_Site_Number,No,,,,
CHCClaim_KidMed,kidmed_Reason,No,,,,
CHCClaim_KidMed,kidmed_guarantor_last_name,Yes,MASK,kidmed_guarantor_last_name,,
CHCClaim_KidMed,kidmed_guarantor_first_name,Yes,MASK,kidmed_guarantor_first_name,,
CHCClaim_KidMed,kidmed_Guarantor_Address,Yes,MASK,kidmed_Guarantor_Address,,
CHCClaim_KidMed,kidmed_Guarantor_Address_2,Yes,MASK,kidmed_Guarantor_Address_2,,
CHCClaim_KidMed,kidmed_Guarantor_City,Yes,MASK,kidmed_Guarantor_City,,
CHCClaim_KidMed,kidmed_Guarantor_State,No,,,,
CHCClaim_KidMed,kidmed_Guarantor_Zip,No,,,,
CHCClaim_KidMed,kidmed_patient_home_phone,Yes,MASK,kidmed_patient_home_phone,,
CHCClaim_KidMed,kidmed_patient_work_phone,Yes,MASK,kidmed_patient_work_phone,,
CHCClaim_KidMed,kidmed_ADJ_ICN,No,,,,
CHCClaim_KidMed,kidmed_epsdt_condition_code,No,,,,
CHCClaim_KidMed,kidmed_epsdt_Condition_Ind,No,,,,
CHCClaim_KidMed,kidmed_suspected_conditions,No,,,,
CHCClaim_KidMed,kidmed_Suspected_Cond_1_1,No,,,,
CHCClaim_KidMed,kidmed_Suspected_Cond_1_2,No,,,,
CHCClaim_KidMed,kidmed_Suspected_Cond_1_3,No,,,,
CHCClaim_KidMed,kidmed_Suspected_Cond_1_4,No,,,,
CHCClaim_KidMed,kidmed_referral_date1,No,,,,
CHCClaim_KidMed,kidmed_referral_reason1,No,,,,
CHCClaim_KidMed,kidmed_referral_phone1,Yes,MASK,kidmed_referral_phone1,,
CHCClaim_KidMed,kidmed_referral_to1,No,,,,
CHCClaim_KidMed,kidmed_ref_phy_1_last_name,Yes,MASK,kidmed_ref_phy_1_last_name,,
CHCClaim_KidMed,kidmed_ref_phy_1_first_name,Yes,MASK,kidmed_ref_phy_1_first_name,,
CHCClaim_KidMed,kidmed_Suspected_Cond_2_1,No,,,,
CHCClaim_KidMed,kidmed_Suspected_Cond_2_2,No,,,,
CHCClaim_KidMed,kidmed_Suspected_Cond_2_3,No,,,,
CHCClaim_KidMed,kidmed_Suspected_Cond_2_4,No,,,,
CHCClaim_KidMed,kidmed_referral_date2,No,,,,
CHCClaim_KidMed,kidmed_referral_reason2,No,,,,
CHCClaim_KidMed,kidmed_referral_phone2,Yes,MASK,kidmed_referral_phone2,,
CHCClaim_KidMed,kidmed_referral_to2,No,,,,
CHCClaim_KidMed,kidmed_ref_phy_2_last_name,Yes,MASK,kidmed_ref_phy_2_last_name,,
CHCClaim_KidMed,kidmed_ref_phy_2_first_name,Yes,MASK,kidmed_ref_phy_2_first_name,,
CHCClaim_KidMed,kidmed_Suspected_Cond_3_1,No,,,,
CHCClaim_KidMed,kidmed_Suspected_Cond_3_2,No,,,,
CHCClaim_KidMed,kidmed_Suspected_Cond_3_3,No,,,,
CHCClaim_KidMed,kidmed_Suspected_Cond_3_4,No,,,,
CHCClaim_KidMed,kidmed_referral_date3,No,,,,
CHCClaim_KidMed,kidmed_referral_reason3,No,,,,
CHCClaim_KidMed,kidmed_referral_phone3,Yes,MASK,kidmed_referral_phone3,,
CHCClaim_KidMed,kidmed_referral_to3,No,,,,
CHCClaim_KidMed,kidmed_ref_phy_3_last_name,Yes,MASK,kidmed_ref_phy_3_last_name,,
CHCClaim_KidMed,kidmed_ref_phy_3_first_name,Yes,MASK,kidmed_ref_phy_3_first_name,,
CHCClaim_KidMed,kidmed_immunization_complete,No,,,,
CHCClaim_KidMed,kidmed_Immu_Medical_Reason_A,No,,,,
CHCClaim_KidMed,kidmed_Immu_Parental_Reason_B,No,,,,
CHCClaim_KidMed,kidmed_Immu_Schedule_Reason_C,No,,,,
CHCClaim_KidMed,kidmed_Under_Care_Medical,No,,,,
CHCClaim_KidMed,kidmed_Refer_Off_Medical,No,,,,
CHCClaim_KidMed,kidmed_Refer_On_Medical,No,,,,
CHCClaim_KidMed,kidmed_Under_Care_Vision,No,,,,
CHCClaim_KidMed,kidmed_Refer_Off_Vision,No,,,,
CHCClaim_KidMed,kidmed_Refer_On_Vision,No,,,,
CHCClaim_KidMed,kidmed_Under_Care_Hearing,No,,,,
CHCClaim_KidMed,kidmed_Refer_Off_Hearing,No,,,,
CHCClaim_KidMed,kidmed_Refer_On_Hearing,No,,,,
CHCClaim_KidMed,kidmed_Under_Care_Dental,No,,,,
CHCClaim_KidMed,kidmed_Refer_Off_Dental,No,,,,
CHCClaim_KidMed,kidmed_Refer_On_Dental,No,,,,
CHCClaim_KidMed,kidmed_Under_Care_Nutritional,No,,,,
CHCClaim_KidMed,kidmed_Refer_Off_Nutritional,No,,,,
CHCClaim_KidMed,kidmed_Refer_On_Nutritional,No,,,,
CHCClaim_KidMed,kidmed_Under_Care_Develop,No,,,,
CHCClaim_KidMed,kidmed_Refer_Off_Develop,No,,,,
CHCClaim_KidMed,kidmed_Refer_On_Develop,No,,,,
CHCClaim_KidMed,kidmed_Under_Care_Neglect,No,,,,
CHCClaim_KidMed,kidmed_Refer_Off_Neglect,No,,,,
CHCClaim_KidMed,kidmed_Refer_On_Neglect,No,,,,
CHCClaim_KidMed,kidmed_Under_Care_Social,No,,,,
CHCClaim_KidMed,kidmed_Refer_Off_Social,No,,,,
CHCClaim_KidMed,kidmed_Refer_On_Social,No,,,,
CHCClaim_KidMed,kidmed_Under_Care_Speech,No,,,,
CHCClaim_KidMed,kidmed_Refer_Off_Speech,No,,,,
CHCClaim_KidMed,kidmed_Refer_On_Speech,No,,,,
CHCClaim_KidMed,nd_auto_increment_id,No,,,,
CHCClaim_Level_CAS_Codes,CyClaims_Claim_CAS_ID,No,,,,
CHCClaim_Level_CAS_Codes,CyClaims_Claim_ID,No,,,,
CHCClaim_Level_CAS_Codes,group_code,No,,,,
CHCClaim_Level_CAS_Codes,reason_code_01,No,,,,
CHCClaim_Level_CAS_Codes,amount_01,No,,,,
CHCClaim_Level_CAS_Codes,quantity_01,No,,,,
CHCClaim_Level_CAS_Codes,reason_code_02,No,,,,
CHCClaim_Level_CAS_Codes,amount_02,No,,,,
CHCClaim_Level_CAS_Codes,quantity_02,No,,,,
CHCClaim_Level_CAS_Codes,reason_code_03,No,,,,
CHCClaim_Level_CAS_Codes,amount_03,No,,,,
CHCClaim_Level_CAS_Codes,quantity_03,No,,,,
CHCClaim_Level_CAS_Codes,reason_code_04,No,,,,
CHCClaim_Level_CAS_Codes,amount_04,No,,,,
CHCClaim_Level_CAS_Codes,quantity_04,No,,,,
CHCClaim_Level_CAS_Codes,reason_code_05,No,,,,
CHCClaim_Level_CAS_Codes,amount_05,No,,,,
CHCClaim_Level_CAS_Codes,quantity_05,No,,,,
CHCClaim_Level_CAS_Codes,reason_code_06,No,,,,
CHCClaim_Level_CAS_Codes,amount_06,No,,,,
CHCClaim_Level_CAS_Codes,quantity_06,No,,,,
CHCClaim_Level_CAS_Codes,nd_auto_increment_id,No,,,,
CHCClaim_Line_Level_CAS_Codes,CyClaims_Line_CAS_ID,No,,,,
CHCClaim_Line_Level_CAS_Codes,CyClaims_Claim_ID,No,,,,
CHCClaim_Line_Level_CAS_Codes,CyClaims_Claim_Line_ID,No,,,,
CHCClaim_Line_Level_CAS_Codes,group_code_line_item,No,,,,
CHCClaim_Line_Level_CAS_Codes,line_item_reason_code_01,No,,,,
CHCClaim_Line_Level_CAS_Codes,line_item_amount_01,No,,,,
CHCClaim_Line_Level_CAS_Codes,line_item_quantity_01,No,,,,
CHCClaim_Line_Level_CAS_Codes,line_item_reason_code_02,No,,,,
CHCClaim_Line_Level_CAS_Codes,line_item_amount_02,No,,,,
CHCClaim_Line_Level_CAS_Codes,line_item_quantity_02,No,,,,
CHCClaim_Line_Level_CAS_Codes,line_item_reason_code_03,No,,,,
CHCClaim_Line_Level_CAS_Codes,line_item_amount_03,No,,,,
CHCClaim_Line_Level_CAS_Codes,line_item_quantity_03,No,,,,
CHCClaim_Line_Level_CAS_Codes,line_item_reason_code_04,No,,,,
CHCClaim_Line_Level_CAS_Codes,line_item_amount_04,No,,,,
CHCClaim_Line_Level_CAS_Codes,line_item_quantity_04,No,,,,
CHCClaim_Line_Level_CAS_Codes,line_item_reason_code_05,No,,,,
CHCClaim_Line_Level_CAS_Codes,line_item_amount_05,No,,,,
CHCClaim_Line_Level_CAS_Codes,line_item_quantity_05,No,,,,
CHCClaim_Line_Level_CAS_Codes,line_item_reason_code_06,No,,,,
CHCClaim_Line_Level_CAS_Codes,line_item_amount_06,No,,,,
CHCClaim_Line_Level_CAS_Codes,line_item_quantity_06,No,,,,
CHCClaim_Line_Level_CAS_Codes,Orig_ID,No,,,,
CHCClaim_Line_Level_CAS_Codes,carrier_receiver_id,No,,,,
CHCClaim_Line_Level_CAS_Codes,nd_auto_increment_id,No,,,,
CHCClaim_Lines,CyClaims_Claim_Line_ID,No,,,,
CHCClaim_Lines,CyClaims_Claim_ID,No,,,,
CHCClaim_Lines,encounter_detail_From_date,Yes,STATIC_OFFSET,,,
CHCClaim_Lines,encounter_detail_To_date,No,,,,
CHCClaim_Lines,modifier1,No,,,,
CHCClaim_Lines,modifier2,No,,,,
CHCClaim_Lines,modifier3,No,,,,
CHCClaim_Lines,HCPCS,No,,,,
CHCClaim_Lines,filing_cpt_code,No,,,,
CHCClaim_Lines,service_line_charge_amount,No,,,,
CHCClaim_Lines,Primary_allowed_amt,No,,,,
CHCClaim_Lines,Unit,No,,,,
CHCClaim_Lines,EMG,No,,,,
CHCClaim_Lines,place_of_service_detail,No,,,,
CHCClaim_Lines,diagnosis_code_1,Yes,MASK,diagnosis_code_1,,
CHCClaim_Lines,diagnosis_code_2,No,,,,
CHCClaim_Lines,diagnosis_code_3,No,,,,
CHCClaim_Lines,diagnosis_code_4,No,,,,
CHCClaim_Lines,CPT_Anesthesia_Flag,No,,,,
CHCClaim_Lines,Anesthesia_Minutes,No,,,,
CHCClaim_Lines,sequence,No,,,,
CHCClaim_Lines,Oral_Area_Code,No,,,,
CHCClaim_Lines,Tooth_No,No,,,,
CHCClaim_Lines,tooth_surface_1,No,,,,
CHCClaim_Lines,tooth_surface_2,No,,,,
CHCClaim_Lines,tooth_surface_3,No,,,,
CHCClaim_Lines,tooth_surface_4,No,,,,
CHCClaim_Lines,tooth_surface_5,No,,,,
CHCClaim_Lines,epsdt_detail_flag,No,,,,
CHCClaim_Lines,Family_Planning,No,,,,
CHCClaim_Lines,post_amt,No,,,,
CHCClaim_Lines,check_date,Yes,STATIC_OFFSET,,,
CHCClaim_Lines,secondary_primary_insurance_id,Yes,MASK,secondary_primary_insurance_id,,
CHCClaim_Lines,secondary_filing_cpt_code,No,,,,
CHCClaim_Lines,cpt_description,No,,,,
CHCClaim_Lines,kidmed_encounter_date,Yes,STATIC_OFFSET,,,
CHCClaim_Lines,kidmed_cpt_code,No,,,,
CHCClaim_Lines,CAS_lineitem_count_cpt,No,,,,
CHCClaim_Lines,rev_code,No,,,,
CHCClaim_Lines,NDC_HIPPA,No,,,,
CHCClaim_Lines,NDC_Measure_Of_Unit,No,,,,
CHCClaim_Lines,NDC_Billable_Units,No,,,,
CHCClaim_Lines,NDC_Unit_Price,No,,,,
CHCClaim_Lines,other_payer_mmis_number,Yes,MASK,other_payer_mmis_number,,
CHCClaim_Lines,Wrap_line,No,,,,
CHCClaim_Lines,rollup_line,No,,,,
CHCClaim_Lines,Orig_id,No,,,,
CHCClaim_Lines,medicaid_rollup_line,No,,,,
CHCClaim_Lines,suppress,No,,,,
CHCClaim_Lines,NYMedicaid_Line,No,,,,
CHCClaim_Lines,Not_Covered,No,,,,
CHCClaim_Lines,EMCode,No,,,,
CHCClaim_Lines,PrevCode,No,,,,
CHCClaim_Lines,Line_Note,No,,,,
CHCClaim_Lines,RevenueCat,No,,,,
CHCClaim_Lines,AmountPaidLine,No,,,,
CHCClaim_Lines,modifier4,No,,,,
CHCClaim_Lines,remaining_patient_liability,No,,,,
CHCClaim_Lines,TOS,No,,,,
CHCClaim_Lines,AuthorizationCode,No,,,,
CHCClaim_Lines,PrintProcDesc,No,,,,
CHCClaim_Lines,Standard_Charge,No,,,,
CHCClaim_Lines,Rate_Charge,No,,,,
CHCClaim_Lines,RefProvFName,Yes,MASK,RefProvFName,,
CHCClaim_Lines,RefProvLName,Yes,MASK,RefProvLName,,
CHCClaim_Lines,RefProvID,No,,,,
CHCClaim_Lines,RefPerfFlag,No,,,,
CHCClaim_Lines,RefProvIndNum,No,,,,
CHCClaim_Lines,RefProvMName,No,,,,
CHCClaim_Lines,RefProvNPI,Yes,MASK,RefProvNPI,,
CHCClaim_Lines,RefProvTaxonomyCode,No,,,,
CHCClaim_Lines,RefProvUPIN,No,,,,
CHCClaim_Lines,MeasurementType1,No,,,,
CHCClaim_Lines,MeasurementCode1,No,,,,
CHCClaim_Lines,MeasurementValue1,No,,,,
CHCClaim_Lines,MeasurementType2,No,,,,
CHCClaim_Lines,MeasurementCode2,No,,,,
CHCClaim_Lines,MeasurementValue2,No,,,,
CHCClaim_Lines,MeasurementType3,No,,,,
CHCClaim_Lines,MeasurementCode3,No,,,,
CHCClaim_Lines,MeasurementValue3,No,,,,
CHCClaim_Lines,MeasurementType4,No,,,,
CHCClaim_Lines,MeasurementCode4,No,,,,
CHCClaim_Lines,MeasurementValue4,No,,,,
CHCClaim_Lines,MeasurementType5,No,,,,
CHCClaim_Lines,MeasurementCode5,No,,,,
CHCClaim_Lines,MeasurementValue5,No,,,,
CHCClaim_Lines,RefLineSameClaim,No,,,,
CHCClaim_Lines,IsNonCoveredCharge,No,,,,
CHCClaim_Lines,NonCoveredChargeAmt,No,,,,
CHCClaim_Lines,IsDME,No,,,,
CHCClaim_Lines,RxNumber,Yes,MASK,RxNumber,,
CHCClaim_Lines,RefProvSuffix,No,,,,
CHCClaim_Lines,DMERCDetaulftBillable,No,,,,
CHCClaim_Lines,NoReferDataOnClaim,No,,,,
CHCClaim_Lines,nd_auto_increment_id,No,,,,
CHCClaim_location,CyClaims_Claim_location_ID,No,,,,
CHCClaim_location,CyClaims_Claim_ID,No,,,,
CHCClaim_location,location,No,,,,
CHCClaim_location,location_address_1,Yes,MASK,location_address_1,,
CHCClaim_location,location_address_2,No,,,,
CHCClaim_location,location_city,Yes,MASK,location_city,,
CHCClaim_location,location_state,No,,,,
CHCClaim_location,location_zip,No,,,,
CHCClaim_location,location_NPI,Yes,MASK,location_NPI,,
CHCClaim_location,Location_NPI_Group_ID,Yes,MASK,Location_NPI_Group_ID,,
CHCClaim_location,Location_NPI_Individual_ID,Yes,MASK,Location_NPI_Individual_ID,,
CHCClaim_location,location_Group_BlueShield_No,Yes,MASK,location_Group_BlueShield_No,,
CHCClaim_location,location_Group_BlueCross_No,Yes,MASK,location_Group_BlueCross_No,,
CHCClaim_location,location_Group_Medicaid_No,Yes,MASK,location_Group_Medicaid_No,,
CHCClaim_location,location_Group_Medicare_No,No,,,,
CHCClaim_location,location_Group_Champus_No,No,,,,
CHCClaim_location,CLIA_number,Yes,MASK,CLIA_number,,
CHCClaim_location,CPOLocationNPI,Yes,MASK,CPOLocationNPI,,
CHCClaim_location,LocationIDNumber,No,,,,
CHCClaim_location,LocationIDQualifier,No,,,,
CHCClaim_location,IsPracticeLocation,No,,,,
CHCClaim_location,location_Tax_Id,Yes,MASK,location_Tax_Id,,
CHCClaim_location,nd_auto_increment_id,No,,,,
CHCClaim_Log,Claim_Log_ID,No,,,,
CHCClaim_Log,CyClaims_Claim_ID,No,,,,
CHCClaim_Log,Batch_ID,No,,,,
CHCClaim_Log,User_ID,No,,,,
CHCClaim_Log,Run_DateTime,Yes,STATIC_OFFSET,,,
CHCClaim_Log,nd_auto_increment_id,No,,,,
CHCClaim_Patient,CyClaims_Claim_Patient_ID,Yes,PATIENT_ID,,,
CHCClaim_Patient,CyClaims_Claim_ID,No,,,,
CHCClaim_Patient,patient_last_name,Yes,MASK,patient_last_name,,
CHCClaim_Patient,patient_first_name,Yes,MASK,patient_first_name,,
CHCClaim_Patient,patient_Middle_int,Yes,MASK,patient_Middle_int,,
CHCClaim_Patient,patient_age_year,No,,,,
CHCClaim_Patient,patient_address,Yes,MASK,patient_address,,
CHCClaim_Patient,patient_address_2,Yes,MASK,patient_address_2,,
CHCClaim_Patient,patient_city,Yes,MASK,patient_city,,
CHCClaim_Patient,patient_state,No,,,,
CHCClaim_Patient,patient_zip,No,,,,
CHCClaim_Patient,patient_dob,Yes,PATIENT_DOB,,,
CHCClaim_Patient,patient_sex,Yes,MASK,patient_sex,,
CHCClaim_Patient,patient_date_of_death,Yes,STATIC_OFFSET,,,
CHCClaim_Patient,ins_sbr_name_insurance_id,Yes,MASK,ins_sbr_name_insurance_id,,
CHCClaim_Patient,patient_student_status,No,,,,
CHCClaim_Patient,patient_birth_weight_lbs,Yes,MASK,patient_birth_weight_lbs,,
CHCClaim_Patient,Patient_Marital_Status,No,,,,
CHCClaim_Patient,Patient_Chart,No,,,,
CHCClaim_Patient,Patient_Social_Security,Yes,MASK,Patient_Social_Security,,
CHCClaim_Patient,Patient_Phone,Yes,MASK,Patient_Phone,,
CHCClaim_Patient,Patient_Employment_Status,No,,,,
CHCClaim_Patient,Signature_Source,No,,,,
CHCClaim_Patient,Patient_Suffix,No,,,,
CHCClaim_Patient,nd_auto_increment_id,No,,,,
CHCClaim_Payor,CyClaims_Claim_payor_ID,No,,,,
CHCClaim_Payor,CyClaims_Claim_ID,No,,,,
CHCClaim_Payor,Claim_Payor_Type_ID,No,,,,
CHCClaim_Payor,patient_account_no,Yes,MASK,patient_account_no,,
CHCClaim_Payor,same_address,No,,,,
CHCClaim_Payor,patient_relation,No,,,,
CHCClaim_Payor,group_id,No,,,,
CHCClaim_Payor,group_Name,No,,,,
CHCClaim_Payor,use_group_Name,No,,,,
CHCClaim_Payor,insurance_type,No,,,,
CHCClaim_Payor,claim_editing_ind,No,,,,
CHCClaim_Payor,patient_dob,Yes,PATIENT_DOB,,,
CHCClaim_Payor,patient_sex,Yes,MASK,patient_sex,,
CHCClaim_Payor,Patient_Last_Name,Yes,MASK,Patient_Last_Name,,
CHCClaim_Payor,Patient_First_Name,Yes,MASK,Patient_First_Name,,
CHCClaim_Payor,Individual_Id,No,,,,
CHCClaim_Payor,Patient_Address,Yes,MASK,Patient_Address,,
CHCClaim_Payor,Patient_Address_2,Yes,MASK,Patient_Address_2,,
CHCClaim_Payor,Patient_City,Yes,MASK,Patient_City,,
CHCClaim_Payor,Patient_State,No,,,,
CHCClaim_Payor,Patient_Zip,Yes,ZIP_CODE,,,
CHCClaim_Payor,carrier_name,Yes,MASK,carrier_name,,
CHCClaim_Payor,Carrier_Receiver_Id,No,,,,
CHCClaim_Payor,Patient_Phone,Yes,MASK,Patient_Phone,,
CHCClaim_Payor,patient_Middle_int,No,,,,
CHCClaim_Payor,employer,No,,,,
CHCClaim_Payor,school,No,,,,
CHCClaim_Payor,alt_carrier_receiver_id,No,,,,
CHCClaim_Payor,msp_code,No,,,,
CHCClaim_Payor,Payor_Address_1,Yes,MASK,Payor_Address_1,,
CHCClaim_Payor,Payor_Address_2,No,,,,
CHCClaim_Payor,Payor_City,Yes,MASK,Payor_City,,
CHCClaim_Payor,Payor_State,No,,,,
CHCClaim_Payor,Payor_Zip,No,,,,
CHCClaim_Payor,SecondaryInsuranceType,No,,,,
CHCClaim_Payor,Patient_Suffix,No,,,,
CHCClaim_Payor,Patient_Prefix,No,,,,
CHCClaim_Payor,nd_auto_increment_id,No,,,,
CHCClaim_Practice_Hospital,CyClaims_Claim_Practice_Hospital_ID,No,,,,
CHCClaim_Practice_Hospital,CyClaims_Claim_ID,No,,,,
CHCClaim_Practice_Hospital,Practice_Tax_Id,Yes,MASK,Practice_Tax_Id,,
CHCClaim_Practice_Hospital,practice_npi,Yes,MASK,practice_npi,,
CHCClaim_Practice_Hospital,Practice_Medicaid_EMC_Id,Yes,MASK,Practice_Medicaid_EMC_Id,,
CHCClaim_Practice_Hospital,Practice_Name,Yes,MASK,Practice_Name,,
CHCClaim_Practice_Hospital,Practice_Address_Line_1,Yes,MASK,Practice_Address_Line_1,,
CHCClaim_Practice_Hospital,Practice_Address_Line_2,No,,,,
CHCClaim_Practice_Hospital,Practice_city,Yes,MASK,Practice_city,,
CHCClaim_Practice_Hospital,Practice_state,No,,,,
CHCClaim_Practice_Hospital,Practice_zip,No,,,,
CHCClaim_Practice_Hospital,Practice_Phone,Yes,MASK,Practice_Phone,,
CHCClaim_Practice_Hospital,Hospital_Id,Yes,MASK,Hospital_Id,,
CHCClaim_Practice_Hospital,Hospital_NPI,Yes,MASK,Hospital_NPI,,
CHCClaim_Practice_Hospital,Hospital_medicare_NO,Yes,MASK,Hospital_medicare_NO,,
CHCClaim_Practice_Hospital,Hospital_name,Yes,MASK,Hospital_name,,
CHCClaim_Practice_Hospital,Hospital_Use_Tax_ID,Yes,MASK,Hospital_Use_Tax_ID,,
CHCClaim_Practice_Hospital,Hospital_Tax_ID,Yes,MASK,Hospital_Tax_ID,,
CHCClaim_Practice_Hospital,Hospital_Insurance_ID,Yes,MASK,Hospital_Insurance_ID,,
CHCClaim_Practice_Hospital,Hospital_Address1,Yes,MASK,Hospital_Address1,,
CHCClaim_Practice_Hospital,Hospital_city,Yes,MASK,Hospital_city,,
CHCClaim_Practice_Hospital,Hospital_state,No,,,,
CHCClaim_Practice_Hospital,Hospital_zip,No,,,,
CHCClaim_Practice_Hospital,date_hospital_from,Yes,STATIC_OFFSET,,,
CHCClaim_Practice_Hospital,date_hospital_to,Yes,STATIC_OFFSET,,,
CHCClaim_Practice_Hospital,Practice_Taxonomy,No,,,,
CHCClaim_Practice_Hospital,PayTo_Address_1,Yes,MASK,PayTo_Address_1,,
CHCClaim_Practice_Hospital,PayTo_Address_2,No,,,,
CHCClaim_Practice_Hospital,PayTo_City,Yes,MASK,PayTo_City,,
CHCClaim_Practice_Hospital,PayTo_State,No,,,,
CHCClaim_Practice_Hospital,PayTo_Zip,No,,,,
CHCClaim_Practice_Hospital,nd_auto_increment_id,No,,,,
CHCClaim_PWK,Claim_PWK_ID,No,,,,
CHCClaim_PWK,CyClaims_Claim_ID,No,,,,
CHCClaim_PWK,PWKRptTypeCode1,No,,,,
CHCClaim_PWK,PWKRptTransCode1,No,,,,
CHCClaim_PWK,PWKRptIdentCode1,No,,,,
CHCClaim_PWK,PWKRptTypeCode2,No,,,,
CHCClaim_PWK,PWKRptTransCode2,No,,,,
CHCClaim_PWK,PWKRptIdentCode2,No,,,,
CHCClaim_PWK,PWKRptTypeCode3,No,,,,
CHCClaim_PWK,PWKRptTransCode3,No,,,,
CHCClaim_PWK,PWKRptIdentCode3,No,,,,
CHCClaim_PWK,PWKRptTypeCode4,No,,,,
CHCClaim_PWK,PWKRptTransCode4,No,,,,
CHCClaim_PWK,PWKRptIdentCode4,No,,,,
CHCClaim_PWK,PWKRptTypeCode5,No,,,,
CHCClaim_PWK,PWKRptTransCode5,No,,,,
CHCClaim_PWK,PWKRptIdentCode5,No,,,,
CHCClaim_PWK,PWKRptTypeCode6,No,,,,
CHCClaim_PWK,PWKRptTransCode6,No,,,,
CHCClaim_PWK,PWKRptIdentCode6,No,,,,
CHCClaim_PWK,PWKRptTypeCode7,No,,,,
CHCClaim_PWK,PWKRptTransCode7,No,,,,
CHCClaim_PWK,PWKRptIdentCode7,No,,,,
CHCClaim_PWK,PWKRptTypeCode8,No,,,,
CHCClaim_PWK,PWKRptTransCode8,No,,,,
CHCClaim_PWK,PWKRptIdentCode8,No,,,,
CHCClaim_PWK,PWKRptTypeCode9,No,,,,
CHCClaim_PWK,PWKRptTransCode9,No,,,,
CHCClaim_PWK,PWKRptIdentCode9,No,,,,
CHCClaim_PWK,PWKRptTypeCode10,No,,,,
CHCClaim_PWK,PWKRptTransCode10,No,,,,
CHCClaim_PWK,PWKRptIdentCode10,No,,,,
CHCClaim_PWK,nd_auto_increment_id,No,,,,
CHCClaim_Secondary,CyClaims_Claim_Secondary_ID,No,,,,
CHCClaim_Secondary,CyClaims_Claim_ID,No,,,,
CHCClaim_Secondary,Claim_Id,No,,,,
CHCClaim_Secondary,check_date,No,,,,
CHCClaim_Secondary,Primary_allowed_amt,No,,,,
CHCClaim_Secondary,Post_Amt,No,,,,
CHCClaim_Secondary,allowed_amt,No,,,,
CHCClaim_Secondary,outstanding_amt,No,,,,
CHCClaim_Secondary,other_payer_mmis_number,Yes,MASK,other_payer_mmis_number,,
CHCClaim_Secondary,ugs_filing_flag,No,,,,
CHCClaim_Secondary,allowed_amt_Sum,No,,,,
CHCClaim_Secondary,nd_auto_increment_id,No,,,,
CHCClaim_Transport,CyClaims_Claim_Transport_ID,No,,,,
CHCClaim_Transport,CyClaims_Claim_ID,No,,,,
CHCClaim_Transport,transport_flag,No,,,,
CHCClaim_Transport,transport_address_1,Yes,MASK,transport_address_1,,
CHCClaim_Transport,transport_address_2,No,,,,
CHCClaim_Transport,transport_city,Yes,MASK,transport_city,,
CHCClaim_Transport,transport_state,No,,,,
CHCClaim_Transport,transport_zip,No,,,,
CHCClaim_Transport,transport_code,No,,,,
CHCClaim_Transport,transport_reason_code,No,,,,
CHCClaim_Transport,transport_round_trip_notes,No,,,,
CHCClaim_Transport,transport_stretcher_notes,Yes,GENERIC_NOTES,,,
CHCClaim_Transport,transport_code_1,No,,,,
CHCClaim_Transport,transport_code_2,No,,,,
CHCClaim_Transport,transport_code_3,No,,,,
CHCClaim_Transport,transport_code_4,No,,,,
CHCClaim_Transport,transport_code_5,No,,,,
CHCClaim_Transport,transport_weight,No,,,,
CHCClaim_Transport,transport_condition_applies,No,,,,
CHCClaim_Transport,nd_auto_increment_id,No,,,,
CHCClaimUnProcessed,ClaimUnProcessedID,No,,,,
CHCClaimUnProcessed,ClaimUnProcessed,No,,,,
CHCClaimUnProcessed,ProcessDate,No,,,,
CHCClaimUnProcessed,CustomerID,No,,,,
CHCClaimUnProcessed,Orig_Batch_ID,No,,,,
CHCClaimUnProcessed,InsertDate,No,,,,
CHCClaimUnProcessed,FurtherAction,No,,,,
CHCClaimUnProcessed,nd_auto_increment_id,No,,,,
CHCClaimUnProcessed_Claim,ClaimUnProcessedClaimID,No,,,,
CHCClaimUnProcessed_Claim,ClaimUnProcessedID,No,,,,
CHCClaimUnProcessed_Claim,CustomerID,No,,,,
CHCClaimUnProcessed_Claim,Claim_ID,No,,,,
CHCClaimUnProcessed_Claim,Orig_Batch_ID,No,,,,
CHCClaimUnProcessed_Claim,ProcessedDate,No,,,,
CHCClaimUnProcessed_Claim,nd_auto_increment_id,No,,,,
CHCClaimUserRights,CHCClaimUserRightsID,No,,,,
CHCClaimUserRights,ActionName,No,,,,
CHCClaimUserRights,TabName,No,,,,
CHCClaimUserRights,ActionRight,No,,,,
CHCClaimUserRights,nd_auto_increment_id,No,,,,
CHCclearinghouse,Id,No,,,,
CHCclearinghouse,Customer_ID,No,,,,
CHCclearinghouse,Name,Yes,MASK,Name,,
CHCclearinghouse,Filename_Text,No,,,,
CHCclearinghouse,Map_837_institutional_File_Name,No,,,,
CHCclearinghouse,Map_837_Professional_File_Name,No,,,,
CHCclearinghouse,Map_837_Dental_File_Name,No,,,,
CHCclearinghouse,Send_Show_As_Text,No,,,,
CHCclearinghouse,Send_Command_Text,Yes,MASK,Send_Command_Text,,
CHCclearinghouse,Contact_Name,Yes,MASK,Contact_Name,,
CHCclearinghouse,Submission_Number,No,,,,
CHCclearinghouse,submitter_id_text,No,,,,
CHCclearinghouse,map_837_base_file_name,No,,,,
CHCclearinghouse,map_837_institutional_secondary_file_name,No,,,,
CHCclearinghouse,map_837_professional_secondary_file_name,No,,,,
CHCclearinghouse,map_837_dental_secondary_file_name,No,,,,
CHCclearinghouse,linefeed_flag,No,,,,
CHCclearinghouse,Format_Name,No,,,,
CHCclearinghouse,tilde,No,,,,
CHCclearinghouse,App_Receiver_Code,No,,,,
CHCclearinghouse,nd_auto_increment_id,No,,,,
CHCClearingHouse_Link,Clearinghouse_ID,No,,,,
CHCClearingHouse_Link,Orig_ID,No,,,,
CHCClearingHouse_Link,Form_id,No,,,,
CHCClearingHouse_Link,SourceDB,No,,,,
CHCClearingHouse_Link,nd_auto_increment_id,No,,,,
CHCCONFIGURATION,id,No,,,,
CHCCONFIGURATION,Customer_ID,No,,,,
CHCCONFIGURATION,purpose_name,No,,,,
CHCCONFIGURATION,user_name,No,,,,
CHCCONFIGURATION,type_code,No,,,,
CHCCONFIGURATION,name,Yes,MASK,name,,
CHCCONFIGURATION,value_text,Yes,MASK,value_text,,
CHCCONFIGURATION,value_ntext,Yes,GENERIC_NOTES,,,
CHCCONFIGURATION,Description,No,,,,
CHCCONFIGURATION,nd_auto_increment_id,No,,,,
CHCCTBProcedure,CTBProcedureID,No,,,,
CHCCTBProcedure,DocumentID,No,,,,
CHCCTBProcedure,ToothNumber,No,,,,
CHCCTBProcedure,PredeterminationNumber,No,,,,
CHCCTBProcedure,ToothSurface1ID,No,,,,
CHCCTBProcedure,ToothSurface2ID,No,,,,
CHCCTBProcedure,ToothSurface3ID,No,,,,
CHCCTBProcedure,ToothSurface4ID,No,,,,
CHCCTBProcedure,ToothSurface5ID,No,,,,
CHCCTBProcedure,OralCavityDesignation1ID,No,,,,
CHCCTBProcedure,OralCavityDesignation2ID,No,,,,
CHCCTBProcedure,OralCavityDesignation3ID,No,,,,
CHCCTBProcedure,OralCavityDesignation4ID,No,,,,
CHCCTBProcedure,OralCavityDesignation5ID,No,,,,
CHCCTBProcedure,ProsthesisCrownOrInlay,No,,,,
CHCCTBProcedure,PCOrIPriorPlacementDate,No,,,,
CHCCTBProcedure,AppliancePlacementInitialDate,Yes,STATIC_OFFSET,,,
CHCCTBProcedure,ApplianceReplacementDate,No,,,,
CHCCTBProcedure,CreatedByID,No,,,,
CHCCTBProcedure,Created,Yes,STATIC_OFFSET,,,
CHCCTBProcedure,LastModifiedByID,No,,,,
CHCCTBProcedure,LastModified,No,,,,
CHCCTBProcedure,nd_auto_increment_id,No,,,,
CHCCustomer,Customer_ID,No,,,,
CHCCustomer,Customer_Name,Yes,MASK,Customer_Name,,
CHCCustomer,Source,No,,,,
CHCCustomer,Insurance_List,Yes,MASK,Insurance_List,,
CHCCustomer,Batch_List,No,,,,
CHCCustomer,Map_Files,No,,,,
CHCCustomer,Show_medicaid_line,No,,,,
CHCCustomer,PrimeSuite_id,No,,,,
CHCCustomer,Use_As_Default,No,,,,
CHCCustomer,clearinghouse_ID,No,,,,
CHCCustomer,nd_auto_increment_id,No,,,,
CHCCustomer_Param,Customer_Param_ID,No,,,,
CHCCustomer_Param,Customer_ID,No,,,,
CHCCustomer_Param,Param_of,No,,,,
CHCCustomer_Param,Param_Type,No,,,,
CHCCustomer_Param,Param_Name,No,,,,
CHCCustomer_Param,Param_Length,No,,,,
CHCCustomer_Param,Default_Value,No,,,,
CHCCustomer_Param,Variable_ToUse,No,,,,
CHCCustomer_Param,nd_auto_increment_id,No,,,,
CHCelig_Detail,RequestTransactionDetailID,No,,,,
CHCelig_Detail,RequestTransactionID,No,,,,
CHCelig_Detail,TransactionDetailType,No,,,,
CHCelig_Detail,TransactionDetailDate,Yes,STATIC_OFFSET,,,
CHCelig_Detail,ServiceTypeCode,No,,,,
CHCelig_Detail,ProcedureQualifier,No,,,,
CHCelig_Detail,ProcedureCode,No,,,,
CHCelig_Detail,ProcedureModifier1,No,,,,
CHCelig_Detail,ProcedureModifier2,No,,,,
CHCelig_Detail,ProcedureModifier3,No,,,,
CHCelig_Detail,ProcedureModifier4,No,,,,
CHCelig_Detail,CoverageLevelCode,No,,,,
CHCelig_Detail,SpendDownAmount,No,,,,
CHCelig_Detail,PrincipalDiagnosis,Yes,MASK,PrincipalDiagnosis,,
CHCelig_Detail,Diagnosis2,Yes,MASK,Diagnosis2,,
CHCelig_Detail,Diagnosis3,Yes,MASK,Diagnosis3,,
CHCelig_Detail,Diagnosis4,Yes,MASK,Diagnosis4,,
CHCelig_Detail,Diagnosis5,No,,,,
CHCelig_Detail,Diagnosis6,No,,,,
CHCelig_Detail,Diagnosis7,Yes,MASK,Diagnosis7,,
CHCelig_Detail,Diagnosis8,No,,,,
CHCelig_Detail,POSCode,No,,,,
CHCelig_Detail,ReferralNumber,No,,,,
CHCelig_Detail,PreCertNumber,Yes,MASK,PreCertNumber,,
CHCelig_Detail,nd_auto_increment_id,No,,,,
CHCelig_Request,RequestID,No,,,,
CHCelig_Request,UserID,No,,,,
CHCelig_Request,FilingPlanID,No,,,,
CHCelig_Request,RequestDate,Yes,STATIC_OFFSET,,,
CHCelig_Request,RequestPurposeCode,No,,,,
CHCelig_Request,RequestType,No,,,,
CHCelig_Request,RequestMode,No,,,,
CHCelig_Request,NumberOfTransactions,No,,,,
CHCelig_Request,UserComment,No,,,,
CHCelig_Request,ConfirmationReceived,No,,,,
CHCelig_Request,Status,No,,,,
CHCelig_Request,SubmitterIDCode,No,,,,
CHCelig_Request,CarrierReceiverId,No,,,,
CHCelig_Request,SubmissionNumber,No,,,,
CHCelig_Request,SubmitterIDText,No,,,,
CHCelig_Request,AppReceiverCode,No,,,,
CHCelig_Request,nd_auto_increment_id,No,,,,
CHCelig_Transaction,elig_Transaction_ID,No,,,,
CHCelig_Transaction,RequestTransactionID,No,,,,
CHCelig_Transaction,RequestID,No,,,,
CHCelig_Transaction,CompanyID,No,,,,
CHCelig_Transaction,PlanID,Yes,MASK,PlanID,,
CHCelig_Transaction,ProviderID,No,,,,
CHCelig_Transaction,ProviderType,No,,,,
CHCelig_Transaction,LocationID,No,,,,
CHCelig_Transaction,InsuredPersonID,No,,,,
CHCelig_Transaction,PatientID,Yes,PATIENT_ID,,,
CHCelig_Transaction,GroupID,No,,,,
CHCelig_Transaction,SourceCode,No,,,,
CHCelig_Transaction,SourceName,No,,,,
CHCelig_Transaction,SourceType,No,,,,
CHCelig_Transaction,SourceFirstName,Yes,MASK,SourceFirstName,,
CHCelig_Transaction,SourceMiddleName,No,,,,
CHCelig_Transaction,SourceSuffix,No,,,,
CHCelig_Transaction,SourceIdentifierQualifier,No,,,,
CHCelig_Transaction,SourceIdentifier,No,,,,
CHCelig_Transaction,ReceiverCode,No,,,,
CHCelig_Transaction,ReceiverType,No,,,,
CHCelig_Transaction,ReceiverName,No,,,,
CHCelig_Transaction,ReceiverFirstName,Yes,MASK,ReceiverFirstName,,
CHCelig_Transaction,ReceiverMiddleName,Yes,MASK,ReceiverMiddleName,,
CHCelig_Transaction,ReceiverSuffix,No,,,,
CHCelig_Transaction,ReceiverIdentifierQualifier,No,,,,
CHCelig_Transaction,ReceiverIdentifier,No,,,,
CHCelig_Transaction,ReceiverNPI,Yes,MASK,ReceiverNPI,,
CHCelig_Transaction,ReceiverAdditionalIdentifierQualifier,No,,,,
CHCelig_Transaction,ReceiverAdditionalIdentifier,No,,,,
CHCelig_Transaction,ReceiverLicenseState,No,,,,
CHCelig_Transaction,ReceiverAddressLine1,Yes,MASK,ReceiverAddressLine1,,
CHCelig_Transaction,ReceiverAddressLine2,No,,,,
CHCelig_Transaction,ReceiverCity,Yes,MASK,ReceiverCity,,
CHCelig_Transaction,ReceiverState,No,,,,
CHCelig_Transaction,ReceiverZip,No,,,,
CHCelig_Transaction,ReceiverCountryCode,Yes,MASK,ReceiverCountryCode,,
CHCelig_Transaction,ReceiverContactName,No,,,,
CHCelig_Transaction,ReceiverContactPhone,Yes,MASK,ReceiverContactPhone,,
CHCelig_Transaction,ReceiverContactFax,Yes,MASK,ReceiverContactFax,,
CHCelig_Transaction,ReceiverContactEmail,Yes,MASK,ReceiverContactEmail,,
CHCelig_Transaction,ReceiverContactEDINumber,Yes,MASK,ReceiverContactEDINumber,,
CHCelig_Transaction,ReceiverProviderCode,No,,,,
CHCelig_Transaction,ReceiverSpecialtyCode,No,,,,
CHCelig_Transaction,InsuredName,Yes,MASK,InsuredName,,
CHCelig_Transaction,InsuredFirstName,Yes,MASK,InsuredFirstName,,
CHCelig_Transaction,InsuredMiddleName,Yes,MASK,InsuredMiddleName,,
CHCelig_Transaction,InsuredSuffix,No,,,,
CHCelig_Transaction,InsuredIDQualifier,Yes,MASK,InsuredIDQualifier,,
CHCelig_Transaction,InsuredPlanNumber,Yes,MASK,InsuredPlanNumber,,
CHCelig_Transaction,InsuredPolicyNumber,Yes,MASK,InsuredPolicyNumber,,
CHCelig_Transaction,InsuredGroupNumber,Yes,MASK,InsuredGroupNumber,,
CHCelig_Transaction,InsuredSSN,Yes,MASK,InsuredSSN,,
CHCelig_Transaction,InsuredAddressLine1,Yes,MASK,InsuredAddressLine1,,
CHCelig_Transaction,InsuredAddressLine2,No,,,,
CHCelig_Transaction,InsuredCity,Yes,MASK,InsuredCity,,
CHCelig_Transaction,InsuredState,No,,,,
CHCelig_Transaction,InsuredZip,No,,,,
CHCelig_Transaction,InsuredCountryCode,Yes,MASK,InsuredCountryCode,,
CHCelig_Transaction,ServiceProviderCode,No,,,,
CHCelig_Transaction,ServiceProviderIDQualifier,Yes,MASK,ServiceProviderIDQualifier,,
CHCelig_Transaction,ServiceProviderNPI,Yes,MASK,ServiceProviderNPI,,
CHCelig_Transaction,ServiceProviderID,Yes,MASK,ServiceProviderID,,
CHCelig_Transaction,InsuredDOB,Yes,PATIENT_DOB,,,
CHCelig_Transaction,InsuredGender,Yes,MASK,InsuredGender,,
CHCelig_Transaction,DependentLastName,Yes,MASK,DependentLastName,,
CHCelig_Transaction,DependentFirstName,Yes,MASK,DependentFirstName,,
CHCelig_Transaction,DependentMiddleName,Yes,MASK,DependentMiddleName,,
CHCelig_Transaction,DependentSuffix,No,,,,
CHCelig_Transaction,DependentSSN,Yes,MASK,DependentSSN,,
CHCelig_Transaction,DependentPolicyNumber,Yes,MASK,DependentPolicyNumber,,
CHCelig_Transaction,DependentAddressLine1,Yes,MASK,DependentAddressLine1,,
CHCelig_Transaction,DependentAddressLine2,Yes,MASK,DependentAddressLine2,,
CHCelig_Transaction,DependentCity,No,,,,
CHCelig_Transaction,DependentState,No,,,,
CHCelig_Transaction,DependentZip,No,,,,
CHCelig_Transaction,DependentCountryCode,No,,,,
CHCelig_Transaction,DependentDOB,Yes,PATIENT_DOB,,,
CHCelig_Transaction,DependentGender,Yes,MASK,DependentGender,,
CHCelig_Transaction,DependentRelationToInsured,No,,,,
CHCelig_Transaction,TransactionType,No,,,,
CHCelig_Transaction,TransactionDateFrom,Yes,STATIC_OFFSET,,,
CHCelig_Transaction,TransactionDateTo,Yes,STATIC_OFFSET,,,
CHCelig_Transaction,ForwardedToCH,No,,,,
CHCelig_Transaction,ResponseMessage,No,,,,
CHCelig_Transaction,nd_auto_increment_id,No,,,,
CHCFeeScheduleProcedure,FeeScheduleProcedureID,No,,,,
CHCFeeScheduleProcedure,AnesthesiaFlag,No,,,,
CHCFeeScheduleProcedure,AlternatePayerFlag,No,,,,
CHCFeeScheduleProcedure,ContractTypeCodeID,No,,,,
CHCFeeScheduleProcedure,RevenueGroupID,No,,,,
CHCFeeScheduleProcedure,DoNotMultiplyUnitsFlag,No,,,,
CHCFeeScheduleProcedure,ProcedureNoteTypeID,No,,,,
CHCFeeScheduleProcedure,Note,No,,,,
CHCFeeScheduleProcedure,CreatedByID,Yes,MASK,CreatedByID,,
CHCFeeScheduleProcedure,Created,Yes,STATIC_OFFSET,,,
CHCFeeScheduleProcedure,LastModifiedByID,No,,,,
CHCFeeScheduleProcedure,LastModified,No,,,,
CHCFeeScheduleProcedure,ContractFeeScheduleID,No,,,,
CHCFeeScheduleProcedure,ProcedureMasterID,No,,,,
CHCFeeScheduleProcedure,Modifier,No,,,,
CHCFeeScheduleProcedure,GMTMedRegID,No,,,,
CHCFeeScheduleProcedure,nd_auto_increment_id,No,,,,
CHCFeeScheduleProcedureHistory,HistoryID,No,,,,
CHCFeeScheduleProcedureHistory,FeeScheduleHistoryID,No,,,,
CHCFeeScheduleProcedureHistory,FeeScheduleProcedureID,No,,,,
CHCFeeScheduleProcedureHistory,ContractFeeScheduleID,No,,,,
CHCFeeScheduleProcedureHistory,ProcedureMasterID,No,,,,
CHCFeeScheduleProcedureHistory,AnesthesiaFlag,No,,,,
CHCFeeScheduleProcedureHistory,AlternatePayerFlag,No,,,,
CHCFeeScheduleProcedureHistory,ContractTypeCodeID,No,,,,
CHCFeeScheduleProcedureHistory,RevenueGroupID,No,,,,
CHCFeeScheduleProcedureHistory,DoNotMultiplyUnitsFlag,No,,,,
CHCFeeScheduleProcedureHistory,ProcedureNoteTypeID,No,,,,
CHCFeeScheduleProcedureHistory,Note,No,,,,
CHCFeeScheduleProcedureHistory,CreatedByID,Yes,MASK,CreatedByID,,
CHCFeeScheduleProcedureHistory,Created,Yes,STATIC_OFFSET,,,
CHCFeeScheduleProcedureHistory,LastModifiedByID,No,,,,
CHCFeeScheduleProcedureHistory,LastModified,No,,,,
CHCFeeScheduleProcedureHistory,Modifier,No,,,,
CHCFeeScheduleProcedureHistory,GMTMedRegID,No,,,,
CHCFeeScheduleProcedureHistory,nd_auto_increment_id,No,,,,
CHCFieldType,FieldType_ID,No,,,,
CHCFieldType,Field_Type,No,,,,
CHCFieldType,nd_auto_increment_id,No,,,,
CHCForm,Id,No,,,,
CHCForm,Name,No,,,,
CHCForm,Code,No,,,,
CHCForm,Type_Code,No,,,,
CHCForm,File_Name,No,,,,
CHCForm,position_order,No,,,,
CHCForm,domain_code,No,,,,
CHCForm,nd_auto_increment_id,No,,,,
CHCInsCompanyPSECPTCode,CHCInsCompanyPSECPTCodeID,No,,,,
CHCInsCompanyPSECPTCode,CompanyID,No,,,,
CHCInsCompanyPSECPTCode,ProcedureMasterID,No,,,,
CHCInsCompanyPSECPTCode,OverrideCPTCode,No,,,,
CHCInsCompanyPSECPTCode,CreatedByID,No,,,,
CHCInsCompanyPSECPTCode,Created,Yes,STATIC_OFFSET,,,
CHCInsCompanyPSECPTCode,LastModifiedByID,No,,,,
CHCInsCompanyPSECPTCode,LastModified,No,,,,
CHCInsCompanyPSECPTCode,nd_auto_increment_id,No,,,,
CHCInsCompanyPSERevCode,CHCInsCompanyPSERevCodeID,No,,,,
CHCInsCompanyPSERevCode,CompanyID,No,,,,
CHCInsCompanyPSERevCode,ProcedureMasterID,No,,,,
CHCInsCompanyPSERevCode,NoRevCode,No,,,,
CHCInsCompanyPSERevCode,IfRevCode,No,,,,
CHCInsCompanyPSERevCode,ThenRevCode,No,,,,
CHCInsCompanyPSERevCode,AlwaysRevCode,No,,,,
CHCInsCompanyPSERevCode,CreatedByID,Yes,MASK,CreatedByID,,
CHCInsCompanyPSERevCode,Created,Yes,STATIC_OFFSET,,,
CHCInsCompanyPSERevCode,LastModifiedByID,No,,,,
CHCInsCompanyPSERevCode,LastModified,No,,,,
CHCInsCompanyPSERevCode,nd_auto_increment_id,No,,,,
CHCInsCoveragePatientVisitTypes,InsCoveragePatientVisitTypeID,No,,,,
CHCInsCoveragePatientVisitTypes,InsCoverageID,Yes,MASK,InsCoverageID,,
CHCInsCoveragePatientVisitTypes,PatientID,Yes,PATIENT_ID,,,
CHCInsCoveragePatientVisitTypes,VisitTypeID,No,,,,
CHCInsCoveragePatientVisitTypes,CreatedByID,Yes,MASK,CreatedByID,,
CHCInsCoveragePatientVisitTypes,Created,Yes,STATIC_OFFSET,,,
CHCInsCoveragePatientVisitTypes,nd_auto_increment_id,No,,,,
CHCInsurance,CyClaims_Insurance_ID,Yes,MASK,CyClaims_Insurance_ID,,
CHCInsurance,Insurance_ID,Yes,MASK,Insurance_ID,,
CHCInsurance,Customer_ID,No,,,,
CHCInsurance,map_file_name,No,,,,
CHCInsurance,map_Sub_file_name,No,,,,
CHCInsurance,Insurance_Name,Yes,MASK,Insurance_Name,,
CHCInsurance,ZeroDollar,No,,,,
CHCInsurance,Ins_Hide_medicaid_line,No,,,,
CHCInsurance,CASToClaim,No,,,,
CHCInsurance,Ins_Show_All_medicaid_line,No,,,,
CHCInsurance,MedicaidAddLineValue,No,,,,
CHCInsurance,MapID5010,No,,,,
CHCInsurance,MapSecondaryID5010,No,,,,
CHCInsurance,MapID,No,,,,
CHCInsurance,SecondaryID,No,,,,
CHCInsurance,SuppressFileClaim,No,,,,
CHCInsurance,SuppressCHCCode,No,,,,
CHCInsurance,CHCCodeOnlyStandard,No,,,,
CHCInsurance,nd_auto_increment_id,No,,,,
CHCInsurance_Flag,Insurance_Flag_ID,No,,,,
CHCInsurance_Flag,Flag_Name,No,,,,
CHCInsurance_Flag,Flag_Description,No,,,,
CHCInsurance_Flag,Flag_Code,No,,,,
CHCInsurance_Flag,Default_Value,Yes,MASK,Default_Value,,
CHCInsurance_Flag,Primary_Secondary,No,,,,
CHCInsurance_Flag,nd_auto_increment_id,No,,,,
CHCInsurance_Flag_Value,Insurance_Flag_Value_ID,No,,,,
CHCInsurance_Flag_Value,Insurance_Flag_ID,No,,,,
CHCInsurance_Flag_Value,CyClaims_Insurance_ID,Yes,MASK,CyClaims_Insurance_ID,,
CHCInsurance_Flag_Value,Flag_Value,No,,,,
CHCInsurance_Flag_Value,nd_auto_increment_id,No,,,,
CHCInsurance_Map_Files1500,Insurance_Map_Files1500_ID,No,,,,
CHCInsurance_Map_Files1500,Map_ID,No,,,,
CHCInsurance_Map_Files1500,Insurance_ID,Yes,MASK,Insurance_ID,,
CHCInsurance_Map_Files1500,nd_auto_increment_id,No,,,,
CHCInsurance_ScrubRule,Insurance_ID,Yes,MASK,Insurance_ID,,
CHCInsurance_ScrubRule,Rule_ID,No,,,,
CHCInsurance_ScrubRule,nd_auto_increment_id,No,,,,
CHCInsuranceCoverage,InsID,Yes,MASK,InsID,,
CHCInsuranceCoverage,OtherID1,No,,,,
CHCInsuranceCoverage,OtherID2,No,,,,
CHCInsuranceCoverage,CreatedByID,No,,,,
CHCInsuranceCoverage,Created,Yes,STATIC_OFFSET,,,
CHCInsuranceCoverage,LastModifiedByID,No,,,,
CHCInsuranceCoverage,LastModified,No,,,,
CHCInsuranceCoverage,nd_auto_increment_id,No,,,,
CHCInsurancePlan,PlanID,Yes,MASK,PlanID,,
CHCInsurancePlan,SFCarrierFlag,No,,,,
CHCInsurancePlan,FQHCCarrierFlag,No,,,,
CHCInsurancePlan,SFFileClaimsFlag,No,,,,
CHCInsurancePlan,InsuredAlwaysSameAsPatientFlag,No,,,,
CHCInsurancePlan,OMAPInsCarrierFlag,No,,,,
CHCInsurancePlan,BenefitSetID,No,,,,
CHCInsurancePlan,CPSPInsCarrierFlag,No,,,,
CHCInsurancePlan,MngCareInsCarrierFlag,No,,,,
CHCInsurancePlan,MBAdvantageInsCarrierFlag,No,,,,
CHCInsurancePlan,Secondary_BypassPrimaryFilingFlag,No,,,,
CHCInsurancePlan,ContractSettingID,No,,,,
CHCInsurancePlan,AutoUpdateSFPayerPlanSetFlag,No,,,,
CHCInsurancePlan,Inactive,No,,,,
CHCInsurancePlan,Note,No,,,,
CHCInsurancePlan,CreatedByID,No,,,,
CHCInsurancePlan,Created,Yes,STATIC_OFFSET,,,
CHCInsurancePlan,LastModifiedByID,No,,,,
CHCInsurancePlan,LastModified,No,,,,
CHCInsurancePlan,SplitCarrierPlanID,No,,,,
CHCInsurancePlan,MaximumCombinedClaims,No,,,,
CHCInsurancePlan,ComboClaimsEnabled,No,,,,
CHCInsurancePlan,DaysToHoldComboClaims,No,,,,
CHCInsurancePlan,nd_auto_increment_id,No,,,,
CHCListAgriculturalWorkStatus,CHCListAgriculturalWorkStatusID,No,,,,
CHCListAgriculturalWorkStatus,Code,No,,,,
CHCListAgriculturalWorkStatus,Name,Yes,MASK,Name,,
CHCListAgriculturalWorkStatus,ListOrder,No,,,,
CHCListAgriculturalWorkStatus,Note,No,,,,
CHCListAgriculturalWorkStatus,Inactive,No,,,,
CHCListAgriculturalWorkStatus,IsDefaultField,No,,,,
CHCListAgriculturalWorkStatus,CreatedByID,No,,,,
CHCListAgriculturalWorkStatus,Created,Yes,STATIC_OFFSET,,,
CHCListAgriculturalWorkStatus,LastModifiedByID,No,,,,
CHCListAgriculturalWorkStatus,LastModified,Yes,STATIC_OFFSET,,,
CHCListAgriculturalWorkStatus,nd_auto_increment_id,No,,,,
CHCListBenefitSet,CHCListBenefitSetID,No,,,,
CHCListBenefitSet,Name,No,,,,
CHCListBenefitSet,ANSICode,No,,,,
CHCListBenefitSet,ListOrder,No,,,,
CHCListBenefitSet,Note,No,,,,
CHCListBenefitSet,Inactive,No,,,,
CHCListBenefitSet,IsDefaultField,No,,,,
CHCListBenefitSet,CreatedByID,Yes,MASK,CreatedByID,,
CHCListBenefitSet,Created,No,,,,
CHCListBenefitSet,LastModifiedByID,No,,,,
CHCListBenefitSet,LastModified,No,,,,
CHCListBenefitSet,nd_auto_increment_id,No,,,,
CHCListContractSetting,CHCListContractSettingID,No,,,,
CHCListContractSetting,Name,No,,,,
CHCListContractSetting,ListOrder,No,,,,
CHCListContractSetting,Note,No,,,,
CHCListContractSetting,Inactive,No,,,,
CHCListContractSetting,IsDefaultField,No,,,,
CHCListContractSetting,CreatedByID,Yes,MASK,CreatedByID,,
CHCListContractSetting,Created,Yes,STATIC_OFFSET,,,
CHCListContractSetting,LastModifiedByID,Yes,MASK,LastModifiedByID,,
CHCListContractSetting,LastModified,No,,,,
CHCListContractSetting,nd_auto_increment_id,No,,,,
CHCListContractSettingCategory,CHCListContractSettingCategoryID,No,,,,
CHCListContractSettingCategory,ContractSettingID,No,,,,
CHCListContractSettingCategory,PrimaryInsTypeID,No,,,,
CHCListContractSettingCategory,AddValueCodeFlag,No,,,,
CHCListContractSettingCategory,ValueCodeID,No,,,,
CHCListContractSettingCategory,Note,No,,,,
CHCListContractSettingCategory,Inactive,No,,,,
CHCListContractSettingCategory,ListOrder,No,,,,
CHCListContractSettingCategory,CreatedByID,No,,,,
CHCListContractSettingCategory,Created,Yes,STATIC_OFFSET,,,
CHCListContractSettingCategory,LastModifiedByID,No,,,,
CHCListContractSettingCategory,LastModified,No,,,,
CHCListContractSettingCategory,nd_auto_increment_id,No,,,,
CHCListContractSettingCategoryDetail,CHCListContractSettingCategoryDetailID,No,,,,
CHCListContractSettingCategoryDetail,ContractSettingCategoryID,No,,,,
CHCListContractSettingCategoryDetail,Name,No,,,,
CHCListContractSettingCategoryDetail,LocationID,No,,,,
CHCListContractSettingCategoryDetail,ProcedureMasterID,No,,,,
CHCListContractSettingCategoryDetail,ContractTypeCodeID,No,,,,
CHCListContractSettingCategoryDetail,Rate,No,,,,
CHCListContractSettingCategoryDetail,UseFeeScheduleFlag,No,,,,
CHCListContractSettingCategoryDetail,Note,No,,,,
CHCListContractSettingCategoryDetail,Inactive,No,,,,
CHCListContractSettingCategoryDetail,ListOrder,No,,,,
CHCListContractSettingCategoryDetail,CreatedByID,Yes,MASK,CreatedByID,,
CHCListContractSettingCategoryDetail,Created,Yes,STATIC_OFFSET,,,
CHCListContractSettingCategoryDetail,LastModifiedByID,No,,,,
CHCListContractSettingCategoryDetail,LastModified,No,,,,
CHCListContractSettingCategoryDetail,nd_auto_increment_id,No,,,,
CHCListContractTypeCode,CHCListContractTypeCodeID,No,,,,
CHCListContractTypeCode,Code,No,,,,
CHCListContractTypeCode,Name,No,,,,
CHCListContractTypeCode,ANSICode,No,,,,
CHCListContractTypeCode,ListOrder,No,,,,
CHCListContractTypeCode,Note,No,,,,
CHCListContractTypeCode,Inactive,No,,,,
CHCListContractTypeCode,IsDefaultField,No,,,,
CHCListContractTypeCode,CreatedByID,No,,,,
CHCListContractTypeCode,Created,No,,,,
CHCListContractTypeCode,LastModifiedByID,No,,,,
CHCListContractTypeCode,LastModified,No,,,,
CHCListContractTypeCode,nd_auto_increment_id,No,,,,
CHCListEducation,CHCListEducationID,No,,,,
CHCListEducation,Code,Yes,MASK,Code,,
CHCListEducation,Name,No,,,,
CHCListEducation,ListOrder,No,,,,
CHCListEducation,Note,Yes,GENERIC_NOTES,,,
CHCListEducation,Inactive,No,,,,
CHCListEducation,IsDefaultField,No,,,,
CHCListEducation,CreatedByID,No,,,,
CHCListEducation,Created,Yes,STATIC_OFFSET,,,
CHCListEducation,LastModifiedByID,No,,,,
CHCListEducation,LastModified,Yes,STATIC_OFFSET,,,
CHCListEducation,nd_auto_increment_id,No,,,,
CHCListEmployability,CHCListEmployabilityID,No,,,,
CHCListEmployability,Code,No,,,,
CHCListEmployability,Name,No,,,,
CHCListEmployability,ListOrder,No,,,,
CHCListEmployability,Note,No,,,,
CHCListEmployability,Inactive,No,,,,
CHCListEmployability,IsDefaultField,No,,,,
CHCListEmployability,CreatedByID,No,,,,
CHCListEmployability,Created,Yes,STATIC_OFFSET,,,
CHCListEmployability,LastModifiedByID,No,,,,
CHCListEmployability,LastModified,Yes,STATIC_OFFSET,,,
CHCListEmployability,nd_auto_increment_id,No,,,,
CHCListEthnicity,CHCListEthnicityID,No,,,,
CHCListEthnicity,Code,Yes,MASK,Code,,
CHCListEthnicity,Name,Yes,MASK,Name,,
CHCListEthnicity,ListOrder,No,,,,
CHCListEthnicity,Note,No,,,,
CHCListEthnicity,Inactive,No,,,,
CHCListEthnicity,IsDefaultField,No,,,,
CHCListEthnicity,CreatedByID,No,,,,
CHCListEthnicity,Created,Yes,STATIC_OFFSET,,,
CHCListEthnicity,LastModifiedByID,No,,,,
CHCListEthnicity,LastModified,Yes,STATIC_OFFSET,,,
CHCListEthnicity,nd_auto_increment_id,No,,,,
CHCListFPLRegion,CHCListFPLRegionID,No,,,,
CHCListFPLRegion,Code,No,,,,
CHCListFPLRegion,Name,No,,,,
CHCListFPLRegion,ListOrder,No,,,,
CHCListFPLRegion,Note,Yes,GENERIC_NOTES,,,
CHCListFPLRegion,Inactive,No,,,,
CHCListFPLRegion,IsDefaultField,No,,,,
CHCListFPLRegion,CreatedByID,No,,,,
CHCListFPLRegion,Created,Yes,STATIC_OFFSET,,,
CHCListFPLRegion,LastModifiedByID,No,,,,
CHCListFPLRegion,LastModified,Yes,STATIC_OFFSET,,,
CHCListFPLRegion,nd_auto_increment_id,No,,,,
CHCListFPLSchedule,CHCListFPLScheduleID,No,,,,
CHCListFPLSchedule,CHCListFPLRegionID,No,,,,
CHCListFPLSchedule,Code,No,,,,
CHCListFPLSchedule,Name,Yes,MASK,Name,,
CHCListFPLSchedule,ListOrder,No,,,,
CHCListFPLSchedule,Note,No,,,,
CHCListFPLSchedule,Inactive,No,,,,
CHCListFPLSchedule,ScheduleYear,No,,,,
CHCListFPLSchedule,EffectiveDate,Yes,STATIC_OFFSET,,,
CHCListFPLSchedule,BaseAmount,No,,,,
CHCListFPLSchedule,IncrementalAmount,No,,,,
CHCListFPLSchedule,CreatedByID,No,,,,
CHCListFPLSchedule,Created,Yes,STATIC_OFFSET,,,
CHCListFPLSchedule,LastModifiedByID,No,,,,
CHCListFPLSchedule,LastModified,Yes,STATIC_OFFSET,,,
CHCListFPLSchedule,BaseAmount2,No,,,,
CHCListFPLSchedule,BaseAmount3,No,,,,
CHCListFPLSchedule,BaseAmount4,No,,,,
CHCListFPLSchedule,BaseAmount5,No,,,,
CHCListFPLSchedule,BaseAmount6,Yes,MASK,BaseAmount6,,
CHCListFPLSchedule,BaseAmount7,No,,,,
CHCListFPLSchedule,BaseAmount8,No,,,,
CHCListFPLSchedule,nd_auto_increment_id,No,,,,
CHCListHomelessStatus,CHCListHomelessStatusID,No,,,,
CHCListHomelessStatus,Code,Yes,MASK,Code,,
CHCListHomelessStatus,Name,Yes,MASK,Name,,
CHCListHomelessStatus,ListOrder,No,,,,
CHCListHomelessStatus,Note,No,,,,
CHCListHomelessStatus,Inactive,No,,,,
CHCListHomelessStatus,IsDefaultField,No,,,,
CHCListHomelessStatus,CreatedByID,No,,,,
CHCListHomelessStatus,Created,Yes,STATIC_OFFSET,,,
CHCListHomelessStatus,LastModifiedByID,No,,,,
CHCListHomelessStatus,LastModified,Yes,STATIC_OFFSET,,,
CHCListHomelessStatus,nd_auto_increment_id,No,,,,
CHCListIHSCommunityofResidence,CHCListIHSCommunityofResidenceID,No,,,,
CHCListIHSCommunityofResidence,StateCode,No,,,,
CHCListIHSCommunityofResidence,StateName,No,,,,
CHCListIHSCommunityofResidence,CountyCode,No,,,,
CHCListIHSCommunityofResidence,CountyName,Yes,MASK,CountyName,,
CHCListIHSCommunityofResidence,CommunityCode,Yes,MASK,CommunityCode,,
CHCListIHSCommunityofResidence,CommunityName,Yes,MASK,CommunityName,,
CHCListIHSCommunityofResidence,Area,No,,,,
CHCListIHSCommunityofResidence,SU,Yes,MASK,SU,,
CHCListIHSCommunityofResidence,Inactive,No,,,,
CHCListIHSCommunityofResidence,CreatedByID,No,,,,
CHCListIHSCommunityofResidence,Created,Yes,STATIC_OFFSET,,,
CHCListIHSCommunityofResidence,LastModifiedByID,No,,,,
CHCListIHSCommunityofResidence,LastModified,Yes,STATIC_OFFSET,,,
CHCListIHSCommunityofResidence,nd_auto_increment_id,No,,,,
CHCListIHSDescendant,CHCListIHSDescendantID,No,,,,
CHCListIHSDescendant,Code,No,,,,
CHCListIHSDescendant,Name,Yes,MASK,Name,,
CHCListIHSDescendant,ListOrder,No,,,,
CHCListIHSDescendant,Note,No,,,,
CHCListIHSDescendant,Inactive,No,,,,
CHCListIHSDescendant,IsDefaultField,No,,,,
CHCListIHSDescendant,CreatedByID,No,,,,
CHCListIHSDescendant,Created,Yes,STATIC_OFFSET,,,
CHCListIHSDescendant,LastModifiedByID,No,,,,
CHCListIHSDescendant,LastModified,Yes,STATIC_OFFSET,,,
CHCListIHSDescendant,nd_auto_increment_id,No,,,,
CHCListIHSIndianBloodQuantum,CHCListIHSIndianBloodQuantumID,No,,,,
CHCListIHSIndianBloodQuantum,Code,No,,,,
CHCListIHSIndianBloodQuantum,Name,Yes,MASK,Name,,
CHCListIHSIndianBloodQuantum,ListOrder,No,,,,
CHCListIHSIndianBloodQuantum,Note,No,,,,
CHCListIHSIndianBloodQuantum,Inactive,No,,,,
CHCListIHSIndianBloodQuantum,IsDefaultField,No,,,,
CHCListIHSIndianBloodQuantum,CreatedByID,No,,,,
CHCListIHSIndianBloodQuantum,Created,Yes,STATIC_OFFSET,,,
CHCListIHSIndianBloodQuantum,LastModifiedByID,No,,,,
CHCListIHSIndianBloodQuantum,LastModified,Yes,STATIC_OFFSET,,,
CHCListIHSIndianBloodQuantum,nd_auto_increment_id,No,,,,
CHCListIHSPatientClassification,CHCListIHSPatientClassificationID,No,,,,
CHCListIHSPatientClassification,Code,No,,,,
CHCListIHSPatientClassification,Name,Yes,MASK,Name,,
CHCListIHSPatientClassification,ListOrder,No,,,,
CHCListIHSPatientClassification,Note,No,,,,
CHCListIHSPatientClassification,Inactive,No,,,,
CHCListIHSPatientClassification,IsDefaultField,No,,,,
CHCListIHSPatientClassification,CreatedByID,No,,,,
CHCListIHSPatientClassification,Created,Yes,STATIC_OFFSET,,,
CHCListIHSPatientClassification,LastModifiedByID,No,,,,
CHCListIHSPatientClassification,LastModified,Yes,STATIC_OFFSET,,,
CHCListIHSPatientClassification,nd_auto_increment_id,No,,,,
CHCListIHSRelationship,CHCListIHSRelationshipID,No,,,,
CHCListIHSRelationship,Code,No,,,,
CHCListIHSRelationship,Name,Yes,MASK,Name,,
CHCListIHSRelationship,ListOrder,No,,,,
CHCListIHSRelationship,Note,No,,,,
CHCListIHSRelationship,Inactive,No,,,,
CHCListIHSRelationship,IsDefaultField,No,,,,
CHCListIHSRelationship,CreatedByID,Yes,MASK,CreatedByID,,
CHCListIHSRelationship,Created,Yes,STATIC_OFFSET,,,
CHCListIHSRelationship,LastModifiedByID,No,,,,
CHCListIHSRelationship,LastModified,Yes,STATIC_OFFSET,,,
CHCListIHSRelationship,nd_auto_increment_id,No,,,,
CHCListIHSTribalAffiliation,CHCListIHSTribalAffiliationID,No,,,,
CHCListIHSTribalAffiliation,Code,Yes,MASK,Code,,
CHCListIHSTribalAffiliation,Name,Yes,MASK,Name,,
CHCListIHSTribalAffiliation,ListOrder,No,,,,
CHCListIHSTribalAffiliation,Class,No,,,,
CHCListIHSTribalAffiliation,Status,No,,,,
CHCListIHSTribalAffiliation,Note,No,,,,
CHCListIHSTribalAffiliation,Inactive,No,,,,
CHCListIHSTribalAffiliation,CreatedByID,No,,,,
CHCListIHSTribalAffiliation,Created,Yes,STATIC_OFFSET,,,
CHCListIHSTribalAffiliation,LastModifiedByID,No,,,,
CHCListIHSTribalAffiliation,LastModified,Yes,STATIC_OFFSET,,,
CHCListIHSTribalAffiliation,nd_auto_increment_id,No,,,,
CHCListIHSTribalEligibilityStatus,CHCListIHSTribalEligibilityStatusID,No,,,,
CHCListIHSTribalEligibilityStatus,Code,No,,,,
CHCListIHSTribalEligibilityStatus,Name,No,,,,
CHCListIHSTribalEligibilityStatus,ListOrder,No,,,,
CHCListIHSTribalEligibilityStatus,Note,No,,,,
CHCListIHSTribalEligibilityStatus,Inactive,No,,,,
CHCListIHSTribalEligibilityStatus,IsDefaultField,No,,,,
CHCListIHSTribalEligibilityStatus,CreatedByID,Yes,MASK,CreatedByID,,
CHCListIHSTribalEligibilityStatus,Created,Yes,STATIC_OFFSET,,,
CHCListIHSTribalEligibilityStatus,LastModifiedByID,No,,,,
CHCListIHSTribalEligibilityStatus,LastModified,Yes,STATIC_OFFSET,,,
CHCListIHSTribalEligibilityStatus,nd_auto_increment_id,No,,,,
CHCListLivingArrangement,CHCListLivingArrangementID,No,,,,
CHCListLivingArrangement,Code,Yes,MASK,Code,,
CHCListLivingArrangement,Name,Yes,MASK,Name,,
CHCListLivingArrangement,ListOrder,No,,,,
CHCListLivingArrangement,Note,No,,,,
CHCListLivingArrangement,Inactive,No,,,,
CHCListLivingArrangement,IsDefaultField,No,,,,
CHCListLivingArrangement,CreatedByID,No,,,,
CHCListLivingArrangement,Created,Yes,STATIC_OFFSET,,,
CHCListLivingArrangement,LastModifiedByID,No,,,,
CHCListLivingArrangement,LastModified,Yes,STATIC_OFFSET,,,
CHCListLivingArrangement,nd_auto_increment_id,No,,,,
CHCListMissingInfoFlds,CHCListMissingInfoFldsID,No,,,,
CHCListMissingInfoFlds,FieldName,No,,,,
CHCListMissingInfoFlds,FieldType,No,,,,
CHCListMissingInfoFlds,GenericName,No,,,,
CHCListMissingInfoFlds,SrcTbl,No,,,,
CHCListMissingInfoFlds,SrcTblAlias,No,,,,
CHCListMissingInfoFlds,SrcIDFld,No,,,,
CHCListMissingInfoFlds,LkupTbl,No,,,,
CHCListMissingInfoFlds,LkupTblAlias,No,,,,
CHCListMissingInfoFlds,LkupIDFld,No,,,,
CHCListMissingInfoFlds,LkupDsp,No,,,,
CHCListMissingInfoFlds,LkupDsp2,No,,,,
CHCListMissingInfoFlds,LkupDsp3,No,,,,
CHCListMissingInfoFlds,Inactive,No,,,,
CHCListMissingInfoFlds,CreatedByID,No,,,,
CHCListMissingInfoFlds,Created,No,,,,
CHCListMissingInfoFlds,LastModifiedByID,No,,,,
CHCListMissingInfoFlds,LastModified,No,,,,
CHCListMissingInfoFlds,nd_auto_increment_id,No,,,,
CHCListOralCavityDesignation,CHCListOralCavityDesignationID,No,,,,
CHCListOralCavityDesignation,Name,No,,,,
CHCListOralCavityDesignation,ANSICode,No,,,,
CHCListOralCavityDesignation,ListOrder,No,,,,
CHCListOralCavityDesignation,Note,No,,,,
CHCListOralCavityDesignation,Inactive,No,,,,
CHCListOralCavityDesignation,CreatedByID,No,,,,
CHCListOralCavityDesignation,Created,Yes,STATIC_OFFSET,,,
CHCListOralCavityDesignation,LastModifiedByID,No,,,,
CHCListOralCavityDesignation,LastModified,Yes,STATIC_OFFSET,,,
CHCListOralCavityDesignation,nd_auto_increment_id,No,,,,
CHCListPayorPlanSet,CHCListPayorPlanSetID,No,,,,
CHCListPayorPlanSet,Code,No,,,,
CHCListPayorPlanSet,Name,No,,,,
CHCListPayorPlanSet,AutoAdjustFlag,No,,,,
CHCListPayorPlanSet,ChargeAllowedFlag,No,,,,
CHCListPayorPlanSet,ListOrder,No,,,,
CHCListPayorPlanSet,Note,No,,,,
CHCListPayorPlanSet,Inactive,No,,,,
CHCListPayorPlanSet,CreatedByID,Yes,MASK,CreatedByID,,
CHCListPayorPlanSet,Created,Yes,STATIC_OFFSET,,,
CHCListPayorPlanSet,LastModifiedByID,No,,,,
CHCListPayorPlanSet,LastModified,Yes,STATIC_OFFSET,,,
CHCListPayorPlanSet,nd_auto_increment_id,No,,,,
CHCListPayorPlanSetRange,CHCListPayorPlanSetRangeID,No,,,,
CHCListPayorPlanSetRange,PayorPlanSetID,No,,,,
CHCListPayorPlanSetRange,Code,No,,,,
CHCListPayorPlanSetRange,Name,No,,,,
CHCListPayorPlanSetRange,RangeType,No,,,,
CHCListPayorPlanSetRange,FrProcedureMasterID,No,,,,
CHCListPayorPlanSetRange,ToProcedureMasterID,No,,,,
CHCListPayorPlanSetRange,FrRevenueGroupID,No,,,,
CHCListPayorPlanSetRange,ToRevenueGroupID,No,,,,
CHCListPayorPlanSetRange,PayorPlanTypeID,No,,,,
CHCListPayorPlanSetRange,Minimum,No,,,,
CHCListPayorPlanSetRange,Maximum,No,,,,
CHCListPayorPlanSetRange,StopLoss,No,,,,
CHCListPayorPlanSetRange,Pct,No,,,,
CHCListPayorPlanSetRange,MinVsPct,No,,,,
CHCListPayorPlanSetRange,EachFlag,No,,,,
CHCListPayorPlanSetRange,AggPayorPlanTypeFlag,No,,,,
CHCListPayorPlanSetRange,Note,No,,,,
CHCListPayorPlanSetRange,Inactive,No,,,,
CHCListPayorPlanSetRange,IsUserDefined,No,,,,
CHCListPayorPlanSetRange,CreatedByID,No,,,,
CHCListPayorPlanSetRange,Created,Yes,STATIC_OFFSET,,,
CHCListPayorPlanSetRange,LastModifiedByID,No,,,,
CHCListPayorPlanSetRange,LastModified,No,,,,
CHCListPayorPlanSetRange,nd_auto_increment_id,No,,,,
CHCListPayorPlanType,CHCListPayorPlanTypeID,No,,,,
CHCListPayorPlanType,Code,No,,,,
CHCListPayorPlanType,Name,No,,,,
CHCListPayorPlanType,InsurancePercent,No,,,,
CHCListPayorPlanType,PatientCopayAmount,No,,,,
CHCListPayorPlanType,ListOrder,No,,,,
CHCListPayorPlanType,Note,No,,,,
CHCListPayorPlanType,Inactive,No,,,,
CHCListPayorPlanType,IsDefaultField,No,,,,
CHCListPayorPlanType,CreatedByID,No,,,,
CHCListPayorPlanType,Created,Yes,STATIC_OFFSET,,,
CHCListPayorPlanType,LastModifiedByID,No,,,,
CHCListPayorPlanType,LastModified,No,,,,
CHCListPayorPlanType,nd_auto_increment_id,No,,,,
CHCListPrimaryInsType,CHCListPrimaryInsTypeID,No,,,,
CHCListPrimaryInsType,Name,Yes,MASK,Name,,
CHCListPrimaryInsType,ListOrder,No,,,,
CHCListPrimaryInsType,Note,No,,,,
CHCListPrimaryInsType,Inactive,No,,,,
CHCListPrimaryInsType,IsDefaultField,No,,,,
CHCListPrimaryInsType,CreatedByID,No,,,,
CHCListPrimaryInsType,Created,Yes,STATIC_OFFSET,,,
CHCListPrimaryInsType,LastModifiedByID,No,,,,
CHCListPrimaryInsType,LastModified,Yes,STATIC_OFFSET,,,
CHCListPrimaryInsType,nd_auto_increment_id,No,,,,
CHCListPriorMedical,CHCListPriorMedicalID,No,,,,
CHCListPriorMedical,Code,No,,,,
CHCListPriorMedical,Name,Yes,MASK,Name,,
CHCListPriorMedical,ListOrder,No,,,,
CHCListPriorMedical,Note,No,,,,
CHCListPriorMedical,Inactive,No,,,,
CHCListPriorMedical,IsDefaultField,No,,,,
CHCListPriorMedical,CreatedByID,No,,,,
CHCListPriorMedical,Created,Yes,STATIC_OFFSET,,,
CHCListPriorMedical,LastModifiedByID,No,,,,
CHCListPriorMedical,LastModified,Yes,STATIC_OFFSET,,,
CHCListPriorMedical,nd_auto_increment_id,No,,,,
CHCListProcedureCodeType,CHCListProcedureCodeTypeID,No,,,,
CHCListProcedureCodeType,Code,No,,,,
CHCListProcedureCodeType,Name,No,,,,
CHCListProcedureCodeType,ANSICode,No,,,,
CHCListProcedureCodeType,ListOrder,No,,,,
CHCListProcedureCodeType,Note,No,,,,
CHCListProcedureCodeType,Inactive,No,,,,
CHCListProcedureCodeType,IsDefaultField,No,,,,
CHCListProcedureCodeType,CreatedByID,No,,,,
CHCListProcedureCodeType,Created,Yes,STATIC_OFFSET,,,
CHCListProcedureCodeType,LastModifiedByID,No,,,,
CHCListProcedureCodeType,LastModified,Yes,STATIC_OFFSET,,,
CHCListProcedureCodeType,nd_auto_increment_id,No,,,,
CHCListProcedureNoteType,CHCListProcedureNoteTypeID,No,,,,
CHCListProcedureNoteType,Code,No,,,,
CHCListProcedureNoteType,Name,No,,,,
CHCListProcedureNoteType,ANSICode,No,,,,
CHCListProcedureNoteType,ListOrder,No,,,,
CHCListProcedureNoteType,Note,No,,,,
CHCListProcedureNoteType,Inactive,No,,,,
CHCListProcedureNoteType,IsDefaultField,No,,,,
CHCListProcedureNoteType,CreatedByID,No,,,,
CHCListProcedureNoteType,Created,Yes,STATIC_OFFSET,,,
CHCListProcedureNoteType,LastModifiedByID,No,,,,
CHCListProcedureNoteType,LastModified,Yes,STATIC_OFFSET,,,
CHCListProcedureNoteType,nd_auto_increment_id,No,,,,
CHCListReferralSource,CHCListReferralSourceID,No,,,,
CHCListReferralSource,Code,No,,,,
CHCListReferralSource,Name,Yes,MASK,Name,,
CHCListReferralSource,ListOrder,No,,,,
CHCListReferralSource,Note,No,,,,
CHCListReferralSource,Inactive,No,,,,
CHCListReferralSource,IsDefaultField,No,,,,
CHCListReferralSource,CreatedByID,No,,,,
CHCListReferralSource,Created,Yes,STATIC_OFFSET,,,
CHCListReferralSource,LastModifiedByID,No,,,,
CHCListReferralSource,LastModified,Yes,STATIC_OFFSET,,,
CHCListReferralSource,nd_auto_increment_id,No,,,,
CHCListRevenueGroup,CHCListRevenueGroupID,No,,,,
CHCListRevenueGroup,Code,No,,,,
CHCListRevenueGroup,Name,No,,,,
CHCListRevenueGroup,ListOrder,No,,,,
CHCListRevenueGroup,Note,No,,,,
CHCListRevenueGroup,Inactive,No,,,,
CHCListRevenueGroup,IsDefaultField,No,,,,
CHCListRevenueGroup,CreatedByID,No,,,,
CHCListRevenueGroup,Created,Yes,STATIC_OFFSET,,,
CHCListRevenueGroup,LastModifiedByID,No,,,,
CHCListRevenueGroup,LastModified,No,,,,
CHCListRevenueGroup,nd_auto_increment_id,No,,,,
CHCListSFFormOfDeclaration,CHCListSFFormOfDeclarationID,No,,,,
CHCListSFFormOfDeclaration,Code,No,,,,
CHCListSFFormOfDeclaration,Name,No,,,,
CHCListSFFormOfDeclaration,ListOrder,No,,,,
CHCListSFFormOfDeclaration,Note,No,,,,
CHCListSFFormOfDeclaration,Inactive,No,,,,
CHCListSFFormOfDeclaration,IsDefaultField,No,,,,
CHCListSFFormOfDeclaration,CreatedByID,No,,,,
CHCListSFFormOfDeclaration,Created,Yes,STATIC_OFFSET,,,
CHCListSFFormOfDeclaration,LastModifiedByID,Yes,MASK,LastModifiedByID,,
CHCListSFFormOfDeclaration,LastModified,Yes,STATIC_OFFSET,,,
CHCListSFFormOfDeclaration,nd_auto_increment_id,No,,,,
CHCListSFHouseholdIncomeSource,CHCListSFHouseholdIncomeSourceID,No,,,,
CHCListSFHouseholdIncomeSource,Code,No,,,,
CHCListSFHouseholdIncomeSource,Name,Yes,MASK,Name,,
CHCListSFHouseholdIncomeSource,ListOrder,No,,,,
CHCListSFHouseholdIncomeSource,Note,No,,,,
CHCListSFHouseholdIncomeSource,Inactive,No,,,,
CHCListSFHouseholdIncomeSource,IsDefaultField,No,,,,
CHCListSFHouseholdIncomeSource,CreatedByID,No,,,,
CHCListSFHouseholdIncomeSource,Created,Yes,STATIC_OFFSET,,,
CHCListSFHouseholdIncomeSource,LastModifiedByID,No,,,,
CHCListSFHouseholdIncomeSource,LastModified,Yes,STATIC_OFFSET,,,
CHCListSFHouseholdIncomeSource,nd_auto_increment_id,No,,,,
CHCListSFSchedule,CHCListSFScheduleID,No,,,,
CHCListSFSchedule,Code,No,,,,
CHCListSFSchedule,Name,No,,,,
CHCListSFSchedule,ListOrder,No,,,,
CHCListSFSchedule,Notes,No,,,,
CHCListSFSchedule,Inactive,No,,,,
CHCListSFSchedule,IsDefaultField,No,,,,
CHCListSFSchedule,CreatedByID,No,,,,
CHCListSFSchedule,Created,Yes,STATIC_OFFSET,,,
CHCListSFSchedule,LastModifiedByID,Yes,MASK,LastModifiedByID,,
CHCListSFSchedule,LastModified,No,,,,
CHCListSFSchedule,nd_auto_increment_id,No,,,,
CHCListSFScheduleDetail,CHCListSFScheduleDetailID,No,,,,
CHCListSFScheduleDetail,CHCListSFScheduleID,No,,,,
CHCListSFScheduleDetail,Code,No,,,,
CHCListSFScheduleDetail,Name,No,,,,
CHCListSFScheduleDetail,PovertyPercent,No,,,,
CHCListSFScheduleDetail,PayorPlanSetID,No,,,,
CHCListSFScheduleDetail,UseAsDefaultFlag,No,,,,
CHCListSFScheduleDetail,Note,No,,,,
CHCListSFScheduleDetail,Inactive,No,,,,
CHCListSFScheduleDetail,CreatedByID,Yes,MASK,CreatedByID,,
CHCListSFScheduleDetail,Created,Yes,STATIC_OFFSET,,,
CHCListSFScheduleDetail,LastModifiedByID,No,,,,
CHCListSFScheduleDetail,LastModified,No,,,,
CHCListSFScheduleDetail,nd_auto_increment_id,No,,,,
CHCListStatementFormat,CHCListStatementFormatID,No,,,,
CHCListStatementFormat,StatementFormatName,Yes,MASK,StatementFormatName,,
CHCListStatementFormat,TemplateMappingID,No,,,,
CHCListStatementFormat,ListOrder,No,,,,
CHCListStatementFormat,Inactive,No,,,,
CHCListStatementFormat,nd_auto_increment_id,No,,,,
CHCListToothStatus,CHCListToothStatusID,No,,,,
CHCListToothStatus,Name,No,,,,
CHCListToothStatus,ANSICode,No,,,,
CHCListToothStatus,ListOrder,No,,,,
CHCListToothStatus,Note,No,,,,
CHCListToothStatus,Inactive,No,,,,
CHCListToothStatus,IsDefaultField,No,,,,
CHCListToothStatus,CreatedByID,No,,,,
CHCListToothStatus,Created,Yes,STATIC_OFFSET,,,
CHCListToothStatus,LastModifiedByID,No,,,,
CHCListToothStatus,LastModified,Yes,STATIC_OFFSET,,,
CHCListToothStatus,nd_auto_increment_id,No,,,,
CHCListToothSurface,CHCListToothSurfaceID,No,,,,
CHCListToothSurface,Name,No,,,,
CHCListToothSurface,ANSICode,No,,,,
CHCListToothSurface,ListOrder,No,,,,
CHCListToothSurface,Note,No,,,,
CHCListToothSurface,Inactive,No,,,,
CHCListToothSurface,CreatedByID,No,,,,
CHCListToothSurface,Created,Yes,STATIC_OFFSET,,,
CHCListToothSurface,LastModifiedByID,No,,,,
CHCListToothSurface,LastModified,Yes,STATIC_OFFSET,,,
CHCListToothSurface,nd_auto_increment_id,No,,,,
CHCListVeteranStatus,CHCListVeteranStatusID,No,,,,
CHCListVeteranStatus,Code,Yes,MASK,Code,,
CHCListVeteranStatus,Name,Yes,MASK,Name,,
CHCListVeteranStatus,ListOrder,No,,,,
CHCListVeteranStatus,Notes,No,,,,
CHCListVeteranStatus,Inactive,No,,,,
CHCListVeteranStatus,IsDefaultField,No,,,,
CHCListVeteranStatus,CreatedByID,No,,,,
CHCListVeteranStatus,Created,Yes,STATIC_OFFSET,,,
CHCListVeteranStatus,LastModifiedByID,No,,,,
CHCListVeteranStatus,LastModified,Yes,STATIC_OFFSET,,,
CHCListVeteranStatus,nd_auto_increment_id,No,,,,
CHCLogon,LogonID,No,,,,
CHCLogon,Logon,No,,,,
CHCLogon,password,Yes,MASK,password,,
CHCLogon,Customer_ID,No,,,,
CHCLogon,nd_auto_increment_id,No,,,,
CHCLookupList,LookupTableID,No,,,,
CHCLookupList,TableName,No,,,,
CHCLookupList,HeadingName,No,,,,
CHCLookupList,ReadOnlyFlag,No,,,,
CHCLookupList,AppendOnlyFlag,No,,,,
CHCLookupList,GeneratorIDName,No,,,,
CHCLookupList,IsTableLocked,No,,,,
CHCLookupList,TableLockedUserID,No,,,,
CHCLookupList,UsesStandardFormat,No,,,,
CHCLookupList,Description,No,,,,
CHCLookupList,CHC,No,,,,
CHCLookupList,nd_auto_increment_id,No,,,,
CHCLookupListField,CHCLookupListFieldID,No,,,,
CHCLookupListField,CHCLookupListID,No,,,,
CHCLookupListField,DisplayOrder,No,,,,
CHCLookupListField,DisplayName,No,,,,
CHCLookupListField,ColumnName,No,,,,
CHCLookupListField,Type,No,,,,
CHCLookupListField,ReadOnly,No,,,,
CHCLookupListField,PrimaryKey,No,,,,
CHCLookupListField,AllowFilter,No,,,,
CHCLookupListField,Validator,No,,,,
CHCLookupListField,ValueHandler,No,,,,
CHCLookupListField,OptionalParameters,No,,,,
CHCLookupListField,Active,No,,,,
CHCLookupListField,MaxLn,No,,,,
CHCLookupListField,nd_auto_increment_id,No,,,,
CHCLoop,Loop_ID,No,,,,
CHCLoop,Loop,No,,,,
CHCLoop,Loop_Order,No,,,,
CHCLoop,Is5010,No,,,,
CHCLoop,nd_auto_increment_id,No,,,,
CHCLoop270,Loop_ID,No,,,,
CHCLoop270,Loop,No,,,,
CHCLoop270,Loop_Order,No,,,,
CHCLoop270,nd_auto_increment_id,No,,,,
CHCMap_File_Detail,Map_Details_ID,No,,,,
CHCMap_File_Detail,Map_ID,No,,,,
CHCMap_File_Detail,Loop_ID,No,,,,
CHCMap_File_Detail,Segment_ID,No,,,,
CHCMap_File_Detail,OrderField,No,,,,
CHCMap_File_Detail,Area,No,,,,
CHCMap_File_Detail,Loop,No,,,,
CHCMap_File_Detail,Parent,No,,,,
CHCMap_File_Detail,Position,No,,,,
CHCMap_File_Detail,Segment,No,,,,
CHCMap_File_Detail,Segment_Description,Yes,MASK,Segment_Description,,
CHCMap_File_Detail,Element,No,,,,
CHCMap_File_Detail,Element_Description,Yes,MASK,Element_Description,,
CHCMap_File_Detail,Location_Hint,Yes,MASK,Location_Hint,,
CHCMap_File_Detail,Field_Type,Yes,MASK,Field_Type,,
CHCMap_File_Detail,Field_Length,No,,,,
CHCMap_File_Detail,Field_Value,No,,,,
CHCMap_File_Detail,Procedure_Name,No,,,,
CHCMap_File_Detail,Breaks,Yes,MASK,Breaks,,
CHCMap_File_Detail,Loop_Condition,No,,,,
CHCMap_File_Detail,Segment_Condition,No,,,,
CHCMap_File_Detail,Counter,No,,,,
CHCMap_File_Detail,Notes,Yes,NOTES,,,
CHCMap_File_Detail,Usage,No,,,,
CHCMap_File_Detail,Repeat,No,,,,
CHCMap_File_Detail,Loop_Repeat,No,,,,
CHCMap_File_Detail,Identification,No,,,,
CHCMap_File_Detail,Action,No,,,,
CHCMap_File_Detail,Segment_Notes,Yes,NOTES,,,
CHCMap_File_Detail,Loop_Notes,Yes,NOTES,,,
CHCMap_File_Detail,Loop_Update,Yes,DATE_OFFSET,,,
CHCMap_File_Detail,Segment_Update,Yes,DATE_OFFSET,,,
CHCMap_File_Detail,Element_Update,Yes,DATE_OFFSET,,,
CHCMap_File_Detail,Active,No,,,,
CHCMap_File_Detail,nd_auto_increment_id,No,,,,
CHCMap_File_Detail270,Map_Details_ID,No,,,,
CHCMap_File_Detail270,Map_ID,No,,,,
CHCMap_File_Detail270,Loop_ID,No,,,,
CHCMap_File_Detail270,Segment_ID,No,,,,
CHCMap_File_Detail270,OrderField,No,,,,
CHCMap_File_Detail270,Area,No,,,,
CHCMap_File_Detail270,Loop,No,,,,
CHCMap_File_Detail270,Parent,No,,,,
CHCMap_File_Detail270,Position,No,,,,
CHCMap_File_Detail270,Segment,No,,,,
CHCMap_File_Detail270,Segment_Description,No,,,,
CHCMap_File_Detail270,Element,No,,,,
CHCMap_File_Detail270,Element_Description,Yes,MASK,Element_Description,,
CHCMap_File_Detail270,Location_Hint,No,,,,
CHCMap_File_Detail270,Field_Type,No,,,,
CHCMap_File_Detail270,Field_Length,No,,,,
CHCMap_File_Detail270,Field_Value,Yes,MASK,Field_Value,,
CHCMap_File_Detail270,Procedure_Name,No,,,,
CHCMap_File_Detail270,Breaks,No,,,,
CHCMap_File_Detail270,Loop_Condition,No,,,,
CHCMap_File_Detail270,Segment_Condition,No,,,,
CHCMap_File_Detail270,Counter,No,,,,
CHCMap_File_Detail270,Notes,Yes,GENERIC_NOTES,,,
CHCMap_File_Detail270,Usage,No,,,,
CHCMap_File_Detail270,Repeat,No,,,,
CHCMap_File_Detail270,Loop_Repeat,No,,,,
CHCMap_File_Detail270,Identification,No,,,,
CHCMap_File_Detail270,Action,No,,,,
CHCMap_File_Detail270,Segment_Notes,No,,,,
CHCMap_File_Detail270,Loop_Notes,No,,,,
CHCMap_File_Detail270,Loop_Update,Yes,STATIC_OFFSET,,,
CHCMap_File_Detail270,Segment_Update,Yes,STATIC_OFFSET,,,
CHCMap_File_Detail270,Element_Update,Yes,STATIC_OFFSET,,,
CHCMap_File_Detail270,nd_auto_increment_id,No,,,,
CHCMap_Files,Map_ID,No,,,,
CHCMap_Files,clearinghouse_id,Yes,MASK,clearinghouse_id,,
CHCMap_Files,Map_Name,No,,,,
CHCMap_Files,Map_Description,No,,,,
CHCMap_Files,Primary_File,No,,,,
CHCMap_Files,Secondary_File,No,,,,
CHCMap_Files,Payer_Specific,No,,,,
CHCMap_Files,Parent_Map_ID,No,,,,
CHCMap_Files,Base_File,No,,,,
CHCMap_Files,Is5010,No,,,,
CHCMap_Files,SiteOverrideP,No,,,,
CHCMap_Files,SiteOverrideI,No,,,,
CHCMap_Files,SiteOverrideD,No,,,,
CHCMap_Files,nd_auto_increment_id,No,,,,
CHCMap_Files_Data,Map_ID,No,,,,
CHCMap_Files_Data,Map_Name,No,,,,
CHCMap_Files_Data,Map_Description,No,,,,
CHCMap_Files_Data,Primary_File,No,,,,
CHCMap_Files_Data,Payer_Specific,No,,,,
CHCMap_Files_Data,Parent_Map_ID,No,,,,
CHCMap_Files_Data,nd_auto_increment_id,No,,,,
CHCMap_Files1500,Map_ID,No,,,,
CHCMap_Files1500,clearinghouse_id,No,,,,
CHCMap_Files1500,Map_Name,No,,,,
CHCMap_Files1500,Map_Description,No,,,,
CHCMap_Files1500,Base_File,No,,,,
CHCMap_Files1500,nd_auto_increment_id,No,,,,
CHCMap_Files1500_Detail,Detail_ID,No,,,,
CHCMap_Files1500_Detail,Map_ID,No,,,,
CHCMap_Files1500_Detail,Field_ID,No,,,,
CHCMap_Files1500_Detail,Field_Value,No,,,,
CHCMap_Files1500_Detail,Field_Notes,No,,,,
CHCMap_Files1500_Detail,ElementUpdate,No,,,,
CHCMap_Files1500_Detail,nd_auto_increment_id,No,,,,
CHCMap_Files1500_Field,Field_ID,No,,,,
CHCMap_Files1500_Field,Field_Name,Yes,MASK,Field_Name,,
CHCMap_Files1500_Field,Field_Description,Yes,MASK,Field_Description,,
CHCMap_Files1500_Field,IsEditable,No,,,,
CHCMap_Files1500_Field,nd_auto_increment_id,No,,,,
CHCMap_Files270,Map_ID,No,,,,
CHCMap_Files270,clearinghouse_id,No,,,,
CHCMap_Files270,Map_Name,No,,,,
CHCMap_Files270,Map_Description,No,,,,
CHCMap_Files270,Primary_File,No,,,,
CHCMap_Files270,Secondary_File,No,,,,
CHCMap_Files270,Payer_Specific,No,,,,
CHCMap_Files270,Parent_Map_ID,No,,,,
CHCMap_Files270,Base_File,No,,,,
CHCMap_Files270,nd_auto_increment_id,No,,,,
CHCMasterID,IDValue,No,,,,
CHCMasterID,IDName,No,,,,
CHCMasterID,nd_auto_increment_id,No,,,,
CHCMissingInfoFldsMaster,CHCMissingInfoFldsMasterID,No,,,,
CHCMissingInfoFldsMaster,CHCListMissingInfoFldsID,No,,,,
CHCMissingInfoFldsMaster,CreatedByID,No,,,,
CHCMissingInfoFldsMaster,Created,Yes,STATIC_OFFSET,,,
CHCMissingInfoFldsMaster,LastModifiedByID,Yes,MASK,LastModifiedByID,,
CHCMissingInfoFldsMaster,LastModified,No,,,,
CHCMissingInfoFldsMaster,nd_auto_increment_id,No,,,,
CHCPatient,PatientID,Yes,PATIENT_ID,,,
CHCPatient,ConfidentialVisit,No,,,,
CHCPatient,BillingNote,No,,,,
CHCPatient,AlertNote,Yes,GENERIC_NOTES,,,
CHCPatient,AppointmentNote,No,,,,
CHCPatient,CreatedByID,No,,,,
CHCPatient,Created,Yes,STATIC_OFFSET,,,
CHCPatient,LastModifiedByID,No,,,,
CHCPatient,LastModified,No,,,,
CHCPatient,nd_auto_increment_id,No,,,,
CHCPatientHistory,UserID,No,,,,
CHCPatientHistory,EffectiveStartDate,Yes,STATIC_OFFSET,,,
CHCPatientHistory,EffectiveEndDate,No,,,,
CHCPatientHistory,PatientID,Yes,PATIENT_ID,,,
CHCPatientHistory,ConfidentialVisit,No,,,,
CHCPatientHistory,BillingNote,No,,,,
CHCPatientHistory,AlertNote,No,,,,
CHCPatientHistory,AppointmentNote,No,,,,
CHCPatientHistory,CreatedByID,No,,,,
CHCPatientHistory,Created,Yes,STATIC_OFFSET,,,
CHCPatientHistory,LastModifiedByID,No,,,,
CHCPatientHistory,LastModified,No,,,,
CHCPatientHistory,nd_auto_increment_id,No,,,,
CHCPersonEmployers,PersonEmployerID,No,,,,
CHCPersonEmployers,PersonID,No,,,,
CHCPersonEmployers,EmployerID,No,,,,
CHCPersonEmployers,EmployabilityID,No,,,,
CHCPersonEmployers,CreatedByID,No,,,,
CHCPersonEmployers,Created,Yes,STATIC_OFFSET,,,
CHCPersonEmployers,LastModifiedByID,No,,,,
CHCPersonEmployers,LastModified,No,,,,
CHCPersonEmployers,nd_auto_increment_id,No,,,,
CHCPersonHistory,UserID,No,,,,
CHCPersonHistory,EffectiveStartDate,No,,,,
CHCPersonHistory,EffectiveEndDate,No,,,,
CHCPersonHistory,PersonID,No,,,,
CHCPersonHistory,SFNotFedQualFlag,No,,,,
CHCPersonHistory,SFRefusedToProvideInfoFlag,No,,,,
CHCPersonHistory,SFUseClassFlag,No,,,,
CHCPersonHistory,SFFamilySize,No,,,,
CHCPersonHistory,SFMonthlyIncome,No,,,,
CHCPersonHistory,SFNoIncomeFlag,No,,,,
CHCPersonHistory,SFInsuranceID,Yes,MASK,SFInsuranceID,,
CHCPersonHistory,SFScheduleDetailID,No,,,,
CHCPersonHistory,SFFormOfDeclarationID,No,,,,
CHCPersonHistory,SFEffectiveDte,No,,,,
CHCPersonHistory,SFHouseholdIncomeSourceID,No,,,,
CHCPersonHistory,SFNote,No,,,,
CHCPersonHistory,DateOfBirthEstimatedFlag,No,,,,
CHCPersonHistory,RequiresTranslationFlag,No,,,,
CHCPersonHistory,PayorPlanSetID,No,,,,
CHCPersonHistory,EthnicitySubID,No,,,,
CHCPersonHistory,ReferralSourceID,No,,,,
CHCPersonHistory,VeteranStatusID,No,,,,
CHCPersonHistory,AgriculturalWorkStatusID,No,,,,
CHCPersonHistory,PriorMedicalID,No,,,,
CHCPersonHistory,EducationID,No,,,,
CHCPersonHistory,MedicalRecordNum,No,,,,
CHCPersonHistory,LivingArrangementID,No,,,,
CHCPersonHistory,HomelessFlag,No,,,,
CHCPersonHistory,HomelessEffectiveDate,No,,,,
CHCPersonHistory,HomelessStatusID,No,,,,
CHCPersonHistory,HomelessNote,Yes,GENERIC_NOTES,,,
CHCPersonHistory,PrimaryPhone_CallCriteria,No,,,,
CHCPersonHistory,PrimaryWorkPhone_CallCriteria,Yes,MASK,PrimaryWorkPhone_CallCriteria,,
CHCPersonHistory,CellPhone1_CallCriteria,No,,,,
CHCPersonHistory,CellPhone2_CallCriteria,No,,,,
CHCPersonHistory,EMail1_OkToSend,No,,,,
CHCPersonHistory,EMail2_OkToSend,No,,,,
CHCPersonHistory,Note,No,,,,
CHCPersonHistory,CreatedByID,No,,,,
CHCPersonHistory,Created,Yes,STATIC_OFFSET,,,
CHCPersonHistory,LastModifiedByID,No,,,,
CHCPersonHistory,LastModified,No,,,,
CHCPersonHistory,RaceSubID,No,,,,
CHCPersonHistory,FaxOkToSend,No,,,,
CHCPersonHistory,PagerOkToSend,No,,,,
CHCPersonHistory,nd_auto_increment_id,No,,,,
CHCPersonHomelessHistory,CHCPersonHomelessHistoryID,No,,,,
CHCPersonHomelessHistory,PersonID,No,,,,
CHCPersonHomelessHistory,HomelessFlag,No,,,,
CHCPersonHomelessHistory,HomelessEffectiveDte,No,,,,
CHCPersonHomelessHistory,HomelessStatusID,No,,,,
CHCPersonHomelessHistory,HomelessNote,No,,,,
CHCPersonHomelessHistory,CreatedByID,No,,,,
CHCPersonHomelessHistory,Created,Yes,STATIC_OFFSET,,,
CHCPersonHomelessHistory,LastModifiedByID,No,,,,
CHCPersonHomelessHistory,LastModified,No,,,,
CHCPersonHomelessHistory,PublicHousingFlag,No,,,,
CHCPersonHomelessHistory,HousingEndDate,No,,,,
CHCPersonHomelessHistory,nd_auto_increment_id,No,,,,
CHCPersonIHS,PersonID,No,,,,
CHCPersonIHS,CommunityofResidenceID,No,,,,
CHCPersonIHS,PatientClassificationID,No,,,,
CHCPersonIHS,TotalBloodQuantumID,No,,,,
CHCPersonIHS,Note,No,,,,
CHCPersonIHS,CreatedByID,No,,,,
CHCPersonIHS,Created,Yes,STATIC_OFFSET,,,
CHCPersonIHS,LastModifiedByID,No,,,,
CHCPersonIHS,LastModified,No,,,,
CHCPersonIHS,nd_auto_increment_id,No,,,,
CHCPersonIHSDtl,CHCPersonIHSDtlID,No,,,,
CHCPersonIHSDtl,PersonID,No,,,,
CHCPersonIHSDtl,TribalAffiliationID,No,,,,
CHCPersonIHSDtl,TribalEnrollmentMemberNum,Yes,MASK,TribalEnrollmentMemberNum,,
CHCPersonIHSDtl,RelationshipID,No,,,,
CHCPersonIHSDtl,DescendantID,No,,,,
CHCPersonIHSDtl,bEnrollmentCardOnFile,No,,,,
CHCPersonIHSDtl,TribalEnrollmentCardFiledDte,No,,,,
CHCPersonIHSDtl,TribeBloodQuantumID,No,,,,
CHCPersonIHSDtl,TribalEligibilityStatusID,No,,,,
CHCPersonIHSDtl,bCertificateOfIndianBloodCardOnFile,No,,,,
CHCPersonIHSDtl,CreatedByID,No,,,,
CHCPersonIHSDtl,Created,Yes,STATIC_OFFSET,,,
CHCPersonIHSDtl,LastModifiedByID,Yes,MASK,LastModifiedByID,,
CHCPersonIHSDtl,LastModified,No,,,,
CHCPersonIHSDtl,nd_auto_increment_id,No,,,,
CHCPersonIHSHistory,UserID,No,,,,
CHCPersonIHSHistory,EffectiveStartDate,No,,,,
CHCPersonIHSHistory,EffectiveEndDate,No,,,,
CHCPersonIHSHistory,PersonID,No,,,,
CHCPersonIHSHistory,CommunityofResidenceID,No,,,,
CHCPersonIHSHistory,PatientClassificationID,Yes,MASK,PatientClassificationID,,
CHCPersonIHSHistory,TotalBloodQuantumID,No,,,,
CHCPersonIHSHistory,Note,No,,,,
CHCPersonIHSHistory,CreatedByID,No,,,,
CHCPersonIHSHistory,Created,Yes,STATIC_OFFSET,,,
CHCPersonIHSHistory,LastModifiedByID,No,,,,
CHCPersonIHSHistory,LastModified,No,,,,
CHCPersonIHSHistory,nd_auto_increment_id,No,,,,
CHCPersonSlidingFeeHistory,CHCPersonSlidingFeeHistoryID,No,,,,
CHCPersonSlidingFeeHistory,PersonID,No,,,,
CHCPersonSlidingFeeHistory,HeadOfHouseholdPerID,No,,,,
CHCPersonSlidingFeeHistory,SFNotFedQualFlag,No,,,,
CHCPersonSlidingFeeHistory,SFRefusedToProvideInfoFlag,No,,,,
CHCPersonSlidingFeeHistory,SFUseClassFlag,No,,,,
CHCPersonSlidingFeeHistory,SFFamilySize,No,,,,
CHCPersonSlidingFeeHistory,SFMonthlyIncome,No,,,,
CHCPersonSlidingFeeHistory,SFNoIncomeFlag,No,,,,
CHCPersonSlidingFeeHistory,SFInsuranceID,Yes,MASK,SFInsuranceID,,
CHCPersonSlidingFeeHistory,SFScheduleDetailID,No,,,,
CHCPersonSlidingFeeHistory,SFFormOfDeclarationID,No,,,,
CHCPersonSlidingFeeHistory,SFEffectiveDte,No,,,,
CHCPersonSlidingFeeHistory,SFHouseholdIncomeSourceID,No,,,,
CHCPersonSlidingFeeHistory,SFNote,No,,,,
CHCPersonSlidingFeeHistory,CreatedByID,No,,,,
CHCPersonSlidingFeeHistory,Created,Yes,STATIC_OFFSET,,,
CHCPersonSlidingFeeHistory,LastModifiedByID,No,,,,
CHCPersonSlidingFeeHistory,LastModified,No,,,,
CHCPersonSlidingFeeHistory,SFAnnualIncome,No,,,,
CHCPersonSlidingFeeHistory,nd_auto_increment_id,No,,,,
CHCProcedureMasterInfo,ProcedureMasterID,No,,,,
CHCProcedureMasterInfo,ProcedureCodeTypeID,No,,,,
CHCProcedureMasterInfo,CreatedByID,No,,,,
CHCProcedureMasterInfo,Created,Yes,STATIC_OFFSET,,,
CHCProcedureMasterInfo,LastModifiedByID,No,,,,
CHCProcedureMasterInfo,LastModified,Yes,STATIC_OFFSET,,,
CHCProcedureMasterInfo,nd_auto_increment_id,No,,,,
CHCProcedurePlanCPTCode,CHCProcedurePlanCPTCodeID,No,,,,
CHCProcedurePlanCPTCode,InsurancePlanID,Yes,MASK,InsurancePlanID,,
CHCProcedurePlanCPTCode,ProcedureMasterID,No,,,,
CHCProcedurePlanCPTCode,OverrideCPTCode,No,,,,
CHCProcedurePlanCPTCode,EditType,No,,,,
CHCProcedurePlanCPTCode,CreatedByID,No,,,,
CHCProcedurePlanCPTCode,Created,Yes,STATIC_OFFSET,,,
CHCProcedurePlanCPTCode,LastModifiedByID,No,,,,
CHCProcedurePlanCPTCode,LastModified,No,,,,
CHCProcedurePlanCPTCode,nd_auto_increment_id,No,,,,
CHCProcedurePlanRevCode,CHCProcedurePlanRevCodeID,No,,,,
CHCProcedurePlanRevCode,InsurancePlanID,Yes,MASK,InsurancePlanID,,
CHCProcedurePlanRevCode,ProcedureMasterID,No,,,,
CHCProcedurePlanRevCode,NoRevCode,No,,,,
CHCProcedurePlanRevCode,IfRevCode,No,,,,
CHCProcedurePlanRevCode,ThenRevCode,No,,,,
CHCProcedurePlanRevCode,AlwaysRevCode,No,,,,
CHCProcedurePlanRevCode,EditType,No,,,,
CHCProcedurePlanRevCode,CreatedByID,Yes,MASK,CreatedByID,,
CHCProcedurePlanRevCode,Created,Yes,STATIC_OFFSET,,,
CHCProcedurePlanRevCode,LastModifiedByID,No,,,,
CHCProcedurePlanRevCode,LastModified,No,,,,
CHCProcedurePlanRevCode,nd_auto_increment_id,No,,,,
CHCProvider_Override,Doctor_ID,No,,,,
CHCProvider_Override,Override_Doctor_ID,No,,,,
CHCProvider_Override,Insurance_Plan_ID,Yes,MASK,Insurance_Plan_ID,,
CHCProvider_Override,LocationID,No,,,,
CHCProvider_Override,nd_auto_increment_id,No,,,,
CHCScrubRules,Rule_ID,No,,,,
CHCScrubRules,Name,No,,,,
CHCScrubRules,Rule_Number,No,,,,
CHCScrubRules,EditType,No,,,,
CHCScrubRules,DBFieldName,No,,,,
CHCScrubRules,DisplayName,No,,,,
CHCScrubRules,EditFlag,No,,,,
CHCScrubRules,EditText,Yes,GENERIC_NOTES,,,
CHCScrubRules,EditHelp,Yes,GENERIC_NOTES,,,
CHCScrubRules,nd_auto_increment_id,No,,,,
CHCSegment,Segment_ID,No,,,,
CHCSegment,Loop_ID,No,,,,
CHCSegment,Loop,No,,,,
CHCSegment,Segment,No,,,,
CHCSegment,Segment_Order,No,,,,
CHCSegment,Is5010,No,,,,
CHCSegment,Segment_Description,No,,,,
CHCSegment,Active,No,,,,
CHCSegment,nd_auto_increment_id,No,,,,
CHCSegment270,Segment_ID,No,,,,
CHCSegment270,Loop_ID,No,,,,
CHCSegment270,Loop,No,,,,
CHCSegment270,Segment,No,,,,
CHCSegment270,Segment_Order,No,,,,
CHCSegment270,nd_auto_increment_id,No,,,,
CHCServiceDetail,ServiceDetailID,No,,,,
CHCServiceDetail,VisitID,Yes,ENCOUNTER_ID,,,
CHCServiceDetail,ContractTypeCodeID,No,,,,
CHCServiceDetail,RevenueGroupID,No,,,,
CHCServiceDetail,AddedBy_FQHCApprovalFlag,No,,,,
CHCServiceDetail,ManuallySetFeesFlag,No,,,,
CHCServiceDetail,ToothNumber,No,,,,
CHCServiceDetail,PredeterminationNumber,No,,,,
CHCServiceDetail,ToothSurface1ID,No,,,,
CHCServiceDetail,ToothSurface2ID,No,,,,
CHCServiceDetail,ToothSurface3ID,No,,,,
CHCServiceDetail,ToothSurface4ID,No,,,,
CHCServiceDetail,ToothSurface5ID,No,,,,
CHCServiceDetail,OralCavityDesignation1ID,No,,,,
CHCServiceDetail,OralCavityDesignation2ID,No,,,,
CHCServiceDetail,OralCavityDesignation3ID,No,,,,
CHCServiceDetail,OralCavityDesignation4ID,No,,,,
CHCServiceDetail,OralCavityDesignation5ID,No,,,,
CHCServiceDetail,ProsthesisCrownOrInlay,No,,,,
CHCServiceDetail,PCOrIPriorPlacementDate,No,,,,
CHCServiceDetail,AppliancePlacementInitialDate,No,,,,
CHCServiceDetail,ApplianceReplacementDate,No,,,,
CHCServiceDetail,CreatedByID,No,,,,
CHCServiceDetail,Created,Yes,STATIC_OFFSET,,,
CHCServiceDetail,LastModifiedByID,No,,,,
CHCServiceDetail,LastModified,No,,,,
CHCServiceDetail,FQHCApproval_InsCovID,No,,,,
CHCServiceDetail,FQHCApproval_Priority,No,,,,
CHCServiceDetail,FQHCApproval_SrcSrvDtlID,No,,,,
CHCServiceDetail,nd_auto_increment_id,No,,,,
CHCServiceDetailHistory,ServiceDetailID,No,,,,
CHCServiceDetailHistory,ContractTypeCodeID,No,,,,
CHCServiceDetailHistory,RevenueGroupID,No,,,,
CHCServiceDetailHistory,AddedBy_FQHCApproval,No,,,,
CHCServiceDetailHistory,ManuallySetFeesFlag,No,,,,
CHCServiceDetailHistory,ToothNumber,No,,,,
CHCServiceDetailHistory,PredeterminationNumber,No,,,,
CHCServiceDetailHistory,ToothSurface1ID,No,,,,
CHCServiceDetailHistory,ToothSurface2ID,No,,,,
CHCServiceDetailHistory,ToothSurface3ID,No,,,,
CHCServiceDetailHistory,ToothSurface4ID,No,,,,
CHCServiceDetailHistory,ToothSurface5ID,No,,,,
CHCServiceDetailHistory,OralCavityDesignation1ID,No,,,,
CHCServiceDetailHistory,OralCavityDesignation2ID,No,,,,
CHCServiceDetailHistory,OralCavityDesignation3ID,No,,,,
CHCServiceDetailHistory,OralCavityDesignation4ID,No,,,,
CHCServiceDetailHistory,OralCavityDesignation5ID,No,,,,
CHCServiceDetailHistory,ProsthesisCrownOrInlay,No,,,,
CHCServiceDetailHistory,PCOrIPriorPlacementDate,No,,,,
CHCServiceDetailHistory,AppliancePlacementInitialDate,Yes,STATIC_OFFSET,,,
CHCServiceDetailHistory,ApplianceReplacementDate,No,,,,
CHCServiceDetailHistory,CreatedByID,No,,,,
CHCServiceDetailHistory,Created,Yes,STATIC_OFFSET,,,
CHCServiceDetailHistory,LastModifiedByID,No,,,,
CHCServiceDetailHistory,LastModified,No,,,,
CHCServiceDetailHistory,nd_auto_increment_id,No,,,,
CHCServiceGroupDental,ServiceGroupID,No,,,,
CHCServiceGroupDental,AppliancePlacementDate,Yes,STATIC_OFFSET,,,
CHCServiceGroupDental,OrthodonticMonthsTotal,No,,,,
CHCServiceGroupDental,OrthodonticMonthsRemaining,No,,,,
CHCServiceGroupDental,ExtraOralTractionDevice,No,,,,
CHCServiceGroupDental,CreatedByID,No,,,,
CHCServiceGroupDental,Created,No,,,,
CHCServiceGroupDental,LastModifiedByID,Yes,MASK,LastModifiedByID,,
CHCServiceGroupDental,LastModified,No,,,,
CHCServiceGroupDental,nd_auto_increment_id,No,,,,
CHCServiceGroupDentalDetail,CHCServiceGroupDentalDetailID,No,,,,
CHCServiceGroupDentalDetail,ServiceGroupID,No,,,,
CHCServiceGroupDentalDetail,ToothNumber,No,,,,
CHCServiceGroupDentalDetail,ToothStatusId,No,,,,
CHCServiceGroupDentalDetail,DL_Surface,No,,,,
CHCServiceGroupDentalDetail,L_Surface,No,,,,
CHCServiceGroupDentalDetail,ML_Surface,No,,,,
CHCServiceGroupDentalDetail,MB_Surface,No,,,,
CHCServiceGroupDentalDetail,B_Surface,No,,,,
CHCServiceGroupDentalDetail,DB_Surface,No,,,,
CHCServiceGroupDentalDetail,ExtractedFlag,No,,,,
CHCServiceGroupDentalDetail,CreatedByID,Yes,MASK,CreatedByID,,
CHCServiceGroupDentalDetail,Created,Yes,STATIC_OFFSET,,,
CHCServiceGroupDentalDetail,LastModifiedByID,No,,,,
CHCServiceGroupDentalDetail,LastModified,No,,,,
CHCServiceGroupDentalDetail,nd_auto_increment_id,No,,,,
CHCSubmission_Number,Submission_Number,No,,,,
CHCSubmission_Number,nd_auto_increment_id,No,,,,
CHCSubmit_Batch_Log,Batch_Submit_ID,No,,,,
CHCSubmit_Batch_Log,Batch_ID,No,,,,
CHCSubmit_Batch_Log,Submit_Date,Yes,STATIC_OFFSET,,,
CHCSubmit_Batch_Log,BatchFileName,No,,,,
CHCSubmit_Batch_Log,nd_auto_increment_id,No,,,,
CHCVersionInfo,GWVersion,No,,,,
CHCVersionInfo,CHCVersion,No,,,,
CHCVersionInfo,InstallDate,Yes,STATIC_OFFSET,,,
CHCVersionInfo,CHCFullVersion,No,,,,
CHCVersionInfo,EntityID,No,,,,
CHCVersionInfo,nd_auto_increment_id,No,,,,
CHCVisit,VisitID,Yes,ENCOUNTER_ID,,,
CHCVisit,PayorPlanSetID,No,,,,
CHCVisit,ApprovedByID,No,,,,
CHCVisit,Approved,No,,,,
CHCVisit,ApprovalNotes,No,,,,
CHCVisit,CreatedByID,No,,,,
CHCVisit,Created,Yes,STATIC_OFFSET,,,
CHCVisit,LastModifiedByID,No,,,,
CHCVisit,LastModified,Yes,STATIC_OFFSET,,,
CHCVisit,nd_auto_increment_id,No,,,,
CHCVisitHistory,UserID,No,,,,
CHCVisitHistory,StartChangeDate,No,,,,
CHCVisitHistory,EndChangeDate,No,,,,
CHCVisitHistory,VisitID,Yes,ENCOUNTER_ID,,,
CHCVisitHistory,PayerPlanSetID,No,,,,
CHCVisitHistory,ApprovedByID,No,,,,
CHCVisitHistory,Approved,No,,,,
CHCVisitHistory,ApprovalNotes,No,,,,
CHCVisitHistory,CreatedByID,No,,,,
CHCVisitHistory,Created,Yes,STATIC_OFFSET,,,
CHCVisitHistory,LastModifiedByID,No,,,,
CHCVisitHistory,LastModified,Yes,STATIC_OFFSET,,,
CHCVisitHistory,nd_auto_increment_id,No,,,,
CHCVisitInsurance,VisitID,Yes,ENCOUNTER_ID,,,
CHCVisitInsurance,InsID,Yes,MASK,InsID,,
CHCVisitInsurance,OtherID1,No,,,,
CHCVisitInsurance,OtherID2,No,,,,
CHCVisitInsurance,CreatedByID,No,,,,
CHCVisitInsurance,Created,Yes,STATIC_OFFSET,,,
CHCVisitInsurance,LastModifiedByID,No,,,,
CHCVisitInsurance,LastModified,No,,,,
CHCVisitInsurance,nd_auto_increment_id,No,,,,
CHCVisitTypes,VisitTypeID,No,,,,
CHCVisitTypes,CHCListSFScheduleID,No,,,,
CHCVisitTypes,CreatedByID,No,,,,
CHCVisitTypes,Created,Yes,STATIC_OFFSET,,,
CHCVisitTypes,LastModifiedByID,No,,,,
CHCVisitTypes,LastModified,Yes,STATIC_OFFSET,,,
CHCVisitTypes,nd_auto_increment_id,No,,,,
CheckDetail,CheckNumber,Yes,MASK,CheckNumber,,
CheckDetail,CheckAmount,No,,,,
CheckDetail,UserID,No,,,,
CheckDetail,CreateDate,Yes,STATIC_OFFSET,,,
CheckDetail,LastChangedDate,Yes,STATIC_OFFSET,,,
CheckDetail,LastChangedBy,Yes,MASK,LastChangedBy,,
CheckDetail,CheckMethodID,No,,,,
CheckDetail,nd_auto_increment_id,No,,,,
ClaimAdjustmentHistory,ClaimAdjHistoryID,No,,,,
ClaimAdjustmentHistory,BatchID,No,,,,
ClaimAdjustmentHistory,ClaimID,No,,,,
ClaimAdjustmentHistory,CreateDate,Yes,STATIC_OFFSET,,,
ClaimAdjustmentHistory,GroupCode,No,,,,
ClaimAdjustmentHistory,ReasonCode1,No,,,,
ClaimAdjustmentHistory,Amount1,No,,,,
ClaimAdjustmentHistory,Quantity1,No,,,,
ClaimAdjustmentHistory,ReasonCode2,No,,,,
ClaimAdjustmentHistory,Amount2,No,,,,
ClaimAdjustmentHistory,Quantity2,No,,,,
ClaimAdjustmentHistory,ReasonCode3,No,,,,
ClaimAdjustmentHistory,Amount3,No,,,,
ClaimAdjustmentHistory,Quantity3,No,,,,
ClaimAdjustmentHistory,ReasonCode4,No,,,,
ClaimAdjustmentHistory,Amount4,No,,,,
ClaimAdjustmentHistory,Quantity4,No,,,,
ClaimAdjustmentHistory,ReasonCode5,No,,,,
ClaimAdjustmentHistory,Amount5,No,,,,
ClaimAdjustmentHistory,Quantity5,No,,,,
ClaimAdjustmentHistory,ReasonCode6,No,,,,
ClaimAdjustmentHistory,Amount6,No,,,,
ClaimAdjustmentHistory,Quantity6,No,,,,
ClaimAdjustmentHistory,EOBType,Yes,MASK,EOBType,,
ClaimAdjustmentHistory,nd_auto_increment_id,No,,,,
ClaimAdjustmentStage,BatchID,No,,,,
ClaimAdjustmentStage,ClaimID,No,,,,
ClaimAdjustmentStage,CreateDate,Yes,STATIC_OFFSET,,,
ClaimAdjustmentStage,GroupCode,No,,,,
ClaimAdjustmentStage,ReasonCode1,No,,,,
ClaimAdjustmentStage,Amount1,No,,,,
ClaimAdjustmentStage,Quantity1,No,,,,
ClaimAdjustmentStage,ReasonCode2,No,,,,
ClaimAdjustmentStage,Amount2,No,,,,
ClaimAdjustmentStage,Quantity2,No,,,,
ClaimAdjustmentStage,ReasonCode3,No,,,,
ClaimAdjustmentStage,Amount3,No,,,,
ClaimAdjustmentStage,Quantity3,No,,,,
ClaimAdjustmentStage,ReasonCode4,No,,,,
ClaimAdjustmentStage,Amount4,No,,,,
ClaimAdjustmentStage,Quantity4,No,,,,
ClaimAdjustmentStage,ReasonCode5,No,,,,
ClaimAdjustmentStage,Amount5,No,,,,
ClaimAdjustmentStage,Quantity5,No,,,,
ClaimAdjustmentStage,ReasonCode6,No,,,,
ClaimAdjustmentStage,Amount6,No,,,,
ClaimAdjustmentStage,Quantity6,No,,,,
ClaimAdjustmentStage,EOBType,No,,,,
ClaimAdjustmentStage,nd_auto_increment_id,No,,,,
ClaimBatchHistory,ClaimHistoryID,No,,,,
ClaimBatchHistory,BatchID,No,,,,
ClaimBatchHistory,EMCDate,No,,,,
ClaimBatchHistory,TransmissionDate,Yes,DATE_OFFSET,,,
ClaimBatchHistory,LastUpdated,Yes,DATE_OFFSET,,,
ClaimBatchHistory,FilePlanID,No,,,,
ClaimBatchHistory,ClaimCount,No,,,,
ClaimBatchHistory,ServiceLineCount,No,,,,
ClaimBatchHistory,TotalCharges,Yes,MASK,TotalCharges,,
ClaimBatchHistory,nd_auto_increment_id,No,,,,
ClaimBatchStage,BatchID,No,,,,
ClaimBatchStage,EMCDate,Yes,STATIC_OFFSET,,,
ClaimBatchStage,TransmissionDate,No,,,,
ClaimBatchStage,LastUpdated,No,,,,
ClaimBatchStage,FilePlanID,No,,,,
ClaimBatchStage,ClaimCount,No,,,,
ClaimBatchStage,ServiceLineCount,No,,,,
ClaimBatchStage,TotalCharges,No,,,,
ClaimBatchStage,nd_auto_increment_id,No,,,,
ClaimCombination,ClaimCombinationId,No,,,,
ClaimCombination,CreateDate,Yes,STATIC_OFFSET,,,
ClaimCombination,nd_auto_increment_id,No,,,,
ClaimDetailAdjustmentHistory,ClaimDetailAdjHistoryID,No,,,,
ClaimDetailAdjustmentHistory,BatchID,No,,,,
ClaimDetailAdjustmentHistory,ClaimID,No,,,,
ClaimDetailAdjustmentHistory,ServiceDetailID,No,,,,
ClaimDetailAdjustmentHistory,X12DS835ID,No,,,,
ClaimDetailAdjustmentHistory,CreateDate,Yes,DATE_OFFSET,,,
ClaimDetailAdjustmentHistory,GroupCode,No,,,,
ClaimDetailAdjustmentHistory,ReasonCode1,No,,,,
ClaimDetailAdjustmentHistory,Amount1,No,,,,
ClaimDetailAdjustmentHistory,Quantity1,No,,,,
ClaimDetailAdjustmentHistory,ReasonCode2,No,,,,
ClaimDetailAdjustmentHistory,Amount2,No,,,,
ClaimDetailAdjustmentHistory,Quantity2,No,,,,
ClaimDetailAdjustmentHistory,ReasonCode3,No,,,,
ClaimDetailAdjustmentHistory,Amount3,No,,,,
ClaimDetailAdjustmentHistory,Quantity3,No,,,,
ClaimDetailAdjustmentHistory,ReasonCode4,No,,,,
ClaimDetailAdjustmentHistory,Amount4,Yes,MASK,Amount4,,
ClaimDetailAdjustmentHistory,Quantity4,No,,,,
ClaimDetailAdjustmentHistory,ReasonCode5,No,,,,
ClaimDetailAdjustmentHistory,Amount5,No,,,,
ClaimDetailAdjustmentHistory,Quantity5,No,,,,
ClaimDetailAdjustmentHistory,ReasonCode6,No,,,,
ClaimDetailAdjustmentHistory,Amount6,No,,,,
ClaimDetailAdjustmentHistory,Quantity6,No,,,,
ClaimDetailAdjustmentHistory,EOBType,No,,,,
ClaimDetailAdjustmentHistory,nd_auto_increment_id,No,,,,
ClaimDetailAdjustmentStage,BatchID,No,,,,
ClaimDetailAdjustmentStage,ClaimID,No,,,,
ClaimDetailAdjustmentStage,ServiceDetailID,No,,,,
ClaimDetailAdjustmentStage,X12DS835ID,No,,,,
ClaimDetailAdjustmentStage,CreateDate,Yes,STATIC_OFFSET,,,
ClaimDetailAdjustmentStage,GroupCode,No,,,,
ClaimDetailAdjustmentStage,ReasonCode1,No,,,,
ClaimDetailAdjustmentStage,Amount1,No,,,,
ClaimDetailAdjustmentStage,Quantity1,No,,,,
ClaimDetailAdjustmentStage,ReasonCode2,No,,,,
ClaimDetailAdjustmentStage,Amount2,No,,,,
ClaimDetailAdjustmentStage,Quantity2,No,,,,
ClaimDetailAdjustmentStage,ReasonCode3,No,,,,
ClaimDetailAdjustmentStage,Amount3,No,,,,
ClaimDetailAdjustmentStage,Quantity3,No,,,,
ClaimDetailAdjustmentStage,ReasonCode4,No,,,,
ClaimDetailAdjustmentStage,Amount4,No,,,,
ClaimDetailAdjustmentStage,Quantity4,No,,,,
ClaimDetailAdjustmentStage,ReasonCode5,No,,,,
ClaimDetailAdjustmentStage,Amount5,No,,,,
ClaimDetailAdjustmentStage,Quantity5,No,,,,
ClaimDetailAdjustmentStage,ReasonCode6,No,,,,
ClaimDetailAdjustmentStage,Amount6,No,,,,
ClaimDetailAdjustmentStage,Quantity6,No,,,,
ClaimDetailAdjustmentStage,EOBType,No,,,,
ClaimDetailAdjustmentStage,nd_auto_increment_id,No,,,,
ClaimDetailMeasurementHistory,ClaimHistoryID,No,,,,
ClaimDetailMeasurementHistory,BatchID,No,,,,
ClaimDetailMeasurementHistory,EClaimID,No,,,,
ClaimDetailMeasurementHistory,ServiceDetailID,No,,,,
ClaimDetailMeasurementHistory,MeasurementType,No,,,,
ClaimDetailMeasurementHistory,MeasurementCode,No,,,,
ClaimDetailMeasurementHistory,MeasurementValue,No,,,,
ClaimDetailMeasurementHistory,nd_auto_increment_id,No,,,,
ClaimDetailMeasurementStage,BatchID,No,,,,
ClaimDetailMeasurementStage,EClaimID,No,,,,
ClaimDetailMeasurementStage,ServiceDetailID,No,,,,
ClaimDetailMeasurementStage,MeasurementType,No,,,,
ClaimDetailMeasurementStage,MeasurementCode,No,,,,
ClaimDetailMeasurementStage,MeasurementValue,No,,,,
ClaimDetailMeasurementStage,nd_auto_increment_id,No,,,,
ClaimDetailNotesHistory,ClaimHistoryID,No,,,,
ClaimDetailNotesHistory,BatchID,No,,,,
ClaimDetailNotesHistory,EClaimID,No,,,,
ClaimDetailNotesHistory,ServiceDetailID,No,,,,
ClaimDetailNotesHistory,NoteID,No,,,,
ClaimDetailNotesHistory,NoteSubType,No,,,,
ClaimDetailNotesHistory,SeqNo,No,,,,
ClaimDetailNotesHistory,NoteText,Yes,NOTES,,,
ClaimDetailNotesHistory,nd_auto_increment_id,No,,,,
ClaimDetailNotesStage,BatchID,No,,,,
ClaimDetailNotesStage,EClaimID,No,,,,
ClaimDetailNotesStage,ServiceDetailID,No,,,,
ClaimDetailNotesStage,NoteID,No,,,,
ClaimDetailNotesStage,NoteSubType,No,,,,
ClaimDetailNotesStage,SeqNo,No,,,,
ClaimDetailNotesStage,NoteText,Yes,GENERIC_NOTES,,,
ClaimDetailNotesStage,nd_auto_increment_id,No,,,,
ClaimDetailPaymentHistory,ClaimDetailPmtHistoryID,No,,,,
ClaimDetailPaymentHistory,BatchID,No,,,,
ClaimDetailPaymentHistory,ClaimID,No,,,,
ClaimDetailPaymentHistory,ServiceDetailID,No,,,,
ClaimDetailPaymentHistory,X12DS835ID,No,,,,
ClaimDetailPaymentHistory,CreateDate,Yes,DATE_OFFSET,,,
ClaimDetailPaymentHistory,CheckOrEFTDate,Yes,DATE_OFFSET,,,
ClaimDetailPaymentHistory,ProcedureCode,Yes,MASK,ProcedureCode,,
ClaimDetailPaymentHistory,FromDate,Yes,DATE_OFFSET,,,
ClaimDetailPaymentHistory,Payment,No,,,,
ClaimDetailPaymentHistory,Modifier1,No,,,,
ClaimDetailPaymentHistory,Modifier2,No,,,,
ClaimDetailPaymentHistory,Modifier3,No,,,,
ClaimDetailPaymentHistory,Modifier4,No,,,,
ClaimDetailPaymentHistory,EOBType,No,,,,
ClaimDetailPaymentHistory,nd_auto_increment_id,No,,,,
ClaimDetailPaymentStage,BatchID,No,,,,
ClaimDetailPaymentStage,ClaimID,No,,,,
ClaimDetailPaymentStage,ServiceDetailID,No,,,,
ClaimDetailPaymentStage,X12DS835ID,No,,,,
ClaimDetailPaymentStage,CreateDate,Yes,STATIC_OFFSET,,,
ClaimDetailPaymentStage,CheckOrEFTDate,Yes,STATIC_OFFSET,,,
ClaimDetailPaymentStage,ProcedureCode,No,,,,
ClaimDetailPaymentStage,FromDate,Yes,STATIC_OFFSET,,,
ClaimDetailPaymentStage,Payment,No,,,,
ClaimDetailPaymentStage,Modifier1,No,,,,
ClaimDetailPaymentStage,Modifier2,No,,,,
ClaimDetailPaymentStage,Modifier3,No,,,,
ClaimDetailPaymentStage,Modifier4,No,,,,
ClaimDetailPaymentStage,EOBType,No,,,,
ClaimDetailPaymentStage,nd_auto_increment_id,No,,,,
ClaimEFileReportFiles,EFileReportFileID,No,,,,
ClaimEFileReportFiles,EFilePlanID,No,,,,
ClaimEFileReportFiles,OriginalFileName,No,,,,
ClaimEFileReportFiles,LocalFileName,Yes,MASK,LocalFileName,,
ClaimEFileReportFiles,FileDownloadDate,Yes,STATIC_OFFSET,,,
ClaimEFileReportFiles,FileLastAccessDate,Yes,STATIC_OFFSET,,,
ClaimEFileReportFiles,FileTypeName,No,,,,
ClaimEFileReportFiles,FileTypeDescription,No,,,,
ClaimEFileReportFiles,ERFFileID,No,,,,
ClaimEFileReportFiles,ERAFILEID,No,,,,
ClaimEFileReportFiles,SessionNumber,No,,,,
ClaimEFileReportFiles,nd_auto_increment_id,No,,,,
ClaimFollowUpReason,ClaimFollowUpReasonID,No,,,,
ClaimFollowUpReason,LocalName,Yes,MASK,LocalName,,
ClaimFollowUpReason,StandardName,No,,,,
ClaimFollowUpReason,Description,No,,,,
ClaimFollowUpReason,Enabled,No,,,,
ClaimFollowUpReason,nd_auto_increment_id,No,,,,
ClaimFormats,ClaimFormatID,No,,,,
ClaimFormats,GMTClaimFormatName,No,,,,
ClaimFormats,SiteClaimFormatName,No,,,,
ClaimFormats,Active,No,,,,
ClaimFormats,crTemplateID,No,,,,
ClaimFormats,NSFFormat,No,,,,
ClaimFormats,nd_auto_increment_id,No,,,,
ClaimFrequencyCode,FrequencyCode,Yes,MASK,FrequencyCode,,
ClaimFrequencyCode,FrequencyCodeDescription,No,,,,
ClaimFrequencyCode,nd_auto_increment_id,No,,,,
ClaimHeaderHistory,ClaimHistoryID,No,,,,
ClaimHeaderHistory,EClaimID,No,,,,
ClaimHeaderHistory,ClaimStatus,No,,,,
ClaimHeaderHistory,LastUpdated,No,,,,
ClaimHeaderHistory,CreateDate,Yes,DATE_OFFSET,,,
ClaimHeaderHistory,Transmitted,Yes,DATE_OFFSET,,,
ClaimHeaderHistory,BatchID,No,,,,
ClaimHeaderHistory,PatientID,Yes,PATIENT_ID,,,
ClaimHeaderHistory,PatFirstName,Yes,MASK,PatFirstName,,
ClaimHeaderHistory,PatMi,Yes,MASK,PatMi,,
ClaimHeaderHistory,PatMiddleName,Yes,MASK,PatMiddleName,,
ClaimHeaderHistory,PatLastName,Yes,MASK,PatLastName,,
ClaimHeaderHistory,PatSuffix,No,,,,
ClaimHeaderHistory,PatGeneration,No,,,,
ClaimHeaderHistory,PatDateOfBirth,Yes,PATIENT_DOB,,,
ClaimHeaderHistory,PatSex,Yes,MASK,PatSex,,
ClaimHeaderHistory,PatAddress1,Yes,MASK,PatAddress1,,
ClaimHeaderHistory,PatAddress2,Yes,MASK,PatAddress2,,
ClaimHeaderHistory,PatCity,Yes,MASK,PatCity,,
ClaimHeaderHistory,PatState,No,,,,
ClaimHeaderHistory,PatZip,No,,,,
ClaimHeaderHistory,PatPhone,Yes,MASK,PatPhone,,
ClaimHeaderHistory,PatMaritalStatus,Yes,MASK,PatMaritalStatus,,
ClaimHeaderHistory,PatStudentStatus,No,,,,
ClaimHeaderHistory,PatEmploymentStatus,No,,,,
ClaimHeaderHistory,PatDeathInd,Yes,MASK,PatDeathInd,,
ClaimHeaderHistory,PatientDateOfDeath,Yes,DATE_OFFSET,,,
ClaimHeaderHistory,Diagnosis1,Yes,MASK,Diagnosis1,,
ClaimHeaderHistory,Diagnosis2,Yes,MASK,Diagnosis2,,
ClaimHeaderHistory,Diagnosis3,Yes,MASK,Diagnosis3,,
ClaimHeaderHistory,Diagnosis4,Yes,MASK,Diagnosis4,,
ClaimHeaderHistory,Diagnosis5,Yes,MASK,Diagnosis5,,
ClaimHeaderHistory,Diagnosis6,Yes,MASK,Diagnosis6,,
ClaimHeaderHistory,Diagnosis7,Yes,MASK,Diagnosis7,,
ClaimHeaderHistory,Diagnosis8,Yes,MASK,Diagnosis8,,
ClaimHeaderHistory,FacilityLocationID,No,,,,
ClaimHeaderHistory,OtherLocationID,No,,,,
ClaimHeaderHistory,FacilityLocationName,Yes,MASK,FacilityLocationName,,
ClaimHeaderHistory,FacilityLocationAddress,Yes,MASK,FacilityLocationAddress,,
ClaimHeaderHistory,FacilityLocationCity,Yes,MASK,FacilityLocationCity,,
ClaimHeaderHistory,FacilityLocationState,No,,,,
ClaimHeaderHistory,FacilityLocationZip,No,,,,
ClaimHeaderHistory,AdmitDate,Yes,DATE_OFFSET,,,
ClaimHeaderHistory,DischargeDate,Yes,DATE_OFFSET,,,
ClaimHeaderHistory,CareProviderID,Yes,MASK,CareProviderID,,
ClaimHeaderHistory,ProviderLastName,Yes,MASK,ProviderLastName,,
ClaimHeaderHistory,ProviderFirstName,Yes,MASK,ProviderFirstName,,
ClaimHeaderHistory,ProviderUpin,Yes,MASK,ProviderUpin,,
ClaimHeaderHistory,TaxIndicatorID,No,,,,
ClaimHeaderHistory,ProviderTaxID,Yes,MASK,ProviderTaxID,,
ClaimHeaderHistory,ProviderPlanProviderNumber,Yes,MASK,ProviderPlanProviderNumber,,
ClaimHeaderHistory,PriPlanHmoCode,No,,,,
ClaimHeaderHistory,GrpCareProviderIDNumber,Yes,MASK,GrpCareProviderIDNumber,,
ClaimHeaderHistory,MammographyCertID,No,,,,
ClaimHeaderHistory,CLIACode,No,,,,
ClaimHeaderHistory,BillingLocationID,No,,,,
ClaimHeaderHistory,BillingName,Yes,MASK,BillingName,,
ClaimHeaderHistory,BillingAddressLine1,Yes,MASK,BillingAddressLine1,,
ClaimHeaderHistory,BillingAddressLine2,Yes,MASK,BillingAddressLine2,,
ClaimHeaderHistory,BillingCity,Yes,MASK,BillingCity,,
ClaimHeaderHistory,BillingState,No,,,,
ClaimHeaderHistory,BillingZip,No,,,,
ClaimHeaderHistory,BillingPhone,Yes,MASK,BillingPhone,,
ClaimHeaderHistory,PriPlanNumber,Yes,MASK,PriPlanNumber,,
ClaimHeaderHistory,CareProviderSpecialtyCode,No,,,,
ClaimHeaderHistory,ReferringProviderID,Yes,MASK,ReferringProviderID,,
ClaimHeaderHistory,ReferralLastName,Yes,MASK,ReferralLastName,,
ClaimHeaderHistory,ReferralFirstName,Yes,MASK,ReferralFirstName,,
ClaimHeaderHistory,ReferralUpin,No,,,,
ClaimHeaderHistory,AutoRelated,No,,,,
ClaimHeaderHistory,AutoAccidentState,No,,,,
ClaimHeaderHistory,WorkRelated,No,,,,
ClaimHeaderHistory,SymptomDate,Yes,DATE_OFFSET,,,
ClaimHeaderHistory,LastSeenByOtherPhy,No,,,,
ClaimHeaderHistory,PriorAuthorizationNumber,Yes,MASK,PriorAuthorizationNumber,,
ClaimHeaderHistory,OutsideLab,No,,,,
ClaimHeaderHistory,OutsideLabCharges,No,,,,
ClaimHeaderHistory,ImplantDate,Yes,DATE_OFFSET,,,
ClaimHeaderHistory,PriInsCoverageID,Yes,MASK,PriInsCoverageID,,
ClaimHeaderHistory,PriFilePlanID,No,,,,
ClaimHeaderHistory,PriPayorID,Yes,MASK,PriPayorID,,
ClaimHeaderHistory,PriPayorName,Yes,MASK,PriPayorName,,
ClaimHeaderHistory,PriPlanID,Yes,MASK,PriPlanID,,
ClaimHeaderHistory,PriInsuranceTypeID,Yes,MASK,PriInsuranceTypeID,,
ClaimHeaderHistory,MedigapNumber,Yes,MASK,MedigapNumber,,
ClaimHeaderHistory,PriPlanName,Yes,MASK,PriPlanName,,
ClaimHeaderHistory,PriPlanAddress,Yes,MASK,PriPlanAddress,,
ClaimHeaderHistory,PriCity,Yes,MASK,PriCity,,
ClaimHeaderHistory,PriState,No,,,,
ClaimHeaderHistory,PriZip,No,,,,
ClaimHeaderHistory,PriInsuredFirstName,Yes,MASK,PriInsuredFirstName,,
ClaimHeaderHistory,PriInsuredMiddleName,Yes,MASK,PriInsuredMiddleName,,
ClaimHeaderHistory,PriInsuredLastName,Yes,MASK,PriInsuredLastName,,
ClaimHeaderHistory,PriInsuredSuffix,No,,,,
ClaimHeaderHistory,PriInsuredDateOfBirth,Yes,PATIENT_DOB,,,
ClaimHeaderHistory,PriInsuredSex,Yes,MASK,PriInsuredSex,,
ClaimHeaderHistory,PriInsuredAddressLine1,Yes,MASK,PriInsuredAddressLine1,,
ClaimHeaderHistory,PriInsuredAddressLine2,Yes,MASK,PriInsuredAddressLine2,,
ClaimHeaderHistory,PriInsuredCity,Yes,MASK,PriInsuredCity,,
ClaimHeaderHistory,PriInsuredState,No,,,,
ClaimHeaderHistory,PriInsuredZip,No,,,,
ClaimHeaderHistory,PriInsuredPhone,Yes,MASK,PriInsuredPhone,,
ClaimHeaderHistory,PriInsuredRelation,Yes,MASK,PriInsuredRelation,,
ClaimHeaderHistory,PriPolicyNumber,Yes,MASK,PriPolicyNumber,,
ClaimHeaderHistory,PriGroupNumber,Yes,MASK,PriGroupNumber,,
ClaimHeaderHistory,PriSignature,No,,,,
ClaimHeaderHistory,PriReleaseInfo,No,,,,
ClaimHeaderHistory,PriAssignment,No,,,,
ClaimHeaderHistory,SecInsCoverageID,No,,,,
ClaimHeaderHistory,SecFilePlanID,No,,,,
ClaimHeaderHistory,SecInsuranceTypeID,No,,,,
ClaimHeaderHistory,SecPayorID,Yes,MASK,SecPayorID,,
ClaimHeaderHistory,SecPayorName,Yes,MASK,SecPayorName,,
ClaimHeaderHistory,SecPlanID,No,,,,
ClaimHeaderHistory,SecPlanName,Yes,MASK,SecPlanName,,
ClaimHeaderHistory,SecPlanAddress,Yes,MASK,SecPlanAddress,,
ClaimHeaderHistory,SecCity,Yes,MASK,SecCity,,
ClaimHeaderHistory,SecState,No,,,,
ClaimHeaderHistory,SecZip,No,,,,
ClaimHeaderHistory,SecInsuredFirstName,Yes,MASK,SecInsuredFirstName,,
ClaimHeaderHistory,SecInsuredMiddleName,Yes,MASK,SecInsuredMiddleName,,
ClaimHeaderHistory,SecInsuredLastName,Yes,MASK,SecInsuredLastName,,
ClaimHeaderHistory,SecInsuredSuffix,No,,,,
ClaimHeaderHistory,SecInsuredDateOfBirth,Yes,PATIENT_DOB,,,
ClaimHeaderHistory,SecInsuredSex,Yes,MASK,SecInsuredSex,,
ClaimHeaderHistory,SecInsuredAddressLine1,Yes,MASK,SecInsuredAddressLine1,,
ClaimHeaderHistory,SecInsuredAddressLine2,Yes,MASK,SecInsuredAddressLine2,,
ClaimHeaderHistory,SecInsuredCity,Yes,MASK,SecInsuredCity,,
ClaimHeaderHistory,SecInsuredState,No,,,,
ClaimHeaderHistory,SecInsuredZip,No,,,,
ClaimHeaderHistory,SecInsuredPhone,Yes,MASK,SecInsuredPhone,,
ClaimHeaderHistory,SecInsuredRelation,Yes,MASK,SecInsuredRelation,,
ClaimHeaderHistory,SecPolicyNumber,Yes,MASK,SecPolicyNumber,,
ClaimHeaderHistory,SecGroupNumber,No,,,,
ClaimHeaderHistory,SecSignature,No,,,,
ClaimHeaderHistory,SecReleaseInfo,Yes,MASK,SecReleaseInfo,,
ClaimHeaderHistory,SecAssignment,No,,,,
ClaimHeaderHistory,PriBillingIndicator,No,,,,
ClaimHeaderHistory,PriInsuranceCode,Yes,MASK,PriInsuranceCode,,
ClaimHeaderHistory,SecInsuranceCode,Yes,MASK,SecInsuranceCode,,
ClaimHeaderHistory,BillingProvTaxonomyCode,No,,,,
ClaimHeaderHistory,BillingEntityType,No,,,,
ClaimHeaderHistory,BillableProviderLastName,Yes,MASK,BillableProviderLastName,,
ClaimHeaderHistory,BillableProviderFirstName,Yes,MASK,BillableProviderFirstName,,
ClaimHeaderHistory,BillableProviderMiddleName,Yes,MASK,BillableProviderMiddleName,,
ClaimHeaderHistory,BillableProviderNameSuffix,No,,,,
ClaimHeaderHistory,BillProviderIndInsuranceType,Yes,MASK,BillProviderIndInsuranceType,,
ClaimHeaderHistory,BillProviderGrpInsuranceType,Yes,MASK,BillProviderGrpInsuranceType,,
ClaimHeaderHistory,BillGrpCareProviderIDNumber,Yes,MASK,BillGrpCareProviderIDNumber,,
ClaimHeaderHistory,BillIndCareProviderIDNumber,Yes,MASK,BillIndCareProviderIDNumber,,
ClaimHeaderHistory,RendProviderIndInsuranceType,No,,,,
ClaimHeaderHistory,RendProviderGrpInsuranceType,Yes,MASK,RendProviderGrpInsuranceType,,
ClaimHeaderHistory,ClaimPriority,No,,,,
ClaimHeaderHistory,PatPregnancyInd,Yes,MASK,PatPregnancyInd,,
ClaimHeaderHistory,ClaimTotalCharges,No,,,,
ClaimHeaderHistory,OrderDate,No,,,,
ClaimHeaderHistory,ReferralDate,No,,,,
ClaimHeaderHistory,SimilarIllnessDate,Yes,DATE_OFFSET,,,
ClaimHeaderHistory,AccidentDate,Yes,DATE_OFFSET,,,
ClaimHeaderHistory,LMPDate,No,,,,
ClaimHeaderHistory,EstimatedBirthDate,Yes,PATIENT_DOB,,,
ClaimHeaderHistory,HearingVisionRxDate,Yes,DATE_OFFSET,,,
ClaimHeaderHistory,DisabilityFromDate,Yes,DATE_OFFSET,,,
ClaimHeaderHistory,DisabilityToDate,No,,,,
ClaimHeaderHistory,LastWorkedDate,Yes,DATE_OFFSET,,,
ClaimHeaderHistory,ReturnToWorkDate,Yes,DATE_OFFSET,,,
ClaimHeaderHistory,AssumedCareDate,Yes,DATE_OFFSET,,,
ClaimHeaderHistory,RelinquishedCareDate,Yes,DATE_OFFSET,,,
ClaimHeaderHistory,ClaimPOS,No,,,,
ClaimHeaderHistory,ClaimFrequencyCode,No,,,,
ClaimHeaderHistory,PriAssignBenefits,No,,,,
ClaimHeaderHistory,OtherAccident,No,,,,
ClaimHeaderHistory,OtherPartyAccResp,No,,,,
ClaimHeaderHistory,SpecialProgramCode,No,,,,
ClaimHeaderHistory,ClaimDelayReasonCode,No,,,,
ClaimHeaderHistory,TotalPurchasedServiceAmt,No,,,,
ClaimHeaderHistory,ServiceAuthExceptionCode,No,,,,
ClaimHeaderHistory,ReferralNumber,No,,,,
ClaimHeaderHistory,OriginalClaimRefNumber,No,,,,
ClaimHeaderHistory,ReferringProviderIDType,No,,,,
ClaimHeaderHistory,RenderingProvTaxonomyCode,No,,,,
ClaimHeaderHistory,SecAssignBenefits,No,,,,
ClaimHeaderHistory,InsPersonID,Yes,MASK,InsPersonID,,
ClaimHeaderHistory,PatPersonID,Yes,PATIENT_ID,,,
ClaimHeaderHistory,TheCareProviderID,Yes,MASK,TheCareProviderID,,
ClaimHeaderHistory,TimelyFilingDays,No,,,,
ClaimHeaderHistory,CareProviderCredentials,No,,,,
ClaimHeaderHistory,ProviderMiddleName,Yes,MASK,ProviderMiddleName,,
ClaimHeaderHistory,ReferralMiddleName,Yes,MASK,ReferralMiddleName,,
ClaimHeaderHistory,SecondaryInsuranceType,Yes,MASK,SecondaryInsuranceType,,
ClaimHeaderHistory,PriInsuredEmployerName,Yes,MASK,PriInsuredEmployerName,,
ClaimHeaderHistory,PriInsuredEmployerAddressLine1,Yes,MASK,PriInsuredEmployerAddressLine1,,
ClaimHeaderHistory,PriInsuredEmployerAddressLine2,No,,,,
ClaimHeaderHistory,PriInsuredEmployerCity,No,,,,
ClaimHeaderHistory,PriInsuredEmployerState,No,,,,
ClaimHeaderHistory,PriInsuredEmployerZip,No,,,,
ClaimHeaderHistory,AccidentTime,No,,,,
ClaimHeaderHistory,PriPayerClaimOffice,No,,,,
ClaimHeaderHistory,SecPayerClaimOffice,No,,,,
ClaimHeaderHistory,PostedInsurancePaid,No,,,,
ClaimHeaderHistory,PostedPatientPaid,No,,,,
ClaimHeaderHistory,COBANumber,Yes,MASK,COBANumber,,
ClaimHeaderHistory,UsePerfRefRule,No,,,,
ClaimHeaderHistory,EPSDTReferralCode,No,,,,
ClaimHeaderHistory,CPOClaimFlag,No,,,,
ClaimHeaderHistory,LocationIDQualifier,No,,,,
ClaimHeaderHistory,SupervisingProviderID,No,,,,
ClaimHeaderHistory,SupervisingProviderFirstName,Yes,MASK,SupervisingProviderFirstName,,
ClaimHeaderHistory,SupervisingProviderLastName,Yes,MASK,SupervisingProviderLastName,,
ClaimHeaderHistory,SupervisingProviderMiddleName,Yes,MASK,SupervisingProviderMiddleName,,
ClaimHeaderHistory,SupervisingProviderSuffix,No,,,,
ClaimHeaderHistory,SupervisingProviderTaxID,Yes,MASK,SupervisingProviderTaxID,,
ClaimHeaderHistory,SupervisingProviderTaxIDType,No,,,,
ClaimHeaderHistory,SupervisingProviderIDNumber,Yes,MASK,SupervisingProviderIDNumber,,
ClaimHeaderHistory,SupervisingProviderIDType,No,,,,
ClaimHeaderHistory,OrganizationNPI,Yes,MASK,OrganizationNPI,,
ClaimHeaderHistory,RenderingProviderNPI,Yes,MASK,RenderingProviderNPI,,
ClaimHeaderHistory,BillableProviderNPI,Yes,MASK,BillableProviderNPI,,
ClaimHeaderHistory,ReferringProviderNPI,Yes,MASK,ReferringProviderNPI,,
ClaimHeaderHistory,SupervisingProviderNPI,Yes,MASK,SupervisingProviderNPI,,
ClaimHeaderHistory,ServiceLocationNPI,Yes,MASK,ServiceLocationNPI,,
ClaimHeaderHistory,NPIFlag,No,,,,
ClaimHeaderHistory,PriPayerSecondaryIDType,No,,,,
ClaimHeaderHistory,SecPayerSecondaryIDType,No,,,,
ClaimHeaderHistory,GroupTaxonomyCode,No,,,,
ClaimHeaderHistory,PriUseGroupTaxonomy,No,,,,
ClaimHeaderHistory,ClaimComment,No,,,,
ClaimHeaderHistory,InitialTxDate,Yes,DATE_OFFSET,,,
ClaimHeaderHistory,UBClaimPayorID,Yes,MASK,UBClaimPayorID,,
ClaimHeaderHistory,LocationQualifier,No,,,,
ClaimHeaderHistory,PayToIsPerson,No,,,,
ClaimHeaderHistory,PayToLastNameOrgName,Yes,MASK,PayToLastNameOrgName,,
ClaimHeaderHistory,PayToFirstName,Yes,MASK,PayToFirstName,,
ClaimHeaderHistory,PayToMiddleName,Yes,MASK,PayToMiddleName,,
ClaimHeaderHistory,PayToSuffix,No,,,,
ClaimHeaderHistory,PayToNPI,Yes,MASK,PayToNPI,,
ClaimHeaderHistory,PayToTaxID,Yes,MASK,PayToTaxID,,
ClaimHeaderHistory,PayToTaxIDType,Yes,MASK,PayToTaxIDType,,
ClaimHeaderHistory,PayToAddressLine1,Yes,MASK,PayToAddressLine1,,
ClaimHeaderHistory,PayToAddressLine2,Yes,MASK,PayToAddressLine2,,
ClaimHeaderHistory,PayToCity,Yes,MASK,PayToCity,,
ClaimHeaderHistory,PayToState,No,,,,
ClaimHeaderHistory,PayToZip,No,,,,
ClaimHeaderHistory,PayToSecCareProviderIDNumber,Yes,MASK,PayToSecCareProviderIDNumber,,
ClaimHeaderHistory,PayToSecInsuranceType,Yes,MASK,PayToSecInsuranceType,,
ClaimHeaderHistory,FileInformation,No,,,,
ClaimHeaderHistory,PropertyCasualtyClaimNumber,No,,,,
ClaimHeaderHistory,CPOLocationNPI,Yes,MASK,CPOLocationNPI,,
ClaimHeaderHistory,DemonstrationProjectID,No,,,,
ClaimHeaderHistory,ClaimIDPrefix,No,,,,
ClaimHeaderHistory,ProviderSuffix,No,,,,
ClaimHeaderHistory,Diagnosis9,No,,,,
ClaimHeaderHistory,Diagnosis10,Yes,MASK,Diagnosis10,,
ClaimHeaderHistory,Diagnosis11,Yes,MASK,Diagnosis11,,
ClaimHeaderHistory,Diagnosis12,Yes,MASK,Diagnosis12,,
ClaimHeaderHistory,Diagnosis1_ICD10,Yes,MASK,Diagnosis1_ICD10,,
ClaimHeaderHistory,Diagnosis2_ICD10,Yes,MASK,Diagnosis2_ICD10,,
ClaimHeaderHistory,Diagnosis3_ICD10,Yes,MASK,Diagnosis3_ICD10,,
ClaimHeaderHistory,Diagnosis4_ICD10,Yes,MASK,Diagnosis4_ICD10,,
ClaimHeaderHistory,Diagnosis5_ICD10,Yes,MASK,Diagnosis5_ICD10,,
ClaimHeaderHistory,Diagnosis6_ICD10,Yes,MASK,Diagnosis6_ICD10,,
ClaimHeaderHistory,Diagnosis7_ICD10,Yes,MASK,Diagnosis7_ICD10,,
ClaimHeaderHistory,Diagnosis8_ICD10,Yes,MASK,Diagnosis8_ICD10,,
ClaimHeaderHistory,Diagnosis9_ICD10,No,,,,
ClaimHeaderHistory,Diagnosis10_ICD10,Yes,MASK,Diagnosis10_ICD10,,
ClaimHeaderHistory,Diagnosis11_ICD10,Yes,MASK,Diagnosis11_ICD10,,
ClaimHeaderHistory,Diagnosis12_ICD10,Yes,MASK,Diagnosis12_ICD10,,
ClaimHeaderHistory,OverrideGroupTaxonomyCode,No,,,,
ClaimHeaderHistory,OverrideRenderingTaxonomyCode,No,,,,
ClaimHeaderHistory,InvestigationalDeviceExemption,No,,,,
ClaimHeaderHistory,CarrierCode,No,,,,
ClaimHeaderHistory,SendPrimaryCarrierCode,No,,,,
ClaimHeaderHistoryOLD,ClaimHistoryID,No,,,,
ClaimHeaderHistoryOLD,EClaimID,No,,,,
ClaimHeaderHistoryOLD,ClaimStatus,No,,,,
ClaimHeaderHistoryOLD,LastUpdated,No,,,,
ClaimHeaderHistoryOLD,CreateDate,Yes,STATIC_OFFSET,,,
ClaimHeaderHistoryOLD,Transmitted,No,,,,
ClaimHeaderHistoryOLD,BatchID,No,,,,
ClaimHeaderHistoryOLD,PatientID,Yes,PATIENT_ID,,,
ClaimHeaderHistoryOLD,PatFirstName,Yes,MASK,PatFirstName,,
ClaimHeaderHistoryOLD,PatMi,Yes,MASK,PatMi,,
ClaimHeaderHistoryOLD,PatMiddleName,Yes,MASK,PatMiddleName,,
ClaimHeaderHistoryOLD,PatLastName,Yes,MASK,PatLastName,,
ClaimHeaderHistoryOLD,PatSuffix,No,,,,
ClaimHeaderHistoryOLD,PatGeneration,No,,,,
ClaimHeaderHistoryOLD,PatDateOfBirth,Yes,PATIENT_DOB,,,
ClaimHeaderHistoryOLD,PatSex,Yes,MASK,PatSex,,
ClaimHeaderHistoryOLD,PatAddress1,Yes,MASK,PatAddress1,,
ClaimHeaderHistoryOLD,PatAddress2,Yes,MASK,PatAddress2,,
ClaimHeaderHistoryOLD,PatCity,Yes,MASK,PatCity,,
ClaimHeaderHistoryOLD,PatState,No,,,,
ClaimHeaderHistoryOLD,PatZip,No,,,,
ClaimHeaderHistoryOLD,PatPhone,Yes,MASK,PatPhone,,
ClaimHeaderHistoryOLD,PatMaritalStatus,No,,,,
ClaimHeaderHistoryOLD,PatStudentStatus,No,,,,
ClaimHeaderHistoryOLD,PatEmploymentStatus,No,,,,
ClaimHeaderHistoryOLD,PatDeathInd,No,,,,
ClaimHeaderHistoryOLD,PatientDateOfDeath,Yes,STATIC_OFFSET,,,
ClaimHeaderHistoryOLD,Diagnosis1,Yes,MASK,Diagnosis1,,
ClaimHeaderHistoryOLD,Diagnosis2,No,,,,
ClaimHeaderHistoryOLD,Diagnosis3,No,,,,
ClaimHeaderHistoryOLD,Diagnosis4,Yes,MASK,Diagnosis4,,
ClaimHeaderHistoryOLD,Diagnosis5,Yes,MASK,Diagnosis5,,
ClaimHeaderHistoryOLD,Diagnosis6,No,,,,
ClaimHeaderHistoryOLD,Diagnosis7,Yes,MASK,Diagnosis7,,
ClaimHeaderHistoryOLD,Diagnosis8,No,,,,
ClaimHeaderHistoryOLD,FacilityLocationID,No,,,,
ClaimHeaderHistoryOLD,OtherLocationID,No,,,,
ClaimHeaderHistoryOLD,FacilityLocationName,Yes,MASK,FacilityLocationName,,
ClaimHeaderHistoryOLD,FacilityLocationAddress,Yes,MASK,FacilityLocationAddress,,
ClaimHeaderHistoryOLD,FacilityLocationCity,Yes,MASK,FacilityLocationCity,,
ClaimHeaderHistoryOLD,FacilityLocationState,No,,,,
ClaimHeaderHistoryOLD,FacilityLocationZip,No,,,,
ClaimHeaderHistoryOLD,AdmitDate,Yes,STATIC_OFFSET,,,
ClaimHeaderHistoryOLD,DischargeDate,Yes,STATIC_OFFSET,,,
ClaimHeaderHistoryOLD,CareProviderID,No,,,,
ClaimHeaderHistoryOLD,ProviderLastName,Yes,MASK,ProviderLastName,,
ClaimHeaderHistoryOLD,ProviderFirstName,Yes,MASK,ProviderFirstName,,
ClaimHeaderHistoryOLD,ProviderUpin,No,,,,
ClaimHeaderHistoryOLD,TaxIndicatorID,No,,,,
ClaimHeaderHistoryOLD,ProviderTaxID,Yes,MASK,ProviderTaxID,,
ClaimHeaderHistoryOLD,ProviderPlanProviderNumber,No,,,,
ClaimHeaderHistoryOLD,PriPlanHmoCode,No,,,,
ClaimHeaderHistoryOLD,GrpCareProviderIDNumber,Yes,MASK,GrpCareProviderIDNumber,,
ClaimHeaderHistoryOLD,MammographyCertID,No,,,,
ClaimHeaderHistoryOLD,CLIACode,No,,,,
ClaimHeaderHistoryOLD,BillingLocationID,No,,,,
ClaimHeaderHistoryOLD,BillingName,No,,,,
ClaimHeaderHistoryOLD,BillingAddressLine1,Yes,MASK,BillingAddressLine1,,
ClaimHeaderHistoryOLD,BillingAddressLine2,No,,,,
ClaimHeaderHistoryOLD,BillingCity,Yes,MASK,BillingCity,,
ClaimHeaderHistoryOLD,BillingState,No,,,,
ClaimHeaderHistoryOLD,BillingZip,No,,,,
ClaimHeaderHistoryOLD,BillingPhone,Yes,MASK,BillingPhone,,
ClaimHeaderHistoryOLD,PriPlanNumber,Yes,MASK,PriPlanNumber,,
ClaimHeaderHistoryOLD,CareProviderSpecialtyCode,No,,,,
ClaimHeaderHistoryOLD,ReferringProviderID,Yes,MASK,ReferringProviderID,,
ClaimHeaderHistoryOLD,ReferralLastName,Yes,MASK,ReferralLastName,,
ClaimHeaderHistoryOLD,ReferralFirstName,Yes,MASK,ReferralFirstName,,
ClaimHeaderHistoryOLD,ReferralUpin,No,,,,
ClaimHeaderHistoryOLD,AutoRelated,No,,,,
ClaimHeaderHistoryOLD,AutoAccidentState,No,,,,
ClaimHeaderHistoryOLD,WorkRelated,No,,,,
ClaimHeaderHistoryOLD,SymptomDate,Yes,STATIC_OFFSET,,,
ClaimHeaderHistoryOLD,LastSeenByOtherPhy,No,,,,
ClaimHeaderHistoryOLD,PriorAuthorizationNumber,No,,,,
ClaimHeaderHistoryOLD,OutsideLab,No,,,,
ClaimHeaderHistoryOLD,OutsideLabCharges,No,,,,
ClaimHeaderHistoryOLD,ImplantDate,Yes,STATIC_OFFSET,,,
ClaimHeaderHistoryOLD,PriInsCoverageID,Yes,MASK,PriInsCoverageID,,
ClaimHeaderHistoryOLD,PriFilePlanID,No,,,,
ClaimHeaderHistoryOLD,PriPayorID,Yes,MASK,PriPayorID,,
ClaimHeaderHistoryOLD,PriPayorName,Yes,MASK,PriPayorName,,
ClaimHeaderHistoryOLD,PriPlanID,Yes,MASK,PriPlanID,,
ClaimHeaderHistoryOLD,PriInsuranceTypeID,Yes,MASK,PriInsuranceTypeID,,
ClaimHeaderHistoryOLD,MedigapNumber,Yes,MASK,MedigapNumber,,
ClaimHeaderHistoryOLD,PriPlanName,No,,,,
ClaimHeaderHistoryOLD,PriPlanAddress,Yes,MASK,PriPlanAddress,,
ClaimHeaderHistoryOLD,PriCity,No,,,,
ClaimHeaderHistoryOLD,PriState,No,,,,
ClaimHeaderHistoryOLD,PriZip,No,,,,
ClaimHeaderHistoryOLD,PriInsuredFirstName,Yes,MASK,PriInsuredFirstName,,
ClaimHeaderHistoryOLD,PriInsuredMiddleName,Yes,MASK,PriInsuredMiddleName,,
ClaimHeaderHistoryOLD,PriInsuredLastName,Yes,MASK,PriInsuredLastName,,
ClaimHeaderHistoryOLD,PriInsuredSuffix,No,,,,
ClaimHeaderHistoryOLD,PriInsuredDateOfBirth,Yes,PATIENT_DOB,,,
ClaimHeaderHistoryOLD,PriInsuredSex,Yes,MASK,PriInsuredSex,,
ClaimHeaderHistoryOLD,PriInsuredAddressLine1,Yes,MASK,PriInsuredAddressLine1,,
ClaimHeaderHistoryOLD,PriInsuredAddressLine2,No,,,,
ClaimHeaderHistoryOLD,PriInsuredCity,Yes,MASK,PriInsuredCity,,
ClaimHeaderHistoryOLD,PriInsuredState,No,,,,
ClaimHeaderHistoryOLD,PriInsuredZip,No,,,,
ClaimHeaderHistoryOLD,PriInsuredPhone,Yes,MASK,PriInsuredPhone,,
ClaimHeaderHistoryOLD,PriInsuredRelation,No,,,,
ClaimHeaderHistoryOLD,PriPolicyNumber,Yes,MASK,PriPolicyNumber,,
ClaimHeaderHistoryOLD,PriGroupNumber,No,,,,
ClaimHeaderHistoryOLD,PriSignature,No,,,,
ClaimHeaderHistoryOLD,PriReleaseInfo,No,,,,
ClaimHeaderHistoryOLD,PriAssignment,No,,,,
ClaimHeaderHistoryOLD,SecInsCoverageID,No,,,,
ClaimHeaderHistoryOLD,SecFilePlanID,No,,,,
ClaimHeaderHistoryOLD,SecInsuranceTypeID,No,,,,
ClaimHeaderHistoryOLD,SecPayorID,No,,,,
ClaimHeaderHistoryOLD,SecPayorName,No,,,,
ClaimHeaderHistoryOLD,SecPlanID,No,,,,
ClaimHeaderHistoryOLD,SecPlanName,No,,,,
ClaimHeaderHistoryOLD,SecPlanAddress,No,,,,
ClaimHeaderHistoryOLD,SecCity,No,,,,
ClaimHeaderHistoryOLD,SecState,No,,,,
ClaimHeaderHistoryOLD,SecZip,No,,,,
ClaimHeaderHistoryOLD,SecInsuredFirstName,Yes,MASK,SecInsuredFirstName,,
ClaimHeaderHistoryOLD,SecInsuredMiddleName,Yes,MASK,SecInsuredMiddleName,,
ClaimHeaderHistoryOLD,SecInsuredLastName,Yes,MASK,SecInsuredLastName,,
ClaimHeaderHistoryOLD,SecInsuredSuffix,No,,,,
ClaimHeaderHistoryOLD,SecInsuredDateOfBirth,Yes,PATIENT_DOB,,,
ClaimHeaderHistoryOLD,SecInsuredSex,No,,,,
ClaimHeaderHistoryOLD,SecInsuredAddressLine1,Yes,MASK,SecInsuredAddressLine1,,
ClaimHeaderHistoryOLD,SecInsuredAddressLine2,No,,,,
ClaimHeaderHistoryOLD,SecInsuredCity,Yes,MASK,SecInsuredCity,,
ClaimHeaderHistoryOLD,SecInsuredState,No,,,,
ClaimHeaderHistoryOLD,SecInsuredZip,No,,,,
ClaimHeaderHistoryOLD,SecInsuredPhone,Yes,MASK,SecInsuredPhone,,
ClaimHeaderHistoryOLD,SecInsuredRelation,No,,,,
ClaimHeaderHistoryOLD,SecPolicyNumber,Yes,MASK,SecPolicyNumber,,
ClaimHeaderHistoryOLD,SecGroupNumber,No,,,,
ClaimHeaderHistoryOLD,SecSignature,No,,,,
ClaimHeaderHistoryOLD,SecReleaseInfo,No,,,,
ClaimHeaderHistoryOLD,SecAssignment,No,,,,
ClaimHeaderHistoryOLD,PriBillingIndicator,No,,,,
ClaimHeaderHistoryOLD,PriInsuranceCode,Yes,MASK,PriInsuranceCode,,
ClaimHeaderHistoryOLD,SecInsuranceCode,No,,,,
ClaimHeaderHistoryOLD,BillingProvTaxonomyCode,No,,,,
ClaimHeaderHistoryOLD,BillingEntityType,No,,,,
ClaimHeaderHistoryOLD,BillableProviderLastName,Yes,MASK,BillableProviderLastName,,
ClaimHeaderHistoryOLD,BillableProviderFirstName,Yes,MASK,BillableProviderFirstName,,
ClaimHeaderHistoryOLD,BillableProviderMiddleName,Yes,MASK,BillableProviderMiddleName,,
ClaimHeaderHistoryOLD,BillableProviderNameSuffix,No,,,,
ClaimHeaderHistoryOLD,BillProviderIndInsuranceType,No,,,,
ClaimHeaderHistoryOLD,BillProviderGrpInsuranceType,No,,,,
ClaimHeaderHistoryOLD,BillGrpCareProviderIDNumber,Yes,MASK,BillGrpCareProviderIDNumber,,
ClaimHeaderHistoryOLD,BillIndCareProviderIDNumber,Yes,MASK,BillIndCareProviderIDNumber,,
ClaimHeaderHistoryOLD,RendProviderIndInsuranceType,No,,,,
ClaimHeaderHistoryOLD,RendProviderGrpInsuranceType,No,,,,
ClaimHeaderHistoryOLD,ClaimPriority,No,,,,
ClaimHeaderHistoryOLD,PatPregnancyInd,No,,,,
ClaimHeaderHistoryOLD,ClaimTotalCharges,No,,,,
ClaimHeaderHistoryOLD,OrderDate,Yes,STATIC_OFFSET,,,
ClaimHeaderHistoryOLD,ReferralDate,Yes,STATIC_OFFSET,,,
ClaimHeaderHistoryOLD,SimilarIllnessDate,Yes,STATIC_OFFSET,,,
ClaimHeaderHistoryOLD,AccidentDate,Yes,STATIC_OFFSET,,,
ClaimHeaderHistoryOLD,LMPDate,Yes,STATIC_OFFSET,,,
ClaimHeaderHistoryOLD,EstimatedBirthDate,Yes,PATIENT_DOB,,,
ClaimHeaderHistoryOLD,HearingVisionRxDate,No,,,,
ClaimHeaderHistoryOLD,DisabilityFromDate,Yes,STATIC_OFFSET,,,
ClaimHeaderHistoryOLD,DisabilityToDate,No,,,,
ClaimHeaderHistoryOLD,LastWorkedDate,Yes,STATIC_OFFSET,,,
ClaimHeaderHistoryOLD,ReturnToWorkDate,Yes,STATIC_OFFSET,,,
ClaimHeaderHistoryOLD,AssumedCareDate,Yes,STATIC_OFFSET,,,
ClaimHeaderHistoryOLD,RelinquishedCareDate,Yes,STATIC_OFFSET,,,
ClaimHeaderHistoryOLD,ClaimPOS,No,,,,
ClaimHeaderHistoryOLD,ClaimFrequencyCode,No,,,,
ClaimHeaderHistoryOLD,PriAssignBenefits,No,,,,
ClaimHeaderHistoryOLD,OtherAccident,No,,,,
ClaimHeaderHistoryOLD,OtherPartyAccResp,No,,,,
ClaimHeaderHistoryOLD,SpecialProgramCode,No,,,,
ClaimHeaderHistoryOLD,ClaimDelayReasonCode,No,,,,
ClaimHeaderHistoryOLD,TotalPurchasedServiceAmt,No,,,,
ClaimHeaderHistoryOLD,ServiceAuthExceptionCode,No,,,,
ClaimHeaderHistoryOLD,ReferralNumber,No,,,,
ClaimHeaderHistoryOLD,OriginalClaimRefNumber,No,,,,
ClaimHeaderHistoryOLD,ReferringProviderIDType,No,,,,
ClaimHeaderHistoryOLD,RenderingProvTaxonomyCode,No,,,,
ClaimHeaderHistoryOLD,SecAssignBenefits,No,,,,
ClaimHeaderHistoryOLD,InsPersonID,No,,,,
ClaimHeaderHistoryOLD,PatPersonID,No,,,,
ClaimHeaderHistoryOLD,TheCareProviderID,No,,,,
ClaimHeaderHistoryOLD,TimelyFilingDays,No,,,,
ClaimHeaderHistoryOLD,CareProviderCredentials,No,,,,
ClaimHeaderHistoryOLD,ProviderMiddleName,Yes,MASK,ProviderMiddleName,,
ClaimHeaderHistoryOLD,ReferralMiddleName,Yes,MASK,ReferralMiddleName,,
ClaimHeaderHistoryOLD,SecondaryInsuranceType,No,,,,
ClaimHeaderHistoryOLD,PriInsuredEmployerName,Yes,MASK,PriInsuredEmployerName,,
ClaimHeaderHistoryOLD,PriInsuredEmployerAddressLine1,Yes,MASK,PriInsuredEmployerAddressLine1,,
ClaimHeaderHistoryOLD,PriInsuredEmployerAddressLine2,No,,,,
ClaimHeaderHistoryOLD,PriInsuredEmployerCity,Yes,MASK,PriInsuredEmployerCity,,
ClaimHeaderHistoryOLD,PriInsuredEmployerState,No,,,,
ClaimHeaderHistoryOLD,PriInsuredEmployerZip,No,,,,
ClaimHeaderHistoryOLD,AccidentTime,No,,,,
ClaimHeaderHistoryOLD,PriPayerClaimOffice,No,,,,
ClaimHeaderHistoryOLD,SecPayerClaimOffice,No,,,,
ClaimHeaderHistoryOLD,PostedInsurancePaid,No,,,,
ClaimHeaderHistoryOLD,PostedPatientPaid,No,,,,
ClaimHeaderHistoryOLD,COBANumber,No,,,,
ClaimHeaderHistoryOLD,UsePerfRefRule,No,,,,
ClaimHeaderHistoryOLD,EPSDTReferralCode,No,,,,
ClaimHeaderHistoryOLD,CPOClaimFlag,No,,,,
ClaimHeaderHistoryOLD,LocationIDQualifier,No,,,,
ClaimHeaderHistoryOLD,SupervisingProviderID,Yes,MASK,SupervisingProviderID,,
ClaimHeaderHistoryOLD,SupervisingProviderFirstName,Yes,MASK,SupervisingProviderFirstName,,
ClaimHeaderHistoryOLD,SupervisingProviderLastName,Yes,MASK,SupervisingProviderLastName,,
ClaimHeaderHistoryOLD,SupervisingProviderMiddleName,Yes,MASK,SupervisingProviderMiddleName,,
ClaimHeaderHistoryOLD,SupervisingProviderSuffix,No,,,,
ClaimHeaderHistoryOLD,SupervisingProviderTaxID,Yes,MASK,SupervisingProviderTaxID,,
ClaimHeaderHistoryOLD,SupervisingProviderTaxIDType,No,,,,
ClaimHeaderHistoryOLD,SupervisingProviderIDNumber,Yes,MASK,SupervisingProviderIDNumber,,
ClaimHeaderHistoryOLD,SupervisingProviderIDType,No,,,,
ClaimHeaderHistoryOLD,OrganizationNPI,Yes,MASK,OrganizationNPI,,
ClaimHeaderHistoryOLD,RenderingProviderNPI,Yes,MASK,RenderingProviderNPI,,
ClaimHeaderHistoryOLD,BillableProviderNPI,No,,,,
ClaimHeaderHistoryOLD,ReferringProviderNPI,Yes,MASK,ReferringProviderNPI,,
ClaimHeaderHistoryOLD,SupervisingProviderNPI,Yes,MASK,SupervisingProviderNPI,,
ClaimHeaderHistoryOLD,ServiceLocationNPI,Yes,MASK,ServiceLocationNPI,,
ClaimHeaderHistoryOLD,NPIFlag,No,,,,
ClaimHeaderHistoryOLD,PriPayerSecondaryIDType,No,,,,
ClaimHeaderHistoryOLD,SecPayerSecondaryIDType,Yes,MASK,SecPayerSecondaryIDType,,
ClaimHeaderHistoryOLD,GroupTaxonomyCode,No,,,,
ClaimHeaderHistoryOLD,PriUseGroupTaxonomy,No,,,,
ClaimHeaderHistoryOLD,nd_auto_increment_id,No,,,,
ClaimHeaderProviderInfoHistory,ClaimHistoryID,No,,,,
ClaimHeaderProviderInfoHistory,BatchID,No,,,,
ClaimHeaderProviderInfoHistory,EClaimID,No,,,,
ClaimHeaderProviderInfoHistory,TheCareProviderID,Yes,MASK,TheCareProviderID,,
ClaimHeaderProviderInfoHistory,PriPlanID,Yes,MASK,PriPlanID,,
ClaimHeaderProviderInfoHistory,IsPrimaryTypeNumber,No,,,,
ClaimHeaderProviderInfoHistory,ProviderIndInsuranceType,Yes,MASK,ProviderIndInsuranceType,,
ClaimHeaderProviderInfoHistory,ProviderGrpInsuranceType,Yes,MASK,ProviderGrpInsuranceType,,
ClaimHeaderProviderInfoHistory,GrpCareProviderIDNumber,Yes,MASK,GrpCareProviderIDNumber,,
ClaimHeaderProviderInfoHistory,IndCareProviderIDNumber,Yes,MASK,IndCareProviderIDNumber,,
ClaimHeaderProviderInfoHistory,PerfRefType,No,,,,
ClaimHeaderProviderInfoStage,BatchID,No,,,,
ClaimHeaderProviderInfoStage,EClaimID,No,,,,
ClaimHeaderProviderInfoStage,PriPlanID,Yes,MASK,PriPlanID,,
ClaimHeaderProviderInfoStage,TheCareProviderID,Yes,MASK,TheCareProviderID,,
ClaimHeaderProviderInfoStage,IsPrimaryTypeNumber,No,,,,
ClaimHeaderProviderInfoStage,ProviderIndInsuranceType,No,,,,
ClaimHeaderProviderInfoStage,ProviderGrpInsuranceType,No,,,,
ClaimHeaderProviderInfoStage,GrpCareProviderIDNumber,Yes,MASK,GrpCareProviderIDNumber,,
ClaimHeaderProviderInfoStage,IndCareProviderIDNumber,Yes,MASK,IndCareProviderIDNumber,,
ClaimHeaderProviderInfoStage,PerfRefType,No,,,,
ClaimHeaderStage,EClaimID,No,,,,
ClaimHeaderStage,ClaimStatus,No,,,,
ClaimHeaderStage,LastUpdated,No,,,,
ClaimHeaderStage,CreateDate,Yes,STATIC_OFFSET,,,
ClaimHeaderStage,Transmitted,No,,,,
ClaimHeaderStage,BatchID,No,,,,
ClaimHeaderStage,PatientID,Yes,PATIENT_ID,,,
ClaimHeaderStage,PatFirstName,Yes,MASK,PatFirstName,,
ClaimHeaderStage,PatMi,No,,,,
ClaimHeaderStage,PatMiddleName,Yes,MASK,PatMiddleName,,
ClaimHeaderStage,PatLastName,Yes,MASK,PatLastName,,
ClaimHeaderStage,PatSuffix,No,,,,
ClaimHeaderStage,PatGeneration,No,,,,
ClaimHeaderStage,PatDateOfBirth,Yes,PATIENT_DOB,,,
ClaimHeaderStage,PatSex,Yes,MASK,PatSex,,
ClaimHeaderStage,PatAddress1,Yes,MASK,PatAddress1,,
ClaimHeaderStage,PatAddress2,Yes,MASK,PatAddress2,,
ClaimHeaderStage,PatCity,Yes,MASK,PatCity,,
ClaimHeaderStage,PatState,No,,,,
ClaimHeaderStage,PatZip,No,,,,
ClaimHeaderStage,PatPhone,Yes,MASK,PatPhone,,
ClaimHeaderStage,PatMaritalStatus,Yes,MASK,PatMaritalStatus,,
ClaimHeaderStage,PatStudentStatus,No,,,,
ClaimHeaderStage,PatEmploymentStatus,No,,,,
ClaimHeaderStage,PatDeathInd,No,,,,
ClaimHeaderStage,PatientDateOfDeath,Yes,STATIC_OFFSET,,,
ClaimHeaderStage,Diagnosis1,Yes,MASK,Diagnosis1,,
ClaimHeaderStage,Diagnosis2,No,,,,
ClaimHeaderStage,Diagnosis3,Yes,MASK,Diagnosis3,,
ClaimHeaderStage,Diagnosis4,No,,,,
ClaimHeaderStage,Diagnosis5,Yes,MASK,Diagnosis5,,
ClaimHeaderStage,Diagnosis6,No,,,,
ClaimHeaderStage,Diagnosis7,No,,,,
ClaimHeaderStage,Diagnosis8,No,,,,
ClaimHeaderStage,FacilityLocationID,No,,,,
ClaimHeaderStage,OtherLocationID,No,,,,
ClaimHeaderStage,FacilityLocationName,Yes,MASK,FacilityLocationName,,
ClaimHeaderStage,FacilityLocationAddress,Yes,MASK,FacilityLocationAddress,,
ClaimHeaderStage,FacilityLocationCity,Yes,MASK,FacilityLocationCity,,
ClaimHeaderStage,FacilityLocationState,No,,,,
ClaimHeaderStage,FacilityLocationZip,No,,,,
ClaimHeaderStage,AdmitDate,Yes,STATIC_OFFSET,,,
ClaimHeaderStage,DischargeDate,Yes,STATIC_OFFSET,,,
ClaimHeaderStage,CareProviderID,Yes,MASK,CareProviderID,,
ClaimHeaderStage,ProviderLastName,Yes,MASK,ProviderLastName,,
ClaimHeaderStage,ProviderFirstName,Yes,MASK,ProviderFirstName,,
ClaimHeaderStage,ProviderUpin,No,,,,
ClaimHeaderStage,TaxIndicatorID,No,,,,
ClaimHeaderStage,ProviderTaxID,Yes,MASK,ProviderTaxID,,
ClaimHeaderStage,ProviderPlanProviderNumber,Yes,MASK,ProviderPlanProviderNumber,,
ClaimHeaderStage,PriPlanHmoCode,No,,,,
ClaimHeaderStage,GrpCareProviderIDNumber,Yes,MASK,GrpCareProviderIDNumber,,
ClaimHeaderStage,MammographyCertID,Yes,MASK,MammographyCertID,,
ClaimHeaderStage,CLIACode,No,,,,
ClaimHeaderStage,BillingLocationID,No,,,,
ClaimHeaderStage,BillingName,Yes,MASK,BillingName,,
ClaimHeaderStage,BillingAddressLine1,Yes,MASK,BillingAddressLine1,,
ClaimHeaderStage,BillingAddressLine2,No,,,,
ClaimHeaderStage,BillingCity,Yes,MASK,BillingCity,,
ClaimHeaderStage,BillingState,No,,,,
ClaimHeaderStage,BillingZip,No,,,,
ClaimHeaderStage,BillingPhone,Yes,MASK,BillingPhone,,
ClaimHeaderStage,PriPlanNumber,Yes,MASK,PriPlanNumber,,
ClaimHeaderStage,CareProviderSpecialtyCode,No,,,,
ClaimHeaderStage,ReferringProviderID,No,,,,
ClaimHeaderStage,ReferralLastName,Yes,MASK,ReferralLastName,,
ClaimHeaderStage,ReferralFirstName,Yes,MASK,ReferralFirstName,,
ClaimHeaderStage,ReferralUpin,No,,,,
ClaimHeaderStage,AutoRelated,No,,,,
ClaimHeaderStage,AutoAccidentState,No,,,,
ClaimHeaderStage,WorkRelated,No,,,,
ClaimHeaderStage,SymptomDate,No,,,,
ClaimHeaderStage,LastSeenByOtherPhy,No,,,,
ClaimHeaderStage,PriorAuthorizationNumber,Yes,MASK,PriorAuthorizationNumber,,
ClaimHeaderStage,OutsideLab,No,,,,
ClaimHeaderStage,OutsideLabCharges,No,,,,
ClaimHeaderStage,ImplantDate,Yes,STATIC_OFFSET,,,
ClaimHeaderStage,PriInsCoverageID,Yes,MASK,PriInsCoverageID,,
ClaimHeaderStage,PriFilePlanID,No,,,,
ClaimHeaderStage,PriPayorID,Yes,MASK,PriPayorID,,
ClaimHeaderStage,PriPayorName,Yes,MASK,PriPayorName,,
ClaimHeaderStage,PriPlanID,Yes,MASK,PriPlanID,,
ClaimHeaderStage,PriInsuranceTypeID,Yes,MASK,PriInsuranceTypeID,,
ClaimHeaderStage,MedigapNumber,Yes,MASK,MedigapNumber,,
ClaimHeaderStage,PriPlanName,Yes,MASK,PriPlanName,,
ClaimHeaderStage,PriPlanAddress,Yes,MASK,PriPlanAddress,,
ClaimHeaderStage,PriCity,Yes,MASK,PriCity,,
ClaimHeaderStage,PriState,No,,,,
ClaimHeaderStage,PriZip,No,,,,
ClaimHeaderStage,PriInsuredFirstName,Yes,MASK,PriInsuredFirstName,,
ClaimHeaderStage,PriInsuredMiddleName,Yes,MASK,PriInsuredMiddleName,,
ClaimHeaderStage,PriInsuredLastName,Yes,MASK,PriInsuredLastName,,
ClaimHeaderStage,PriInsuredSuffix,No,,,,
ClaimHeaderStage,PriInsuredDateOfBirth,Yes,PATIENT_DOB,,,
ClaimHeaderStage,PriInsuredSex,Yes,MASK,PriInsuredSex,,
ClaimHeaderStage,PriInsuredAddressLine1,Yes,MASK,PriInsuredAddressLine1,,
ClaimHeaderStage,PriInsuredAddressLine2,No,,,,
ClaimHeaderStage,PriInsuredCity,Yes,MASK,PriInsuredCity,,
ClaimHeaderStage,PriInsuredState,No,,,,
ClaimHeaderStage,PriInsuredZip,No,,,,
ClaimHeaderStage,PriInsuredPhone,Yes,MASK,PriInsuredPhone,,
ClaimHeaderStage,PriInsuredRelation,No,,,,
ClaimHeaderStage,PriPolicyNumber,Yes,MASK,PriPolicyNumber,,
ClaimHeaderStage,PriGroupNumber,Yes,MASK,PriGroupNumber,,
ClaimHeaderStage,PriSignature,No,,,,
ClaimHeaderStage,PriReleaseInfo,No,,,,
ClaimHeaderStage,PriAssignment,No,,,,
ClaimHeaderStage,SecInsCoverageID,Yes,MASK,SecInsCoverageID,,
ClaimHeaderStage,SecFilePlanID,No,,,,
ClaimHeaderStage,SecInsuranceTypeID,No,,,,
ClaimHeaderStage,SecPayorID,No,,,,
ClaimHeaderStage,SecPayorName,Yes,MASK,SecPayorName,,
ClaimHeaderStage,SecPlanID,No,,,,
ClaimHeaderStage,SecPlanName,No,,,,
ClaimHeaderStage,SecPlanAddress,Yes,MASK,SecPlanAddress,,
ClaimHeaderStage,SecCity,No,,,,
ClaimHeaderStage,SecState,No,,,,
ClaimHeaderStage,SecZip,No,,,,
ClaimHeaderStage,SecInsuredFirstName,Yes,MASK,SecInsuredFirstName,,
ClaimHeaderStage,SecInsuredMiddleName,Yes,MASK,SecInsuredMiddleName,,
ClaimHeaderStage,SecInsuredLastName,Yes,MASK,SecInsuredLastName,,
ClaimHeaderStage,SecInsuredSuffix,No,,,,
ClaimHeaderStage,SecInsuredDateOfBirth,Yes,PATIENT_DOB,,,
ClaimHeaderStage,SecInsuredSex,No,,,,
ClaimHeaderStage,SecInsuredAddressLine1,Yes,MASK,SecInsuredAddressLine1,,
ClaimHeaderStage,SecInsuredAddressLine2,No,,,,
ClaimHeaderStage,SecInsuredCity,Yes,MASK,SecInsuredCity,,
ClaimHeaderStage,SecInsuredState,No,,,,
ClaimHeaderStage,SecInsuredZip,No,,,,
ClaimHeaderStage,SecInsuredPhone,Yes,MASK,SecInsuredPhone,,
ClaimHeaderStage,SecInsuredRelation,No,,,,
ClaimHeaderStage,SecPolicyNumber,Yes,MASK,SecPolicyNumber,,
ClaimHeaderStage,SecGroupNumber,Yes,MASK,SecGroupNumber,,
ClaimHeaderStage,SecSignature,No,,,,
ClaimHeaderStage,SecReleaseInfo,No,,,,
ClaimHeaderStage,SecAssignment,No,,,,
ClaimHeaderStage,PriBillingIndicator,No,,,,
ClaimHeaderStage,PriInsuranceCode,No,,,,
ClaimHeaderStage,SecInsuranceCode,No,,,,
ClaimHeaderStage,BillingProvTaxonomyCode,No,,,,
ClaimHeaderStage,BillingEntityType,No,,,,
ClaimHeaderStage,BillableProviderLastName,Yes,MASK,BillableProviderLastName,,
ClaimHeaderStage,BillableProviderFirstName,Yes,MASK,BillableProviderFirstName,,
ClaimHeaderStage,BillableProviderMiddleName,Yes,MASK,BillableProviderMiddleName,,
ClaimHeaderStage,BillableProviderNameSuffix,No,,,,
ClaimHeaderStage,BillProviderIndInsuranceType,No,,,,
ClaimHeaderStage,BillProviderGrpInsuranceType,No,,,,
ClaimHeaderStage,BillGrpCareProviderIDNumber,Yes,MASK,BillGrpCareProviderIDNumber,,
ClaimHeaderStage,BillIndCareProviderIDNumber,Yes,MASK,BillIndCareProviderIDNumber,,
ClaimHeaderStage,RendProviderIndInsuranceType,No,,,,
ClaimHeaderStage,RendProviderGrpInsuranceType,No,,,,
ClaimHeaderStage,ClaimPriority,No,,,,
ClaimHeaderStage,PatPregnancyInd,No,,,,
ClaimHeaderStage,ClaimTotalCharges,No,,,,
ClaimHeaderStage,OrderDate,Yes,STATIC_OFFSET,,,
ClaimHeaderStage,ReferralDate,Yes,STATIC_OFFSET,,,
ClaimHeaderStage,SimilarIllnessDate,Yes,STATIC_OFFSET,,,
ClaimHeaderStage,AccidentDate,Yes,STATIC_OFFSET,,,
ClaimHeaderStage,LMPDate,Yes,STATIC_OFFSET,,,
ClaimHeaderStage,EstimatedBirthDate,Yes,PATIENT_DOB,,,
ClaimHeaderStage,HearingVisionRxDate,Yes,STATIC_OFFSET,,,
ClaimHeaderStage,DisabilityFromDate,Yes,STATIC_OFFSET,,,
ClaimHeaderStage,DisabilityToDate,No,,,,
ClaimHeaderStage,LastWorkedDate,Yes,STATIC_OFFSET,,,
ClaimHeaderStage,ReturnToWorkDate,Yes,STATIC_OFFSET,,,
ClaimHeaderStage,AssumedCareDate,Yes,STATIC_OFFSET,,,
ClaimHeaderStage,RelinquishedCareDate,Yes,STATIC_OFFSET,,,
ClaimHeaderStage,ClaimPOS,No,,,,
ClaimHeaderStage,ClaimFrequencyCode,No,,,,
ClaimHeaderStage,PriAssignBenefits,No,,,,
ClaimHeaderStage,OtherAccident,No,,,,
ClaimHeaderStage,OtherPartyAccResp,No,,,,
ClaimHeaderStage,SpecialProgramCode,No,,,,
ClaimHeaderStage,ClaimDelayReasonCode,No,,,,
ClaimHeaderStage,TotalPurchasedServiceAmt,No,,,,
ClaimHeaderStage,ServiceAuthExceptionCode,No,,,,
ClaimHeaderStage,ReferralNumber,No,,,,
ClaimHeaderStage,OriginalClaimRefNumber,No,,,,
ClaimHeaderStage,ReferringProviderIDType,No,,,,
ClaimHeaderStage,RenderingProvTaxonomyCode,No,,,,
ClaimHeaderStage,SecAssignBenefits,No,,,,
ClaimHeaderStage,PatPersonID,No,,,,
ClaimHeaderStage,InsPersonID,Yes,MASK,InsPersonID,,
ClaimHeaderStage,TheCareProviderID,No,,,,
ClaimHeaderStage,TimelyFilingDays,No,,,,
ClaimHeaderStage,CareProviderCredentials,No,,,,
ClaimHeaderStage,ProviderMiddleName,Yes,MASK,ProviderMiddleName,,
ClaimHeaderStage,ReferralMiddleName,No,,,,
ClaimHeaderStage,SecondaryInsuranceType,No,,,,
ClaimHeaderStage,PriInsuredEmployerName,Yes,MASK,PriInsuredEmployerName,,
ClaimHeaderStage,PriInsuredEmployerAddressLine1,Yes,MASK,PriInsuredEmployerAddressLine1,,
ClaimHeaderStage,PriInsuredEmployerAddressLine2,No,,,,
ClaimHeaderStage,PriInsuredEmployerCity,Yes,MASK,PriInsuredEmployerCity,,
ClaimHeaderStage,PriInsuredEmployerState,No,,,,
ClaimHeaderStage,PriInsuredEmployerZip,No,,,,
ClaimHeaderStage,AccidentTime,No,,,,
ClaimHeaderStage,PriPayerClaimOffice,No,,,,
ClaimHeaderStage,SecPayerClaimOffice,No,,,,
ClaimHeaderStage,PostedInsurancePaid,No,,,,
ClaimHeaderStage,PostedPatientPaid,No,,,,
ClaimHeaderStage,COBANumber,No,,,,
ClaimHeaderStage,UsePerfRefRule,No,,,,
ClaimHeaderStage,EPSDTReferralCode,No,,,,
ClaimHeaderStage,CPOClaimFlag,No,,,,
ClaimHeaderStage,LocationIDQualifier,No,,,,
ClaimHeaderStage,SupervisingProviderID,Yes,MASK,SupervisingProviderID,,
ClaimHeaderStage,SupervisingProviderFirstName,Yes,MASK,SupervisingProviderFirstName,,
ClaimHeaderStage,SupervisingProviderLastName,Yes,MASK,SupervisingProviderLastName,,
ClaimHeaderStage,SupervisingProviderMiddleName,Yes,MASK,SupervisingProviderMiddleName,,
ClaimHeaderStage,SupervisingProviderSuffix,No,,,,
ClaimHeaderStage,SupervisingProviderTaxID,Yes,MASK,SupervisingProviderTaxID,,
ClaimHeaderStage,SupervisingProviderTaxIDType,No,,,,
ClaimHeaderStage,SupervisingProviderIDNumber,No,,,,
ClaimHeaderStage,SupervisingProviderIDType,No,,,,
ClaimHeaderStage,OrganizationNPI,Yes,MASK,OrganizationNPI,,
ClaimHeaderStage,RenderingProviderNPI,Yes,MASK,RenderingProviderNPI,,
ClaimHeaderStage,BillableProviderNPI,Yes,MASK,BillableProviderNPI,,
ClaimHeaderStage,ReferringProviderNPI,Yes,MASK,ReferringProviderNPI,,
ClaimHeaderStage,SupervisingProviderNPI,Yes,MASK,SupervisingProviderNPI,,
ClaimHeaderStage,ServiceLocationNPI,Yes,MASK,ServiceLocationNPI,,
ClaimHeaderStage,NPIFlag,No,,,,
ClaimHeaderStage,PriPayerSecondaryIDType,No,,,,
ClaimHeaderStage,SecPayerSecondaryIDType,No,,,,
ClaimHeaderStage,GroupTaxonomyCode,No,,,,
ClaimHeaderStage,PriUseGroupTaxonomy,No,,,,
ClaimHeaderStage,ClaimComment,No,,,,
ClaimHeaderStage,InitialTxDate,Yes,STATIC_OFFSET,,,
ClaimHeaderStage,UBClaimPayorID,No,,,,
ClaimHeaderStage,LocationQualifier,No,,,,
ClaimHeaderStage,PayToIsPerson,No,,,,
ClaimHeaderStage,PayToLastNameOrgName,No,,,,
ClaimHeaderStage,PayToFirstName,Yes,MASK,PayToFirstName,,
ClaimHeaderStage,PayToMiddleName,Yes,MASK,PayToMiddleName,,
ClaimHeaderStage,PayToSuffix,No,,,,
ClaimHeaderStage,PayToNPI,Yes,MASK,PayToNPI,,
ClaimHeaderStage,PayToTaxID,Yes,MASK,PayToTaxID,,
ClaimHeaderStage,PayToTaxIDType,No,,,,
ClaimHeaderStage,PayToAddressLine1,No,,,,
ClaimHeaderStage,PayToAddressLine2,No,,,,
ClaimHeaderStage,PayToCity,Yes,MASK,PayToCity,,
ClaimHeaderStage,PayToState,No,,,,
ClaimHeaderStage,PayToZip,No,,,,
ClaimHeaderStage,PayToSecCareProviderIDNumber,Yes,MASK,PayToSecCareProviderIDNumber,,
ClaimHeaderStage,PayToSecInsuranceType,No,,,,
ClaimHeaderStage,FileInformation,No,,,,
ClaimHeaderStage,PropertyCasualtyClaimNumber,No,,,,
ClaimHeaderStage,CPOLocationNPI,Yes,MASK,CPOLocationNPI,,
ClaimHeaderStage,DemonstrationProjectID,No,,,,
ClaimHeaderStage,ClaimIDPrefix,No,,,,
ClaimHeaderStage,ProviderSuffix,No,,,,
ClaimHeaderStage,Diagnosis9,No,,,,
ClaimHeaderStage,Diagnosis10,No,,,,
ClaimHeaderStage,Diagnosis11,Yes,MASK,Diagnosis11,,
ClaimHeaderStage,Diagnosis12,No,,,,
ClaimHeaderStage,Diagnosis1_ICD10,Yes,MASK,Diagnosis1_ICD10,,
ClaimHeaderStage,Diagnosis2_ICD10,No,,,,
ClaimHeaderStage,Diagnosis3_ICD10,No,,,,
ClaimHeaderStage,Diagnosis4_ICD10,Yes,MASK,Diagnosis4_ICD10,,
ClaimHeaderStage,Diagnosis5_ICD10,No,,,,
ClaimHeaderStage,Diagnosis6_ICD10,No,,,,
ClaimHeaderStage,Diagnosis7_ICD10,Yes,MASK,Diagnosis7_ICD10,,
ClaimHeaderStage,Diagnosis8_ICD10,No,,,,
ClaimHeaderStage,Diagnosis9_ICD10,Yes,MASK,Diagnosis9_ICD10,,
ClaimHeaderStage,Diagnosis10_ICD10,No,,,,
ClaimHeaderStage,Diagnosis11_ICD10,Yes,MASK,Diagnosis11_ICD10,,
ClaimHeaderStage,Diagnosis12_ICD10,No,,,,
ClaimHeaderStage,OverrideGroupTaxonomyCode,No,,,,
ClaimHeaderStage,OverrideRenderingTaxonomyCode,No,,,,
ClaimHeaderStage,InvestigationalDeviceExemption,No,,,,
ClaimHeaderStage,CarrierCode,No,,,,
ClaimHeaderStage,SendPrimaryCarrierCode,No,,,,
ClaimPaymentHistory,ClaimPaymentHistoryID,No,,,,
ClaimPaymentHistory,BatchID,No,,,,
ClaimPaymentHistory,ClaimID,No,,,,
ClaimPaymentHistory,CreateDate,Yes,DATE_OFFSET,,,
ClaimPaymentHistory,ClaimPayment,No,,,,
ClaimPaymentHistory,ClaimPatResp,No,,,,
ClaimPaymentHistory,ReimbursementRate,No,,,,
ClaimPaymentHistory,HCPCSPayableAmt,No,,,,
ClaimPaymentHistory,ESRDPaymentAmt,No,,,,
ClaimPaymentHistory,NonpayableProfCompAmt,No,,,,
ClaimPaymentHistory,RemarkCode1,No,,,,
ClaimPaymentHistory,RemarkCode2,No,,,,
ClaimPaymentHistory,RemarkCode3,No,,,,
ClaimPaymentHistory,RemarkCode4,No,,,,
ClaimPaymentHistory,RemarkCode5,No,,,,
ClaimPaymentHistory,CoveredAmt,Yes,MASK,CoveredAmt,,
ClaimPaymentHistory,DiscountAmt,No,,,,
ClaimPaymentHistory,PerDayLimitAmt,No,,,,
ClaimPaymentHistory,TaxAmount,No,,,,
ClaimPaymentHistory,BeforeTaxAmount,No,,,,
ClaimPaymentHistory,PatientPaidAmt,No,,,,
ClaimPaymentHistory,AdjudicationDate,Yes,DATE_OFFSET,,,
ClaimPaymentHistory,EOBType,No,,,,
ClaimPaymentHistory,nd_auto_increment_id,No,,,,
ClaimPaymentStage,BatchID,No,,,,
ClaimPaymentStage,ClaimID,No,,,,
ClaimPaymentStage,CreateDate,Yes,STATIC_OFFSET,,,
ClaimPaymentStage,ClaimPayment,No,,,,
ClaimPaymentStage,ClaimPatResp,No,,,,
ClaimPaymentStage,ReimbursementRate,No,,,,
ClaimPaymentStage,HCPCSPayableAmt,No,,,,
ClaimPaymentStage,ESRDPaymentAmt,No,,,,
ClaimPaymentStage,NonpayableProfCompAmt,No,,,,
ClaimPaymentStage,RemarkCode1,No,,,,
ClaimPaymentStage,RemarkCode2,No,,,,
ClaimPaymentStage,RemarkCode3,No,,,,
ClaimPaymentStage,RemarkCode4,No,,,,
ClaimPaymentStage,RemarkCode5,No,,,,
ClaimPaymentStage,CoveredAmt,No,,,,
ClaimPaymentStage,DiscountAmt,No,,,,
ClaimPaymentStage,PerDayLimitAmt,No,,,,
ClaimPaymentStage,TaxAmount,No,,,,
ClaimPaymentStage,BeforeTaxAmount,No,,,,
ClaimPaymentStage,PatientPaidAmt,No,,,,
ClaimPaymentStage,AdjudicationDate,Yes,STATIC_OFFSET,,,
ClaimPaymentStage,EOBType,No,,,,
ClaimPaymentStage,nd_auto_increment_id,No,,,,
ClaimPrintHistory,BatchID,No,,,,
ClaimPrintHistory,ClaimID,No,,,,
ClaimPrintHistory,PrintDateTime,Yes,DATE_OFFSET,,,
ClaimPrintHistory,crTemplateVersionID,No,,,,
ClaimPrintHistory,UserID,No,,,,
ClaimPrintHistory,ElectronicSubmission,No,,,,
ClaimPrintHistory,nd_auto_increment_id,No,,,,
ClaimPWKHistory,PWKHistoryID,No,,,,
ClaimPWKHistory,ClaimHistoryID,No,,,,
ClaimPWKHistory,BatchID,No,,,,
ClaimPWKHistory,ClaimID,No,,,,
ClaimPWKHistory,PWKRptTypeCode,No,,,,
ClaimPWKHistory,PWKRptTransCode,No,,,,
ClaimPWKHistory,PWKRptIdentCode,No,,,,
ClaimPWKHistory,CreateDate,Yes,DATE_OFFSET,,,
ClaimPWKHistory,nd_auto_increment_id,No,,,,
ClaimPWKStage,BatchID,No,,,,
ClaimPWKStage,ClaimID,No,,,,
ClaimPWKStage,PWKRptTypeCode,No,,,,
ClaimPWKStage,PWKRptTransCode,No,,,,
ClaimPWKStage,PWKRptIdentCode,No,,,,
ClaimPWKStage,CreateDate,Yes,STATIC_OFFSET,,,
ClaimPWKStage,nd_auto_increment_id,No,,,,
ClaimStatus,ClaimStatusID,No,,,,
ClaimStatus,ClaimStatusShortDesc,No,,,,
ClaimStatus,ClaimStatusDesc,No,,,,
ClaimStatus,nd_auto_increment_id,No,,,,
ClaimStatusLog,ClaimLogID,No,,,,
ClaimStatusLog,BatchID,No,,,,
ClaimStatusLog,ClaimID,No,,,,
ClaimStatusLog,CreationDate,Yes,DATE_OFFSET,,,
ClaimStatusLog,LogText,No,,,,
ClaimStatusLog,nd_auto_increment_id,No,,,,
ClaimSubmitStageEditsLog,ClaimID,No,,,,
ClaimSubmitStageEditsLog,BatchID,No,,,,
ClaimSubmitStageEditsLog,EditType,No,,,,
ClaimSubmitStageEditsLog,DBFieldName,No,,,,
ClaimSubmitStageEditsLog,DisplayName,No,,,,
ClaimSubmitStageEditsLog,EditFlag,No,,,,
ClaimSubmitStageEditsLog,EditText,No,,,,
ClaimSubmitStageEditsLog,EditHelp,No,,,,
ClaimSubmitStageEditsLog,nd_auto_increment_id,No,,,,
ClaimSuspendSubmission,ClaimSuspendSubmissionID,No,,,,
ClaimSuspendSubmission,Code,No,,,,
ClaimSuspendSubmission,Name,No,,,,
ClaimSuspendSubmission,Desc,No,,,,
ClaimSuspendSubmission,nd_auto_increment_id,No,,,,
ClaimToBatch,BatchID,No,,,,
ClaimToBatch,ClaimID,No,,,,
ClaimToBatch,UploadSuccess,No,,,,
ClaimUBHeaderHistory,ClaimHistoryID,No,,,,
ClaimUBHeaderHistory,BatchID,No,,,,
ClaimUBHeaderHistory,EClaimID,No,,,,
ClaimUBHeaderHistory,CreateDate,Yes,STATIC_OFFSET,,,
ClaimUBHeaderHistory,TypeOfBill,No,,,,
ClaimUBHeaderHistory,PaperEOBRequested,No,,,,
ClaimUBHeaderHistory,AdmissionHour,No,,,,
ClaimUBHeaderHistory,DischargeHour,No,,,,
ClaimUBHeaderHistory,StatementDateFrom,Yes,STATIC_OFFSET,,,
ClaimUBHeaderHistory,StatementDateTo,Yes,STATIC_OFFSET,,,
ClaimUBHeaderHistory,AdmissionTypeCode,No,,,,
ClaimUBHeaderHistory,AdmissionSourceCode,No,,,,
ClaimUBHeaderHistory,UBFLFreeUse,No,,,,
ClaimUBHeaderHistory,Remarks,No,,,,
ClaimUBHeaderHistory,PatientStatusCode,No,,,,
ClaimUBHeaderHistory,PrincipalDiagnosis,Yes,MASK,PrincipalDiagnosis,,
ClaimUBHeaderHistory,AdmittingDiagnosis,No,,,,
ClaimUBHeaderHistory,ReasonForVisitDiagnosis,No,,,,
ClaimUBHeaderHistory,ECodeDiagnosis,No,,,,
ClaimUBHeaderHistory,CoveredDays,No,,,,
ClaimUBHeaderHistory,CoInsuredDays,No,,,,
ClaimUBHeaderHistory,LifeTimeReserveDays,No,,,,
ClaimUBHeaderHistory,NonCoveredDays,No,,,,
ClaimUBHeaderHistory,UseUBCodes,No,,,,
ClaimUBHeaderHistory,UBRollupType,No,,,,
ClaimUBHeaderHistory,PropertyCasualtyClaimNumber,No,,,,
ClaimUBHeaderHistory,OverrideOperatingFlag,No,,,,
ClaimUBHeaderHistory,ClaimFrequencyCode,No,,,,
ClaimUBHeaderHistory,InvestigationalDeviceExemption,No,,,,
ClaimUBHeaderHistory,nd_auto_increment_id,No,,,,
ClaimUBHeaderHistoryDiagnosis,BatchID,No,,,,
ClaimUBHeaderHistoryDiagnosis,EClaimID,No,,,,
ClaimUBHeaderHistoryDiagnosis,ServiceGroupUBID,No,,,,
ClaimUBHeaderHistoryDiagnosis,DiagnosisCode,No,,,,
ClaimUBHeaderHistoryDiagnosis,SGUBDiagnosisCategoryID,No,,,,
ClaimUBHeaderHistoryDiagnosis,CodingSystemID,No,,,,
ClaimUBHeaderHistoryDiagnosis,nd_auto_increment_id,No,,,,
ClaimUBHeaderStage,BatchID,No,,,,
ClaimUBHeaderStage,EClaimID,No,,,,
ClaimUBHeaderStage,CreateDate,Yes,STATIC_OFFSET,,,
ClaimUBHeaderStage,TypeOfBill,No,,,,
ClaimUBHeaderStage,PaperEOBRequested,No,,,,
ClaimUBHeaderStage,AdmissionHour,No,,,,
ClaimUBHeaderStage,DischargeHour,No,,,,
ClaimUBHeaderStage,StatementDateFrom,Yes,STATIC_OFFSET,,,
ClaimUBHeaderStage,StatementDateTo,Yes,STATIC_OFFSET,,,
ClaimUBHeaderStage,AdmissionTypeCode,No,,,,
ClaimUBHeaderStage,AdmissionSourceCode,No,,,,
ClaimUBHeaderStage,UBFLFreeUse,No,,,,
ClaimUBHeaderStage,Remarks,No,,,,
ClaimUBHeaderStage,PatientStatusCode,No,,,,
ClaimUBHeaderStage,PrincipalDiagnosis,Yes,MASK,PrincipalDiagnosis,,
ClaimUBHeaderStage,AdmittingDiagnosis,No,,,,
ClaimUBHeaderStage,ReasonForVisitDiagnosis,No,,,,
ClaimUBHeaderStage,ECodeDiagnosis,No,,,,
ClaimUBHeaderStage,CoveredDays,No,,,,
ClaimUBHeaderStage,CoInsuredDays,No,,,,
ClaimUBHeaderStage,LifeTimeReserveDays,No,,,,
ClaimUBHeaderStage,NonCoveredDays,No,,,,
ClaimUBHeaderStage,UseUBCodes,No,,,,
ClaimUBHeaderStage,UBRollupType,No,,,,
ClaimUBHeaderStage,PropertyCasualtyClaimNumber,No,,,,
ClaimUBHeaderStage,OverrideOperatingFlag,No,,,,
ClaimUBHeaderStage,ClaimFrequencyCode,No,,,,
ClaimUBHeaderStage,InvestigationalDeviceExemption,No,,,,
ClaimUBHeaderStage,nd_auto_increment_id,No,,,,
ClaimUBHeaderStageDiagnosis,BatchID,No,,,,
ClaimUBHeaderStageDiagnosis,EClaimID,No,,,,
ClaimUBHeaderStageDiagnosis,ServiceGroupUBID,No,,,,
ClaimUBHeaderStageDiagnosis,DiagnosisCode,No,,,,
ClaimUBHeaderStageDiagnosis,SGUBDiagnosisCategoryID,No,,,,
ClaimUBHeaderStageDiagnosis,CodingSystemID,No,,,,
ClaimUBHeaderStageDiagnosis,nd_auto_increment_id,No,,,,
ClaimUBInformationCodeHistory,ClaimHistoryID,No,,,,
ClaimUBInformationCodeHistory,BatchID,No,,,,
ClaimUBInformationCodeHistory,EClaimID,No,,,,
ClaimUBInformationCodeHistory,CreateDate,Yes,STATIC_OFFSET,,,
ClaimUBInformationCodeHistory,InformationCodeType,No,,,,
ClaimUBInformationCodeHistory,InformationCode,No,,,,
ClaimUBInformationCodeHistory,InformationCodeUB,No,,,,
ClaimUBInformationCodeHistory,InformationDateFrom,Yes,STATIC_OFFSET,,,
ClaimUBInformationCodeHistory,InformationDateTo,No,,,,
ClaimUBInformationCodeHistory,InformationAmount,No,,,,
ClaimUBInformationCodeHistory,nd_auto_increment_id,No,,,,
ClaimUBInformationCodeStage,BatchID,No,,,,
ClaimUBInformationCodeStage,EClaimID,No,,,,
ClaimUBInformationCodeStage,CreateDate,Yes,STATIC_OFFSET,,,
ClaimUBInformationCodeStage,InformationCodeType,No,,,,
ClaimUBInformationCodeStage,InformationCode,No,,,,
ClaimUBInformationCodeStage,InformationCodeUB,No,,,,
ClaimUBInformationCodeStage,InformationDateFrom,No,,,,
ClaimUBInformationCodeStage,InformationDateTo,Yes,STATIC_OFFSET,,,
ClaimUBInformationCodeStage,InformationAmount,No,,,,
ClaimUBInformationCodeStage,nd_auto_increment_id,No,,,,
ClientApp,ClientAppHostIP,Yes,MASK,ClientAppHostIP,,
ClientApp,ClientAppHostName,No,,,,
ClientApp,OSName,No,,,,
ClientApp,OSVersion,No,,,,
ClientApp,GMTGCVersion,No,,,,
ClientApp,InstallationDateTime,Yes,STATIC_OFFSET,,,
ClientApp,LastAccessDateTime,Yes,STATIC_OFFSET,,,
ClientApp,NetFXVersion,No,,,,
ClientApp,LastAccessedByUserID,No,,,,
ClientApp,nd_auto_increment_id,No,,,,
ClinicalAdminFreq,Code,No,,,,
ClinicalAdminFreq,ClinicalUnitID,No,,,,
ClinicalAdminFreq,FreqDescription,No,,,,
ClinicalAdminFreq,Quantity,No,,,,
ClinicalAdminFreq,UsageOrder,No,,,,
ClinicalAdminFreq,nd_auto_increment_id,No,,,,
ClinicalAlert,AlertID,No,,,,
ClinicalAlert,Name,No,,,,
ClinicalAlert,CreateDate,Yes,STATIC_OFFSET,,,
ClinicalAlert,Description,Yes,GENERIC_NOTES,,,
ClinicalAlert,filterXML,Yes,GENERIC_NOTES,,,
ClinicalAlert,URL,Yes,MASK,URL,,
ClinicalAlert,AlertTypeID,No,,,,
ClinicalAlert,FlowSheetID,No,,,,
ClinicalAlert,nd_auto_increment_id,No,,,,
ClinicalAlertEventNotificationStage,PatientID,Yes,PATIENT_ID,,,
ClinicalAlertEventNotificationStage,FlagID,No,,,,
ClinicalAlertEventNotificationStage,Status,No,,,,
ClinicalAlertEventNotificationStage,nd_auto_increment_id,No,,,,
ClinicalAlertFlag,AlertID,No,,,,
ClinicalAlertFlag,FlagID,No,,,,
ClinicalAlertFlag,nd_auto_increment_id,No,,,,
ClinicalAlertLog,ClinicalAlertLogID,No,,,,
ClinicalAlertLog,CareProviderID,No,,,,
ClinicalAlertLog,AlertID,No,,,,
ClinicalAlertLog,ClinicalAlertLogTypeID,No,,,,
ClinicalAlertLog,LogDate,Yes,STATIC_OFFSET,,,
ClinicalAlertLog,nd_auto_increment_id,No,,,,
ClinicalAlertLogType,ClinicalAlertLogTypeID,No,,,,
ClinicalAlertLogType,ClinicalAlertLogTypeDesc,No,,,,
ClinicalAlertLogType,nd_auto_increment_id,No,,,,
ClinicalAlertOverrideReason,ClinicalAlertOverrideReasonID,No,,,,
ClinicalAlertOverrideReason,ClinicalAlertOverrideReasonDesc,No,,,,
ClinicalAlertOverrideReason,nd_auto_increment_id,No,,,,
ClinicalAlertPatientDetails,AlertID,No,,,,
ClinicalAlertPatientDetails,PatientID,Yes,PATIENT_ID,,,
ClinicalAlertPatientDetails,FilterName,No,,,,
ClinicalAlertPatientDetails,ActualValues,No,,,,
ClinicalAlertPatientDetails,SeqNo,No,,,,
ClinicalAlertPatientDetails,nd_auto_increment_id,No,,,,
ClinicalAlertRecall,ClinicalAlertRecallID,No,,,,
ClinicalAlertRecall,ClinicalAlertID,No,,,,
ClinicalAlertRecall,AppointmentCategoryID,No,,,,
ClinicalAlertRecall,AppointmentTypeID,No,,,,
ClinicalAlertRecall,NumberDaysOutType,No,,,,
ClinicalAlertRecall,NumberDaysOut,No,,,,
ClinicalAlertRecall,NumberDaysBuffer,No,,,,
ClinicalAlertRecall,NumberDaysText,No,,,,
ClinicalAlertRecall,CreateDate,Yes,STATIC_OFFSET,,,
ClinicalAlertRecall,LastModified,Yes,STATIC_OFFSET,,,
ClinicalAlertRecall,CreateUserID,No,,,,
ClinicalAlertRecall,LastUserID,No,,,,
ClinicalAlertRecall,nd_auto_increment_id,No,,,,
ClinicalAlertScheduledRecall,ClinicalAlertScheduledRecallID,No,,,,
ClinicalAlertScheduledRecall,ClinicalAlertRecallID,No,,,,
ClinicalAlertScheduledRecall,ClinicalAlertID,No,,,,
ClinicalAlertScheduledRecall,RecallID,No,,,,
ClinicalAlertScheduledRecall,PatientID,Yes,PATIENT_ID,,,
ClinicalAlertScheduledRecall,ActiveFlag,No,,,,
ClinicalAlertScheduledRecall,RecallCreateDate,Yes,DATE_OFFSET,,,
ClinicalAlertScheduledRecall,RecallDeactivateDate,Yes,DATE_OFFSET,,,
ClinicalAlertScheduledRecall,nd_auto_increment_id,No,,,,
ClinicalContentExportLog,ClinicalContentExportLogID,No,,,,
ClinicalContentExportLog,ContentType,No,,,,
ClinicalContentExportLog,SpecialtyID,No,,,,
ClinicalContentExportLog,sqlServer,No,,,,
ClinicalContentExportLog,UserIP,Yes,MASK,UserIP,,
ClinicalContentExportLog,UserName,No,,,,
ClinicalContentExportLog,ExportDate,Yes,STATIC_OFFSET,,,
ClinicalContentExportLog,GMTVersion,No,,,,
ClinicalContentExportLog,nd_auto_increment_id,No,,,,
ClinicalContentType,ContentType,No,,,,
ClinicalContentType,inContentVersion,No,,,,
ClinicalContentType,nd_auto_increment_id,No,,,,
ClinicalContentVersion,ContentType,No,,,,
ClinicalContentVersion,GMTVersion,No,,,,
ClinicalContentVersion,SpecialtyID,No,,,,
ClinicalContentVersion,PopulateDate,Yes,STATIC_OFFSET,,,
ClinicalContentVersion,Version,No,,,,
ClinicalContentVersion,nd_auto_increment_id,No,,,,
ClinicalContentVersionHistory,ContentHistoryID,No,,,,
ClinicalContentVersionHistory,ContentType,No,,,,
ClinicalContentVersionHistory,GMTVersion,No,,,,
ClinicalContentVersionHistory,SpecialtyID,No,,,,
ClinicalContentVersionHistory,PopulateDate,Yes,STATIC_OFFSET,,,
ClinicalContentVersionHistory,Version,No,,,,
ClinicalContentVersionHistory,nd_auto_increment_id,No,,,,
ClinicalContentVersionLookup,ContentType,No,,,,
ClinicalContentVersionLookup,GMTVersion,No,,,,
ClinicalContentVersionLookup,SpecialtyID,No,,,,
ClinicalContentVersionLookup,PopulateDate,Yes,STATIC_OFFSET,,,
ClinicalContentVersionLookup,nd_auto_increment_id,No,,,,
ClinicalConversions,UnitFromID,No,,,,
ClinicalConversions,UnitToID,No,,,,
ClinicalConversions,ConversionFormula,No,,,,
ClinicalConversions,nd_auto_increment_id,No,,,,
ClinicalCorrAddressee,ClinicalCorrAddresseeID,No,,,,
ClinicalCorrAddressee,DocumentID,No,,,,
ClinicalCorrAddressee,SequenceNumber,No,,,,
ClinicalCorrAddressee,CPorPat,No,,,,
ClinicalCorrAddressee,TOorCC,No,,,,
ClinicalCorrAddressee,FullName,Yes,MASK,FullName,,
ClinicalCorrAddressee,AddressLn1,Yes,MASK,AddressLn1,,
ClinicalCorrAddressee,AddressLn2,Yes,MASK,AddressLn2,,
ClinicalCorrAddressee,City,Yes,MASK,City,,
ClinicalCorrAddressee,State,No,,,,
ClinicalCorrAddressee,Zip,No,,,,
ClinicalCorrAddressee,Fax,Yes,MASK,Fax,,
ClinicalCorrAddressee,CareProviderOrPatientID,Yes,PATIENT_ID,,,
ClinicalCorrAddressee,nd_auto_increment_id,No,,,,
ClinicalCorrAttachedDocument,ClinicalCorrAttachedDocumentID,No,,,,
ClinicalCorrAttachedDocument,DocumentID,No,,,,
ClinicalCorrAttachedDocument,SequenceNumber,No,,,,
ClinicalCorrAttachedDocument,AttachedDocumentID,No,,,,
ClinicalCorrAttachedDocument,AttachedSequenceNumber,No,,,,
ClinicalCorrAttachedDocument,nd_auto_increment_id,No,,,,
ClinicalCorrDefaultTemplate,ClinicalCorrDefaultTemplate,No,,,,
ClinicalCorrDefaultTemplate,TemplateID,No,,,,
ClinicalCorrDefaultTemplate,LocationID,No,,,,
ClinicalCorrDefaultTemplate,nd_auto_increment_id,No,,,,
ClinicalDataExport,ClinicalDataExportID,No,,,,
ClinicalDataExport,SourceID,No,,,,
ClinicalDataExport,ProcedureID,No,,,,
ClinicalDataExport,VisitID,Yes,ENCOUNTER_ID,,,
ClinicalDataExport,DocumentID,No,,,,
ClinicalDataExport,SequenceNumber,No,,,,
ClinicalDataExport,LastDateTime,No,,,,
ClinicalDataExport,CreateDateTime,Yes,STATIC_OFFSET,,,
ClinicalDataExport,nd_auto_increment_id,No,,,,
ClinicalDataExportHistory,ClinicalDataExportID,No,,,,
ClinicalDataExportHistory,SourceID,No,,,,
ClinicalDataExportHistory,ProcedureID,No,,,,
ClinicalDataExportHistory,VisitID,Yes,ENCOUNTER_ID,,,
ClinicalDataExportHistory,DocumentID,No,,,,
ClinicalDataExportHistory,SequenceNumber,No,,,,
ClinicalDataExportHistory,LastDateTime,No,,,,
ClinicalDataExportHistory,CreateDateTime,Yes,STATIC_OFFSET,,,
ClinicalDataExportHistory,nd_auto_increment_id,No,,,,
ClinicalDataExportSettings,LastRunDate,No,,,,
ClinicalDataExportSettings,NumMinutesToCheck,No,,,,
ClinicalDataExportSettings,DebugSetting,No,,,,
ClinicalDataExportSettings,ServiceID,No,,,,
ClinicalDataExportSettings,nd_auto_increment_id,No,,,,
ClinicalDiagnosisExport,DiagID,No,,,,
ClinicalDiagnosisExport,DocumentID,No,,,,
ClinicalDiagnosisExport,DiagCode,No,,,,
ClinicalDiagnosisExport,GMTFavoritesID,No,,,,
ClinicalDiagnosisExport,Description,Yes,GENERIC_NOTES,,,
ClinicalDiagnosisExport,DocumentVersion,No,,,,
ClinicalDiagnosisExport,Disabled,No,,,,
ClinicalDiagnosisExport,Processed,No,,,,
ClinicalDiagnosisExport,RuleOut,No,,,,
ClinicalDiagnosisExport,DiagCodeICD10,No,,,,
ClinicalDiagnosisExport,lexicalID,No,,,,
ClinicalDiagnosisExport,Note,Yes,GENERIC_NOTES,,,
ClinicalDiagnosisExport,CreateDate,Yes,STATIC_OFFSET,,,
ClinicalDiagnosisExport,SortOrder,No,,,,
ClinicalDiagnosisExport,CreatedBy,No,,,,
ClinicalDiagnosisExport,LastModifiedBy,Yes,MASK,LastModifiedBy,,
ClinicalDiagnosisExport,LastModifiedDateTime,Yes,STATIC_OFFSET,,,
ClinicalDiagnosisExport,SnomedCode,No,,,,
ClinicalDiagnosisFavorites,codeid,No,,,,
ClinicalDiagnosisFavorites,icdcode,Yes,MASK,icdcode,,
ClinicalDiagnosisFavorites,localname,No,,,,
ClinicalDiagnosisFavorites,icddesc,Yes,GENERIC_NOTES,,,
ClinicalDiagnosisFavorites,categoryid,No,,,,
ClinicalDiagnosisFavorites,nd_auto_increment_id,No,,,,
ClinicalDiagnosisFavoritesCategories,CategoryID,No,,,,
ClinicalDiagnosisFavoritesCategories,Caption,No,,,,
ClinicalDiagnosisFavoritesCategories,MigrationId,No,,,,
ClinicalDiagnosisFavoritesCategories,nd_auto_increment_id,No,,,,
ClinicalDiagnosisFavoritesCategoriesMaster,CategoryID,No,,,,
ClinicalDiagnosisFavoritesCategoriesMaster,Caption,Yes,MASK,Caption,,
ClinicalDiagnosisFavoritesCategoriesMaster,MigrationId,No,,,,
ClinicalDiagnosisFavoritesCategoriesMaster,SpecialtyID,No,,,,
ClinicalDiagnosisFavoritesCategoriesMaster,nd_auto_increment_id,No,,,,
ClinicalDiagnosisFavoritesMaster,CodeID,No,,,,
ClinicalDiagnosisFavoritesMaster,ICDCode,No,,,,
ClinicalDiagnosisFavoritesMaster,LocalName,No,,,,
ClinicalDiagnosisFavoritesMaster,ICDDesc,No,,,,
ClinicalDiagnosisFavoritesMaster,CategoryID,No,,,,
ClinicalDiagnosisFavoritesMaster,SpecialtyID,No,,,,
ClinicalDiagnosisFavoritesMaster,nd_auto_increment_id,No,,,,
ClinicalDiagProcedureLinkExport,ProcedureID,No,,,,
ClinicalDiagProcedureLinkExport,DiagID,No,,,,
ClinicalDiagProcedureLinkExport,Sequence,No,,,,
ClinicalDiagProcedureLinkExport,ClinicalDiagProcedureLinkExportID,No,,,,
ClinicalDocTypes,DocTypeID,No,,,,
ClinicalDocTypes,DocTypeName,No,,,,
ClinicalDocTypes,Enabled,No,,,,
ClinicalDocTypes,Description,No,,,,
ClinicalDocTypes,Code,No,,,,
ClinicalDocTypes,CodingSystem,No,,,,
ClinicalDocTypes,SystemType,No,,,,
ClinicalDocTypes,CreateId,No,,,,
ClinicalDocTypes,CreateDate,Yes,STATIC_OFFSET,,,
ClinicalDocTypes,LastModifiedId,No,,,,
ClinicalDocTypes,LastModifiedDate,Yes,STATIC_OFFSET,,,
ClinicalDocTypes,System,No,,,,
ClinicalDocTypes,Hide,No,,,,
ClinicalDocTypes,LoincCode,No,,,,
ClinicalDocTypes,nd_auto_increment_id,No,,,,
ClinicalDocumentCategory,CatID,No,,,,
ClinicalDocumentCategory,SiteID,No,,,,
ClinicalDocumentCategory,Description,No,,,,
ClinicalDocumentCategory,Enabled,No,,,,
ClinicalDocumentCategory,nd_auto_increment_id,No,,,,
ClinicalDocuments_Backup_D39636,DocumentID,No,,,,
ClinicalDocuments_Backup_D39636,VisitID,Yes,ENCOUNTER_ID,,,
ClinicalDocuments_Backup_D39636,Backup_Date,Yes,STATIC_OFFSET,,,
ClinicalDocuments_Backup_D39636,nd_auto_increment_id,No,,,,
ClinicalDocuments_CreatedByFix,DocumentID,No,,,,
ClinicalDocuments_CreatedByFix,OriginalUserID,No,,,,
ClinicalDocuments_CreatedByFix,NewUserID,No,,,,
ClinicalDocuments_CreatedByFix,nd_auto_increment_id,No,,,,
ClinicalDocumentSaveSourceHistory,ClinicalDocumentSaveSourceHistoryID,No,,,,
ClinicalDocumentSaveSourceHistory,DocumentID,No,,,,
ClinicalDocumentSaveSourceHistory,SourceOfChange,No,,,,
ClinicalDocumentSaveSourceHistory,userID,No,,,,
ClinicalDocumentSaveSourceHistory,CreatedBy,Yes,MASK,CreatedBy,,
ClinicalDocumentSaveSourceHistory,CreatedDatetime,Yes,STATIC_OFFSET,,,
ClinicalDocumentSaveSourceHistory,UpdatedBy,Yes,MASK,UpdatedBy,,
ClinicalDocumentSaveSourceHistory,UpdatedDateTime,Yes,STATIC_OFFSET,,,
ClinicalDocumentsCheckOut,DocumentID,No,,,,
ClinicalDocumentsCheckOut,SequenceNumber,No,,,,
ClinicalDocumentsCheckOut,CheckOutDate,Yes,STATIC_OFFSET,,,
ClinicalDocumentsCheckOut,CheckOutUserID,No,,,,
ClinicalDocumentsCheckOut,CheckOutIP,Yes,MASK,CheckOutIP,,
ClinicalDocumentsCheckOut,SessionID,No,,,,
ClinicalDocumentsCheckOut,nd_auto_increment_id,No,,,,
ClinicalDocumentsHWDeviceAuxFile,DocumentID,No,,,,
ClinicalDocumentsHWDeviceAuxFile,HWDeviceAuxFileName,No,,,,
ClinicalDocumentsHWDeviceAuxFile,nd_auto_increment_id,No,,,,
ClinicalDocumentsHWTest,DocumentID,No,,,,
ClinicalDocumentsHWTest,HWTestGuid,No,,,,
ClinicalDocumentsHWTest,HWDeviceID,No,,,,
ClinicalDocumentsHWTest,HWVendorID,No,,,,
ClinicalDocumentsHWTest,HWDeviceNumber,No,,,,
ClinicalDocumentsHWTest,nd_auto_increment_id,No,,,,
ClinicalDocumentSignatures,DocumentID,No,,,,
ClinicalDocumentSignatures,SequenceNumber,No,,,,
ClinicalDocumentSignatures,SignerID,No,,,,
ClinicalDocumentSignatures,DateSigned,Yes,STATIC_OFFSET,,,
ClinicalDocumentSignatures,Comment,Yes,GENERIC_NOTES,,,
ClinicalDocumentSignatures,SignatureTypeID,No,,,,
ClinicalDocumentSignatures,CRC,No,,,,
ClinicalDocumentSignatures,SignatureMeaning,No,,,,
ClinicalDocumentSignatures,AmendmentInitiateDate,Yes,STATIC_OFFSET,,,
ClinicalDocumentsImgLibGroup,DocumentID,No,,,,
ClinicalDocumentsImgLibGroup,RefID,No,,,,
ClinicalDocumentsImgLibGroup,CustomNoteDocTypeID,No,,,,
ClinicalDocumentsImgLibGroup,ImgID,No,,,,
ClinicalDocumentsImgLibGroup,ImgSource,No,,,,
ClinicalDocumentsImgLibGroup,nd_auto_increment_id,No,,,,
ClinicalDocumentsLab,LabID,No,,,,
ClinicalDocumentsLab,DocumentID,No,,,,
ClinicalDocumentsLab,nd_auto_increment_id,No,,,,
ClinicalDocumentStaging,Id,No,,,,
ClinicalDocumentStaging,PatientId,Yes,PATIENT_ID,,,
ClinicalDocumentStaging,Date,Yes,DATE_OFFSET,,,
ClinicalDocumentStaging,DocType,No,,,,
ClinicalDocumentStaging,FileName,No,,,,
ClinicalDocumentStaging,Status,Yes,MASK,Status,,
ClinicalDocumentStaging,FileType,No,,,,
ClinicalDocumentStaging,Source,Yes,MASK,Source,,
ClinicalDocumentStaging,DocId,No,,,,
ClinicalDocumentStaging,Folder,No,,,,
ClinicalDocumentStaging,nd_auto_increment_id,No,,,,
ClinicalDocumentStagingLab,ClinicalDocumentStagingID,No,,,,
ClinicalDocumentStagingLab,LabID,No,,,,
ClinicalDocumentStagingLab,nd_auto_increment_id,No,,,,
ClinicalDocumentStatus,StatusID,No,,,,
ClinicalDocumentStatus,Description,No,,,,
ClinicalDocumentStatus,Enabled,No,,,,
ClinicalDocumentVitalGroup,DocumentID,No,,,,
ClinicalDocumentVitalGroup,ClinicalVitalGroupID,No,,,,
ClinicalDocumentVitalGroup,nd_auto_increment_id,No,,,,
ClinicalEncounterDisposition,ClinicalEncounterDispositionID,No,,,,
ClinicalEncounterDisposition,EncounterDispositionCode,No,,,,
ClinicalEncounterDisposition,EncounterDispositionName,No,,,,
ClinicalEncounterDisposition,Enabled,No,,,,
ClinicalEncounterDisposition,nd_auto_increment_id,No,,,,
ClinicalERxNotifications,Userid,No,,,,
ClinicalERxNotifications,RenewalCount,No,,,,
ClinicalERxNotifications,PendingCount,No,,,,
ClinicalERxNotifications,nd_auto_increment_id,No,,,,
ClinicalERxNotificationUsers,Userid,No,,,,
ClinicalERxNotificationUsers,CareProviderID,No,,,,
ClinicalERxNotificationUsers,nd_auto_increment_id,No,,,,
ClinicalForm,ClinicalFormID,No,,,,
ClinicalForm,ClinicalFormGroupID,No,,,,
ClinicalForm,FormName,No,,,,
ClinicalForm,FormDescription,No,,,,
ClinicalForm,ClinicalFormManagerID,No,,,,
ClinicalForm,ClinicalFormArchiverID,No,,,,
ClinicalForm,ClinicalFormPrePopID,No,,,,
ClinicalForm,RequestFormID,No,,,,
ClinicalForm,RequestFormVisit,No,,,,
ClinicalForm,Enabled,No,,,,
ClinicalForm,CreateDate,Yes,STATIC_OFFSET,,,
ClinicalForm,CreateUser,No,,,,
ClinicalForm,LastModifiedDate,Yes,STATIC_OFFSET,,,
ClinicalForm,LastModifiedUser,Yes,MASK,LastModifiedUser,,
ClinicalForm,EncodedResponse,No,,,,
ClinicalForm,nd_auto_increment_id,No,,,,
ClinicalFormCriteriaBundle,ClinicalFormID,No,,,,
ClinicalFormCriteriaBundle,CriteriaBundleID,No,,,,
ClinicalFormCriteriaBundle,nd_auto_increment_id,No,,,,
ClinicalFormCriteriaBundleHistory,CriteriaBundleHistoryID,No,,,,
ClinicalFormCriteriaBundleHistory,ClinicalFormID,No,,,,
ClinicalFormCriteriaBundleHistory,CriteriaBundleID,No,,,,
ClinicalFormCriteriaBundleHistory,HistoryDate,Yes,STATIC_OFFSET,,,
ClinicalFormCriteriaBundleHistory,HistoryUserID,No,,,,
ClinicalFormCriteriaBundleHistory,HistoryAction,No,,,,
ClinicalFormCriteriaBundleHistory,nd_auto_increment_id,No,,,,
ClinicalFormGroup,ClinicalFormGroupID,No,,,,
ClinicalFormGroup,GroupName,No,,,,
ClinicalFormGroup,ClinicalFormGroupTypeID,No,,,,
ClinicalFormGroup,StartDate,Yes,DATE_OFFSET,,,
ClinicalFormGroup,EndDate,Yes,DATE_OFFSET,,,
ClinicalFormGroup,StudyID,No,,,,
ClinicalFormGroup,Enabled,No,,,,
ClinicalFormGroup,CreateDate,Yes,DATE_OFFSET,,,
ClinicalFormGroup,CreateUser,No,,,,
ClinicalFormGroup,LastModifiedDate,Yes,DATE_OFFSET,,,
ClinicalFormGroup,LastModifiedUser,No,,,,
ClinicalFormGroup,ProtocolStateManagerID,No,,,,
ClinicalFormGroup,ProtocolDefManagerID,No,,,,
ClinicalFormGroup,nd_auto_increment_id,No,,,,
ClinicalFormGroupCriteriaBundle,ClinicalFormGroupID,No,,,,
ClinicalFormGroupCriteriaBundle,CriteriaBundleID,No,,,,
ClinicalFormGroupCriteriaBundle,nd_auto_increment_id,No,,,,
ClinicalFormGroupCriteriaBundleHistory,CriteriaBundleHistoryID,No,,,,
ClinicalFormGroupCriteriaBundleHistory,ClinicalFormGroupID,No,,,,
ClinicalFormGroupCriteriaBundleHistory,CriteriaBundleID,No,,,,
ClinicalFormGroupCriteriaBundleHistory,HistoryDate,Yes,STATIC_OFFSET,,,
ClinicalFormGroupCriteriaBundleHistory,HistoryUserID,No,,,,
ClinicalFormGroupCriteriaBundleHistory,HistoryAction,No,,,,
ClinicalFormGroupCriteriaBundleHistory,nd_auto_increment_id,No,,,,
ClinicalFormGroupHistory,ClinicalFormGroupID,No,,,,
ClinicalFormGroupHistory,GroupName,Yes,MASK,GroupName,,
ClinicalFormGroupHistory,ClinicalFormGroupTypeID,No,,,,
ClinicalFormGroupHistory,StartDate,Yes,DATE_OFFSET,,,
ClinicalFormGroupHistory,EndDate,No,,,,
ClinicalFormGroupHistory,StudyID,No,,,,
ClinicalFormGroupHistory,Enabled,No,,,,
ClinicalFormGroupHistory,CreateDate,Yes,DATE_OFFSET,,,
ClinicalFormGroupHistory,CreateUser,Yes,MASK,CreateUser,,
ClinicalFormGroupHistory,LastModifiedDate,Yes,DATE_OFFSET,,,
ClinicalFormGroupHistory,LastModifiedUser,Yes,MASK,LastModifiedUser,,
ClinicalFormGroupHistory,ProtocolStateManagerID,No,,,,
ClinicalFormGroupHistory,HistoryDate,Yes,DATE_OFFSET,,,
ClinicalFormGroupHistory,HistoryUserID,Yes,PATIENT_ID,,,
ClinicalFormGroupHistory,HistoryAction,No,,,,
ClinicalFormGroupHistory,nd_auto_increment_id,No,,,,
ClinicalFormGroupPatient,ClinicalFormGroupID,No,,,,
ClinicalFormGroupPatient,PatientID,Yes,PATIENT_ID,,,
ClinicalFormGroupPatient,ClinicalFormGroupStatusID,No,,,,
ClinicalFormGroupPatient,SubjectIdentifier,No,,,,
ClinicalFormGroupPatient,UniqueSubjectIdentifier,No,,,,
ClinicalFormGroupPatient,StatusDate,Yes,DATE_OFFSET,,,
ClinicalFormGroupPatient,CandidateID,No,,,,
ClinicalFormGroupPatient,nd_auto_increment_id,No,,,,
ClinicalFormGroupPatientHistory,ClinicalFormGroupID,No,,,,
ClinicalFormGroupPatientHistory,PatientID,Yes,PATIENT_ID,,,
ClinicalFormGroupPatientHistory,ClinicalFormGroupStatusID,No,,,,
ClinicalFormGroupPatientHistory,SubjectIdentifier,No,,,,
ClinicalFormGroupPatientHistory,UniqueSubjectIdentifier,No,,,,
ClinicalFormGroupPatientHistory,StatusDate,Yes,STATIC_OFFSET,,,
ClinicalFormGroupPatientHistory,HistoryDate,Yes,STATIC_OFFSET,,,
ClinicalFormGroupPatientHistory,HistoryUserID,No,,,,
ClinicalFormGroupPatientHistory,HistoryAction,No,,,,
ClinicalFormGroupPatientHistory,nd_auto_increment_id,No,,,,
ClinicalFormGroupSiteAuthentication,ClinicalFormGroupID,No,,,,
ClinicalFormGroupSiteAuthentication,Name,Yes,MASK,Name,,
ClinicalFormGroupSiteAuthentication,Password,Yes,MASK,Password,,
ClinicalFormGroupSiteAuthentication,CreateDate,Yes,DATE_OFFSET,,,
ClinicalFormGroupSiteAuthentication,LastModifiedDate,Yes,DATE_OFFSET,,,
ClinicalFormGroupSiteAuthentication,Enabled,No,,,,
ClinicalFormGroupSiteAuthentication,nd_auto_increment_id,No,,,,
ClinicalFormGroupSiteAuthenticationHistory,ClinicalFormGrouID,No,,,,
ClinicalFormGroupSiteAuthenticationHistory,Name,No,,,,
ClinicalFormGroupSiteAuthenticationHistory,Password,Yes,MASK,Password,,
ClinicalFormGroupSiteAuthenticationHistory,CreateDate,Yes,DATE_OFFSET,,,
ClinicalFormGroupSiteAuthenticationHistory,LastModifiedDate,Yes,DATE_OFFSET,,,
ClinicalFormGroupSiteAuthenticationHistory,Enabled,No,,,,
ClinicalFormGroupSiteAuthenticationHistory,HistoryDate,Yes,DATE_OFFSET,,,
ClinicalFormGroupSiteAuthenticationHistory,HistoryUserID,Yes,PATIENT_ID,,,
ClinicalFormGroupSiteAuthenticationHistory,HistoryAction,No,,,,
ClinicalFormGroupSiteAuthenticationHistory,nd_auto_increment_id,No,,,,
ClinicalFormGroupStatus,ClinicalFormGroupStatusID,No,,,,
ClinicalFormGroupStatus,Description,No,,,,
ClinicalFormGroupStatus,SeqNo,No,,,,
ClinicalFormGroupStatus,nd_auto_increment_id,No,,,,
ClinicalFormGroupType,ClinicalFormGroupTypeID,No,,,,
ClinicalFormGroupType,ClinicalFormGroupTypeName,No,,,,
ClinicalFormGroupType,nd_auto_increment_id,No,,,,
ClinicalFormGroupUserAuthentication,ClinicalFormGroupID,No,,,,
ClinicalFormGroupUserAuthentication,UserID,No,,,,
ClinicalFormGroupUserAuthentication,Name,Yes,MASK,Name,,
ClinicalFormGroupUserAuthentication,Password,Yes,MASK,Password,,
ClinicalFormGroupUserAuthentication,CreateDate,Yes,STATIC_OFFSET,,,
ClinicalFormGroupUserAuthentication,LastModifiedDate,Yes,STATIC_OFFSET,,,
ClinicalFormGroupUserAuthentication,Enabled,No,,,,
ClinicalFormGroupUserAuthentication,nd_auto_increment_id,No,,,,
ClinicalFormGroupUserAuthenticationHistory,ClinicalFormGroupID,No,,,,
ClinicalFormGroupUserAuthenticationHistory,UserID,No,,,,
ClinicalFormGroupUserAuthenticationHistory,Name,Yes,MASK,Name,,
ClinicalFormGroupUserAuthenticationHistory,Password,Yes,MASK,Password,,
ClinicalFormGroupUserAuthenticationHistory,CreateDate,Yes,STATIC_OFFSET,,,
ClinicalFormGroupUserAuthenticationHistory,LastModifiedDate,Yes,STATIC_OFFSET,,,
ClinicalFormGroupUserAuthenticationHistory,Enabled,No,,,,
ClinicalFormGroupUserAuthenticationHistory,HistoryDate,Yes,STATIC_OFFSET,,,
ClinicalFormGroupUserAuthenticationHistory,HistoryUserID,No,,,,
ClinicalFormGroupUserAuthenticationHistory,HistoryAction,No,,,,
ClinicalFormGroupUserAuthenticationHistory,nd_auto_increment_id,No,,,,
ClinicalFormHistory,ClinicalFormID,No,,,,
ClinicalFormHistory,ClinicalFormGroupID,No,,,,
ClinicalFormHistory,FormName,No,,,,
ClinicalFormHistory,FormDescription,No,,,,
ClinicalFormHistory,ClinicalFormManagerID,No,,,,
ClinicalFormHistory,ClinicalFormArchiverID,No,,,,
ClinicalFormHistory,ClinicalFormPrePopID,No,,,,
ClinicalFormHistory,RequestFormID,No,,,,
ClinicalFormHistory,RequestFormVisit,No,,,,
ClinicalFormHistory,Enabled,No,,,,
ClinicalFormHistory,CreateDate,No,,,,
ClinicalFormHistory,CreateUser,Yes,MASK,CreateUser,,
ClinicalFormHistory,LastModifiedDate,Yes,STATIC_OFFSET,,,
ClinicalFormHistory,LastModifiedUser,No,,,,
ClinicalFormHistory,HistoryDate,Yes,STATIC_OFFSET,,,
ClinicalFormHistory,HistoryUserID,No,,,,
ClinicalFormHistory,HistoryAction,No,,,,
ClinicalFormHistory,nd_auto_increment_id,No,,,,
ClinicalFormPatientHistory,ClinicalFormID,No,,,,
ClinicalFormPatientHistory,PatientID,Yes,PATIENT_ID,,,
ClinicalFormPatientHistory,ClinicalFormStatusID,No,,,,
ClinicalFormPatientHistory,CreateDate,Yes,STATIC_OFFSET,,,
ClinicalFormPatientHistory,LastModifiedDate,Yes,STATIC_OFFSET,,,
ClinicalFormPatientHistory,nd_auto_increment_id,No,,,,
ClinicalFormPrePop,ClinicalFormPrePopID,No,,,,
ClinicalFormPrePop,FormatName,No,,,,
ClinicalFormPrePop,FormatDescription,No,,,,
ClinicalFormPrePop,CDADocumentID,No,,,,
ClinicalFormPrePop,Enabled,No,,,,
ClinicalFormPrePop,nd_auto_increment_id,No,,,,
ClinicalFormStatus,ClinicalFormStatusID,No,,,,
ClinicalFormStatus,Status,No,,,,
ClinicalFormStatus,Description,Yes,GENERIC_NOTES,,,
ClinicalFormStatus,SeqNo,No,,,,
ClinicalFormStatus,nd_auto_increment_id,No,,,,
ClinicalMedAction,ActionID,No,,,,
ClinicalMedAction,Description,No,,,,
ClinicalMedAction,LongDescription,Yes,GENERIC_NOTES,,,
ClinicalMedAction,nd_auto_increment_id,No,,,,
ClinicalMedCommentType,CommentTypeID,No,,,,
ClinicalMedCommentType,Description,No,,,,
ClinicalMedCommentType,nd_auto_increment_id,No,,,,
ClinicalPatMedAlertOverride,ClinicalPatMedID,No,,,,
ClinicalPatMedAlertOverride,MedAlertOverrideReasonID,No,,,,
ClinicalPatMedAlertOverride,AlertType,No,,,,
ClinicalPatMedAlertOverride,ScreenMsg,Yes,GENERIC_NOTES,,,
ClinicalPatMedAlertOverride,UserID,No,,,,
ClinicalPatMedAlertOverride,CreateDate,Yes,STATIC_OFFSET,,,
ClinicalPatMedAlertOverride,nd_auto_increment_id,No,,,,
ClinicalPatMedPhoneticKey,mnid,No,,,,
ClinicalPatMedPhoneticKey,PhoneticKey,No,,,,
ClinicalPatMedPhoneticKey,nd_auto_increment_id,No,,,,
ClinicalPatMedPrescribeOnBehalfOf,Userid,No,,,,
ClinicalPatMedPrescribeOnBehalfOf,CareProviderID,No,,,,
ClinicalPatMedPrescribeOnBehalfOf,nd_auto_increment_id,No,,,,
ClinicalPatMedPrint,ClinicalMedPrintID,No,,,,
ClinicalPatMedPrint,ClinicalPatMedID,No,,,,
ClinicalPatMedPrint,UserID,No,,,,
ClinicalPatMedPrint,PrintDate,Yes,STATIC_OFFSET,,,
ClinicalPatMedPrint,Icd9,No,,,,
ClinicalPatMedPrint,Format,No,,,,
ClinicalPatMedPrint,LocationID,No,,,,
ClinicalPatMedPrint,PrinterName,No,,,,
ClinicalPatMedPrint,nd_auto_increment_id,No,,,,
ClinicalPatMedPrintSigAllowed,Userid,No,,,,
ClinicalPatMedPrintSigAllowed,CareProviderID,Yes,MASK,CareProviderID,,
ClinicalPatMedPrintSigAllowed,nd_auto_increment_id,No,,,,
ClinicalPatMedPrintSigAllowedOnPharmacyPrinterOnly,UserID,No,,,,
ClinicalPatMedPrintSigAllowedOnPharmacyPrinterOnly,CareProviderID,Yes,MASK,CareProviderID,,
ClinicalPatMedPrintSigAllowedOnPharmacyPrinterOnly,nd_auto_increment_id,No,,,,
ClinicalPatMedPrintSigNotify,CareProviderID,Yes,MASK,CareProviderID,,
ClinicalPatMedPrintSigNotify,Never,No,,,,
ClinicalPatMedPrintSigNotify,Always,No,,,,
ClinicalPatMedPrintSigNotify,Class2,No,,,,
ClinicalPatMedPrintSigNotify,Class3,No,,,,
ClinicalPatMedPrintSigNotify,Class4,No,,,,
ClinicalPatMedPrintSigNotify,Class5,No,,,,
ClinicalPatMedPrintSigNotify,nd_auto_increment_id,No,,,,
ClinicalPatMeds_Backup_D55931,ClinicalPatMedID,No,,,,
ClinicalPatMeds_Backup_D55931,DoseQuantityUnit,No,,,,
ClinicalPatMeds_Backup_D55931,DoseQuantity,No,,,,
ClinicalPatMeds_Backup_D55931,SIGModeID,No,,,,
ClinicalPatMeds_SS_Issue_Bak,ClinicalPatMedID,No,,,,
ClinicalPatMeds_SS_Issue_Bak,OriginalPatMedID,No,,,,
ClinicalPatMeds_SS_Issue_Bak,UserID,No,,,,
ClinicalPatMeds_SS_Issue_Bak,PatientID,Yes,PATIENT_ID,,,
ClinicalPatMeds_SS_Issue_Bak,VisitID,Yes,ENCOUNTER_ID,,,
ClinicalPatMeds_SS_Issue_Bak,OrderingDocumentID,No,,,,
ClinicalPatMeds_SS_Issue_Bak,OrderingSeqNumber,No,,,,
ClinicalPatMeds_SS_Issue_Bak,StatusID,No,,,,
ClinicalPatMeds_SS_Issue_Bak,StartDT,No,,,,
ClinicalPatMeds_SS_Issue_Bak,MCProvCode,No,,,,
ClinicalPatMeds_SS_Issue_Bak,MedicationID,No,,,,
ClinicalPatMeds_SS_Issue_Bak,MedicationName,No,,,,
ClinicalPatMeds_SS_Issue_Bak,NameType,No,,,,
ClinicalPatMeds_SS_Issue_Bak,DrugNameID,No,,,,
ClinicalPatMeds_SS_Issue_Bak,MedicationStrength,No,,,,
ClinicalPatMeds_SS_Issue_Bak,MedicationStrengthUnit,No,,,,
ClinicalPatMeds_SS_Issue_Bak,DoseFormID,No,,,,
ClinicalPatMeds_SS_Issue_Bak,DoseForm,No,,,,
ClinicalPatMeds_SS_Issue_Bak,DoseTypeID,No,,,,
ClinicalPatMeds_SS_Issue_Bak,DoseType,No,,,,
ClinicalPatMeds_SS_Issue_Bak,DoseQuantity,No,,,,
ClinicalPatMeds_SS_Issue_Bak,DoseQuantityUnit,No,,,,
ClinicalPatMeds_SS_Issue_Bak,RouteID,No,,,,
ClinicalPatMeds_SS_Issue_Bak,Route,No,,,,
ClinicalPatMeds_SS_Issue_Bak,Duration,No,,,,
ClinicalPatMeds_SS_Issue_Bak,Durationunitid,No,,,,
ClinicalPatMeds_SS_Issue_Bak,DispenseAmount,No,,,,
ClinicalPatMeds_SS_Issue_Bak,DispenseUnit,No,,,,
ClinicalPatMeds_SS_Issue_Bak,NumRefills,No,,,,
ClinicalPatMeds_SS_Issue_Bak,ExpireDate,No,,,,
ClinicalPatMeds_SS_Issue_Bak,Description,No,,,,
ClinicalPatMeds_SS_Issue_Bak,SIG,No,,,,
ClinicalPatMeds_SS_Issue_Bak,SIGModeID,No,,,,
ClinicalPatMeds_SS_Issue_Bak,Frequency,No,,,,
ClinicalPatMeds_SS_Issue_Bak,Enable,No,,,,
ClinicalPatMeds_SS_Issue_Bak,DispenseAsWritten,No,,,,
ClinicalPatMeds_SS_Issue_Bak,OSID,No,,,,
ClinicalPatMeds_SS_Issue_Bak,FrequencyCode,No,,,,
ClinicalPatMeds_SS_Issue_Bak,StartDateText,No,,,,
ClinicalPatMeds_SS_Issue_Bak,DEACode,No,,,,
ClinicalPatMeds_SS_Issue_Bak,CareProviderID,No,,,,
ClinicalPatMeds_SS_Issue_Bak,SigInd,No,,,,
ClinicalPatMeds_SS_Issue_Bak,CreateDate,No,,,,
ClinicalPatMeds_SS_Issue_Bak,External,No,,,,
ClinicalPatMeds_SS_Issue_Bak,Maintenance,No,,,,
ClinicalPatMeds_SS_Issue_Bak,ActionID,No,,,,
ClinicalPatMeds_SS_Issue_Bak,ValidScript,No,,,,
ClinicalPatMeds_SS_Issue_Bak,SampleGiven,No,,,,
ClinicalPatMeds_SS_Issue_Bak,RemovalReasonid,No,,,,
ClinicalPatMeds_SS_Issue_Bak,DateTimeRemoved,No,,,,
ClinicalPatMeds_SS_Issue_Bak,MedicalAlertOverrideID,No,,,,
ClinicalPatMeds_SS_Issue_Bak,ControlledConsecNum,No,,,,
ClinicalPatMeds_SS_Issue_Bak,PharmacyID,No,,,,
ClinicalPatMeds_SS_Issue_Bak,EPrescribeDone,No,,,,
ClinicalPatMeds_SS_Issue_Bak,EPrescribeDate,No,,,,
ClinicalPatMeds_SS_Issue_Bak,SureScriptsSPI,No,,,,
ClinicalPatMeds_SS_Issue_Bak,LocationID,No,,,,
ClinicalPatMeds_SS_Issue_Bak,SupervisorID,No,,,,
ClinicalPatMeds_SS_Issue_Bak,ProductCode,No,,,,
ClinicalPatMeds_SS_Issue_Bak,MedicalConditionID,No,,,,
ClinicalPatMeds_SS_Issue_Bak,MedicalCondition,No,,,,
ClinicalPatMeds_SS_Issue_Bak,PlanID,No,,,,
ClinicalPatMeds_SS_Issue_Bak,PharmacyRequestID,No,,,,
ClinicalPatMeds_SS_Issue_Bak,EffectiveDT,No,,,,
ClinicalPatMeds_SS_Issue_Bak,ExternalProviderName,No,,,,
ClinicalPatMeds_SS_Issue_Bak,PharmacyVerifiedDate,No,,,,
ClinicalPatMeds_SS_Issue_Bak,DestinationParticipantID,No,,,,
ClinicalPatMeds_SS_Issue_Bak,HealthPlanID,No,,,,
ClinicalPatMeds_SS_Issue_Bak,HealthPlanGroupID,No,,,,
ClinicalPatMeds_SS_Issue_Bak,FormularyDetails,No,,,,
ClinicalPatMeds_SS_Issue_Bak,ID_ThisEliminatesTheIdentityProperty,No,,,,
ClinicalPatMeds_SS_Issue_Bak,DateOfAction,No,,,,
ClinicalPatMeds_US43511,ClinicalPatMedID,No,,,,
ClinicalPatMeds_US43511,OriginalPatMedID,No,,,,
ClinicalPatMeds_US43511,UserID,No,,,,
ClinicalPatMeds_US43511,PatientID,Yes,PATIENT_ID,,,
ClinicalPatMeds_US43511,VisitID,Yes,ENCOUNTER_ID,,,
ClinicalPatMeds_US43511,OrderingDocumentID,No,,,,
ClinicalPatMeds_US43511,OrderingSeqNumber,No,,,,
ClinicalPatMeds_US43511,StatusID,No,,,,
ClinicalPatMeds_US43511,StartDT,Yes,STATIC_OFFSET,,,
ClinicalPatMeds_US43511,MCProvCode,No,,,,
ClinicalPatMeds_US43511,MedicationID,No,,,,
ClinicalPatMeds_US43511,MedicationName,No,,,,
ClinicalPatMeds_US43511,NameType,No,,,,
ClinicalPatMeds_US43511,DrugNameID,No,,,,
ClinicalPatMeds_US43511,MedicationStrength,No,,,,
ClinicalPatMeds_US43511,MedicationStrengthUnit,No,,,,
ClinicalPatMeds_US43511,DoseFormID,No,,,,
ClinicalPatMeds_US43511,DoseForm,No,,,,
ClinicalPatMeds_US43511,DoseTypeID,No,,,,
ClinicalPatMeds_US43511,DoseType,No,,,,
ClinicalPatMeds_US43511,DoseQuantity,No,,,,
ClinicalPatMeds_US43511,DoseQuantityUnit,No,,,,
ClinicalPatMeds_US43511,RouteID,No,,,,
ClinicalPatMeds_US43511,Route,No,,,,
ClinicalPatMeds_US43511,Duration,No,,,,
ClinicalPatMeds_US43511,Durationunitid,No,,,,
ClinicalPatMeds_US43511,DispenseAmount,No,,,,
ClinicalPatMeds_US43511,DispenseUnit,No,,,,
ClinicalPatMeds_US43511,NumRefills,No,,,,
ClinicalPatMeds_US43511,ExpireDate,No,,,,
ClinicalPatMeds_US43511,Description,No,,,,
ClinicalPatMeds_US43511,SIG,No,,,,
ClinicalPatMeds_US43511,SIGModeID,No,,,,
ClinicalPatMeds_US43511,Frequency,No,,,,
ClinicalPatMeds_US43511,Enable,No,,,,
ClinicalPatMeds_US43511,DispenseAsWritten,No,,,,
ClinicalPatMeds_US43511,OSID,No,,,,
ClinicalPatMeds_US43511,FrequencyCode,No,,,,
ClinicalPatMeds_US43511,StartDateText,No,,,,
ClinicalPatMeds_US43511,DEACode,No,,,,
ClinicalPatMeds_US43511,CareProviderID,No,,,,
ClinicalPatMeds_US43511,SigInd,No,,,,
ClinicalPatMeds_US43511,CreateDate,Yes,STATIC_OFFSET,,,
ClinicalPatMeds_US43511,External,No,,,,
ClinicalPatMeds_US43511,Maintenance,No,,,,
ClinicalPatMeds_US43511,ActionID,No,,,,
ClinicalPatMeds_US43511,ValidScript,No,,,,
ClinicalPatMeds_US43511,SampleGiven,No,,,,
ClinicalPatMeds_US43511,RemovalReasonid,No,,,,
ClinicalPatMeds_US43511,DateTimeRemoved,No,,,,
ClinicalPatMeds_US43511,MedicalAlertOverrideID,No,,,,
ClinicalPatMeds_US43511,ControlledConsecNum,No,,,,
ClinicalPatMeds_US43511,PharmacyID,No,,,,
ClinicalPatMeds_US43511,EPrescribeDone,No,,,,
ClinicalPatMeds_US43511,EPrescribeDate,Yes,STATIC_OFFSET,,,
ClinicalPatMeds_US43511,SureScriptsSPI,No,,,,
ClinicalPatMeds_US43511,LocationID,No,,,,
ClinicalPatMeds_US43511,SupervisorID,No,,,,
ClinicalPatMeds_US43511,ProductCode,No,,,,
ClinicalPatMeds_US43511,MedicalConditionID,No,,,,
ClinicalPatMeds_US43511,MedicalCondition,Yes,MASK,MedicalCondition,,
ClinicalPatMeds_US43511,PlanID,No,,,,
ClinicalPatMeds_US43511,PharmacyRequestID,No,,,,
ClinicalPatMeds_US43511,EffectiveDT,No,,,,
ClinicalPatMeds_US43511,ExternalProviderName,Yes,MASK,ExternalProviderName,,
ClinicalPatMeds_US43511,PharmacyVerifiedDate,Yes,STATIC_OFFSET,,,
ClinicalPatMeds_US43511,DestinationParticipantID,No,,,,
ClinicalPatMeds_US43511,HealthPlanID,Yes,MASK,HealthPlanID,,
ClinicalPatMeds_US43511,HealthPlanGroupID,No,,,,
ClinicalPatMeds_US43511,FormularyDetails,No,,,,
ClinicalPatMedsAudit,ParentID,No,,,,
ClinicalPatMedsAudit,ChildID,No,,,,
ClinicalPatMedsAudit,UserID,No,,,,
ClinicalPatMedsAudit,VisitID,Yes,ENCOUNTER_ID,,,
ClinicalPatMedsAudit,StatusID,No,,,,
ClinicalPatMedsAudit,MedicalCondition,No,,,,
ClinicalPatMedsAudit,MCProvCode,No,,,,
ClinicalPatMedsAudit,MedicationName,No,,,,
ClinicalPatMedsAudit,NameType,No,,,,
ClinicalPatMedsAudit,MedicationStrength,No,,,,
ClinicalPatMedsAudit,MedicationStrengthUnit,No,,,,
ClinicalPatMedsAudit,DoseFormID,No,,,,
ClinicalPatMedsAudit,DoseForm,No,,,,
ClinicalPatMedsAudit,DoseType,No,,,,
ClinicalPatMedsAudit,DoseQuantity,No,,,,
ClinicalPatMedsAudit,DoseQuantityUnit,No,,,,
ClinicalPatMedsAudit,Route,No,,,,
ClinicalPatMedsAudit,Duration,No,,,,
ClinicalPatMedsAudit,DispenseAmount,No,,,,
ClinicalPatMedsAudit,DispenseUnit,No,,,,
ClinicalPatMedsAudit,NumRefills,No,,,,
ClinicalPatMedsAudit,ExpireDate,No,,,,
ClinicalPatMedsAudit,Description,No,,,,
ClinicalPatMedsAudit,SIG,No,,,,
ClinicalPatMedsAudit,SIGModeID,No,,,,
ClinicalPatMedsAudit,Frequency,No,,,,
ClinicalPatMedsAudit,Enable,No,,,,
ClinicalPatMedsAudit,DispenseAsWritten,No,,,,
ClinicalPatMedsAudit,OSID,No,,,,
ClinicalPatMedsAudit,FrequencyCode,No,,,,
ClinicalPatMedsAudit,StartDateText,No,,,,
ClinicalPatMedsAudit,DEACode,No,,,,
ClinicalPatMedsAudit,CareProviderID,No,,,,
ClinicalPatMedsAudit,SigInd,Yes,MASK,SigInd,,
ClinicalPatMedsAudit,External,No,,,,
ClinicalPatMedsAudit,Maintenance,No,,,,
ClinicalPatMedsAudit,ValidScript,No,,,,
ClinicalPatMedsAudit,SampleGiven,No,,,,
ClinicalPatMedsAudit,NADEAN,No,,,,
ClinicalPatMedsAudit,GHB,No,,,,
clinicalPatmedsb4Migration,ClinicalPatMedID,No,,,,
clinicalPatmedsb4Migration,OriginalPatMedID,No,,,,
clinicalPatmedsb4Migration,SiteID,No,,,,
clinicalPatmedsb4Migration,UserID,No,,,,
clinicalPatmedsb4Migration,PatientID,Yes,PATIENT_ID,,,
clinicalPatmedsb4Migration,VisitID,Yes,ENCOUNTER_ID,,,
clinicalPatmedsb4Migration,OrderingDocumentID,No,,,,
clinicalPatmedsb4Migration,OrderingSeqNumber,No,,,,
clinicalPatmedsb4Migration,DocumentID,No,,,,
clinicalPatmedsb4Migration,SequenceNumber,No,,,,
clinicalPatmedsb4Migration,StatusID,No,,,,
clinicalPatmedsb4Migration,StartDT,No,,,,
clinicalPatmedsb4Migration,MedicalConditionID,No,,,,
clinicalPatmedsb4Migration,MedicalCondition,No,,,,
clinicalPatmedsb4Migration,MCProvCode,No,,,,
clinicalPatmedsb4Migration,MedicationID,No,,,,
clinicalPatmedsb4Migration,MedicationName,No,,,,
clinicalPatmedsb4Migration,NameType,No,,,,
clinicalPatmedsb4Migration,DrugNameID,No,,,,
clinicalPatmedsb4Migration,GenericName,No,,,,
clinicalPatmedsb4Migration,MedicationStrength,No,,,,
clinicalPatmedsb4Migration,MedicationStrengthUnit,No,,,,
clinicalPatmedsb4Migration,DoseFormID,No,,,,
clinicalPatmedsb4Migration,DoseForm,No,,,,
clinicalPatmedsb4Migration,DoseTypeID,No,,,,
clinicalPatmedsb4Migration,DoseType,No,,,,
clinicalPatmedsb4Migration,DoseQuantity,No,,,,
clinicalPatmedsb4Migration,DoseQuantityUnit,No,,,,
clinicalPatmedsb4Migration,RouteID,No,,,,
clinicalPatmedsb4Migration,Route,No,,,,
clinicalPatmedsb4Migration,Duration,No,,,,
clinicalPatmedsb4Migration,Durationunitid,No,,,,
clinicalPatmedsb4Migration,DispenseAmount,No,,,,
clinicalPatmedsb4Migration,DispenseUnit,No,,,,
clinicalPatmedsb4Migration,NumRefills,No,,,,
clinicalPatmedsb4Migration,Notes,No,,,,
clinicalPatmedsb4Migration,StopDT,No,,,,
clinicalPatmedsb4Migration,Description,No,,,,
clinicalPatmedsb4Migration,SIG,No,,,,
clinicalPatmedsb4Migration,SIGModeID,No,,,,
clinicalPatmedsb4Migration,Frequency,No,,,,
clinicalPatmedsb4Migration,MedInterval,No,,,,
clinicalPatmedsb4Migration,Intervalunitid,No,,,,
clinicalPatmedsb4Migration,Enable,No,,,,
clinicalPatmedsb4Migration,DispenseAsWritten,No,,,,
clinicalPatmedsb4Migration,OSID,No,,,,
clinicalPatmedsb4Migration,FrequencyCode,No,,,,
clinicalPatmedsb4Migration,StartDateText,No,,,,
clinicalPatmedsb4Migration,DEACode,No,,,,
clinicalPatmedsb4Migration,DiscontinueDateText,No,,,,
clinicalPatmedsb4Migration,PrintDate,No,,,,
clinicalPatmedsb4Migration,CareProviderID,No,,,,
clinicalPatmedsb4Migration,SigInd,No,,,,
ClinicalProblemList,problemid,No,,,,
ClinicalProblemList,problem,No,,,,
ClinicalProblemList,notes,No,,,,
ClinicalProblemList,dateadded,Yes,STATIC_OFFSET,,,
ClinicalProblemList,contextid,No,,,,
ClinicalProblemList,icd9,Yes,MASK,icd9,,
ClinicalProblemList,enabled,No,,,,
ClinicalProblemList,icd10,No,,,,
ClinicalProblemList,snomed,No,,,,
ClinicalProblemList,PatHistCatHistItemID,No,,,,
ClinicalProblemListCommonByCP,id,No,,,,
ClinicalProblemListCommonByCP,name,No,,,,
ClinicalProblemListCommonByCP,careproviderid,No,,,,
ClinicalProblemListCommonByCP,enable,No,,,,
ClinicalProblemListCommonByCP,icd10,No,,,,
ClinicalProblemListCommonByCP,icd9,No,,,,
ClinicalProblemListCommonByCP,snomed,No,,,,
ClinicalProblemListCommonByCP,SequenceID,No,,,,
ClinicalProblemListPatient,PatientId,Yes,PATIENT_ID,,,
ClinicalProblemListPatient,ProblemId,No,,,,
ClinicalProblemListPatient,EpisodeId,No,,,,
ClinicalProcedureExport,ProcedureID,No,,,,
ClinicalProcedureExport,DocumentID,No,,,,
ClinicalProcedureExport,Unit,No,,,,
ClinicalProcedureExport,Description,No,,,,
ClinicalProcedureExport,DocumentVersion,No,,,,
ClinicalProcedureExport,Disabled,No,,,,
ClinicalProcedureExport,Processed,No,,,,
ClinicalProcedureExport,Billable,No,,,,
ClinicalProcedureExport,Mod4,No,,,,
ClinicalProcedureExport,Mod3,No,,,,
ClinicalProcedureExport,Mod2,No,,,,
ClinicalProcedureExport,Mod1,No,,,,
ClinicalProcedureExport,OrdersTrackingOrderID,No,,,,
ClinicalProcedureMasterExport,ID,No,,,,
ClinicalProcedureMasterExport,ProcedureID,No,,,,
ClinicalProcedureMasterExport,ProcedureMasterID,No,,,,
ClinicalProcedureMasterExport,ProcedureCode,No,,,,
ClinicalRemovalReason,RemovalReasonID,No,,,,
ClinicalRemovalReason,Description,No,,,,
ClinicalRemovalReason,nd_auto_increment_id,No,,,,
ClinicalSignatureTypes,SignatureTypeID,No,,,,
ClinicalSignatureTypes,SignatureTypeName,Yes,MASK,SignatureTypeName,,
ClinicalSignatureTypes,Enabled,No,,,,
ClinicalSignatureTypes,Description,No,,,,
ClinicalSignatureTypes,nd_auto_increment_id,No,,,,
ClinicalSpecialty,SpecialtyID,No,,,,
ClinicalSpecialty,SpecialtyDesc,No,,,,
ClinicalSpecialty,SourceSafeName,No,,,,
ClinicalSpecialty,SourceSafePath,No,,,,
ClinicalSpecialty,FilePath,Yes,MASK,FilePath,,
ClinicalSpecialty,nd_auto_increment_id,No,,,,
ClinicalSummaryProvidedType,ClinicalSummaryProvidedTypeID,No,,,,
ClinicalSummaryProvidedType,ClinicalSummaryProvidedTypeDesc,No,,,,
ClinicalSummaryProvidedType,nd_auto_increment_id,No,,,,
ClinicalTemplateFolders,FolderID,No,,,,
ClinicalTemplateFolders,ParentFolderID,No,,,,
ClinicalTemplateFolders,FolderDescription,No,,,,
ClinicalTemplateFolders,FolderName,No,,,,
ClinicalTemplateFolders,UserID,No,,,,
ClinicalTemplateFolders,Enabled,No,,,,
ClinicalTemplateFolders,nd_auto_increment_id,No,,,,
ClinicalTemplates,TemplateID,No,,,,
ClinicalTemplates,UserID,No,,,,
ClinicalTemplates,TemplateName,No,,,,
ClinicalTemplates,TemplateDescription,Yes,GENERIC_NOTES,,,
ClinicalTemplates,Enabled,No,,,,
ClinicalTemplates,CreateDate,Yes,STATIC_OFFSET,,,
ClinicalTemplates,LastModified,Yes,STATIC_OFFSET,,,
ClinicalTemplates,FolderID,No,,,,
ClinicalTemplates,DocumentTypeID,No,,,,
ClinicalTemplates,GMTTemplateID,No,,,,
ClinicalTemplates,TemplateVersion,No,,,,
ClinicalTemplates,nd_auto_increment_id,No,,,,
ClinicalTypeLibrary,LibID,No,,,,
ClinicalTypeLibrary,userid,No,,,,
ClinicalTypeLibrary,Name,Yes,MASK,Name,,
ClinicalTypeLibrary,Description,No,,,,
ClinicalTypeLibrary,CreateDate,Yes,STATIC_OFFSET,,,
ClinicalTypeLibrary,LastModified,Yes,STATIC_OFFSET,,,
ClinicalTypeLibrary,LibTypeID,No,,,,
ClinicalTypeLibrary,enabled,No,,,,
ClinicalTypeLibrary,LibImage,Yes,GENERIC_NOTES,,,
ClinicalTypeLibrary,nd_auto_increment_id,No,,,,
ClinicalUnit,ClinicalUnitID,No,,,,
ClinicalUnit,UnitTypeID,No,,,,
ClinicalUnit,UnitAbbreviation,No,,,,
ClinicalUnit,UnitDescription,No,,,,
ClinicalUnit,nd_auto_increment_id,No,,,,
ClinicalUnitType,UnitTypeID,No,,,,
ClinicalUnitType,UnitTypeAbreviation,No,,,,
ClinicalUnitType,UnitTypeDescription,No,,,,
ClinicalUnitType,nd_auto_increment_id,No,,,,
ClinicalVital,ClinicalVitalID,No,,,,
ClinicalVital,ClinicalVitalGroupID,No,,,,
ClinicalVital,UserID,No,,,,
ClinicalVital,DateTimeTaken,Yes,DATE_OFFSET,,,
ClinicalVital,Temperature,No,,,,
ClinicalVital,Height,No,,,,
ClinicalVital,Weight,Yes,MASK,Weight,,
ClinicalVital,BPPosition,No,,,,
ClinicalVital,HeartRate,No,,,,
ClinicalVital,SystolicBP,No,,,,
ClinicalVital,DiastolicBP,No,,,,
ClinicalVital,Laterality,No,,,,
ClinicalVital,CuffSize,No,,,,
ClinicalVital,VitalSite,No,,,,
ClinicalVital,RespRate,No,,,,
ClinicalVital,HRRegularity,No,,,,
ClinicalVital,TempMethod,No,,,,
ClinicalVital,HeadCircumference,No,,,,
ClinicalVital,Spo2Percent,No,,,,
ClinicalVital,o2DeliveryDevice,No,,,,
ClinicalVital,fiO2,No,,,,
ClinicalVital,flowRate,No,,,,
ClinicalVitalConceptLU,ConceptID,No,,,,
ClinicalVitalConceptLU,LongName,No,,,,
ClinicalVitalConceptLU,ShortName,No,,,,
ClinicalVitalConceptLU,nd_auto_increment_id,No,,,,
ClinicalVitalHistory,ClinicalVitalID,No,,,,
ClinicalVitalHistory,ClinicalVitalGroupID,No,,,,
ClinicalVitalHistory,UserID,No,,,,
ClinicalVitalHistory,DateTimeTaken,Yes,DATE_OFFSET,,,
ClinicalVitalHistory,Temperature,No,,,,
ClinicalVitalHistory,Height,No,,,,
ClinicalVitalHistory,Weight,Yes,MASK,Weight,,
ClinicalVitalHistory,BPPosition,No,,,,
ClinicalVitalHistory,HeartRate,No,,,,
ClinicalVitalHistory,SystolicBP,No,,,,
ClinicalVitalHistory,DiastolicBP,No,,,,
ClinicalVitalHistory,Laterality,Yes,MASK,Laterality,,
ClinicalVitalHistory,CuffSize,No,,,,
ClinicalVitalHistory,VitalSite,No,,,,
ClinicalVitalHistory,RespRate,No,,,,
ClinicalVitalHistory,HRRegularity,No,,,,
ClinicalVitalHistory,TempMethod,No,,,,
ClinicalVitalHistory,UpdateDatetime,Yes,DATE_OFFSET,,,
ClinicalVitalHistory,UpdatedByUserID,No,,,,
ClinicalVitalHistory,orgVitalID,No,,,,
ClinicalVitalHistory,Deleted,No,,,,
ClinicalVitalHistory,HeadCircumference,No,,,,
ClinicalVitalHistory,Spo2Percent,No,,,,
ClinicalVitalHistory,o2DeliveryDevice,No,,,,
ClinicalVitalHistory,fiO2,No,,,,
ClinicalVitalHistory,flowRate,No,,,,
ClinicalVitalHistory,nd_auto_increment_id,No,,,,
ClinicalVitalLookup,Type,No,,,,
ClinicalVitalLookup,Item,No,,,,
ClinicalVitalLookup,OrderbyType,No,,,,
ClinicalVitalLookup,nd_auto_increment_id,No,,,,
COB,COBTypeID,No,,,,
COB,LocalName,No,,,,
COB,StandardName,No,,,,
COB,Description,No,,,,
COB,IsDefaultField,No,,,,
COB,Enabled,No,,,,
COB,nd_auto_increment_id,No,,,,
CodingSystemVersion,CodingSystemVersionID,No,,,,
CodingSystemVersion,CodingSystemVersionDesc,No,,,,
CodingSystemVersion,CodingSystemID,No,,,,
CodingSystemVersion,StartDate,Yes,STATIC_OFFSET,,,
CodingSystemVersion,EndDate,No,,,,
CodingSystemVersion,nd_auto_increment_id,No,,,,
ColAction,ActionID,No,,,,
ColAction,NextActionID,No,,,,
ColAction,ActionName,No,,,,
ColAction,Note,Yes,GENERIC_NOTES,,,
ColAction,LetterID,No,,,,
ColAction,FollowUpDays,No,,,,
ColAction,StatementType,No,,,,
ColAction,ExcludeFinanceCharge,No,,,,
ColAction,CreateDate,Yes,STATIC_OFFSET,,,
ColAction,Active,No,,,,
ColAction,Lock,No,,,,
ColAction,Freeze,No,,,,
ColAction,SystemAction,No,,,,
ColAction,RemoveAction,No,,,,
ColAction,nd_auto_increment_id,No,,,,
ColActionFlag,FlagID,No,,,,
ColActionFlag,ActionID,No,,,,
ColActionFlag,Direction,No,,,,
ColActionFlag,CreateDate,Yes,STATIC_OFFSET,,,
ColActionFlag,nd_auto_increment_id,No,,,,
ColActionFlagHistory,FlagID,No,,,,
ColActionFlagHistory,ActionID,No,,,,
ColActionFlagHistory,Direction,No,,,,
ColActionFlagHistory,ColActionHistID,No,,,,
ColActionFlagHistory,nd_auto_increment_id,No,,,,
ColActionHistory,ColActionHistID,No,,,,
ColActionHistory,ActionID,No,,,,
ColActionHistory,NextActionID,No,,,,
ColActionHistory,ActionName,Yes,MASK,ActionName,,
ColActionHistory,Note,Yes,GENERIC_NOTES,,,
ColActionHistory,LetterID,No,,,,
ColActionHistory,FollowUpDays,No,,,,
ColActionHistory,StatementType,No,,,,
ColActionHistory,ExcludeFinanceCharge,No,,,,
ColActionHistory,CreateDate,Yes,STATIC_OFFSET,,,
ColActionHistory,LastChanged,Yes,STATIC_OFFSET,,,
ColActionHistory,LastChangedBy,No,,,,
ColActionHistory,CreatedBy,No,,,,
ColActionHistory,Lock,No,,,,
ColActionHistory,Freeze,No,,,,
ColActionHistory,Active,No,,,,
ColActionHistory,nd_auto_increment_id,No,,,,
ColAdminConfig,ColAdminConfigID,No,,,,
ColAdminConfig,AutoCreate,No,,,,
ColAdminConfig,AutoRemove,No,,,,
ColAdminConfig,AutoReassign,No,,,,
ColAdminConfig,DefaultMaxSnooze,No,,,,
ColAdminConfig,AlertMaxSnooze,No,,,,
ColAdminConfig,LastChanged,Yes,STATIC_OFFSET,,,
ColAdminConfig,LastChangedBy,Yes,MASK,LastChangedBy,,
ColAdminConfig,InProcess,No,,,,
ColAdminConfig,LastRunDate,Yes,STATIC_OFFSET,,,
ColAdminConfig,nd_auto_increment_id,No,,,,
ColAdminConfigAlertUser,ColAdminConfigID,No,,,,
ColAdminConfigAlertUser,UserID,Yes,PATIENT_ID,,,
ColAdminConfigAlertUser,nd_auto_increment_id,No,,,,
ColAdminConfigAlertUserHistory,UserID,Yes,PATIENT_ID,,,
ColAdminConfigAlertUserHistory,ColAdminConfigID,No,,,,
ColAdminConfigAlertUserHistory,ColAdminConfigHistID,No,,,,
ColAdminConfigAlertUserHistory,nd_auto_increment_id,No,,,,
ColAdminConfigHistory,ColAdminConfigHistID,No,,,,
ColAdminConfigHistory,ColAdminConfigID,No,,,,
ColAdminConfigHistory,AutoCreate,No,,,,
ColAdminConfigHistory,AutoRemove,No,,,,
ColAdminConfigHistory,AutoReassign,No,,,,
ColAdminConfigHistory,DefaultMaxSnooze,No,,,,
ColAdminConfigHistory,AlertMaxSnooze,No,,,,
ColAdminConfigHistory,HistoryDate,Yes,STATIC_OFFSET,,,
ColAdminConfigHistory,LastChangedBy,Yes,MASK,LastChangedBy,,
ColAdminConfigHistory,nd_auto_increment_id,No,,,,
ColAdminQual,ColAdminQualID,No,,,,
ColAdminQual,BalanceMin,No,,,,
ColAdminQual,BalanceAge,Yes,MASK,BalanceAge,,
ColAdminQual,StatementMin,No,,,,
ColAdminQual,StatementDays,No,,,,
ColAdminQual,PayExTOSPayment,No,,,,
ColAdminQual,PPBalType,No,,,,
ColAdminQual,PPBalPmtDays,No,,,,
ColAdminQual,PlanPaymentLTPlanAmountDays,No,,,,
ColAdminQual,PlanActivityDays,No,,,,
ColAdminQual,PlanIgnoreActivity,No,,,,
ColAdminQual,PlanExTOSPayment,No,,,,
ColAdminQual,PayExBalType,No,,,,
ColAdminQual,PayUsePercent,No,,,,
ColAdminQual,PayExPlanBalType,No,,,,
ColAdminQual,PayAmount,No,,,,
ColAdminQual,PayBalanceDays,No,,,,
ColAdminQual,LastChanged,Yes,STATIC_OFFSET,,,
ColAdminQual,LastChangedBy,Yes,MASK,LastChangedBy,,
ColAdminQual,nd_auto_increment_id,No,,,,
ColAdminQualFlag,ColAdminQualID,No,,,,
ColAdminQualFlag,FlagID,No,,,,
ColAdminQualFlag,FlagDirection,No,,,,
ColAdminQualFlag,nd_auto_increment_id,No,,,,
ColAdminQualFlagHistory,ColAdminQualID,No,,,,
ColAdminQualFlagHistory,FlagID,No,,,,
ColAdminQualFlagHistory,FlagDirection,No,,,,
ColAdminQualFlagHistory,ColAdminQualHistID,No,,,,
ColAdminQualFlagHistory,nd_auto_increment_id,No,,,,
ColAdminQualHistory,ColAdminQualHistID,No,,,,
ColAdminQualHistory,ColAdminQualID,No,,,,
ColAdminQualHistory,BalanceMin,No,,,,
ColAdminQualHistory,BalanceAge,No,,,,
ColAdminQualHistory,StatementMin,No,,,,
ColAdminQualHistory,StatementDays,No,,,,
ColAdminQualHistory,PayExBalType,No,,,,
ColAdminQualHistory,PayExPlanBalType,No,,,,
ColAdminQualHistory,PayBalanceDays,No,,,,
ColAdminQualHistory,PayUsePercent,No,,,,
ColAdminQualHistory,PayAmount,Yes,MASK,PayAmount,,
ColAdminQualHistory,PPBalType,No,,,,
ColAdminQualHistory,PPBalPmtDays,No,,,,
ColAdminQualHistory,PayExTOSPayment,No,,,,
ColAdminQualHistory,PlanIgnoreActivity,No,,,,
ColAdminQualHistory,PlanActivityDays,No,,,,
ColAdminQualHistory,PlanPaymentLTPlanAmountDays,No,,,,
ColAdminQualHistory,PlanExTosPayment,No,,,,
ColAdminQualHistory,LastChanged,Yes,DATE_OFFSET,,,
ColAdminQualHistory,HistoryDate,Yes,DATE_OFFSET,,,
ColAdminQualHistory,LastChangedBy,Yes,PATIENT_ID,,,
ColAdminQualHistory,nd_auto_increment_id,No,,,,
ColAdminStatementType,ColAdminQualID,No,,,,
ColAdminStatementType,StatementType,No,,,,
ColAdminStatementType,nd_auto_increment_id,No,,,,
ColAdminStatementTypeHistory,ColAdminQualID,No,,,,
ColAdminStatementTypeHistory,StatementType,No,,,,
ColAdminStatementTypeHistory,ColAdminQualHistID,No,,,,
ColAdminStatementTypeHistory,nd_auto_increment_id,No,,,,
ColWorkList,ColWorkListID,No,,,,
ColWorkList,Name,No,,,,
ColWorkList,Description,No,,,,
ColWorkList,BalMin,No,,,,
ColWorkList,BalMax,No,,,,
ColWorkList,LastNameMin,Yes,MASK,LastNameMin,,
ColWorkList,LastNameMax,Yes,MASK,LastNameMax,,
ColWorkList,AgeMin,No,,,,
ColWorkList,AgeMax,Yes,MASK,AgeMax,,
ColWorkList,SnoozeMax,No,,,,
ColWorkList,Active,No,,,,
ColWorkList,LastChanged,Yes,STATIC_OFFSET,,,
ColWorkList,CreatedBy,No,,,,
ColWorkList,CreateDate,Yes,STATIC_OFFSET,,,
ColWorkList,LastChangedBy,Yes,MASK,LastChangedBy,,
ColWorkList,nd_auto_increment_id,No,,,,
ColWorkListFlag,ColWorkListID,No,,,,
ColWorkListFlag,FlagID,No,,,,
ColWorkListFlag,CreateDate,Yes,DATE_OFFSET,,,
ColWorkListFlag,nd_auto_increment_id,No,,,,
ColWorkListFlagHistory,FlagID,No,,,,
ColWorkListFlagHistory,ColWorkListID,No,,,,
ColWorkListFlagHistory,ColWorkListHistID,No,,,,
ColWorkListFlagHistory,nd_auto_increment_id,No,,,,
ColWorkListHistory,ColWorkListHistID,No,,,,
ColWorkListHistory,ColWorkListID,No,,,,
ColWorkListHistory,Name,No,,,,
ColWorkListHistory,Description,No,,,,
ColWorkListHistory,BalMin,No,,,,
ColWorkListHistory,BalMax,No,,,,
ColWorkListHistory,LastNameMin,Yes,MASK,LastNameMin,,
ColWorkListHistory,LastNameMax,Yes,MASK,LastNameMax,,
ColWorkListHistory,AgeMin,Yes,MASK,AgeMin,,
ColWorkListHistory,AgeMax,Yes,MASK,AgeMax,,
ColWorkListHistory,SnoozeMax,No,,,,
ColWorkListHistory,Active,No,,,,
ColWorkListHistory,LastChanged,Yes,DATE_OFFSET,,,
ColWorkListHistory,CreateDate,Yes,DATE_OFFSET,,,
ColWorkListHistory,CreatedBy,No,,,,
ColWorkListHistory,LastChangedBy,Yes,PATIENT_ID,,,
ColWorkListHistory,nd_auto_increment_id,No,,,,
ColWorkListStatement,ColWorkListID,No,,,,
ColWorkListStatement,StatementType,No,,,,
ColWorkListStatement,CreateDate,Yes,STATIC_OFFSET,,,
ColWorkListStatement,nd_auto_increment_id,No,,,,
ColWorkListStatementHistory,StatementType,No,,,,
ColWorkListStatementHistory,ColWorkListID,No,,,,
ColWorkListStatementHistory,ColWorkListHistID,No,,,,
ColWorkListStatementHistory,nd_auto_increment_id,No,,,,
ColWorkListTaskConflict,ColWorkListID,No,,,,
ColWorkListTaskConflict,TaskID,No,,,,
ColWorkListTaskConflict,CreateDate,Yes,STATIC_OFFSET,,,
ColWorkListTaskConflict,nd_auto_increment_id,No,,,,
ColWorkListTaskConflictHistory,ColWorkListTaskHistID,No,,,,
ColWorkListTaskConflictHistory,TaskID,No,,,,
ColWorkListTaskConflictHistory,ColWorkListID,No,,,,
ColWorkListTaskConflictHistory,CreateDate,Yes,STATIC_OFFSET,,,
ColWorkListTaskConflictHistory,HistoryDate,Yes,STATIC_OFFSET,,,
ColWorkListTaskConflictHistory,nd_auto_increment_id,No,,,,
ColWorkListUser,ColWorkListID,No,,,,
ColWorkListUser,UserID,No,,,,
ColWorkListUser,CreateDate,Yes,STATIC_OFFSET,,,
ColWorkListUser,nd_auto_increment_id,No,,,,
ColWorkListUserHistory,UserID,No,,,,
ColWorkListUserHistory,ColWorkListID,No,,,,
ColWorkListUserHistory,ColWorkListHistID,No,,,,
ColWorkListUserHistory,nd_auto_increment_id,No,,,,
CompendiumImport,ConceptID,No,,,,
CompendiumImport,ConceptName,No,,,,
CompendiumImport,DatasourceFacility,No,,,,
CompendiumImport,Category,No,,,,
CompendiumImport,OrderGrouping,No,,,,
CompendiumImport,OrderCode,No,,,,
CompendiumImport,OrderName,No,,,,
CompendiumImport,ProcedureCode,No,,,,
CompendiumImport,SpecimenType,No,,,,
CompendiumImport,SpecimenVolume,No,,,,
CompendiumImport,SpecimenMinimum,No,,,,
CompendiumImport,SpecimenContainer,No,,,,
CompendiumImport,SpecimenStorage,No,,,,
CompendiumImport,SpecimenCollectionInstructions,No,,,,
CompendiumImport,SpecimenSpecialInstructions,No,,,,
CompendiumImport,STAT,No,,,,
CompendiumImport,Active,No,,,,
CompendiumImport,nd_auto_increment_id,No,,,,
CompendiumImportOrderCode,DSFName,No,,,,
CompendiumImportOrderCode,QuestionDesc,No,,,,
CompendiumImportOrderCode,OrderCode,No,,,,
CompendiumImportOrderCode,QuestionCode,No,,,,
CompendiumImportOrderCode,QuestionSeqNo,No,,,,
CompendiumImportOrderCode,nd_auto_increment_id,No,,,,
ConceptType,ConceptTypeID,No,,,,
ConceptType,ConceptTypeDescription,No,,,,
ConceptType,nd_auto_increment_id,No,,,,
ConceptUserFavorites,UserID,No,,,,
ConceptUserFavorites,ConceptTypeID,No,,,,
ConceptUserFavorites,ConceptID,No,,,,
ConceptUserFavorites,SynID,No,,,,
ConceptUserFavorites,ListIndex,No,,,,
ConceptUserFavorites,nd_auto_increment_id,No,,,,
ConceptUserFavoritesHistory,UserID,No,,,,
ConceptUserFavoritesHistory,ConceptTypeID,No,,,,
ConceptUserFavoritesHistory,ConceptID,No,,,,
ConceptUserFavoritesHistory,SynID,No,,,,
ConceptUserFavoritesHistory,ListIndex,No,,,,
ConceptUserFavoritesHistory,HistoryDate,Yes,STATIC_OFFSET,,,
ConceptUserFavoritesHistory,HistoryUserID,No,,,,
ConceptUserFavoritesHistory,HistoryAction,No,,,,
ConceptUserFavoritesHistory,nd_auto_increment_id,No,,,,
ConceptVersion,ReleaseType,No,,,,
ConceptVersion,ReleaseNumber,No,,,,
ConceptVersion,nd_auto_increment_id,No,,,,
ConsultAccess,ConsultantID,No,,,,
ConsultAccess,GrantedBy,No,,,,
ConsultAccess,PatientID,Yes,PATIENT_ID,,,
ConsultAccess,AccessLevel,No,,,,
ConsultAccess,TimeGranted,Yes,STATIC_OFFSET,,,
ConsultAccess,nd_auto_increment_id,No,,,,
Contraceptive,ContraceptiveID,No,,,,
Contraceptive,ContraceptiveDesc,No,,,,
Contraceptive,nd_auto_increment_id,No,,,,
Countries,CountryID,No,,,,
Countries,LocalName,No,,,,
Countries,StandardName,No,,,,
Countries,Description,Yes,MASK,Description,,
Countries,IsDefaultField,No,,,,
Countries,Enabled,No,,,,
Countries,nd_auto_increment_id,No,,,,
CountryCodingSystem,CodingSystemId,No,,,,
CountryCodingSystem,CountryID,No,,,,
CountryCodingSystem,Code,No,,,,
CountryCodingSystem,CodeDisplayName,Yes,MASK,CodeDisplayName,,
CountryCodingSystem,nd_auto_increment_id,No,,,,
CoverageRoleType,CoverageRoleTypeID,No,,,,
CoverageRoleType,ConceptCode,No,,,,
CoverageRoleType,ConceptName,No,,,,
CoverageRoleType,nd_auto_increment_id,No,,,,
crDataSetLookup,crDataSetID,No,,,,
crDataSetLookup,Name,Yes,MASK,Name,,
crDataSetLookup,SubComponentID,No,,,,
crDataSetLookup,nd_auto_increment_id,No,,,,
Credentials,CredentialsID,No,,,,
Credentials,LocalName,No,,,,
Credentials,StandardName,No,,,,
Credentials,Description,Yes,MASK,Description,,
Credentials,IsDefaultField,No,,,,
Credentials,Enabled,No,,,,
Credentials,nd_auto_increment_id,No,,,,
CredentialsToPerson,PersonID,Yes,PATIENT_ID,,,
CredentialsToPerson,CredentialsID,No,,,,
CredentialsToPerson,CredentialsOrder,No,,,,
CredentialsToPerson,nd_auto_increment_id,No,,,,
CreditType,CreditTypeID,No,,,,
CreditType,CreditTypeDescription,No,,,,
CreditType,nd_auto_increment_id,No,,,,
CriteriaBundle,CriteriaBundleID,No,,,,
CriteriaBundle,Description,No,,,,
CriteriaBundle,SQLText,No,,,,
CriteriaBundle,nd_auto_increment_id,No,,,,
CriteriaBundleHistory,CriteriaBundleHistoryID,No,,,,
CriteriaBundleHistory,CriteriaBundleID,No,,,,
CriteriaBundleHistory,Description,No,,,,
CriteriaBundleHistory,HistoryDate,Yes,STATIC_OFFSET,,,
CriteriaBundleHistory,HistoryUserID,No,,,,
CriteriaBundleHistory,HistoryAction,No,,,,
CriteriaBundleHistory,nd_auto_increment_id,No,,,,
CriteriaBundleInformationGroup,CriteriaBundleID,No,,,,
CriteriaBundleInformationGroup,CriteriaInformationGroupID,No,,,,
CriteriaBundleInformationGroup,nd_auto_increment_id,No,,,,
CriteriaBundleInformationGroupHistory,CriteriaBundleHistoryID,No,,,,
CriteriaBundleInformationGroupHistory,CriteriaBundleID,No,,,,
CriteriaBundleInformationGroupHistory,CriteriaInformationGroupID,No,,,,
CriteriaBundleInformationGroupHistory,HistoryDate,Yes,STATIC_OFFSET,,,
CriteriaBundleInformationGroupHistory,HistoryUserID,No,,,,
CriteriaBundleInformationGroupHistory,HistoryAction,No,,,,
CriteriaBundleInformationGroupHistory,nd_auto_increment_id,No,,,,
CriteriaDataset,CriteriaDatasetID,No,,,,
CriteriaDataset,Description,No,,,,
CriteriaDataset,BaseSQL,No,,,,
CriteriaDataset,nd_auto_increment_id,No,,,,
CriteriaDatasetField,CriteriaDatasetFieldID,No,,,,
CriteriaDatasetField,CriteriaDatasetID,No,,,,
CriteriaDatasetField,CriteriaFieldID,No,,,,
CriteriaDatasetField,nd_auto_increment_id,No,,,,
CriteriaField,CriteriaFieldID,No,,,,
CriteriaField,DisplayName,No,,,,
CriteriaField,RealName,Yes,MASK,RealName,,
CriteriaField,CriteriaFieldTypeID,No,,,,
CriteriaField,PrefillSQL,No,,,,
CriteriaField,nd_auto_increment_id,No,,,,
CriteriaFieldType,CriteriaFieldTypeID,No,,,,
CriteriaFieldType,Description,No,,,,
CriteriaFieldType,nd_auto_increment_id,No,,,,
CriteriaInformationGroup,CriteriaInformationGroupID,No,,,,
CriteriaInformationGroup,CriteriaInformationGroupTypeID,No,,,,
CriteriaInformationGroup,Description,No,,,,
CriteriaInformationGroup,nd_auto_increment_id,No,,,,
CriteriaInformationGroupHistory,CriteriaBundleHistoryID,No,,,,
CriteriaInformationGroupHistory,CriteriaInformationGroupID,No,,,,
CriteriaInformationGroupHistory,CriteriaInformationGroupTypeID,No,,,,
CriteriaInformationGroupHistory,Description,No,,,,
CriteriaInformationGroupHistory,HistoryDate,Yes,STATIC_OFFSET,,,
CriteriaInformationGroupHistory,HistoryUserID,No,,,,
CriteriaInformationGroupHistory,HistoryAction,No,,,,
CriteriaInformationGroupHistory,nd_auto_increment_id,No,,,,
CriteriaInformationGroupMember,CriteriaInformationGroupMemberID,No,,,,
CriteriaInformationGroupMember,CriteriaInformationGroupID,No,,,,
CriteriaInformationGroupMember,CriteriaInformationTypeID,No,,,,
CriteriaInformationGroupMember,CriteriaRuleID,No,,,,
CriteriaInformationGroupMember,SequenceNumber,No,,,,
CriteriaInformationGroupMember,nd_auto_increment_id,No,,,,
CriteriaInformationGroupMemberHistory,CriteriaBundleHistoryID,No,,,,
CriteriaInformationGroupMemberHistory,CriteriaInformationGroupMemberID,No,,,,
CriteriaInformationGroupMemberHistory,CriteriaInformationGroupID,No,,,,
CriteriaInformationGroupMemberHistory,CriteriaInformationTypeID,No,,,,
CriteriaInformationGroupMemberHistory,CriteriaRuleID,No,,,,
CriteriaInformationGroupMemberHistory,SequenceNumber,No,,,,
CriteriaInformationGroupMemberHistory,HistoryDate,Yes,STATIC_OFFSET,,,
CriteriaInformationGroupMemberHistory,HistoryUserID,No,,,,
CriteriaInformationGroupMemberHistory,HistoryAction,No,,,,
CriteriaInformationGroupMemberHistory,nd_auto_increment_id,No,,,,
CriteriaInformationGroupType,CriteriaInformationGroupTypeID,No,,,,
CriteriaInformationGroupType,Description,No,,,,
CriteriaInformationGroupType,nd_auto_increment_id,No,,,,
CriteriaInformationType,CriteriaInformationTypeID,No,,,,
CriteriaInformationType,Description,No,,,,
CriteriaInformationType,nd_auto_increment_id,No,,,,
CriteriaRule,CriteriaRuleID,No,,,,
CriteriaRule,CriteriaTypeID,No,,,,
CriteriaRule,Description,No,,,,
CriteriaRule,DisplayValue,No,,,,
CriteriaRule,RuleSQLOverride,No,,,,
CriteriaRule,DateRestrictionID,No,,,,
CriteriaRule,nd_auto_increment_id,No,,,,
CriteriaRuleCodeGroup,CriteriaRuleCodeGroupID,No,,,,
CriteriaRuleCodeGroup,CriteriaRuleID,No,,,,
CriteriaRuleCodeGroup,Code,No,,,,
CriteriaRuleCodeGroup,ValueRestrictionID,No,,,,
CriteriaRuleCodeGroup,nd_auto_increment_id,No,,,,
CriteriaRuleCodeGroupHistory,CriteriaBundleHistoryID,No,,,,
CriteriaRuleCodeGroupHistory,CriteriaRuleCodeGroupID,No,,,,
CriteriaRuleCodeGroupHistory,CriteriaRuleID,No,,,,
CriteriaRuleCodeGroupHistory,Code,No,,,,
CriteriaRuleCodeGroupHistory,ValueRestrictionID,No,,,,
CriteriaRuleCodeGroupHistory,HistoryDate,Yes,STATIC_OFFSET,,,
CriteriaRuleCodeGroupHistory,HistoryUserID,No,,,,
CriteriaRuleCodeGroupHistory,HistoryAction,No,,,,
CriteriaRuleCodeGroupHistory,nd_auto_increment_id,No,,,,
CriteriaRuleDatasetField,CriteriaRuleID,No,,,,
CriteriaRuleDatasetField,CriteriaDatasetFieldID,No,,,,
CriteriaRuleDatasetField,nd_auto_increment_id,No,,,,
CriteriaRuleDateRestriction,DateRestrictionID,No,,,,
CriteriaRuleDateRestriction,DateRestrictionDatePart,No,,,,
CriteriaRuleDateRestriction,DateRestrictionValue,No,,,,
CriteriaRuleDateRestriction,nd_auto_increment_id,No,,,,
CriteriaRuleDateRestrictionHistory,CriteriaBundleHistoryID,No,,,,
CriteriaRuleDateRestrictionHistory,DateRestrictionID,No,,,,
CriteriaRuleDateRestrictionHistory,DateRestrictionDatePart,No,,,,
CriteriaRuleDateRestrictionHistory,DateRestrictionValue,No,,,,
CriteriaRuleDateRestrictionHistory,HistoryDate,Yes,STATIC_OFFSET,,,
CriteriaRuleDateRestrictionHistory,HistoryUserID,No,,,,
CriteriaRuleDateRestrictionHistory,HistoryAction,No,,,,
CriteriaRuleDateRestrictionHistory,nd_auto_increment_id,No,,,,
CriteriaRuleHistory,CriteriaBundleHistoryID,No,,,,
CriteriaRuleHistory,CriteriaRuleID,No,,,,
CriteriaRuleHistory,CriteriaTypeID,No,,,,
CriteriaRuleHistory,Description,No,,,,
CriteriaRuleHistory,DisplayValue,No,,,,
CriteriaRuleHistory,RuleSQLOverride,No,,,,
CriteriaRuleHistory,DateRestrictionID,No,,,,
CriteriaRuleHistory,HistoryDate,Yes,STATIC_OFFSET,,,
CriteriaRuleHistory,HistoryUserID,No,,,,
CriteriaRuleHistory,HistoryAction,No,,,,
CriteriaRuleHistory,nd_auto_increment_id,No,,,,
CriteriaRuleValueOperator,OperatorID,No,,,,
CriteriaRuleValueOperator,Operator,No,,,,
CriteriaRuleValueOperator,Description,No,,,,
CriteriaRuleValueOperator,nd_auto_increment_id,No,,,,
CriteriaRuleValueRestriction,ValueRestrictionID,No,,,,
CriteriaRuleValueRestriction,OperatorID,No,,,,
CriteriaRuleValueRestriction,Value1,No,,,,
CriteriaRuleValueRestriction,Value2,No,,,,
CriteriaRuleValueRestriction,nd_auto_increment_id,No,,,,
CriteriaRuleValueRestrictionHistory,CriteriaBundleHistoryID,No,,,,
CriteriaRuleValueRestrictionHistory,ValueRestrictionID,No,,,,
CriteriaRuleValueRestrictionHistory,OperatorID,No,,,,
CriteriaRuleValueRestrictionHistory,Value1,No,,,,
CriteriaRuleValueRestrictionHistory,Value2,No,,,,
CriteriaRuleValueRestrictionHistory,HistoryDate,Yes,STATIC_OFFSET,,,
CriteriaRuleValueRestrictionHistory,HistoryUserID,No,,,,
CriteriaRuleValueRestrictionHistory,HistoryAction,No,,,,
CriteriaRuleValueRestrictionHistory,nd_auto_increment_id,No,,,,
CriteriaType,CriteriaTypeID,No,,,,
CriteriaType,Description,No,,,,
CriteriaType,nd_auto_increment_id,No,,,,
CriteriaTypeCriteriaField,CriteriaTypeID,No,,,,
CriteriaTypeCriteriaField,CriteriaFieldID,No,,,,
CriteriaTypeCriteriaField,nd_auto_increment_id,No,,,,
crStamp,crStampID,No,,,,
crStamp,crTemplateVersionID,No,,,,
crStamp,UserID,No,,,,
crStamp,DateStamped,Yes,STATIC_OFFSET,,,
crStamp,nd_auto_increment_id,No,,,,
crTemplate,crTemplateID,No,,,,
crTemplate,crDataSetID,No,,,,
crTemplate,enabled,No,,,,
crTemplate,Active,No,,,,
crTemplate,nd_auto_increment_id,No,,,,
crTemplateBlob,crTemplateBlobID,No,,,,
crTemplateBlob,TemplateBlob,Yes,GENERIC_NOTES,,,
crTemplateBlob,TemplateXML,Yes,GENERIC_NOTES,,,
crTemplateBlob,nd_auto_increment_id,No,,,,
crTemplateVersion,crTemplateVersionID,No,,,,
crTemplateVersion,crTemplateID,No,,,,
crTemplateVersion,Description,Yes,MASK,Description,,
crTemplateVersion,Name,No,,,,
crTemplateVersion,DateChanged,Yes,STATIC_OFFSET,,,
crTemplateVersion,ChangedByID,No,,,,
crTemplateVersion,CurrentVersion,No,,,,
crTemplateVersion,crTemplateBlobID,No,,,,
crTemplateVersion,GMTTemplateID,No,,,,
crTemplateVersion,userModified,No,,,,
crTemplateVersion,nd_auto_increment_id,No,,,,
CTBClinicalDocumentExportDiagnosisHistory,KeyId,No,,,,
CTBClinicalDocumentExportDiagnosisHistory,AttachedUTCDate,Yes,STATIC_OFFSET,,,
CTBClinicalDocumentExportDiagnosisHistory,documentID,No,,,,
CTBClinicalDocumentExportDiagnosisHistory,userid,No,,,,
CTBClinicalDocumentExportDiagnosisHistory,userName,Yes,MASK,userName,,
CTBClinicalDocumentExportDiagnosisHistory,UserFullName,Yes,MASK,UserFullName,,
CTBClinicalDocumentExportDiagnosisHistory,docStatusID,No,,,,
CTBClinicalDocumentExportDiagnosisHistory,docStatus,No,,,,
CTBClinicalDocumentExportDiagnosisHistory,dxOrder,No,,,,
CTBClinicalDocumentExportDiagnosisHistory,diagID,No,,,,
CTBClinicalDocumentExportDiagnosisHistory,diagCode,No,,,,
CTBClinicalDocumentExportDiagnosisHistory,diagCodeICD10,No,,,,
CTBClinicalDocumentExportDiagnosisHistory,GMTFavoritesID,No,,,,
CTBClinicalDocumentExportDiagnosisHistory,dxDesc,No,,,,
CTBClinicalDocumentExportDiagnosisHistory,dxDescStored,No,,,,
CTBClinicalDocumentExportDiagnosisHistory,ruleout,No,,,,
CTBClinicalDocumentExportDiagnosisHistory,status,No,,,,
CTBClinicalDocumentExportDiagnosisHistory,CTBDiagnosisID,No,,,,
CTBClinicalDocumentExportDiagnosisHistory,datasource,No,,,,
CTBClinicalDocumentExportDiagnosisHistory,VisitID,Yes,ENCOUNTER_ID,,,
CTBClinicalDocumentExportDiagnosisHistory,PatientID,Yes,PATIENT_ID,,,
CTBClinicalDocumentExportDiagnosisHistory,nd_auto_increment_id,No,,,,
CTBClinicalDocumentExportProceduresHistory,KeyId,No,,,,
CTBClinicalDocumentExportProceduresHistory,visitid,Yes,ENCOUNTER_ID,,,
CTBClinicalDocumentExportProceduresHistory,documentid,No,,,,
CTBClinicalDocumentExportProceduresHistory,AttachedUTCDate,Yes,STATIC_OFFSET,,,
CTBClinicalDocumentExportProceduresHistory,Tag,No,,,,
CTBClinicalDocumentExportProceduresHistory,Parent,No,,,,
CTBClinicalDocumentExportProceduresHistory,GroupByProcedureID,No,,,,
CTBClinicalDocumentExportProceduresHistory,ctbprocedureid,No,,,,
CTBClinicalDocumentExportProceduresHistory,docstatusid,No,,,,
CTBClinicalDocumentExportProceduresHistory,docstatus,No,,,,
CTBClinicalDocumentExportProceduresHistory,userid,No,,,,
CTBClinicalDocumentExportProceduresHistory,username,No,,,,
CTBClinicalDocumentExportProceduresHistory,userfullname,No,,,,
CTBClinicalDocumentExportProceduresHistory,clinicalprocedureid,No,,,,
CTBClinicalDocumentExportProceduresHistory,procedurecode,No,,,,
CTBClinicalDocumentExportProceduresHistory,clinicalproceduredescriptionstored,No,,,,
CTBClinicalDocumentExportProceduresHistory,clinicalproceduredescription,No,,,,
CTBClinicalDocumentExportProceduresHistory,unit,No,,,,
CTBClinicalDocumentExportProceduresHistory,billable,No,,,,
CTBClinicalDocumentExportProceduresHistory,nocharge,No,,,,
CTBClinicalDocumentExportProceduresHistory,proceduremasterid,No,,,,
CTBClinicalDocumentExportProceduresHistory,procedurecharge,No,,,,
CTBClinicalDocumentExportProceduresHistory,altcodes,No,,,,
CTBClinicalDocumentExportProceduresHistory,mod1,No,,,,
CTBClinicalDocumentExportProceduresHistory,mod2,No,,,,
CTBClinicalDocumentExportProceduresHistory,mod3,No,,,,
CTBClinicalDocumentExportProceduresHistory,mod4,No,,,,
CTBClinicalDocumentExportProceduresHistory,MappedDxICD9_1,No,,,,
CTBClinicalDocumentExportProceduresHistory,MappedDxICD10_1,No,,,,
CTBClinicalDocumentExportProceduresHistory,MappedDxDescription_1,No,,,,
CTBClinicalDocumentExportProceduresHistory,MappedDxSequence_1,No,,,,
CTBClinicalDocumentExportProceduresHistory,MappedDxICD9_2,No,,,,
CTBClinicalDocumentExportProceduresHistory,MappedDxICD10_2,No,,,,
CTBClinicalDocumentExportProceduresHistory,MappedDxDescription_2,No,,,,
CTBClinicalDocumentExportProceduresHistory,MappedDxSequence_2,No,,,,
CTBClinicalDocumentExportProceduresHistory,MappedDxICD9_3,No,,,,
CTBClinicalDocumentExportProceduresHistory,MappedDxICD10_3,No,,,,
CTBClinicalDocumentExportProceduresHistory,MappedDxDescription_3,No,,,,
CTBClinicalDocumentExportProceduresHistory,MappedDxSequence_3,No,,,,
CTBClinicalDocumentExportProceduresHistory,MappedDxICD9_4,No,,,,
CTBClinicalDocumentExportProceduresHistory,MappedDxICD10_4,No,,,,
CTBClinicalDocumentExportProceduresHistory,MappedDxDescription_4,No,,,,
CTBClinicalDocumentExportProceduresHistory,MappedDxSequence_4,No,,,,
CTBClinicalDocumentExportProceduresHistory,mappeddxcodes,No,,,,
CTBClinicalDocumentExportProceduresHistory,status,No,,,,
CTBClinicalDocumentExportProceduresHistory,servicedetailid,No,,,,
CTBClinicalDocumentExportProceduresHistory,placeofservice,No,,,,
CTBClinicalDocumentExportProceduresHistory,typeofservice,No,,,,
CTBClinicalDocumentExportProceduresHistory,LocationID,No,,,,
CTBClinicalDocumentExportProceduresHistory,DefaultEPSDT,No,,,,
CTBClinicalDocumentExportProceduresHistory,DefaultEMG,No,,,,
CTBClinicalDocumentExportProceduresHistory,DefaultCOB,No,,,,
CTBClinicalDocumentExportProceduresHistory,CTBOrder,No,,,,
CTBClinicalDocumentExportProceduresHistory,ctbholdreason,No,,,,
CTBClinicalDocumentExportProceduresHistory,proceduremasteramount,No,,,,
CTBClinicalDocumentExportProceduresHistory,chargescheduleid,No,,,,
CTBClinicalDocumentExportProceduresHistory,chargescheduleamount,No,,,,
CTBClinicalDocumentExportProceduresHistory,RevenueCode,No,,,,
CTBClinicalDocumentExportProceduresHistory,OrdConceptID,No,,,,
CTBClinicalDocumentExportProceduresHistory,CreatedByID,No,,,,
CTBClinicalDocumentExportProceduresHistory,Created,Yes,STATIC_OFFSET,,,
CTBClinicalDocumentExportProceduresHistory,NDCCode,Yes,MASK,NDCCode,,
CTBClinicalDocumentExportProceduresHistory,NDCQty,No,,,,
CTBClinicalDocumentExportProceduresHistory,NDCUOM,No,,,,
CTBClinicalDocumentExportProceduresHistory,Submitted,No,,,,
CTBClinicalDocumentExportProceduresHistory,datasource,No,,,,
CTBClinicalDocumentExportProceduresHistory,ProcedureSequence,No,,,,
CTBClinicalDocumentExportProceduresHistory,PatientID,Yes,PATIENT_ID,,,
CTBDiagnosis,CTBDiagnosisID,No,,,,
CTBDiagnosis,DocumentID,No,,,,
CTBDiagnosis,DiagID,No,,,,
CTBDiagnosis,CTBDiagnosisStatusID,No,,,,
CTBDiagnosis,dxOrder,No,,,,
CTBDiagnosis,dxCode,No,,,,
CTBDiagnosis,UserID,No,,,,
CTBDiagnosis,Disabled,No,,,,
CTBDiagnosis,ChangeDate,Yes,DATE_OFFSET,,,
CTBDiagnosis,DiagCodeICD10,No,,,,
CTBDiagnosisDescriptionOverride,CTBDiagnosisID,No,,,,
CTBDiagnosisDescriptionOverride,CTBDiagnosisDescription,No,,,,
CTBDiagnosisHistory,CTBDiagnosisID,No,,,,
CTBDiagnosisHistory,DocumentID,No,,,,
CTBDiagnosisHistory,DiagID,No,,,,
CTBDiagnosisHistory,CTBDiagnosisStatusID,No,,,,
CTBDiagnosisHistory,dxOrder,No,,,,
CTBDiagnosisHistory,dxCode,No,,,,
CTBDiagnosisHistory,UserID,No,,,,
CTBDiagnosisHistory,Disabled,No,,,,
CTBDiagnosisHistory,ChangeDate,Yes,DATE_OFFSET,,,
CTBDiagnosisHistory,DiagCodeICD10,No,,,,
CTBDiagnosisHistory,nd_auto_increment_id,No,,,,
CTBDiagnosisStatus,CTBDiagnosisStatusID,No,,,,
CTBDiagnosisStatus,CTBDiagnosisStatus,No,,,,
CTBDiagnosisStatus,nd_auto_increment_id,No,,,,
CTBDocument,DocumentID,No,,,,
CTBDocument,CTBHeaderID,No,,,,
CTBHeaderStatus,CTBHeaderStatusID,No,,,,
CTBHeaderStatus,CTBHeaderStatus,No,,,,
CTBHeaderStatus,nd_auto_increment_id,No,,,,
CTBHoldReason,CTBHoldReasonID,No,,,,
CTBHoldReason,CTBHoldReason,No,,,,
CTBHoldReason,nd_auto_increment_id,No,,,,
CTBPlanInfo,CTBPlanInfoID,No,,,,
CTBPlanInfo,DocumentID,No,,,,
CTBPlanInfo,CTBPlanInfoTypeID,No,,,,
CTBPlanInfo,Description,Yes,GENERIC_NOTES,,,
CTBPlanInfo,Disabled,No,,,,
CTBPlanInfo,ChangeDate,Yes,STATIC_OFFSET,,,
CTBPlanInfo,nd_auto_increment_id,No,,,,
CTBPlanInfoHistory,CTBPlanInfoID,No,,,,
CTBPlanInfoHistory,DocumentID,No,,,,
CTBPlanInfoHistory,CTBPlanInfoTypeID,No,,,,
CTBPlanInfoHistory,Description,No,,,,
CTBPlanInfoHistory,Disabled,No,,,,
CTBPlanInfoHistory,ChangeDate,No,,,,
CTBPlanInfoHistory,nd_auto_increment_id,No,,,,
CTBPlanInfoType,CTBPlanInfoTypeID,No,,,,
CTBPlanInfoType,CTBPlanInfoTypeDesc,Yes,GENERIC_NOTES,,,
CTBPlanInfoType,nd_auto_increment_id,No,,,,
CTBProcedure,CTBProcedureID,No,,,,
CTBProcedure,DocumentID,No,,,,
CTBProcedure,ServiceDetailID,No,,,,
CTBProcedure,UserID,No,,,,
CTBProcedure,ClinicalProcedureID,No,,,,
CTBProcedure,ProcedureMasterID,No,,,,
CTBProcedure,ProcedureCode,No,,,,
CTBProcedure,CTBProcedureStatusID,No,,,,
CTBProcedure,Unit,No,,,,
CTBProcedure,Billable,No,,,,
CTBProcedure,NoCharge,No,,,,
CTBProcedure,ProcedureCharge,No,,,,
CTBProcedure,Disabled,No,,,,
CTBProcedure,Mod4,No,,,,
CTBProcedure,Mod3,No,,,,
CTBProcedure,Mod2,No,,,,
CTBProcedure,Mod1,No,,,,
CTBProcedure,Diag4,No,,,,
CTBProcedure,Diag3,Yes,MASK,Diag3,,
CTBProcedure,Diag2,Yes,MASK,Diag2,,
CTBProcedure,Diag1,Yes,MASK,Diag1,,
CTBProcedure,ChangeDate,Yes,DATE_OFFSET,,,
CTBProcedure,CTBHoldReason,No,,,,
CTBProcedure,ChargeOverride,No,,,,
CTBProcedure,ChargeScheduleID,No,,,,
CTBProcedure,ProcedureMasterAmount,No,,,,
CTBProcedure,ChargeScheduleAmount,No,,,,
CTBProcedure,ProcedureAmount,No,,,,
CTBProcedure,Diag1_ICD10,No,,,,
CTBProcedure,Diag2_ICD10,Yes,MASK,Diag2_ICD10,,
CTBProcedure,Diag3_ICD10,No,,,,
CTBProcedure,Diag4_ICD10,Yes,MASK,Diag4_ICD10,,
CTBProcedure,IgnoreRenderingOverride,No,,,,
CTBProcedure,GCodeID,No,,,,
CTBProcedureDescriptionOverride,CTBProcedureID,No,,,,
CTBProcedureDescriptionOverride,CTBProcedureDescription,Yes,NOTES,,,
CTBProcedureHistory,CTBProcedureID,No,,,,
CTBProcedureHistory,DocumentID,No,,,,
CTBProcedureHistory,ServiceDetailID,No,,,,
CTBProcedureHistory,UserID,No,,,,
CTBProcedureHistory,ClinicalProcedureID,No,,,,
CTBProcedureHistory,ProcedureMasterID,No,,,,
CTBProcedureHistory,ProcedureCode,No,,,,
CTBProcedureHistory,CTBProcedureStatusID,No,,,,
CTBProcedureHistory,Unit,No,,,,
CTBProcedureHistory,Billable,No,,,,
CTBProcedureHistory,NoCharge,No,,,,
CTBProcedureHistory,ProcedureCharge,Yes,MASK,ProcedureCharge,,
CTBProcedureHistory,Disabled,No,,,,
CTBProcedureHistory,Mod4,No,,,,
CTBProcedureHistory,Mod3,No,,,,
CTBProcedureHistory,Mod2,No,,,,
CTBProcedureHistory,Mod1,No,,,,
CTBProcedureHistory,Diag4,No,,,,
CTBProcedureHistory,Diag3,No,,,,
CTBProcedureHistory,Diag2,Yes,MASK,Diag2,,
CTBProcedureHistory,Diag1,Yes,MASK,Diag1,,
CTBProcedureHistory,ChangeDate,Yes,DATE_OFFSET,,,
CTBProcedureHistory,CTBHoldReason,No,,,,
CTBProcedureHistory,ChargeOverride,No,,,,
CTBProcedureHistory,ChargeScheduleID,No,,,,
CTBProcedureHistory,ProcedureMasterAmount,No,,,,
CTBProcedureHistory,ChargeScheduleAmount,No,,,,
CTBProcedureHistory,ProcedureAmount,Yes,MASK,ProcedureAmount,,
CTBProcedureHistory,Diag1_ICD10,Yes,MASK,Diag1_ICD10,,
CTBProcedureHistory,Diag2_ICD10,Yes,MASK,Diag2_ICD10,,
CTBProcedureHistory,Diag3_ICD10,Yes,MASK,Diag3_ICD10,,
CTBProcedureHistory,Diag4_ICD10,Yes,MASK,Diag4_ICD10,,
CTBProcedureHistory,IgnoreRenderingOverride,No,,,,
CTBProcedureHistory,GCodeID,No,,,,
CTBProcedureNDC,CTBProcedureID,No,,,,
CTBProcedureNDC,NDCCode,No,,,,
CTBProcedureNDC,NDCQuantity,No,,,,
CTBProcedureNDC,NDCUnitOfMeasure,No,,,,
CTBProcedureStatus,CTBProcedureStatusID,No,,,,
CTBProcedureStatus,CTBProcedureStatus,No,,,,
CTBProcedureStatus,nd_auto_increment_id,No,,,,
cust_rda_groups,siteId,Yes,MASK,siteId,,
cust_rda_groups,taxId,Yes,MASK,taxId,,
cust_rda_groups,group_external_id,No,,,,
cust_rda_groups,isDefault,No,,,,
cust_rda_groups,isUsed,No,,,,
cust_rda_groups,addr,Yes,MASK,addr,,
cust_rda_groups,addr_city,Yes,MASK,addr_city,,
cust_rda_groups,addr_state,No,,,,
cust_rda_groups,addr_zip,No,,,,
cust_rda_groups,phone_number,Yes,MASK,phone_number,,
cust_rda_groups,nd_auto_increment_id,No,,,,
cust_rda_provider,siteId,No,,,,
cust_rda_provider,careproviderId,No,,,,
cust_rda_provider,taxId,Yes,MASK,taxId,,
cust_rda_provider,careprovider_external_id,No,,,,
cust_rda_provider,group_external_id,Yes,MASK,group_external_id,,
cust_rda_provider,address_id,No,,,,
cust_rda_provider,nd_auto_increment_id,No,,,,
cust_rda_provider_location,siteId,No,,,,
cust_rda_provider_location,careproviderId,No,,,,
cust_rda_provider_location,locationid,No,,,,
cust_rda_provider_location,taxId,Yes,MASK,taxId,,
cust_rda_provider_location,careprovider_external_id,Yes,MASK,careprovider_external_id,,
cust_rda_provider_location,group_external_id,Yes,MASK,group_external_id,,
cust_rda_provider_location,address_id,No,,,,
cust_rda_provider_location,nd_auto_increment_id,No,,,,
cust_rda_providers,siteId,No,,,,
cust_rda_providers,taxId,Yes,MASK,taxId,,
cust_rda_providers,careproviderId,No,,,,
cust_rda_providers,careprovider_external_id,No,,,,
cust_rda_providers,group_external_id,Yes,MASK,group_external_id,,
cust_rda_providers,isUsed,No,,,,
cust_rda_providers,nd_auto_increment_id,No,,,,
CustomRptField,FieldID,No,,,,
CustomRptField,FieldLabel,Yes,MASK,FieldLabel,,
CustomRptField,FieldDesc,Yes,MASK,FieldDesc,,
CustomRptField,DataType,No,,,,
CustomRptField,Length,No,,,,
CustomRptField,IsRequired,No,,,,
CustomRptField,DisplayOrder,No,,,,
CustomRptField,Enabled,No,,,,
CustomRptField,nd_auto_increment_id,No,,,,
CustomRptFieldSubField,SubFieldID,No,,,,
CustomRptFieldSubField,SubFieldLabel,No,,,,
CustomRptFieldSubField,DisplayOrder,No,,,,
CustomRptFieldSubField,FieldID,No,,,,
CustomRptFieldSubField,Enabled,No,,,,
CustomRptFieldSubField,nd_auto_increment_id,No,,,,
D_59986_Disable_Trigger_BackUp,RowNo,No,,,,
D_59986_Disable_Trigger_BackUp,Disable_trg_nme,No,,,,
D_59986_PDC_Replication_Backup,TableIncludeId,No,,,,
D_59986_PDC_Replication_Backup,PDC_ReplicationID,No,,,,
D_59986_PDC_Replication_Backup,CRUD,No,,,,
D_59986_PDC_Replication_Backup,KeyColumn1,No,,,,
D_59986_PDC_Replication_Backup,KeyColumn2,No,,,,
D_59986_PDC_Replication_Backup,KeyColumn3,No,,,,
D_59986_PDC_Replication_Backup,KeyColumn4,No,,,,
D_59986_PDC_Replication_Backup,KeyColumn5,No,,,,
D_60813_PatHistPregnancyDetail_Backup,PatHistPregnancyDetailID,No,,,,
D_60813_PatHistPregnancyDetail_Backup,PatientID,Yes,PATIENT_ID,,,
D_60813_PatHistPregnancyDetail_Backup,DeliveryDate,No,,,,
D_60813_PatHistPregnancyDetail_Backup,GA,No,,,,
D_60813_PatHistPregnancyDetail_Backup,HrsLabor,No,,,,
D_60813_PatHistPregnancyDetail_Backup,BirthWeight,No,,,,
D_60813_PatHistPregnancyDetail_Backup,GenderID,No,,,,
D_60813_PatHistPregnancyDetail_Backup,TypeOfDeliveryID,No,,,,
D_60813_PatHistPregnancyDetail_Backup,AnesthesiaID,No,,,,
D_60813_PatHistPregnancyDetail_Backup,PretermLabor,No,,,,
D_60813_PatHistPregnancyDetail_Backup,Complications,No,,,,
D_60813_PatHistPregnancyDetail_Backup,Note,No,,,,
D_60813_PatHistPregnancyDetail_Backup,Location,No,,,,
D_60813_PatHistPregnancyDetail_Backup,BirthOrder,No,,,,
D_60813_PatHistPregnancyDetail_Backup,CreateDateTime,Yes,DATE_OFFSET,,,
D_60927_PatHistItem_Backup,PatHistItemID,No,,,,
D_60927_PatHistItem_Backup,PatHistItemDesc,No,,,,
D_60927_PatHistItem_Backup,PatHistItemDescShouldbe,No,,,,
D_60927_PatHistItem_Backup,BackupDate,No,,,,
D_60943_Schedule_Template_Backup,ApptTemplateID,No,,,,
D_60943_Schedule_Template_Backup,ApptTypeID,No,,,,
D_60943_Schedule_Template_Backup,StepId,No,,,,
D_60943_Schedule_Template_Backup,Description,No,,,,
D_60943_Schedule_Template_Backup,TimeLink,No,,,,
D_60943_Schedule_Template_Backup,DateSelection,No,,,,
D_60943_Schedule_Template_Backup,StartLimit,Yes,STATIC_OFFSET,,,
D_60943_Schedule_Template_Backup,EndLimit,Yes,STATIC_OFFSET,,,
D_60943_Schedule_Template_Backup,Increment,No,,,,
D_60943_Schedule_Template_Backup,CreateUserId,No,,,,
D_60943_Schedule_Template_Backup,CreateDate,Yes,STATIC_OFFSET,,,
D_60943_Schedule_Template_Backup,LastModifiedUserId,No,,,,
D_60943_Schedule_Template_Backup,LastModifiedDate,Yes,STATIC_OFFSET,,,
D_60943_Schedule_Template_Backup,Disable,No,,,,
D_60943_Schedule_Template_Backup,BackupDate,Yes,STATIC_OFFSET,,,
D_60943_ScheduleLocationTemplate_Backup,ScheduleLocationId,No,,,,
D_60943_ScheduleLocationTemplate_Backup,ApptTemplateID,No,,,,
D_60943_ScheduleLocationTemplate_Backup,BackupDate,Yes,STATIC_OFFSET,,,
D_64911_Address_Backup,AddressID,No,,,,
D_64911_Address_Backup,PhoneNum1,Yes,MASK,PhoneNum1,,
D_64972_eRxSSPharmacyRequest_Backup,eRxSSPharmacyRequestID,No,,,,
D_64972_eRxSSPharmacyRequest_Backup,RenNumrefills,No,,,,
D_64998_ClinicalPatMeds_Backup,RowNum,No,,,,
D_64998_ClinicalPatMeds_Backup,ClinicalPatMedID,No,,,,
D_64998_ClinicalPatMeds_Backup,OriginalPatMedID,No,,,,
D_64998_ClinicalPatMeds_Backup,PatientID,Yes,PATIENT_ID,,,
D_64998_ClinicalPatMeds_Backup,MedicationID,No,,,,
D_64998_ClinicalPatMeds_Backup,MedDescription,No,,,,
D_64998_ClinicalPatMeds_Backup,RemovalReasonID,No,,,,
D_64998_ClinicalPatMeds_Backup,DatetimeRemoved,Yes,DATE_OFFSET,,,
D_64998_ClinicalPatMeds_Backup,CreateDate,Yes,DATE_OFFSET,,,
D_64998_ClinicalPatMeds_Backup,OriginalPatMedIDShouldBe,No,,,,
D_64998_ClinicalPatMeds_Backup,RemovalReasonIDShouldBe,No,,,,
D_64998_ClinicalPatMeds_Backup,DateTimeRemovedShouldBe,Yes,DATE_OFFSET,,,
D_65303_AuditLog_Backup,PatientID,Yes,PATIENT_ID,,,
D_65303_AuditLog_Backup,Flag1027Added,Yes,DATE_OFFSET,,,
D_65303_AuditLog_Backup,Flag1027Removed,Yes,DATE_OFFSET,,,
D_66601_eRxSSPharmacyRequest_Backup,BackupID,No,,,,
D_66601_eRxSSPharmacyRequest_Backup,eRxSSPharmacyRequestID,No,,,,
D_66601_eRxSSPharmacyRequest_Backup,MatchedPatientID,No,,,,
D_66601_eRxSSPharmacyRequest_Backup,Matched,No,,,,
D_66601_eRxSSPharmacyRequest_Backup,CreateDateTime,Yes,STATIC_OFFSET,,,
D_66601_eRxSSPharmacyRequest_Backup,nd_auto_increment_id,No,,,,
D_66857_InsurancePlan_Backup,PlanID,Yes,MASK,PlanID,,
D_66857_InsurancePlan_Backup,EMMethodologyID,No,,,,
D_66857_InsurancePlan_Backup,CreateDateTime,Yes,STATIC_OFFSET,,,
D_66857_InsurancePlan_Backup,nd_auto_increment_id,No,,,,
D_67500_Address_Backup,AddressID,No,,,,
D_67500_Address_Backup,PhoneNum1,Yes,MASK,PhoneNum1,,
D_67500_Address_Backup,nd_auto_increment_id,No,,,,
D_70625_ImplantedDeviceConfig_Backup,ImplantedDeviceConfigID,No,,,,
D_70625_ImplantedDeviceConfig_Backup,Name,No,,,,
D_70625_ImplantedDeviceConfig_Backup,URL,Yes,MASK,URL,,
D_70625_ImplantedDeviceConfig_Backup,APIKey,Yes,MASK,APIKey,,
D_70625_ImplantedDeviceConfig_Backup,CreateDate,Yes,STATIC_OFFSET,,,
D_70625_ImplantedDeviceConfig_Backup,BackupDate,Yes,STATIC_OFFSET,,,
D_70625_ImplantedDeviceConfig_Backup,nd_auto_increment_id,No,,,,
D_70840_OBXConceptIDs_for_Vitals_Backup,ConceptID,No,,,,
D_70840_OBXConceptIDs_for_Vitals_Backup,LongName,No,,,,
D_70840_OBXConceptIDs_for_Vitals_Backup,CreatedBy,No,,,,
D_70840_OBXConceptIDs_for_Vitals_Backup,CreateDate,Yes,STATIC_OFFSET,,,
D_70840_OBXConceptIDs_for_Vitals_Backup,LastChangedBy,No,,,,
D_70840_OBXConceptIDs_for_Vitals_Backup,LastChangedDate,Yes,STATIC_OFFSET,,,
D_70840_OBXConceptIDs_for_Vitals_Backup,Enabled,No,,,,
D_70840_OBXConceptIDs_for_Vitals_Backup,SystemConcept,No,,,,
D_70840_OBXConceptIDs_for_Vitals_Backup,BackUpDate,Yes,STATIC_OFFSET,,,
D_70840_OBXConceptIDs_for_Vitals_Backup,nd_auto_increment_id,No,,,,
D_70980_Address_Backup,AddressID,No,,,,
D_70980_Address_Backup,AddressLine1,Yes,MASK,AddressLine1,,
D_70980_Address_Backup,AddressLine2,Yes,MASK,AddressLine2,,
D_70980_Address_Backup,City,Yes,MASK,City,,
D_70980_Address_Backup,County,Yes,MASK,County,,
D_70980_Address_Backup,State,No,,,,
D_70980_Address_Backup,Country,No,,,,
D_70980_Address_Backup,PostalCode,No,,,,
D_70980_Address_Backup,PhoneNum1,Yes,MASK,PhoneNum1,,
D_70980_Address_Backup,PhoneNum2,Yes,MASK,PhoneNum2,,
D_70980_Address_Backup,FaxNumber,Yes,MASK,FaxNumber,,
D_70980_Address_Backup,BackupDate,Yes,DATE_OFFSET,,,
D_70980_Address_Backup,nd_auto_increment_id,No,,,,
D_74170_OBXConceptIDs_for_Vitals_Backup,OBXConceptID,No,,,,
D_74170_OBXConceptIDs_for_Vitals_Backup,ShortName,No,,,,
D_74170_OBXConceptIDs_for_Vitals_Backup,DataType,No,,,,
D_74170_OBXConceptIDs_for_Vitals_Backup,UOMConceptID,No,,,,
D_74170_OBXConceptIDs_for_Vitals_Backup,GMTUOMConceptID,No,,,,
D_74170_OBXConceptIDs_for_Vitals_Backup,GenderPickerID,No,,,,
D_74170_OBXConceptIDs_for_Vitals_Backup,CreatedBy,No,,,,
D_74170_OBXConceptIDs_for_Vitals_Backup,CreateDate,Yes,STATIC_OFFSET,,,
D_74170_OBXConceptIDs_for_Vitals_Backup,LastChangedBy,No,,,,
D_74170_OBXConceptIDs_for_Vitals_Backup,LastChangedDate,Yes,STATIC_OFFSET,,,
D_74170_OBXConceptIDs_for_Vitals_Backup,Enabled,No,,,,
D_74170_OBXConceptIDs_for_Vitals_Backup,BackupDate,Yes,STATIC_OFFSET,,,
D_74170_OBXConceptIDs_for_Vitals_Backup,nd_auto_increment_id,No,,,,
D_74600_UserBin_Backup,UserID,No,,,,
D_74600_UserBin_Backup,BinCategoryID,No,,,,
D_74600_UserBin_Backup,CreateDate,Yes,STATIC_OFFSET,,,
D_74600_UserBin_Backup,LastChanged,Yes,STATIC_OFFSET,,,
D_74600_UserBin_Backup,UserImage,Yes,GENERIC_NOTES,,,
D_74600_UserBin_Backup,BackupDate,Yes,STATIC_OFFSET,,,
D_74600_UserBin_Backup,nd_auto_increment_id,No,,,,
D_75329_ImplantedDeviceConfig_Backup,ImplantedDeviceConfigID,No,,,,
D_75329_ImplantedDeviceConfig_Backup,Name,No,,,,
D_75329_ImplantedDeviceConfig_Backup,URL,Yes,MASK,URL,,
D_75329_ImplantedDeviceConfig_Backup,APIKey,No,,,,
D_75329_ImplantedDeviceConfig_Backup,CreateDate,Yes,STATIC_OFFSET,,,
D_75329_ImplantedDeviceConfig_Backup,BackupDate,Yes,STATIC_OFFSET,,,
D_75329_ImplantedDeviceConfig_Backup,nd_auto_increment_id,No,,,,
D_75334_ClinicalDocTypes_Backup,DocTypeID,No,,,,
D_75334_ClinicalDocTypes_Backup,DocTypeName,No,,,,
D_75334_ClinicalDocTypes_Backup,Enabled,No,,,,
D_75334_ClinicalDocTypes_Backup,Description,No,,,,
D_75334_ClinicalDocTypes_Backup,Code,No,,,,
D_75334_ClinicalDocTypes_Backup,CodingSystem,No,,,,
D_75334_ClinicalDocTypes_Backup,SystemType,No,,,,
D_75334_ClinicalDocTypes_Backup,CreateId,No,,,,
D_75334_ClinicalDocTypes_Backup,CreateDate,Yes,STATIC_OFFSET,,,
D_75334_ClinicalDocTypes_Backup,LastModifiedId,No,,,,
D_75334_ClinicalDocTypes_Backup,LastModifiedDate,Yes,STATIC_OFFSET,,,
D_75334_ClinicalDocTypes_Backup,System,No,,,,
D_75334_ClinicalDocTypes_Backup,Hide,No,,,,
D_75334_ClinicalDocTypes_Backup,LoincCode,No,,,,
D_75334_ClinicalDocTypes_Backup,BackupDate,Yes,STATIC_OFFSET,,,
D_75334_ClinicalDocTypes_Backup,nd_auto_increment_id,No,,,,
D_75472_LanguageCodingSystem_Backup,CodingSystemId,No,,,,
D_75472_LanguageCodingSystem_Backup,LanguageID,Yes,MASK,LanguageID,,
D_75472_LanguageCodingSystem_Backup,Code,Yes,MASK,Code,,
D_75472_LanguageCodingSystem_Backup,CodeDisplayName,No,,,,
D_75472_LanguageCodingSystem_Backup,BackupDate,Yes,STATIC_OFFSET,,,
D_75472_LanguageCodingSystem_Backup,nd_auto_increment_id,No,,,,
D_75472_Languages_Backup,LanguageID,No,,,,
D_75472_Languages_Backup,LocalName,Yes,MASK,LocalName,,
D_75472_Languages_Backup,StandardName,No,,,,
D_75472_Languages_Backup,Description,No,,,,
D_75472_Languages_Backup,IsDefaultField,No,,,,
D_75472_Languages_Backup,Enabled,No,,,,
D_75472_Languages_Backup,BackupDate,Yes,STATIC_OFFSET,,,
D_75472_Languages_Backup,nd_auto_increment_id,No,,,,
D_75611_PatHistProblemList_Backup,PatHistProblemListID,No,,,,
D_75611_PatHistProblemList_Backup,PatientID,Yes,PATIENT_ID,,,
D_75611_PatHistProblemList_Backup,PatHistCatPatHistItemID,No,,,,
D_75611_PatHistProblemList_Backup,ProblemListStatusID,No,,,,
D_75611_PatHistProblemList_Backup,DisplayOrder,No,,,,
D_75611_PatHistProblemList_Backup,LastChanged,Yes,STATIC_OFFSET,,,
D_75611_PatHistProblemList_Backup,LastChangedBy,No,,,,
D_75611_PatHistProblemList_Backup,DateResolved,No,,,,
D_75611_PatHistProblemList_Backup,ProblemNote,Yes,GENERIC_NOTES,,,
D_75611_PatHistProblemList_Backup,ProblemStartDate,No,,,,
D_75611_PatHistProblemList_Backup,ProblemStartDateObjective,No,,,,
D_75611_PatHistProblemList_Backup,IsCurrent,No,,,,
D_75611_PatHistProblemList_Backup,DateResolvedObjective,Yes,PATIENT_DOB,,,
D_75611_PatHistProblemList_Backup,IsMapICD10,No,,,,
D_75611_PatHistProblemList_Backup,CreatedBy,No,,,,
D_75611_PatHistProblemList_Backup,CreatedDateTime,Yes,STATIC_OFFSET,,,
D_75611_PatHistProblemList_Backup,BackupDate,No,,,,
D_75611_PatHistProblemList_Backup,nd_auto_increment_id,No,,,,
D_75813_ClinicalAlert_Backup,AlertID,No,,,,
D_75813_ClinicalAlert_Backup,filterXML,No,,,,
D_75813_ClinicalAlert_Backup,BackupDate,No,,,,
D_75813_ClinicalAlert_Backup,nd_auto_increment_id,No,,,,
D_76427_Update_MasterSmartOnFhirStatusActions_Backup,ID,No,,,,
D_76427_Update_MasterSmartOnFhirStatusActions_Backup,Status_Actions_Names,No,,,,
D_76427_Update_MasterSmartOnFhirStatusActions_Backup,BackupDate,Yes,STATIC_OFFSET,,,
D_76427_Update_MasterSmartOnFhirStatusActions_Backup,nd_auto_increment_id,No,,,,
D_76519_ProcedureMasterInfo_Backup,ProcedureMasterID,No,,,,
D_76519_ProcedureMasterInfo_Backup,ProcedureCode,No,,,,
D_76519_ProcedureMasterInfo_Backup,AlternateProcedureCode,No,,,,
D_76519_ProcedureMasterInfo_Backup,StandardDescription,No,,,,
D_76519_ProcedureMasterInfo_Backup,ProcedureCharge,No,,,,
D_76519_ProcedureMasterInfo_Backup,RVUValue,No,,,,
D_76519_ProcedureMasterInfo_Backup,UBCode,No,,,,
D_76519_ProcedureMasterInfo_Backup,DefaultEPSDT,No,,,,
D_76519_ProcedureMasterInfo_Backup,DefaultEMG,No,,,,
D_76519_ProcedureMasterInfo_Backup,DefaultCOB,No,,,,
D_76519_ProcedureMasterInfo_Backup,TypeOfService,No,,,,
D_76519_ProcedureMasterInfo_Backup,PlaceOfService,No,,,,
D_76519_ProcedureMasterInfo_Backup,DefaultUnits,No,,,,
D_76519_ProcedureMasterInfo_Backup,RevenueCategoryID,No,,,,
D_76519_ProcedureMasterInfo_Backup,UPINIndicator,No,,,,
D_76519_ProcedureMasterInfo_Backup,Sex,Yes,MASK,Sex,,
D_76519_ProcedureMasterInfo_Backup,ServiceTime,No,,,,
D_76519_ProcedureMasterInfo_Backup,EMCBillable,No,,,,
D_76519_ProcedureMasterInfo_Backup,CostOfService,No,,,,
D_76519_ProcedureMasterInfo_Backup,RHCFlag,No,,,,
D_76519_ProcedureMasterInfo_Backup,ExcludedProcedure,No,,,,
D_76519_ProcedureMasterInfo_Backup,LocationID,No,,,,
D_76519_ProcedureMasterInfo_Backup,RequireCertification,No,,,,
D_76519_ProcedureMasterInfo_Backup,DMEProcedure,No,,,,
D_76519_ProcedureMasterInfo_Backup,NDCMfgCode,No,,,,
D_76519_ProcedureMasterInfo_Backup,NDCProdCode,No,,,,
D_76519_ProcedureMasterInfo_Backup,NDCPkgCode,No,,,,
D_76519_ProcedureMasterInfo_Backup,UnitType,No,,,,
D_76519_ProcedureMasterInfo_Backup,CPOFlag,No,,,,
D_76519_ProcedureMasterInfo_Backup,GlobalPeriod,No,,,,
D_76519_ProcedureMasterInfo_Backup,DrugPrice,No,,,,
D_76519_ProcedureMasterInfo_Backup,DrugUnit,No,,,,
D_76519_ProcedureMasterInfo_Backup,EffectiveDate,No,,,,
D_76519_ProcedureMasterInfo_Backup,ExpirationDate,No,,,,
D_76519_ProcedureMasterInfo_Backup,RevenueCode,No,,,,
D_76519_ProcedureMasterInfo_Backup,DefaultModalityID,No,,,,
D_76519_ProcedureMasterInfo_Backup,GLProfessionalSplitPercentage,No,,,,
D_76519_ProcedureMasterInfo_Backup,BackUpDate,Yes,STATIC_OFFSET,,,
D_76519_ProcedureMasterInfo_Backup,nd_auto_increment_id,No,,,,
D_77315_AddressHistory_Backup,UserID,No,,,,
D_77315_AddressHistory_Backup,EffectiveStartDate,Yes,DATE_OFFSET,,,
D_77315_AddressHistory_Backup,EffectiveEndDate,Yes,DATE_OFFSET,,,
D_77315_AddressHistory_Backup,AddressID,No,,,,
D_77315_AddressHistory_Backup,AddressLine1,Yes,MASK,AddressLine1,,
D_77315_AddressHistory_Backup,AddressLine2,Yes,MASK,AddressLine2,,
D_77315_AddressHistory_Backup,City,Yes,MASK,City,,
D_77315_AddressHistory_Backup,County,Yes,MASK,County,,
D_77315_AddressHistory_Backup,State,No,,,,
D_77315_AddressHistory_Backup,Country,No,,,,
D_77315_AddressHistory_Backup,PostalCode,No,,,,
D_77315_AddressHistory_Backup,PhoneNum1,Yes,MASK,PhoneNum1,,
D_77315_AddressHistory_Backup,PhoneNum2,Yes,MASK,PhoneNum2,,
D_77315_AddressHistory_Backup,FaxNumber,Yes,MASK,FaxNumber,,
D_77315_AddressHistory_Backup,FromDate,No,,,,
D_77315_AddressHistory_Backup,ToDate,No,,,,
D_77315_AddressHistory_Backup,Status,No,,,,
D_77315_AddressHistory_Backup,AddressHistID,No,,,,
D_77769_PrimePatientPatientAccessStatus_Backup,RowNum,No,,,,
D_77769_PrimePatientPatientAccessStatus_Backup,AccountHolder (parent?),No,,,,
D_77769_PrimePatientPatientAccessStatus_Backup,PatientAccount,No,,,,
D_77769_PrimePatientPatientAccessStatus_Backup,AccountHolderPersonId,No,,,,
D_77769_PrimePatientPatientAccessStatus_Backup,PatientId,Yes,PATIENT_ID,,,
D_77769_PrimePatientPatientAccessStatus_Backup,PrimePatientPatientAccessStatusTypeId,No,,,,
D_77769_PrimePatientPatientAccessStatus_Backup,BackUpDate,Yes,STATIC_OFFSET,,,
D_77769_PrimePatientPatientAccessStatus_Backup,nd_auto_increment_id,No,,,,
D_80293_Update_ProcedureMasterInfo_Backup,ProcedureMasterID,No,,,,
D_80293_Update_ProcedureMasterInfo_Backup,ProcedureCode,No,,,,
D_80293_Update_ProcedureMasterInfo_Backup,AlternateProcedureCode,No,,,,
D_80293_Update_ProcedureMasterInfo_Backup,StandardDescription,No,,,,
D_80293_Update_ProcedureMasterInfo_Backup,ProcedureCharge,Yes,MASK,ProcedureCharge,,
D_80293_Update_ProcedureMasterInfo_Backup,RVUValue,No,,,,
D_80293_Update_ProcedureMasterInfo_Backup,UBCode,No,,,,
D_80293_Update_ProcedureMasterInfo_Backup,DefaultEPSDT,No,,,,
D_80293_Update_ProcedureMasterInfo_Backup,DefaultEMG,No,,,,
D_80293_Update_ProcedureMasterInfo_Backup,DefaultCOB,No,,,,
D_80293_Update_ProcedureMasterInfo_Backup,TypeOfService,No,,,,
D_80293_Update_ProcedureMasterInfo_Backup,PlaceOfService,No,,,,
D_80293_Update_ProcedureMasterInfo_Backup,DefaultUnits,No,,,,
D_80293_Update_ProcedureMasterInfo_Backup,RevenueCategoryID,No,,,,
D_80293_Update_ProcedureMasterInfo_Backup,UPINIndicator,No,,,,
D_80293_Update_ProcedureMasterInfo_Backup,Sex,Yes,MASK,Sex,,
D_80293_Update_ProcedureMasterInfo_Backup,ServiceTime,No,,,,
D_80293_Update_ProcedureMasterInfo_Backup,EMCBillable,No,,,,
D_80293_Update_ProcedureMasterInfo_Backup,CostOfService,No,,,,
D_80293_Update_ProcedureMasterInfo_Backup,RHCFlag,No,,,,
D_80293_Update_ProcedureMasterInfo_Backup,ExcludedProcedure,No,,,,
D_80293_Update_ProcedureMasterInfo_Backup,LocationID,No,,,,
D_80293_Update_ProcedureMasterInfo_Backup,RequireCertification,No,,,,
D_80293_Update_ProcedureMasterInfo_Backup,DMEProcedure,No,,,,
D_80293_Update_ProcedureMasterInfo_Backup,NDCMfgCode,No,,,,
D_80293_Update_ProcedureMasterInfo_Backup,NDCProdCode,No,,,,
D_80293_Update_ProcedureMasterInfo_Backup,NDCPkgCode,No,,,,
D_80293_Update_ProcedureMasterInfo_Backup,UnitType,No,,,,
D_80293_Update_ProcedureMasterInfo_Backup,CPOFlag,No,,,,
D_80293_Update_ProcedureMasterInfo_Backup,GlobalPeriod,No,,,,
D_80293_Update_ProcedureMasterInfo_Backup,DrugPrice,No,,,,
D_80293_Update_ProcedureMasterInfo_Backup,DrugUnit,No,,,,
D_80293_Update_ProcedureMasterInfo_Backup,EffectiveDate,Yes,STATIC_OFFSET,,,
D_80293_Update_ProcedureMasterInfo_Backup,ExpirationDate,Yes,STATIC_OFFSET,,,
D_80293_Update_ProcedureMasterInfo_Backup,RevenueCode,No,,,,
D_80293_Update_ProcedureMasterInfo_Backup,DefaultModalityID,No,,,,
D_80293_Update_ProcedureMasterInfo_Backup,GLProfessionalSplitPercentage,No,,,,
D_80293_Update_ProcedureMasterInfo_Backup,nd_auto_increment_id,No,,,,
D_80692_VisitInsurance_Backup,PatientID,Yes,PATIENT_ID,,,
D_80692_VisitInsurance_Backup,VisitID,Yes,ENCOUNTER_ID,,,
D_80692_VisitInsurance_Backup,InsCoverageID,No,,,,
D_80692_VisitInsurance_Backup,Priority,No,,,,
D_80692_VisitInsurance_Backup,SubmissionOrder,No,,,,
D_80692_VisitInsurance_Backup,nd_auto_increment_id,No,,,,
D_81251_CHCPersonSlidingFeeHistory_Backup,CHCPersonSlidingFeeHistoryID,No,,,,
D_81251_CHCPersonSlidingFeeHistory_Backup,PersonID,No,,,,
D_81251_CHCPersonSlidingFeeHistory_Backup,SFNotFedQualFlag,No,,,,
D_81251_CHCPersonSlidingFeeHistory_Backup,LastModified,No,,,,
D_81251_CHCPersonSlidingFeeHistory_Backup,nd_auto_increment_id,No,,,,
D_81314_VisitInsurance_Backup,PatientID,Yes,PATIENT_ID,,,
D_81314_VisitInsurance_Backup,VisitID,Yes,ENCOUNTER_ID,,,
D_81314_VisitInsurance_Backup,InsCoverageID,No,,,,
D_81314_VisitInsurance_Backup,Priority,No,,,,
D_81314_VisitInsurance_Backup,SubmissionOrder,No,,,,
D_81314_VisitInsurance_Backup,nd_auto_increment_id,No,,,,
D64737_OBXAdminPickList_Backup,OBXConceptID,No,,,,
D64737_OBXAdminPickList_Backup,ListIndex,No,,,,
D64737_OBXAdminPickList_Backup,ListText,No,,,,
D64737_OBXAdminPickList_Backup,OBXAdminPickListID,No,,,,
D64737_OBXAdminPickList_Backup,BackupDate,Yes,STATIC_OFFSET,,,
D64737_OBXAdminPickList_Backup,nd_auto_increment_id,No,,,,
D64737_OBXAdminPickListCodingSystem_Backup,OBXAdminPickListID,No,,,,
D64737_OBXAdminPickListCodingSystem_Backup,CodingSystemID,No,,,,
D64737_OBXAdminPickListCodingSystem_Backup,CodeId,No,,,,
D64737_OBXAdminPickListCodingSystem_Backup,BackupDate,Yes,STATIC_OFFSET,,,
D64737_OBXAdminPickListCodingSystem_Backup,nd_auto_increment_id,No,,,,
D64740_PatHistMedical_Backup,ReconPatientID,No,,,,
D64740_PatHistMedical_Backup,MedHistory_PatientID,No,,,,
D64740_PatHistMedical_Backup,PatHistCatPatHistItemID,No,,,,
D64740_PatHistMedical_Backup,PatHistMedicalID,No,,,,
D64740_PatHistMedical_Backup,DateOfOnset,No,,,,
D64740_PatHistMedical_Backup,DateOfOnsetShouldBe,No,,,,
D64740_PatHistMedical_Backup,BackUpDate,Yes,STATIC_OFFSET,,,
D64740_PatHistMedical_Backup,MedHistoryDate,Yes,STATIC_OFFSET,,,
D64740_PatHistMedical_Backup,nd_auto_increment_id,No,,,,
D64740_PatHistMedicalHistory_Backup,PatHistMedicalHistoryID,No,,,,
D64740_PatHistMedicalHistory_Backup,PatientID,Yes,PATIENT_ID,,,
D64740_PatHistMedicalHistory_Backup,PatHistCatPatHistItemID,No,,,,
D64740_PatHistMedicalHistory_Backup,PatHistMedicalID,No,,,,
D64740_PatHistMedicalHistory_Backup,CreatedBy,No,,,,
D64740_PatHistMedicalHistory_Backup,CreateDate,Yes,STATIC_OFFSET,,,
D64740_PatHistMedicalHistory_Backup,LastChanged,No,,,,
D64740_PatHistMedicalHistory_Backup,LastChangedBy,No,,,,
D64740_PatHistMedicalHistory_Backup,ProblemListMember,No,,,,
D64740_PatHistMedicalHistory_Backup,PMHNote,Yes,GENERIC_NOTES,,,
D64740_PatHistMedicalHistory_Backup,DateOfOnset,No,,,,
D64740_PatHistMedicalHistory_Backup,HistoryDate,No,,,,
D64740_PatHistMedicalHistory_Backup,UserID,No,,,,
D64740_PatHistMedicalHistory_Backup,PatHistAction,No,,,,
D64740_PatHistMedicalHistory_Backup,DateOfOnsetTime,No,,,,
D64740_PatHistMedicalHistory_Backup,nd_auto_increment_id,No,,,,
D71750_InsCoveragePatientList_Backup,InsCoveragePatID,No,,,,
D71750_InsCoveragePatientList_Backup,InsCoverageID,Yes,MASK,InsCoverageID,,
D71750_InsCoveragePatientList_Backup,PatientID,Yes,PATIENT_ID,,,
D71750_InsCoveragePatientList_Backup,Priority,No,,,,
D71750_InsCoveragePatientList_Backup,SubOrder,No,,,,
D71750_InsCoveragePatientList_Backup,BackUpDate,Yes,DATE_OFFSET,,,
D71750_InsCoveragePatientList_Backup,nd_auto_increment_id,No,,,,
D71750_InsuranceCoverageList_Backup,InsID,Yes,MASK,InsID,,
D71750_InsuranceCoverageList_Backup,PersonID,No,,,,
D71750_InsuranceCoverageList_Backup,PlanID,No,,,,
D71750_InsuranceCoverageList_Backup,StartDate,Yes,STATIC_OFFSET,,,
D71750_InsuranceCoverageList_Backup,EndDate,No,,,,
D71750_InsuranceCoverageList_Backup,PolicyName,Yes,MASK,PolicyName,,
D71750_InsuranceCoverageList_Backup,EmployerName,Yes,MASK,EmployerName,,
D71750_InsuranceCoverageList_Backup,PolicyGroupNumber,Yes,MASK,PolicyGroupNumber,,
D71750_InsuranceCoverageList_Backup,PolicyNumber,Yes,MASK,PolicyNumber,,
D71750_InsuranceCoverageList_Backup,PolicyHolder,Yes,MASK,PolicyHolder,,
D71750_InsuranceCoverageList_Backup,PreCertNumber,Yes,MASK,PreCertNumber,,
D71750_InsuranceCoverageList_Backup,PreCertFromDate,No,,,,
D71750_InsuranceCoverageList_Backup,PreCertToDate,No,,,,
D71750_InsuranceCoverageList_Backup,EditDate,Yes,STATIC_OFFSET,,,
D71750_InsuranceCoverageList_Backup,CreateDate,Yes,STATIC_OFFSET,,,
D71750_InsuranceCoverageList_Backup,Active,No,,,,
D71750_InsuranceCoverageList_Backup,VerifiedDate,No,,,,
D71750_InsuranceCoverageList_Backup,Comment,No,,,,
D71750_InsuranceCoverageList_Backup,COBRA,No,,,,
D71750_InsuranceCoverageList_Backup,CoverageRoleTypeID,No,,,,
D71750_InsuranceCoverageList_Backup,BackUpDate,Yes,STATIC_OFFSET,,,
D71750_InsuranceCoverageList_Backup,nd_auto_increment_id,No,,,,
D79358_VisitInsurance_Backup,VisitID,Yes,ENCOUNTER_ID,,,
D79358_VisitInsurance_Backup,InsID,Yes,MASK,InsID,,
D79358_VisitInsurance_Backup,Priority,No,,,,
D79358_VisitInsurance_Backup,SubmissionOrder,No,,,,
D79358_VisitInsurance_Backup,PreCertNumber,Yes,MASK,PreCertNumber,,
D79358_VisitInsurance_Backup,InsPreCertID,Yes,MASK,InsPreCertID,,
D79358_VisitInsurance_Backup,DecrementCounter,No,,,,
D79358_VisitInsurance_Backup,InsuranceTypeID,Yes,MASK,InsuranceTypeID,,
D79358_VisitInsurance_Backup,BackUpDate,Yes,DATE_OFFSET,,,
D79358_VisitInsurance_Backup,nd_auto_increment_id,No,,,,
DatabaseGrowthLog,DatabaseGrowthLogID,No,,,,
DatabaseGrowthLog,PreGrowthSizeMB,No,,,,
DatabaseGrowthLog,UsedMB,No,,,,
DatabaseGrowthLog,GrowthPercent,No,,,,
DatabaseGrowthLog,PostGrowthSizeMB,No,,,,
DatabaseGrowthLog,CreateDate,Yes,STATIC_OFFSET,,,
DatabaseGrowthLog,Drive,No,,,,
DatabaseGrowthLog,nd_auto_increment_id,No,,,,
DataClass,DataClassID,No,,,,
DataClass,DataClassName,No,,,,
DataClass,nd_auto_increment_id,No,,,,
DataClassMapping,DataClassMappingID,No,,,,
DataClassMapping,TableID,No,,,,
DataClassMapping,DataClassID,No,,,,
DataClassMapping,IsPrimary,No,,,,
DataClassMapping,IsActive,No,,,,
DataClassMapping,IsManual,No,,,,
DataClassMapping,nd_auto_increment_id,No,,,,
DataPortabilityDocType,DataPortabilityDocTypeID,No,,,,
DataPortabilityDocType,DocTypeDescription,No,,,,
DataPortabilityDocType,IsEnabled,No,,,,
DataPortabilityDocType,DisplayOrder,No,,,,
DataPortabilityDocType,nd_auto_increment_id,No,,,,
DataPortabilityExport,DataPortabilityExportID,No,,,,
DataPortabilityExport,DataPortabilityDocTypeID,No,,,,
DataPortabilityExport,CareProviderID,No,,,,
DataPortabilityExport,VisitStartDate,Yes,STATIC_OFFSET,,,
DataPortabilityExport,VisitEndDate,Yes,STATIC_OFFSET,,,
DataPortabilityExport,VisitPeriod,No,,,,
DataPortabilityExport,VisitPeriodUOMID,No,,,,
DataPortabilityExport,ScheduleTypeID,No,,,,
DataPortabilityExport,ScheduleStatusID,No,,,,
DataPortabilityExport,ScheduleDay,No,,,,
DataPortabilityExport,SchedulePeriodUOMID,No,,,,
DataPortabilityExport,ScheduleStartDate,No,,,,
DataPortabilityExport,ScheduleStartTime,No,,,,
DataPortabilityExport,NextRunDateTime,No,,,,
DataPortabilityExport,ExportFileLocation,No,,,,
DataPortabilityExport,CreatedByUserID,No,,,,
DataPortabilityExport,CreatedDateTime,No,,,,
DataPortabilityExport,ScheduleMonth,No,,,,
DataPortabilityExport,nd_auto_increment_id,No,,,,
DataPortabilityExportPatient,DataPortabilityExportID,No,,,,
DataPortabilityExportPatient,PatientID,Yes,PATIENT_ID,,,
DataPortabilityExportPatient,nd_auto_increment_id,No,,,,
DataPortabilityPeriodUOM,DataPortabilityPeriodUOMID,No,,,,
DataPortabilityPeriodUOM,VisitPeriodDesc,No,,,,
DataPortabilityPeriodUOM,SchedulePeriodDesc,No,,,,
DataPortabilityPeriodUOM,IsEnabled,No,,,,
DataPortabilityPeriodUOM,DisplayOrder,No,,,,
DataPortabilityPeriodUOM,nd_auto_increment_id,No,,,,
DataPortabilityScheduleStatus,DataPortabilityScheduleStatusID,No,,,,
DataPortabilityScheduleStatus,StatusDescription,No,,,,
DataPortabilityScheduleStatus,nd_auto_increment_id,No,,,,
DataPortabilityScheduleType,DataPortabilityScheduleTypeID,No,,,,
DataPortabilityScheduleType,TypeDescription,No,,,,
DataPortabilityScheduleType,nd_auto_increment_id,No,,,,
DataShareQuerySchedule,ProgramID,No,,,,
DataShareQuerySchedule,QueryTypeID,No,,,,
DataShareQuerySchedule,Monday,No,,,,
DataShareQuerySchedule,Tuesday,No,,,,
DataShareQuerySchedule,Wednesday,No,,,,
DataShareQuerySchedule,Thursday,No,,,,
DataShareQuerySchedule,Friday,No,,,,
DataShareQuerySchedule,Saturday,No,,,,
DataShareQuerySchedule,Sunday,No,,,,
DataShareQuerySchedule,DailyScheduleQueryTime,No,,,,
DataShareQuerySchedule,LastRunDateTime,No,,,,
DataShareQuerySchedule,Enabled,No,,,,
DataShareQuerySchedule,nd_auto_increment_id,No,,,,
DataShareQueryScheduleVisitType,ProgramID,No,,,,
DataShareQueryScheduleVisitType,QueryTypeID,No,,,,
DataShareQueryScheduleVisitType,VisitTypeID,No,,,,
DataShareQueryScheduleVisitType,nd_auto_increment_id,No,,,,
DataShareQueryType,QueryTypeID,No,,,,
DataShareQueryType,Name,No,,,,
DataShareQueryType,Enabled,No,,,,
DataShareQueryType,nd_auto_increment_id,No,,,,
DataSource,DataSourceId,No,,,,
DataSource,DataSourceTypeId,No,,,,
DataSource,Description,Yes,MASK,Description,,
DataSource,CreateUser,No,,,,
DataSource,CreateDate,Yes,STATIC_OFFSET,,,
DataSource,LastChangedBy,No,,,,
DataSource,LastChangedDate,Yes,STATIC_OFFSET,,,
DataSource,Enabled,No,,,,
DataSource,InterfaceProviderRoleID,No,,,,
DataSource,nd_auto_increment_id,No,,,,
DataSourceCodeException,ConceptTypeID,No,,,,
DataSourceCodeException,Code,No,,,,
DataSourceCodeException,DataSourceFacilityID,No,,,,
DataSourceCodeException,nd_auto_increment_id,No,,,,
DataSourceFacilityInterfaceProviderRole,DataSourceFacilityID,Yes,MASK,DataSourceFacilityID,,
DataSourceFacilityInterfaceProviderRole,InterfaceProviderRoleID,No,,,,
DataSourceFacilityInterfaceProviderRole,nd_auto_increment_id,No,,,,
DataSourceFacilityIntSenderReceiver,DataSourceFacilityID,No,,,,
DataSourceFacilityIntSenderReceiver,IntSenderReceiverID,No,,,,
DataSourceFacilityIntSenderReceiver,nd_auto_increment_id,No,,,,
DataSourceFacilityOrderCode,DataSourceFacilityID,Yes,MASK,DataSourceFacilityID,,
DataSourceFacilityOrderCode,OrderCode,No,,,,
DataSourceFacilityOrderCode,nd_auto_increment_id,No,,,,
DataSourceFacilityTestCode,ProcedureMasterID,No,,,,
DataSourceFacilityTestCode,DataSourceFacilityID,Yes,MASK,DataSourceFacilityID,,
DataSourceFacilityTestCode,LabTestCode,No,,,,
DataSourceFacilityTestCode,OrderNumber,No,,,,
DataSourceFacilityTestCode,nd_auto_increment_id,No,,,,
DataSourceFacilityTestCodeDescription,DataSourceFacilityID,Yes,MASK,DataSourceFacilityID,,
DataSourceFacilityTestCodeDescription,LabTestCode,No,,,,
DataSourceFacilityTestCodeDescription,LabTestCodeDescription,No,,,,
DataSourceFacilityTestCodeDescription,nd_auto_increment_id,No,,,,
DataSourceType,DataSourceTypeId,No,,,,
DataSourceType,Description,No,,,,
DataSourceType,Enabled,No,,,,
DataSourceType,nd_auto_increment_id,No,,,,
Days,DayID,No,,,,
Days,dtDate,Yes,STATIC_OFFSET,,,
Days,DayOfMonth,No,,,,
Days,Year,Yes,STATIC_OFFSET,,,
Days,Quarter,No,,,,
Days,intMonth,No,,,,
Days,DayOfYear,No,,,,
Days,intWeek,No,,,,
Days,intWeekDay,No,,,,
Days,Month,No,,,,
Days,Weekday,No,,,,
Days,nd_auto_increment_id,No,,,,
dbProcessLog,ID,No,,,,
dbProcessLog,Process,No,,,,
dbProcessLog,Action,No,,,,
dbProcessLog,CreateDateTime,Yes,STATIC_OFFSET,,,
dbProcessLog,ErrorStatus,No,,,,
dbProcessLog,Description,No,,,,
dbProcessLog,nd_auto_increment_id,No,,,,
DelayMap,DelayMapID,No,,,,
DelayMap,PatientAllergyTestID,No,,,,
DelayMap,DelayMapDirectionID,No,,,,
DelayMap,Comment,No,,,,
DelayMap,nd_auto_increment_id,No,,,,
DelayMapDetail,DelayMapDetailID,No,,,,
DelayMapDetail,DelayMapID,No,,,,
DelayMapDetail,DelayRow,No,,,,
DelayMapDetail,DelayColumn,No,,,,
DelayMapDetail,DelayCellText,No,,,,
DelayMapDetail,nd_auto_increment_id,No,,,,
DelayMapDirection,DelayMapDirectionID,No,,,,
DelayMapDirection,DelayMapDirectionDesc,No,,,,
DelayMapDirection,nd_auto_increment_id,No,,,,
DelegationUser,DelegateUserID,No,,,,
DelegationUser,AssociatedUserID,No,,,,
DelegationUser,ActionID,No,,,,
DelegationUser,nd_auto_increment_id,No,,,,
DelegationUserGroup,DelegateUserID,No,,,,
DelegationUserGroup,AssociatedGroupID,No,,,,
DelegationUserGroup,ActionID,No,,,,
DelegationUserGroup,nd_auto_increment_id,No,,,,
DenyNewRxClinicalPatMed,DenyNewRxUserSettingsID,No,,,,
DenyNewRxClinicalPatMed,ClinicalPatMedID,No,,,,
DenyNewRxClinicalPatMed,nd_auto_increment_id,No,,,,
DenyNewRxUserSettings,DenyNewRxUserSettingsID,No,,,,
DenyNewRxUserSettings,RxRefFlag,No,,,,
DenyNewRxUserSettings,PharmacyRequestID,No,,,,
DenyNewRxUserSettings,nd_auto_increment_id,No,,,,
Describe,Name,Yes,MASK,Name,,
Describe,ShortDesc,No,,,,
Describe,LongDesc,No,,,,
Describe,Comment,No,,,,
Describe,nd_auto_increment_id,No,,,,
DesktopLinks,DesktopLinkID,No,,,,
DesktopLinks,LinkLocationIdentifier,No,,,,
DesktopLinks,LinkDisplayName,No,,,,
DesktopLinks,LinkFileLocation,Yes,MASK,LinkFileLocation,,
DesktopLinks,LinkURL,No,,,,
DesktopLinks,LinkPriority,No,,,,
DesktopLinks,NuggetDivName,No,,,,
DesktopLinks,NuggetCaption,No,,,,
DesktopLinks,NuggetTitle,No,,,,
DesktopLinks,IFrameID,No,,,,
DesktopLinks,OnClickFunction,No,,,,
DesktopLinks,nd_auto_increment_id,No,,,,
DeskTopPreference,UserID,No,,,,
DeskTopPreference,ShowMessages,No,,,,
DeskTopPreference,ShowScheduleForDay,No,,,,
DeskTopPreference,ShowTDL,No,,,,
DeskTopPreference,ShowOpenOrdersForThisUser,No,,,,
DeskTopPreference,ShowPatientsInTracking,No,,,,
DeskTopPreference,ShowAllOpenOrders,No,,,,
DeskTopPreference,ShowScheduledPatients,No,,,,
DeskTopPreference,ShowDate,No,,,,
DeskTopPreference,ShowStockTicker,No,,,,
DeskTopPreference,ShowSearchBar,No,,,,
DeskTopPreference,ShowGMTMessages,No,,,,
DeskTopPreference,ShowOutlookTaskList,No,,,,
DeskTopPreference,ShowWeather,No,,,,
DeskTopPreference,ShowOutlookCalendar,No,,,,
DeskTopPreference,ShowNoShow,No,,,,
DeskTopPreference,ShowCollectionWorkList,No,,,,
DeskTopPreference,ShowPatientReminderWorkList,No,,,,
DeskTopPreference,nd_auto_increment_id,No,,,,
DiagnosisMaster,DiagID,No,,,,
DiagnosisMaster,DiagCode,No,,,,
DiagnosisMaster,LocalDiagCode,No,,,,
DiagnosisMaster,LocalDiagDesc,No,,,,
DiagnosisMaster,nd_auto_increment_id,No,,,,
DirectorySpecialty,DirectorySpecialtyID,No,,,,
DirectorySpecialty,DirectorySpecialtyType,No,,,,
DirectorySpecialty,nd_auto_increment_id,No,,,,
DiscontinueReason,DiscontinueReasonID,No,,,,
DiscontinueReason,DiscontinueReasonDesc,Yes,GENERIC_NOTES,,,
DiscontinueReason,nd_auto_increment_id,No,,,,
DiscreteElement,DiscreteElementID,No,,,,
DiscreteElement,DiscreteElementDataTypeID,No,,,,
DiscreteElement,DiscreteElementDesc,No,,,,
DiscreteElement,nd_auto_increment_id,No,,,,
DiscreteElementDataType,DiscreteElementDataTypeID,No,,,,
DiscreteElementDataType,DiscreteElementDataTypeDesc,No,,,,
DiscreteElementDataType,nd_auto_increment_id,No,,,,
DisplayTypeStyleSheetPath,DisplayType,No,,,,
DisplayTypeStyleSheetPath,StyleSheetPath,No,,,,
DisplayTypeStyleSheetPath,nd_auto_increment_id,No,,,,
divCharge,DivID,No,,,,
divCharge,ChargeID,No,,,,
divCharge,UserID,No,,,,
divEffectiveUser,DivID,No,,,,
divEffectiveUser,UserID,No,,,,
divEffectiveUser,nd_auto_increment_id,No,,,,
divGroup,DivID,No,,,,
divGroup,CareProviderID,No,,,,
divGroup,LocationID,No,,,,
divGroup,nd_auto_increment_id,No,,,,
divHeader,DivID,No,,,,
divHeader,Name,No,,,,
divHeader,Enabled,No,,,,
divHeader,nd_auto_increment_id,No,,,,
divPaymentAllocations,DivID,No,,,,
divPaymentAllocations,AllocationID,No,,,,
divPaymentAllocations,PaymentID,No,,,,
divPaymentAllocations,UserID,No,,,,
divSetup,IsEnabled,No,,,,
divSetup,nd_auto_increment_id,No,,,,
divUser,DivID,No,,,,
divUser,UserID,No,,,,
divUser,nd_auto_increment_id,No,,,,
Dose,DoseID,No,,,,
Dose,DoseValue,No,,,,
Dose,nd_auto_increment_id,No,,,,
DoseAmountUOM,DoseAmountUOMID,No,,,,
DoseAmountUOM,DoseAmountUOMDesc,No,,,,
DoseAmountUOM,DisplayOrder,No,,,,
DoseAmountUOM,IsEnabled,No,,,,
DoseAmountUOM,nd_auto_increment_id,No,,,,
DoseCompletionStatus,DoseCompletionStatusID,No,,,,
DoseCompletionStatus,StatusDescription,No,,,,
DoseCompletionStatus,IsEnabled,No,,,,
DoseCompletionStatus,DisplayOrder,No,,,,
DoseCompletionStatus,nd_auto_increment_id,No,,,,
DoseCompletionStatusCodingSystem,DoseCompletionStatusID,No,,,,
DoseCompletionStatusCodingSystem,CodingSystemID,No,,,,
DoseCompletionStatusCodingSystem,CodeID,No,,,,
DoseCompletionStatusCodingSystem,nd_auto_increment_id,No,,,,
DoseRoute,DoseRouteID,No,,,,
DoseRoute,RouteDescription,No,,,,
DoseRoute,DoseRouteCode,No,,,,
DoseRoute,IsEnabled,No,,,,
DoseRoute,nd_auto_increment_id,No,,,,
DrFirstRoutes,DrFirstRoute,No,,,,
DrFirstRoutes,FDBRoute,No,,,,
DrFirstRoutes,nd_auto_increment_id,No,,,,
DSAvailableDocument,DSAvailableDocumentId,No,,,,
DSAvailableDocument,InterfaceEventId,No,,,,
DSAvailableDocument,PatientId,Yes,PATIENT_ID,,,
DSAvailableDocument,DocumentName,No,,,,
DSAvailableDocument,DocumentDesc,No,,,,
DSAvailableDocument,DocumentUniqueId,No,,,,
DSAvailableDocument,RepositoryUniqueId,No,,,,
DSAvailableDocument,HomeCommunityId,No,,,,
DSAvailableDocument,DocumentCreateTime,Yes,STATIC_OFFSET,,,
DSAvailableDocument,DocumentSize,No,,,,
DSAvailableDocument,DocumentHash,No,,,,
DSAvailableDocument,FormatCode,No,,,,
DSAvailableDocument,CreateDate,Yes,STATIC_OFFSET,,,
DSAvailableDocument,Disabled,No,,,,
DSAvailableDocument,InterfaceStatusId,No,,,,
DSAvailableDocument,ProgramId,No,,,,
DSAvailableDocument,nd_auto_increment_id,No,,,,
dsPrefillLookup,Type,No,,,,
dsPrefillLookup,Value,Yes,MASK,Value,,
dsPrefillLookup,FilterValue,No,,,,
dsPrefillLookup,nd_auto_increment_id,No,,,,
DSRetrieveDocument,DSRetrieveDocumentId,No,,,,
DSRetrieveDocument,DSAvailableDocumentId,No,,,,
DSRetrieveDocument,InterfaceEventId,No,,,,
DSRetrieveDocument,InterfaceStatusId,No,,,,
DSRetrieveDocument,nd_auto_increment_id,No,,,,
dsrsCategory,CategoryID,No,,,,
dsrsCategory,dsrsObjectID,Yes,PATIENT_ID,,,
dsrsCategory,Description,Yes,MASK,Description,,
dsrsCategory,nd_auto_increment_id,No,,,,
dsrsField,FieldID,No,,,,
dsrsField,CategoryID,No,,,,
dsrsField,DSFieldName,Yes,MASK,DSFieldName,,
dsrsField,RSFieldName,Yes,MASK,RSFieldName,,
dsrsField,DataType,No,,,,
dsrsField,FieldType,No,,,,
dsrsField,Lookup,No,,,,
dsrsField,hasIndex,No,,,,
dsrsField,nd_auto_increment_id,No,,,,
dsrsMain,dsrsMainID,No,,,,
dsrsMain,Description,No,,,,
dsrsMain,nd_auto_increment_id,No,,,,
dsrsObject,dsrsObjectID,Yes,PATIENT_ID,,,
dsrsObject,SQLObjectName,No,,,,
dsrsObject,dsrsMainID,No,,,,
dsrsObject,Priority,No,,,,
dsrsObject,nd_auto_increment_id,No,,,,
dsrsParameter,dsrsParameterID,No,,,,
dsrsParameter,ParameterName,No,,,,
dsrsParameter,DataType,No,,,,
dsrsParameter,dsrsObjectID,Yes,PATIENT_ID,,,
dsrsParameter,ParamOrder,No,,,,
dsrsParameter,nd_auto_increment_id,No,,,,
dsSpecialColumn,ObjectName,No,,,,
dsSpecialColumn,ColumnName,Yes,MASK,ColumnName,,
dsSpecialColumn,Visible,No,,,,
dsSpecialColumn,Filterby,No,,,,
dsSpecialColumn,FilterRequired,No,,,,
dsSpecialColumn,Orderby,No,,,,
dsSpecialColumn,SearchList,No,,,,
dsSpecialColumn,MultiSelect,No,,,,
dsSpecialColumn,NonSum,No,,,,
dsSpecialColumn,PrefillStatement,Yes,GENERIC_NOTES,,,
dsSpecialColumn,Id,No,,,,
dsSpecialColumn,GroupMap,Yes,MASK,GroupMap,,
dsSpecialColumn,AllowGroup,No,,,,
dsSpecialColumn,CantBeNOCODE,Yes,MASK,CantBeNOCODE,,
dsSpecialColumn,nd_auto_increment_id,No,,,,
dsSpecialDataSet,ObjectName,No,,,,
dsSpecialDataSet,fctTableName,Yes,MASK,fctTableName,,
dsSpecialDataSet,AllowStamp,No,,,,
dsSpecialDataSet,nd_auto_increment_id,No,,,,
dtproperties,id,No,,,,
dtproperties,objectid,No,,,,
dtproperties,property,No,,,,
dtproperties,value,No,,,,
dtproperties,uvalue,No,,,,
dtproperties,lvalue,Yes,GENERIC_NOTES,,,
dtproperties,version,No,,,,
dtproperties,nd_auto_increment_id,No,,,,
EDCInformation,EDCInfoID,No,,,,
EDCInformation,PatientID,Yes,PATIENT_ID,,,
EDCInformation,Description,No,,,,
EDCInformation,LMPDate,Yes,STATIC_OFFSET,,,
EDCInformation,EstimatedDeliveryDate,Yes,STATIC_OFFSET,,,
EDCInformation,ActualDeliveryDate,Yes,STATIC_OFFSET,,,
EDCInformation,ExpectedCareProviderID,No,,,,
EDCInformation,ExpectedBillableCareProviderID,No,,,,
EDCInformation,ExpectedServiceLocationID,No,,,,
EDCInformation,ExpectedDelivery,No,,,,
EDCInformation,ExpectedIsVaginal,No,,,,
EDCInformation,ExpectedIsCesarean,No,,,,
EDCInformation,ExpectedComments,No,,,,
EDCInformation,ActualCareProviderID,No,,,,
EDCInformation,ActualBillableCareProviderID,No,,,,
EDCInformation,ActualServiceLocationID,No,,,,
EDCInformation,ActualDelivery,No,,,,
EDCInformation,ActualIsVaginal,No,,,,
EDCInformation,ActualIsCesarean,No,,,,
EDCInformation,ActualComments,No,,,,
EDCInformation,Created,Yes,STATIC_OFFSET,,,
EDCInformation,Modified,No,,,,
EDCInformation,UserID,No,,,,
EDCInformation,Enabled,No,,,,
EDCInformation,OutsideProviderInitVisitDate,Yes,STATIC_OFFSET,,,
EDCInformation,nd_auto_increment_id,No,,,,
EDCInsurance,EDCInformationID,No,,,,
EDCInsurance,InsID,Yes,MASK,InsID,,
EDCInsurance,Priority,No,,,,
EDCInsurance,SubmissionOrder,No,,,,
EDCInsurance,PreCertNumber,Yes,MASK,PreCertNumber,,
EDCInsurance,Created,Yes,STATIC_OFFSET,,,
EDCInsurance,Modified,No,,,,
EDCInsurance,UserID,No,,,,
EDCInsurance,InsPreCertID,Yes,MASK,InsPreCertID,,
EDCInsurance,nd_auto_increment_id,No,,,,
EDCServiceDetail,EDCInfoID,No,,,,
EDCServiceDetail,ServiceDetailID,No,,,,
EDCServiceDetail,nd_auto_increment_id,No,,,,
EDIFileNames,EDIFileNameID,No,,,,
EDIFileNames,FileNameType,No,,,,
EDIFileNames,FileNameCode,No,,,,
EDIFileNames,FileNameDesc,No,,,,
EDIFileNames,FileNameDefinition,No,,,,
EDIFileNames,IsANSI,No,,,,
EDIFileNames,Action,No,,,,
EDIFileNames,nd_auto_increment_id,No,,,,
EDIReportDownloadStage,EDIReportStageID,No,,,,
EDIReportDownloadStage,EDIReportSavedPath,No,,,,
EDIReportDownloadStage,EFilePlanID,No,,,,
EDIReportDownloadStage,FileTypeCode,No,,,,
EDIReportDownloadStage,DBPushFlag,No,,,,
EDIReportDownloadStage,ProcessFlag,No,,,,
EDIReportDownloadStage,nd_auto_increment_id,No,,,,
EFileGreenwayClearingHouseStatus,GreenwayClearingHouseStatusID,No,,,,
EFileGreenwayClearingHouseStatus,Description,No,,,,
EFileGreenwayClearingHouseStatus,Enabled,No,,,,
EFileGreenwayClearingHouseStatus,nd_auto_increment_id,No,,,,
EFilePlanEligibilityVersion,EFilePlanEligibilityVersionID,No,,,,
EFilePlanEligibilityVersion,Description,No,,,,
EFilePlanEligibilityVersion,nd_auto_increment_id,No,,,,
EFilePlanFileNames,EFilePlanID,No,,,,
EFilePlanFileNames,EDIFileNameID,No,,,,
EFilePlanFileNames,nd_auto_increment_id,No,,,,
EFilePlans,EFilePlanID,No,,,,
EFilePlans,EFileType,No,,,,
EFilePlans,TransferType,No,,,,
EFilePlans,EFileRecipientName,Yes,MASK,EFileRecipientName,,
EFilePlans,EFileFTPURL,Yes,MASK,EFileFTPURL,,
EFilePlans,EFileUserFirstName,Yes,MASK,EFileUserFirstName,,
EFilePlans,EFileUserLastName,Yes,MASK,EFileUserLastName,,
EFilePlans,EFilePassword,Yes,MASK,EFilePassword,,
EFilePlans,EFileFolderName,Yes,MASK,EFileFolderName,,
EFilePlans,ModemNumber,No,,,,
EFilePlans,TransferProtocol,No,,,,
EFilePlans,UserNameKeyWord,No,,,,
EFilePlans,PasswordKeyWord,Yes,MASK,PasswordKeyWord,,
EFilePlans,QuitCommand,No,,,,
EFilePlans,SendCommand,No,,,,
EFilePlans,ReceiveCommand,No,,,,
EFilePlans,InitializeString,No,,,,
EFilePlans,WelcomeKeyWord,No,,,,
EFilePlans,ESubmissionID,No,,,,
EFilePlans,UserLastNameKeyWord,Yes,MASK,UserLastNameKeyWord,,
EFilePlans,FileFormat,No,,,,
EFilePlans,FileCompression,No,,,,
EFilePlans,UseSaxCommSpy,No,,,,
EFilePlans,EFileGetFolderName,No,,,,
EFilePlans,EncryptionTypeID,No,,,,
EFilePlans,ESiteID,No,,,,
EFilePlans,ESubmissionNumber,No,,,,
EFilePlans,ESiteProduction,No,,,,
EFilePlans,EBillingID,No,,,,
EFilePlans,ESenderID,Yes,MASK,ESenderID,,
EFilePlans,EReceiverID,No,,,,
EFilePlans,ESenderCode,Yes,MASK,ESenderCode,,
EFilePlans,EReceiverCode,Yes,MASK,EReceiverCode,,
EFilePlans,EDIContactName,Yes,MASK,EDIContactName,,
EFilePlans,ESubmitterID,Yes,MASK,ESubmitterID,,
EFilePlans,PrinterFormatID,No,,,,
EFilePlans,ISAPwd,Yes,MASK,ISAPwd,,
EFilePlans,EReceiverName,Yes,MASK,EReceiverName,,
EFilePlans,EReceiverLoopID,No,,,,
EFilePlans,EMailAddress,Yes,MASK,EMailAddress,,
EFilePlans,EligibilityURL,Yes,MASK,EligibilityURL,,
EFilePlans,EDINumber,Yes,MASK,EDINumber,,
EFilePlans,RealTimeURL,Yes,MASK,RealTimeURL,,
EFilePlans,RealTimeUserName,No,,,,
EFilePlans,RealTimePassword,Yes,MASK,RealTimePassword,,
EFilePlans,ERTReceiverID,No,,,,
EFilePlans,ERTReceiverLoopID,No,,,,
EFilePlans,ERTReceiverCode,No,,,,
EFilePlans,PortNumber,No,,,,
EFilePlans,PassiveFTPFlag,No,,,,
EFilePlans,EncryptionKeyName,No,,,,
EFilePlans,DuplicateFileWaitPeriod,No,,,,
EFilePlans,ReceiverIDQualifier,No,,,,
EFilePlans,SenderIDQualifier,No,,,,
EFilePlans,EFilePlanEligibilityVersionID,No,,,,
EFilePlans,DisplayOnGetNewFileReport,No,,,,
EFilePlans,GreenwayClearingHouseStatusID,No,,,,
EFilePlans,nd_auto_increment_id,No,,,,
EFileTransferTypes,TransferID,No,,,,
EFileTransferTypes,TransferType,No,,,,
EFileTransferTypes,nd_auto_increment_id,No,,,,
EFileTypes,EFileTypeID,No,,,,
EFileTypes,Description,No,,,,
EFileTypes,nd_auto_increment_id,No,,,,
EHIConfig,ConfigID,No,,,,
EHIConfig,ConfigName,No,,,,
EHIConfig,ConfigValue,Yes,GENERIC_NOTES,,,
EHIConfig,nd_auto_increment_id,No,,,,
EHIExportTable,EHIExportTableID,No,,,,
EHIExportTable,DatabaseName,No,,,,
EHIExportTable,TableName,No,,,,
EHIExportTable,SinglePatientQuery,No,,,,
EHIExportTable,PatientPopulationQuery,No,,,,
EHIExportTable,EHI,No,,,,
EHIExportTable,DocumentExport,No,,,,
EHIExportTable,FDB,No,,,,
EHIExportTable,TPL,No,,,,
EHIExportTable,Status,No,,,,
EHIExportTable,Master,No,,,,
EHIExportTable,EHIBatchSize,No,,,,
EHIExportTable,nd_auto_increment_id,No,,,,
EHIJobQueue,JobID,No,,,,
EHIJobQueue,SiteID,No,,,,
EHIJobQueue,PatientID,Yes,PATIENT_ID,,,
EHIJobQueue,UserEmail,Yes,MASK,UserEmail,,
EHIJobQueue,JobType,No,,,,
EHIJobQueue,JobStatus,No,,,,
EHIJobQueue,DocExportStatus,No,,,,
EHIJobQueue,DataExportStatus,No,,,,
EHIJobQueue,StorageLocation,No,,,,
EHIJobQueue,FileSize,No,,,,
EHIJobQueue,CreatedBy,No,,,,
EHIJobQueue,CreatedDateTime,Yes,STATIC_OFFSET,,,
EHIJobQueue,LastModifiedBy,No,,,,
EHIJobQueue,LastModifiedDateTime,No,,,,
EHIJobQueueHistory,EHIJobQueueHistoryID,No,,,,
EHIJobQueueHistory,JobID,No,,,,
EHIJobQueueHistory,SiteID,No,,,,
EHIJobQueueHistory,PatientID,Yes,PATIENT_ID,,,
EHIJobQueueHistory,UserEmail,Yes,MASK,UserEmail,,
EHIJobQueueHistory,JobType,No,,,,
EHIJobQueueHistory,JobStatus,No,,,,
EHIJobQueueHistory,DocExportStatus,No,,,,
EHIJobQueueHistory,DataExportStatus,No,,,,
EHIJobQueueHistory,StorageLocation,No,,,,
EHIJobQueueHistory,FileSize,No,,,,
EHIJobQueueHistory,CreatedBy,Yes,MASK,CreatedBy,,
EHIJobQueueHistory,CreatedDateTime,Yes,DATE_OFFSET,,,
EHIJobQueueHistory,LastModifiedBy,No,,,,
EHIJobQueueHistory,LastModifiedDateTime,Yes,DATE_OFFSET,,,
EHIJobQueueHistory,nd_auto_increment_id,No,,,,
EHIJobStatus,EHIJobStatusID,No,,,,
EHIJobStatus,StatusDesc,No,,,,
EHIJobStatus,nd_auto_increment_id,No,,,,
EHILogs,ID,No,,,,
EHILogs,Level,No,,,,
EHILogs,Message,No,,,,
EHILogs,StackTrace,No,,,,
EHILogs,Exception,No,,,,
EHILogs,Logger,No,,,,
EHILogs,CreatedOn,Yes,STATIC_OFFSET,,,
EHILogs,nd_auto_increment_id,No,,,,
EHITableExportAudit,EHITableExportAuditID,No,,,,
EHITableExportAudit,EHIJobID,No,,,,
EHITableExportAudit,TableName,No,,,,
EHITableExportAudit,TableExportStatus,No,,,,
EHITableExportAudit,RunLog,No,,,,
EHITableExportAudit,CreatedBy,No,,,,
EHITableExportAudit,CreateDatetime,Yes,STATIC_OFFSET,,,
EHITableExportAudit,nd_auto_increment_id,No,,,,
EHITableExportAuditHistory,EHITableExportAuditHistoryID,No,,,,
EHITableExportAuditHistory,EHITableExportAuditID,No,,,,
EHITableExportAuditHistory,EHIJobID,No,,,,
EHITableExportAuditHistory,TableName,No,,,,
EHITableExportAuditHistory,TableExportStatus,No,,,,
EHITableExportAuditHistory,RunLog,No,,,,
EHITableExportAuditHistory,CreatedBy,No,,,,
EHITableExportAuditHistory,CreateDatetime,Yes,STATIC_OFFSET,,,
EHITableExportAuditHistory,nd_auto_increment_id,No,,,,
eligBatchRequestConfig,ScheduledRunDays,No,,,,
eligBatchRequestConfig,ScheduledTime,No,,,,
eligBatchRequestConfig,ScheduledDaysOut,No,,,,
eligBatchRequestConfig,ScheduledDaysIncluded,No,,,,
eligBatchRequestConfig,InsurancePriority,No,,,,
eligBatchRequestConfig,ExcludePatientDays,No,,,,
eligBatchRequestConfig,WeekendDays,No,,,,
eligBatchRequestConfig,ResourceList,No,,,,
eligBatchRequestConfig,LocationList,No,,,,
eligBatchRequestConfig,LastRunDateTime,Yes,STATIC_OFFSET,,,
eligBatchRequestConfig,SummaryInfo,Yes,GENERIC_NOTES,,,
eligBatchRequestConfig,ImmediateRun,No,,,,
eligBatchRequestConfig,EligibilityAlertCheck,No,,,,
eligBatchRequestConfig,EligibilityAlertNumberOfDays,No,,,,
eligBatchRequestConfig,DisplayElectronicIndividualBenefits,No,,,,
eligBatchRequestConfig,DisplayManuallyVerifiedBenefits,No,,,,
eligBatchRequestConfig,nd_auto_increment_id,No,,,,
eligBenefitCodes,BenefitID,No,,,,
eligBenefitCodes,BenefitCode,No,,,,
eligBenefitCodes,BenefitDesc,No,,,,
eligBenefitCodes,nd_auto_increment_id,No,,,,
eligBenefitPeriodCategory,BenefitPeriodCategoryID,No,,,,
eligBenefitPeriodCategory,PeriodCode,No,,,,
eligBenefitPeriodCategory,PeriodDesc,No,,,,
eligBenefitPeriodCategory,nd_auto_increment_id,No,,,,
eligBenefitQuantityCodes,BenefitQuantityCodeID,No,,,,
eligBenefitQuantityCodes,QuantityCode,No,,,,
eligBenefitQuantityCodes,QuantityCodeDesc,No,,,,
eligBenefitQuantityCodes,nd_auto_increment_id,No,,,,
eligCoverageLevelCodes,CoverageLevelCodeID,No,,,,
eligCoverageLevelCodes,LevelCode,No,,,,
eligCoverageLevelCodes,LevelCodeDesc,No,,,,
eligCoverageLevelCodes,nd_auto_increment_id,No,,,,
eligDateTypes,DateTypeID,No,,,,
eligDateTypes,TypeCode,No,,,,
eligDateTypes,TypeDesc,Yes,MASK,TypeDesc,,
eligDateTypes,nd_auto_increment_id,No,,,,
eligEmploymentStatusCodes,EmploymentStatusID,No,,,,
eligEmploymentStatusCodes,EmploymentStatusCode,Yes,MASK,EmploymentStatusCode,,
eligEmploymentStatusCodes,EmploymentStatusDesc,Yes,MASK,EmploymentStatusDesc,,
eligEmploymentStatusCodes,nd_auto_increment_id,No,,,,
eligEntityIdentifiers,EntityIdentifierID,No,,,,
eligEntityIdentifiers,IDCode,Yes,MASK,IDCode,,
eligEntityIdentifiers,IDDesc,No,,,,
eligEntityIdentifiers,nd_auto_increment_id,No,,,,
eligFollowUpCode,FollowUpID,No,,,,
eligFollowUpCode,FollowUpCode,No,,,,
eligFollowUpCode,FollowUpDesc,No,,,,
eligFollowUpCode,nd_auto_increment_id,No,,,,
eligGovernmentServiceAffiliationCodes,GovernmentServiceCodeID,No,,,,
eligGovernmentServiceAffiliationCodes,GovernmentServiceCode,Yes,MASK,GovernmentServiceCode,,
eligGovernmentServiceAffiliationCodes,GovernmentServiceDesc,No,,,,
eligGovernmentServiceAffiliationCodes,nd_auto_increment_id,No,,,,
eligHSDFrequencyCodes,HSDFrequencyCodeID,No,,,,
eligHSDFrequencyCodes,FrequencyCode,No,,,,
eligHSDFrequencyCodes,FrequencyCodeDesc,No,,,,
eligHSDFrequencyCodes,nd_auto_increment_id,No,,,,
eligHSDQuantityCodes,HSDQuantityCodeID,No,,,,
eligHSDQuantityCodes,QuantityCode,No,,,,
eligHSDQuantityCodes,QuantityCodeDesc,No,,,,
eligHSDQuantityCodes,nd_auto_increment_id,No,,,,
eligHSDTimeCodes,HSDTimeCodeID,No,,,,
eligHSDTimeCodes,TimeCode,Yes,MASK,TimeCode,,
eligHSDTimeCodes,TimeCodeDesc,No,,,,
eligHSDTimeCodes,nd_auto_increment_id,No,,,,
eligHSDUnitCodes,HSDUnitCodeID,No,,,,
eligHSDUnitCodes,UnitCode,No,,,,
eligHSDUnitCodes,UnitCodeDesc,No,,,,
eligHSDUnitCodes,nd_auto_increment_id,No,,,,
eligIdentificationQualifiers,IdentificationQualifierID,No,,,,
eligIdentificationQualifiers,IDCode,No,,,,
eligIdentificationQualifiers,IDDesc,Yes,MASK,IDDesc,,
eligIdentificationQualifiers,nd_auto_increment_id,No,,,,
eligInformationStatusCodes,InformationStatusID,No,,,,
eligInformationStatusCodes,InformationStatusCode,No,,,,
eligInformationStatusCodes,InformationStatusDesc,No,,,,
eligInformationStatusCodes,nd_auto_increment_id,No,,,,
eligInsuranceTypeCodes,InsuranceTypeCodeID,No,,,,
eligInsuranceTypeCodes,TypeCode,Yes,MASK,TypeCode,,
eligInsuranceTypeCodes,TypeDesc,No,,,,
eligInsuranceTypeCodes,nd_auto_increment_id,No,,,,
eligMilitaryServiceRankCodes,MilitaryRankCodeID,No,,,,
eligMilitaryServiceRankCodes,MilitaryRankCode,No,,,,
eligMilitaryServiceRankCodes,MilitaryRankDesc,No,,,,
eligMilitaryServiceRankCodes,nd_auto_increment_id,No,,,,
eligProviderCodes,ProviderCodeID,No,,,,
eligProviderCodes,ProviderCode,No,,,,
eligProviderCodes,ProviderCodeDesc,No,,,,
eligProviderCodes,nd_auto_increment_id,No,,,,
eligRejectReason,ReasonID,No,,,,
eligRejectReason,ReasonCode,No,,,,
eligRejectReason,ReasonDesc,No,,,,
eligRejectReason,nd_auto_increment_id,No,,,,
eligRequest,RequestID,No,,,,
eligRequest,UserID,No,,,,
eligRequest,FilingPlanID,No,,,,
eligRequest,RequestDate,Yes,STATIC_OFFSET,,,
eligRequest,RequestPurposeCode,No,,,,
eligRequest,RequestType,No,,,,
eligRequest,RequestMode,No,,,,
eligRequest,NumberOfTransactions,No,,,,
eligRequest,UserComment,Yes,MASK,UserComment,,
eligRequest,ConfirmationReceived,No,,,,
eligRequest,Status,No,,,,
eligRequestTransactionDetail,RequestTransactionDetailID,No,,,,
eligRequestTransactionDetail,RequestTransactionID,No,,,,
eligRequestTransactionDetail,TransactionDetailType,No,,,,
eligRequestTransactionDetail,TransactionDetailDate,Yes,STATIC_OFFSET,,,
eligRequestTransactionDetail,ServiceTypeCode,No,,,,
eligRequestTransactionDetail,ProcedureQualifier,No,,,,
eligRequestTransactionDetail,ProcedureCode,No,,,,
eligRequestTransactionDetail,ProcedureModifier1,No,,,,
eligRequestTransactionDetail,ProcedureModifier2,No,,,,
eligRequestTransactionDetail,ProcedureModifier3,No,,,,
eligRequestTransactionDetail,ProcedureModifier4,No,,,,
eligRequestTransactionDetail,CoverageLevelCode,No,,,,
eligRequestTransactionDetail,SpendDownAmount,No,,,,
eligRequestTransactionDetail,PrincipalDiagnosis,Yes,MASK,PrincipalDiagnosis,,
eligRequestTransactionDetail,Diagnosis2,Yes,MASK,Diagnosis2,,
eligRequestTransactionDetail,Diagnosis3,Yes,MASK,Diagnosis3,,
eligRequestTransactionDetail,Diagnosis4,No,,,,
eligRequestTransactionDetail,Diagnosis5,No,,,,
eligRequestTransactionDetail,Diagnosis6,Yes,MASK,Diagnosis6,,
eligRequestTransactionDetail,Diagnosis7,Yes,MASK,Diagnosis7,,
eligRequestTransactionDetail,Diagnosis8,No,,,,
eligRequestTransactionDetail,POSCode,No,,,,
eligRequestTransactionDetail,ReferralNumber,No,,,,
eligRequestTransactionDetail,PreCertNumber,Yes,MASK,PreCertNumber,,
eligRequestTransactionStatus,RequestTransactionStatusID,No,,,,
eligRequestTransactionStatus,RequestTransactionID,No,,,,
eligRequestTransactionStatus,ResponseTransactionID,No,,,,
eligRequestTransactionStatus,StatusDateTime,Yes,STATIC_OFFSET,,,
eligRequestTransactionStatus,ErrorStatus,No,,,,
eligRequestTransactionStatus,ActiveStatus,No,,,,
eligRequestTransactionStatus,ActiveStatusFromDate,Yes,STATIC_OFFSET,,,
eligRequestTransactionStatus,ActiveStatusToDate,Yes,STATIC_OFFSET,,,
eligRequestTransactionStatus,CompleteStatus,No,,,,
eligRSPAdditionalIdentifiers,AdditionalIdentifierID,No,,,,
eligRSPAdditionalIdentifiers,ResponseParentTypeID,No,,,,
eligRSPAdditionalIdentifiers,ResponseParentID,No,,,,
eligRSPAdditionalIdentifiers,IDQualifier,No,,,,
eligRSPAdditionalIdentifiers,IDNumber,No,,,,
eligRSPAdditionalIdentifiers,IDInfo,No,,,,
eligRSPAdditionalIdentifiers,nd_auto_increment_id,No,,,,
eligRSPBenefitAdditionalInfo,ResponseBenefitAdditionalInfoID,No,,,,
eligRSPBenefitAdditionalInfo,ResponseBenefitID,No,,,,
eligRSPBenefitAdditionalInfo,CodeListQualifier,No,,,,
eligRSPBenefitAdditionalInfo,Code,No,,,,
eligRSPBenefitAdditionalInfo,nd_auto_increment_id,No,,,,
eligRSPBenefitInfo,ResponseBenefitID,No,,,,
eligRSPBenefitInfo,LevelCode,No,,,,
eligRSPBenefitInfo,LevelReferenceID,No,,,,
eligRSPBenefitInfo,BenefitCode,No,,,,
eligRSPBenefitInfo,CoverageLevelCode,No,,,,
eligRSPBenefitInfo,ServiceTypeCode,No,,,,
eligRSPBenefitInfo,InsuranceTypeCode,No,,,,
eligRSPBenefitInfo,PlanCoverageDescription,No,,,,
eligRSPBenefitInfo,BenefitPeriodCategory,No,,,,
eligRSPBenefitInfo,BenefitAmount,No,,,,
eligRSPBenefitInfo,BenefitPercent,No,,,,
eligRSPBenefitInfo,BenefitQuantityCode,No,,,,
eligRSPBenefitInfo,BenefitQuantity,No,,,,
eligRSPBenefitInfo,AuthorizationCertificationFlag,No,,,,
eligRSPBenefitInfo,InPlanNetworkFlag,No,,,,
eligRSPBenefitInfo,ProcedureQualifier,No,,,,
eligRSPBenefitInfo,ProcedureCode,No,,,,
eligRSPBenefitInfo,Modifier1,No,,,,
eligRSPBenefitInfo,Modifier2,No,,,,
eligRSPBenefitInfo,Modifier3,No,,,,
eligRSPBenefitInfo,Modifier4,No,,,,
eligRSPBenefitInfo,nd_auto_increment_id,No,,,,
eligRSPBenefitRelatedEntityInfo,ResponseRelatedEntityID,No,,,,
eligRSPBenefitRelatedEntityInfo,ResponseBenefitID,No,,,,
eligRSPBenefitRelatedEntityInfo,RelatedEntityCode,No,,,,
eligRSPBenefitRelatedEntityInfo,RelatedEntityType,No,,,,
eligRSPBenefitRelatedEntityInfo,EntityName,No,,,,
eligRSPBenefitRelatedEntityInfo,EntityFirstName,Yes,MASK,EntityFirstName,,
eligRSPBenefitRelatedEntityInfo,EntityMiddleName,No,,,,
eligRSPBenefitRelatedEntityInfo,EntitySuffix,No,,,,
eligRSPBenefitRelatedEntityInfo,EntityIDQualifier,No,,,,
eligRSPBenefitRelatedEntityInfo,EntityIDCode,No,,,,
eligRSPBenefitRelatedEntityInfo,EntityAddressLine1,No,,,,
eligRSPBenefitRelatedEntityInfo,EntityAddressLine2,No,,,,
eligRSPBenefitRelatedEntityInfo,EntityCity,Yes,MASK,EntityCity,,
eligRSPBenefitRelatedEntityInfo,EntityState,No,,,,
eligRSPBenefitRelatedEntityInfo,EntityZipCode,No,,,,
eligRSPBenefitRelatedEntityInfo,EntityRegion,No,,,,
eligRSPBenefitRelatedEntityInfo,ProviderCode,No,,,,
eligRSPBenefitRelatedEntityInfo,ProviderIDQualifier,No,,,,
eligRSPBenefitRelatedEntityInfo,ProviderIDCode,No,,,,
eligRSPBenefitRelatedEntityInfo,nd_auto_increment_id,No,,,,
eligRSPContact,ResponseContactID,No,,,,
eligRSPContact,ResponseParentTypeID,No,,,,
eligRSPContact,ResponseParentID,No,,,,
eligRSPContact,ContactName,No,,,,
eligRSPContact,ContactNumber1Type,No,,,,
eligRSPContact,ContactNumber1,Yes,MASK,ContactNumber1,,
eligRSPContact,ContactNumber2Type,No,,,,
eligRSPContact,ContactNumber2,Yes,MASK,ContactNumber2,,
eligRSPContact,ContactNumber3Type,No,,,,
eligRSPContact,ContactNumber3,No,,,,
eligRSPContact,nd_auto_increment_id,No,,,,
eligRSPDate,ResponseDateID,No,,,,
eligRSPDate,DateQualifier,No,,,,
eligRSPDate,FromDate,Yes,STATIC_OFFSET,,,
eligRSPDate,ToDate,No,,,,
eligRSPDate,nd_auto_increment_id,No,,,,
eligRSPDependent,ResponseDependentID,No,,,,
eligRSPDependent,ResponseSubscriberID,Yes,MASK,ResponseSubscriberID,,
eligRSPDependent,DependentLastName,Yes,MASK,DependentLastName,,
eligRSPDependent,DependentFirstName,Yes,MASK,DependentFirstName,,
eligRSPDependent,DependentMiddleName,Yes,MASK,DependentMiddleName,,
eligRSPDependent,DependentSuffix,No,,,,
eligRSPDependent,PatientAccountNumber,Yes,MASK,PatientAccountNumber,,
eligRSPDependent,PrimaryIDQualifier,No,,,,
eligRSPDependent,PrimaryIDNumber,No,,,,
eligRSPDependent,PrimaryIDAdditionalInfo,No,,,,
eligRSPDependent,AddressLine1,Yes,MASK,AddressLine1,,
eligRSPDependent,AddressLine2,Yes,MASK,AddressLine2,,
eligRSPDependent,City,Yes,MASK,City,,
eligRSPDependent,State,No,,,,
eligRSPDependent,ZipCode,No,,,,
eligRSPDependent,DependentDOB,Yes,PATIENT_DOB,,,
eligRSPDependent,DependentGenderCode,No,,,,
eligRSPDependent,DependentRelationship,No,,,,
eligRSPDependent,MaintenanceTypeCode,No,,,,
eligRSPDependent,MaintenanceReasonCode,No,,,,
eligRSPDependent,StudentStatusCode,No,,,,
eligRSPDependent,HandicapStatus,No,,,,
eligRSPDependent,BirthSequence,No,,,,
eligRSPDependent,nd_auto_increment_id,No,,,,
eligRSPDetailSettings,UserID,No,,,,
eligRSPDetailSettings,Value,No,,,,
eligRSPDetailSettings,nd_auto_increment_id,No,,,,
eligRSPFile,ResponseFileID,No,,,,
eligRSPFile,FileName,Yes,MASK,FileName,,
eligRSPFile,ResponseDownloadDate,Yes,STATIC_OFFSET,,,
eligRSPFile,SenderID,Yes,MASK,SenderID,,
eligRSPFile,ReceiverID,Yes,MASK,ReceiverID,,
eligRSPFile,ISANumber,No,,,,
eligRSPGroup,ResponseGroupID,No,,,,
eligRSPGroup,ResponseFileID,No,,,,
eligRSPGroup,SenderCode,Yes,MASK,SenderCode,,
eligRSPGroup,ReceiverCode,Yes,MASK,ReceiverCode,,
eligRSPGroup,GroupDateTime,Yes,DATE_OFFSET,,,
eligRSPGroup,GroupControlNumber,No,,,,
eligRSPHSDInformation,ResponseHCSDID,No,,,,
eligRSPHSDInformation,ResponseBenefitID,No,,,,
eligRSPHSDInformation,HSDQuantityCode,No,,,,
eligRSPHSDInformation,HSDQuantity,No,,,,
eligRSPHSDInformation,HSDUnitCode,No,,,,
eligRSPHSDInformation,HSDSampleModulus,No,,,,
eligRSPHSDInformation,HSDPeriodCode,No,,,,
eligRSPHSDInformation,HSDPeriodCount,No,,,,
eligRSPHSDInformation,HSDFrequencyCode,No,,,,
eligRSPHSDInformation,HSDTimeCode,No,,,,
eligRSPMessageText,ResponseMessageID,No,,,,
eligRSPMessageText,ResponseBenefitID,No,,,,
eligRSPMessageText,EBMessage,No,,,,
eligRSPReceiver,ResponseReceiverID,No,,,,
eligRSPReceiver,ResponseSourceID,No,,,,
eligRSPReceiver,ReceiverTypeCode,No,,,,
eligRSPReceiver,ReceiverName,Yes,MASK,ReceiverName,,
eligRSPReceiver,ReceiverFirstName,Yes,MASK,ReceiverFirstName,,
eligRSPReceiver,ReceiverMiddleName,Yes,MASK,ReceiverMiddleName,,
eligRSPReceiver,ReceiverSuffix,No,,,,
eligRSPReceiver,PrimaryIDQualifier,No,,,,
eligRSPReceiver,PrimaryIDNumber,No,,,,
eligRSPReqValidation,ResponseValidationID,No,,,,
eligRSPReqValidation,RequestTransactionID,No,,,,
eligRSPReqValidation,ResponseTransactionID,No,,,,
eligRSPReqValidation,ValidationLevelID,No,,,,
eligRSPReqValidation,ValidRequestIndicator,No,,,,
eligRSPReqValidation,RejectionCode,No,,,,
eligRSPReqValidation,FollowUpCode,No,,,,
eligRSPSource,ResponseSourceID,No,,,,
eligRSPSource,ResponseTransactionID,No,,,,
eligRSPSource,SourceName,No,,,,
eligRSPSource,FirstName,Yes,MASK,FirstName,,
eligRSPSource,MiddleName,Yes,MASK,MiddleName,,
eligRSPSource,Suffix,No,,,,
eligRSPSource,PrimaryIDQualifier,No,,,,
eligRSPSource,PrimaryIDNumber,No,,,,
eligRSPSubscriber,ResponseSubscriberID,Yes,MASK,ResponseSubscriberID,,
eligRSPSubscriber,ResponseReceiverID,No,,,,
eligRSPSubscriber,SubscriberName,Yes,MASK,SubscriberName,,
eligRSPSubscriber,SubscriberFirstName,Yes,MASK,SubscriberFirstName,,
eligRSPSubscriber,SubsciberMIddleName,Yes,MASK,SubsciberMIddleName,,
eligRSPSubscriber,SubscriberSuffix,No,,,,
eligRSPSubscriber,SubsciberAddressLine1,Yes,MASK,SubsciberAddressLine1,,
eligRSPSubscriber,SubsciberAddressLine2,Yes,MASK,SubsciberAddressLine2,,
eligRSPSubscriber,SubscriberCity,Yes,MASK,SubscriberCity,,
eligRSPSubscriber,SubscriberState,No,,,,
eligRSPSubscriber,SubscriberZipCode,No,,,,
eligRSPSubscriber,SubscriberLocationQualifier,No,,,,
eligRSPSubscriber,SubscriberLocationIdentification,Yes,MASK,SubscriberLocationIdentification,,
eligRSPSubscriber,PatientAccountNumber,Yes,MASK,PatientAccountNumber,,
eligRSPSubscriber,PrimaryIDQualifier,Yes,MASK,PrimaryIDQualifier,,
eligRSPSubscriber,PrimaryIDNumber,No,,,,
eligRSPSubscriber,PrimaryIDAdditionalInfo,No,,,,
eligRSPSubscriber,SubscriberDOB,Yes,PATIENT_DOB,,,
eligRSPSubscriber,SubscriberGenderCode,Yes,MASK,SubscriberGenderCode,,
eligRSPSubscriber,SubscriberInsuredIndicator,No,,,,
eligRSPSubscriber,SubscriberRelationship,No,,,,
eligRSPSubscriber,MaintenanceTypeCode,No,,,,
eligRSPSubscriber,MaintenanceReasonCode,No,,,,
eligRSPSubscriber,StudentStatusCode,No,,,,
eligRSPSubscriber,HandicapStatus,No,,,,
eligRSPSubscriber,BirthSequence,No,,,,
eligRSPTraceNumber,ResponseTraceID,No,,,,
eligRSPTraceNumber,TraceLevelCode,Yes,MASK,TraceLevelCode,,
eligRSPTraceNumber,TraceReferenceID,No,,,,
eligRSPTraceNumber,TraceType,No,,,,
eligRSPTraceNumber,TraceNumber,No,,,,
eligRSPTraceNumber,TraceEntityIdentifier,No,,,,
eligRSPTraceNumber,TraceAdditionalIdentifier,No,,,,
eligRSPTransaction,ResponseTransactionID,No,,,,
eligRSPTransaction,ResponseGroupID,No,,,,
eligRSPTransaction,RequestTransactionID,No,,,,
eligRSPTransaction,TransactionRecord,No,,,,
eligRSPTransaction,TransactionDateTime,Yes,STATIC_OFFSET,,,
eligRSPTransaction,TransactionXML,Yes,GENERIC_NOTES,,,
eligServiceTypeCodes,ServiceTypeCodeID,No,,,,
eligServiceTypeCodes,TypeCode,No,,,,
eligServiceTypeCodes,TypeDesc,No,,,,
eligValidationLevel,ValidationLevelID,No,,,,
eligValidationLevel,ValidationLevelCode,No,,,,
eligValidationLevel,ValidationLevelDescription,No,,,,
EMG,EMGTypeID,No,,,,
EMG,LocalName,No,,,,
EMG,StandardName,No,,,,
EMG,Description,No,,,,
EMG,IsDefaultField,No,,,,
EMG,Enabled,No,,,,
EMMethodology,EMMethodologyID,No,,,,
EMMethodology,Description,No,,,,
EmployerInsurancePlan,EmployerID,Yes,MASK,EmployerID,,
EmployerInsurancePlan,PlanID,Yes,MASK,PlanID,,
EmployerInsurancePlan,Active,No,,,,
EmployerInsurancePlan,EffectiveDate,No,,,,
EmployerLabAccount,EmployerLabAccountID,No,,,,
EmployerLabAccount,EmployerID,No,,,,
EmployerLabAccount,PlanID,Yes,MASK,PlanID,,
EmployerLabAccount,PracticeServiceLocationID,No,,,,
EmployerLabAccount,LabAccountID,No,,,,
Employers,EmployerID,No,,,,
Employers,Name,Yes,MASK,Name,,
Employers,Address1,Yes,MASK,Address1,,
Employers,Address2,Yes,MASK,Address2,,
Employers,City,Yes,MASK,City,,
Employers,County,No,,,,
Employers,State,No,,,,
Employers,Zip,No,,,,
Employers,CountryID,No,,,,
Employers,Phone,Yes,MASK,Phone,,
Employers,Fax,Yes,MASK,Fax,,
Employers,ContactName,Yes,MASK,ContactName,,
Encounter,EncounterID,No,,,,
Encounter,CaseHeaderID,No,,,,
Encounter,VisitID,Yes,ENCOUNTER_ID,,,
Encounter,DocumentID,No,,,,
Encounter,RenderingCareProviderID,No,,,,
Encounter,BillableCareProviderID,No,,,,
Encounter,ServiceLocationID,No,,,,
Encounter,PracticeServiceLocationID,No,,,,
Encounter,DateOfService,Yes,STATIC_OFFSET,,,
Encounter,Notes,Yes,GENERIC_NOTES,,,
EncounterClassLookUp,EncounterClassID,No,,,,
EncounterClassLookUp,EncounterValueCode,No,,,,
EncounterClassLookUp,EncounterValueName,No,,,,
EncryptionTypes,EncryptionTypeID,No,,,,
EncryptionTypes,LocalName,No,,,,
EncryptionTypes,StandardName,No,,,,
EncryptionTypes,Description,No,,,,
EncryptionTypes,IsDefaultField,No,,,,
EncryptionTypes,Enabled,No,,,,
EOBClaim,PrimaryClaimID,No,,,,
EOBClaim,EOBDate,Yes,DATE_OFFSET,,,
EOBClaimDetail,PrimaryClaimID,No,,,,
EOBClaimDetail,EOBDate,Yes,DATE_OFFSET,,,
EOBClaimDetail,ServiceDetailID,No,,,,
EOBClaimDetail,PaymentAmount,Yes,MASK,PaymentAmount,,
EOBClaimDetail,CreateDate,Yes,DATE_OFFSET,,,
EOBClaimDetail,LastChanged,Yes,DATE_OFFSET,,,
EOBClaimDetailAdj,PrimaryClaimID,No,,,,
EOBClaimDetailAdj,EOBDate,Yes,DATE_OFFSET,,,
EOBClaimDetailAdj,ServiceDetailID,No,,,,
EOBClaimDetailAdj,GroupCode,No,,,,
EOBClaimDetailAdj,ReasonCode,No,,,,
EOBClaimDetailAdj,Qty,No,,,,
EOBClaimDetailAdj,Amount,No,,,,
EOBClaimDetailAdj,CreateDate,Yes,DATE_OFFSET,,,
EOBClaimDetailAdj,LastChanged,Yes,DATE_OFFSET,,,
EOBClaimDetailAdj,nd_auto_increment_id,No,,,,
EOBClaimDetailAdjHistory,EOBHistoryID,No,,,,
EOBClaimDetailAdjHistory,PrimaryClaimID,No,,,,
EOBClaimDetailAdjHistory,EOBDate,Yes,DATE_OFFSET,,,
EOBClaimDetailAdjHistory,ServiceDetailID,No,,,,
EOBClaimDetailAdjHistory,GroupCode,No,,,,
EOBClaimDetailAdjHistory,ReasonCode,No,,,,
EOBClaimDetailAdjHistory,BatchID,No,,,,
EOBClaimDetailAdjHistory,Qty,No,,,,
EOBClaimDetailAdjHistory,Amount,Yes,MASK,Amount,,
EOBClaimDetailAdjHistory,nd_auto_increment_id,No,,,,
EOBClaimDetailHistory,EOBHistoryID,No,,,,
EOBClaimDetailHistory,PrimaryClaimID,No,,,,
EOBClaimDetailHistory,EOBDate,Yes,DATE_OFFSET,,,
EOBClaimDetailHistory,ServiceDetailID,No,,,,
EOBClaimDetailHistory,BatchID,No,,,,
EOBClaimDetailHistory,PaymentAmount,Yes,MASK,PaymentAmount,,
EOBClaimDetailHistory,nd_auto_increment_id,No,,,,
EOBClaimHeader,PrimaryClaimID,No,,,,
EOBClaimHeader,SecClaimID,No,,,,
EOBClaimHeader,UserID,No,,,,
EOBClaimHeader,Enabled,No,,,,
EOBClaimHeader,ReimburseRate,No,,,,
EOBClaimHeader,HCPCSPayableAmount,No,,,,
EOBClaimHeader,RemarkCode1,No,,,,
EOBClaimHeader,RemarkCode2,No,,,,
EOBClaimHeader,RemarkCode3,No,,,,
EOBClaimHeader,RemarkCode4,No,,,,
EOBClaimHeader,RemarkCode5,No,,,,
EOBClaimHeader,ESRPA,No,,,,
EOBClaimHeader,NPPCB,No,,,,
EOBClaimHeader,CASAmount,No,,,,
EOBClaimHeader,CASReasonCode,No,,,,
EOBClaimHeader,CASQuantity,No,,,,
EOBClaimHeader,PatientResponsibility,No,,,,
EOBClaimHeader,DiscountAmount,No,,,,
EOBClaimHeader,PerDayLimit,No,,,,
EOBClaimHeader,TaxAmount,No,,,,
EOBClaimHeader,TotalClaimBeforeTaxAmount,No,,,,
EOBClaimHeader,PatientPaidAmount,No,,,,
EOBClaimHeader,CreateDate,Yes,DATE_OFFSET,,,
EOBClaimHeader,LastChanged,Yes,DATE_OFFSET,,,
EOBClaimHeader,CreatedBy,No,,,,
EOBClaimHeader,nd_auto_increment_id,No,,,,
EOBClaimHeaderHistory,EOBHistoryID,No,,,,
EOBClaimHeaderHistory,PrimaryClaimID,No,,,,
EOBClaimHeaderHistory,BatchID,No,,,,
EOBClaimHeaderHistory,SecClaimID,No,,,,
EOBClaimHeaderHistory,UserID,No,,,,
EOBClaimHeaderHistory,Enabled,No,,,,
EOBClaimHeaderHistory,ReimburseRate,No,,,,
EOBClaimHeaderHistory,HCPCSPayableAmount,No,,,,
EOBClaimHeaderHistory,RemarkCode1,No,,,,
EOBClaimHeaderHistory,RemarkCode2,No,,,,
EOBClaimHeaderHistory,RemarkCode3,No,,,,
EOBClaimHeaderHistory,RemarkCode4,No,,,,
EOBClaimHeaderHistory,RemarkCode5,No,,,,
EOBClaimHeaderHistory,ESRPA,No,,,,
EOBClaimHeaderHistory,NPPCB,No,,,,
EOBClaimHeaderHistory,CASAmount,No,,,,
EOBClaimHeaderHistory,CASReasonCode,No,,,,
EOBClaimHeaderHistory,CASQuantity,No,,,,
EOBClaimHeaderHistory,PatientResponsibility,No,,,,
EOBClaimHeaderHistory,DiscountAmount,No,,,,
EOBClaimHeaderHistory,PerDayLimit,No,,,,
EOBClaimHeaderHistory,TaxAmount,No,,,,
EOBClaimHeaderHistory,TotalClaimBeforeTaxAmount,No,,,,
EOBClaimHeaderHistory,PatientPaidAmount,No,,,,
EOBClaimHeaderHistory,HistoryDate,Yes,DATE_OFFSET,,,
EOBClaimHeaderHistory,nd_auto_increment_id,No,,,,
EPSDT,EPSDTTypeID,No,,,,
EPSDT,LocalName,No,,,,
EPSDT,StandardName,No,,,,
EPSDT,Description,No,,,,
EPSDT,IsDefaultField,No,,,,
EPSDT,Enabled,No,,,,
EPSDT,nd_auto_increment_id,No,,,,
ERAPost,X12DS835ID,No,,,,
ERAPost,ServiceDetailID,No,,,,
ERAPost,PaymentID,No,,,,
ERAPost,ERABatchGUID,No,,,,
ERAPost,AdjustmentSubTypeID,No,,,,
ERAPost,nd_auto_increment_id,No,,,,
ERAPostStage,ERABatchGUID,No,,,,
ERAPostStage,id,No,,,,
ERAPostStage,Cid,No,,,,
ERAPostStage,X12DC835ID,No,,,,
ERAPostStage,ClaimID,No,,,,
ERAPostStage,PatientID,Yes,PATIENT_ID,,,
ERAPostStage,PlanID,No,,,,
ERAPostStage,Sid,No,,,,
ERAPostStage,X12DS835ID,No,,,,
ERAPostStage,Allowed,No,,,,
ERAPostStage,Deductible,No,,,,
ERAPostStage,CoPay,No,,,,
ERAPostStage,CoIns,No,,,,
ERAPostStage,Payment,No,,,,
ERAPostStage,PaymentPost,No,,,,
ERAPostStage,Adjustment,No,,,,
ERAPostStage,AdjustmentPost,No,,,,
ERAPostStage,ACTION,No,,,,
ERAPostStage,Status,No,,,,
ERAPostStage,Balance,No,,,,
ERAPostStage,ServiceDetailID,No,,,,
ERAPostStage,ChargeID,No,,,,
ERAPostStage,PaymentID,No,,,,
ERAPostStage,CheckNumber,No,,,,
ERAPostStage,OverageAmount,No,,,,
ERAPostStage,Note,No,,,,
ERAPostStage,InsCovID,Yes,MASK,InsCovID,,
ERAPostStage,Priority,No,,,,
ERAPostStage,SubOrder,No,,,,
ERAPostStage,NextPlan,No,,,,
ERAPostStage,NextInsCovID,No,,,,
ERAPostStage,NextPriority,No,,,,
ERAPostStage,NextSubOrder,No,,,,
ERAPostStage,PrimaryInsCovID,No,,,,
ERAPostStage,ClaimStatusID,No,,,,
ERAPostStage,Withhold,No,,,,
ERAPostStage,WithholdPost,No,,,,
ERAPostStage,InsuranceAdjustment,No,,,,
ERAPostStage,InsuranceAdjustmentPost,No,,,,
ERAPostStage,ERAProfileID,No,,,,
ERAPostStage,CompleteClaim,No,,,,
ERAPostStage,CreateDate,Yes,STATIC_OFFSET,,,
ERAPostStage,PatientPaid,No,,,,
ERAPostStage,OtherPaid,No,,,,
ERAPostStage,OverageType,No,,,,
ERAPostStage,nd_auto_increment_id,No,,,,
ERAProcessedCheck,X12H835ID,No,,,,
ERAProcessedCheck,UserID,No,,,,
ERAProcessedCheck,CreateDate,Yes,STATIC_OFFSET,,,
ERAProcessedCheck,nd_auto_increment_id,No,,,,
ERAProfile,ERAProfileID,No,,,,
ERAProfile,ProfileName,No,,,,
ERAProfile,IgnoreAllowedMismatch,No,,,,
ERAProfile,CreateDate,Yes,STATIC_OFFSET,,,
ERAProfile,CreatedBy,Yes,MASK,CreatedBy,,
ERAProfile,ModifiedDate,Yes,STATIC_OFFSET,,,
ERAProfile,ModifiedBy,No,,,,
ERAProfile,nd_auto_increment_id,No,,,,
ERAProfileCode,ERAProfileCodeID,No,,,,
ERAProfileCode,ERAProfileID,No,,,,
ERAProfileCode,TrxType,No,,,,
ERAProfileCode,PRCID,No,,,,
ERAProfileCode,AdjustmentSubTypeID,No,,,,
ERAProfileCode,Allowed,No,,,,
ERAProfileCode,CreateDate,Yes,DATE_OFFSET,,,
ERAProfileCode,CreatedBy,Yes,PATIENT_ID,,,
ERAProfileCode,ModifiedDate,Yes,DATE_OFFSET,,,
ERAProfileCode,ModifiedBy,Yes,PATIENT_ID,,,
ERAProfileCode,nd_auto_increment_id,No,,,,
ERFRecords,ERFRecordID,No,,,,
ERFRecords,ERFFileID,No,,,,
ERFRecords,ERFRecordType,No,,,,
ERFRecords,SequenceNumber,No,,,,
ERFRecords,AgencyID,No,,,,
ERFRecords,ClientID,No,,,,
ERFRecords,AgencyName,No,,,,
ERFRecords,ReportDate1,Yes,STATIC_OFFSET,,,
ERFRecords,ReportDate2,No,,,,
ERFRecords,SubmissionDate,Yes,STATIC_OFFSET,,,
ERFRecords,ERFTotalAmount,No,,,,
ERFRecords,ERFTotalRecords,No,,,,
ERFRecords,TypeOfBusiness,No,,,,
ERFRecords,ProviderNumber,No,,,,
ERFRecords,ProviderName,Yes,MASK,ProviderName,,
ERFRecords,PolicyNumber,Yes,MASK,PolicyNumber,,
ERFRecords,LastName,Yes,MASK,LastName,,
ERFRecords,FirstName,Yes,MASK,FirstName,,
ERFRecords,MiddleInitial,No,,,,
ERFRecords,ColumnNumber,No,,,,
ERFRecords,LineNumber,No,,,,
ERFRecords,NSFRecordType,No,,,,
ERFRecords,FieldNumber,No,,,,
ERFRecords,FieldName,No,,,,
ERFRecords,FieldValue,No,,,,
ERFRecords,RecordIdentifier,No,,,,
ERFRecords,ClaimID,No,,,,
ERFRecords,ClaimType,No,,,,
ERFRecords,ClaimPlanCode,No,,,,
ERFRecords,ClaimNumber,No,,,,
ERFRecords,ClaimTotalCharges,No,,,,
ERFRecords,ServiceFromDate,Yes,STATIC_OFFSET,,,
ERFRecords,ServiceToDate,Yes,STATIC_OFFSET,,,
ERFRecords,TypeOfService,No,,,,
ERFRecords,PlaceOfService,No,,,,
ERFRecords,NumberOfService,No,,,,
ERFRecords,ProcedureCode,No,,,,
ERFRecords,ServiceTotalCharge,No,,,,
ERFRecords,Modifier1,No,,,,
ERFRecords,Modifier2,No,,,,
ERFRecords,ClaimsReceived,No,,,,
ERFRecords,LinesReceived,No,,,,
ERFRecords,ChargesReceived,No,,,,
ERFRecords,ClaimsAccepted,No,,,,
ERFRecords,LinesAccepted,No,,,,
ERFRecords,ChargesAccepted,No,,,,
ERFRecords,ClaimsRejected,No,,,,
ERFRecords,LinesRejected,No,,,,
ERFRecords,ChargesRejected,No,,,,
ERFRecords,Message,No,,,,
ERFRecords,MessageNumber,No,,,,
ERFRecords,VersionCode,No,,,,
ERFRecords,CycleNumber,No,,,,
ERFRecords,nd_auto_increment_id,No,,,,
eRxActivityAggregateRecord,eRxActivityAggregateRecordID,No,,,,
eRxActivityAggregateRecord,RecordType,No,,,,
eRxActivityAggregateRecord,SourceParticipantID,No,,,,
eRxActivityAggregateRecord,DestinationParticipantID,No,,,,
eRxActivityAggregateRecord,PrescriberDEA,Yes,MASK,PrescriberDEA,,
eRxActivityAggregateRecord,PrescriberNPI,Yes,MASK,PrescriberNPI,,
eRxActivityAggregateRecord,PrescriberStateLicenseNumber,No,,,,
eRxActivityAggregateRecord,PrescriberState,No,,,,
eRxActivityAggregateRecord,PrescriberZIPCode,No,,,,
eRxActivityAggregateRecord,PrescriberConfidentialIdentifer,Yes,MASK,PrescriberConfidentialIdentifer,,
eRxActivityAggregateRecord,PrescriptionDate,Yes,STATIC_OFFSET,,,
eRxActivityAggregateRecord,ElectronicPrescriptionCount,No,,,,
eRxActivityAggregateRecord,FaxPrescriptionCount,No,,,,
eRxActivityAggregateRecord,PrintedPrescriptionCount,No,,,,
eRxActivityAggregateRecord,RxHubRoutedPrescriptionCount,No,,,,
eRxActivityAggregateRecord,nd_auto_increment_id,No,,,,
eRxActivityAggregateRecordTemp,eRxActivityAggregateRecordID,No,,,,
eRxActivityAggregateRecordTemp,RecordType,No,,,,
eRxActivityAggregateRecordTemp,SourceParticipantID,No,,,,
eRxActivityAggregateRecordTemp,DestinationParticipantID,No,,,,
eRxActivityAggregateRecordTemp,PrescriberDEA,Yes,MASK,PrescriberDEA,,
eRxActivityAggregateRecordTemp,PrescriberNPI,Yes,MASK,PrescriberNPI,,
eRxActivityAggregateRecordTemp,PrescriberStateLicenseNumber,Yes,MASK,PrescriberStateLicenseNumber,,
eRxActivityAggregateRecordTemp,PrescriberState,No,,,,
eRxActivityAggregateRecordTemp,PrescriberZIPCode,No,,,,
eRxActivityAggregateRecordTemp,PrescriberConfidentialIdentifer,Yes,MASK,PrescriberConfidentialIdentifer,,
eRxActivityAggregateRecordTemp,PrescriptionDate,Yes,STATIC_OFFSET,,,
eRxActivityAggregateRecordTemp,ElectronicPrescriptionCount,No,,,,
eRxActivityAggregateRecordTemp,FaxPrescriptionCount,No,,,,
eRxActivityAggregateRecordTemp,PrintedPrescriptionCount,No,,,,
eRxActivityAggregateRecordTemp,RxHubRoutedPrescriptionCount,No,,,,
eRxActivityAggregateRecordTemp,nd_auto_increment_id,No,,,,
eRxActivityCompleteReportTable,RecordType,No,,,,
eRxActivityCompleteReportTable,VersionNumber,No,,,,
eRxActivityCompleteReportTable,SenderID,No,,,,
eRxActivityCompleteReportTable,SenderParticipantPassword,Yes,MASK,SenderParticipantPassword,,
eRxActivityCompleteReportTable,ReceiverID,No,,,,
eRxActivityCompleteReportTable,SourceName,No,,,,
eRxActivityCompleteReportTable,TransmissionControlNumber,No,,,,
eRxActivityCompleteReportTable,TransmissionDateTime,Yes,STATIC_OFFSET,,,
eRxActivityCompleteReportTable,TransmissionFileType,No,,,,
eRxActivityCompleteReportTable,TransmissionAction,No,,,,
eRxActivityCompleteReportTable,ExtractDate,No,,,,
eRxActivityCompleteReportTable,FileType,No,,,,
eRxActivityCompleteReportTable,RecordStartDate,Yes,STATIC_OFFSET,,,
eRxActivityCompleteReportTable,RecordEndDate,Yes,STATIC_OFFSET,,,
eRxActivityCompleteReportTable,SourceParticipantID,No,,,,
eRxActivityCompleteReportTable,DestinationParticipantID,No,,,,
eRxActivityCompleteReportTable,PrescriberDEA,Yes,MASK,PrescriberDEA,,
eRxActivityCompleteReportTable,PrescriberNPI,Yes,MASK,PrescriberNPI,,
eRxActivityCompleteReportTable,PrescriberStateLicenseNumber,Yes,MASK,PrescriberStateLicenseNumber,,
eRxActivityCompleteReportTable,PrescriberState,No,,,,
eRxActivityCompleteReportTable,PrescriberZIPCode,No,,,,
eRxActivityCompleteReportTable,PrescriberConfidentialIdentifer,Yes,MASK,PrescriberConfidentialIdentifer,,
eRxActivityCompleteReportTable,PrescriptionDate,Yes,STATIC_OFFSET,,,
eRxActivityCompleteReportTable,ElectronicPrescriptionCount,No,,,,
eRxActivityCompleteReportTable,FaxPrescriptionCount,No,,,,
eRxActivityCompleteReportTable,PrintedPrescriptionCount,No,,,,
eRxActivityCompleteReportTable,RxHubRoutedPrescriptionCount,No,,,,
eRxActivityCompleteReportTable,PrescriberFirstName,Yes,MASK,PrescriberFirstName,,
eRxActivityCompleteReportTable,PrescriberLastName,Yes,MASK,PrescriberLastName,,
eRxActivityCompleteReportTable,HealthPlanID,Yes,MASK,HealthPlanID,,
eRxActivityCompleteReportTable,HealthPlanGroupID,Yes,MASK,HealthPlanGroupID,,
eRxActivityCompleteReportTable,PrescriptionID,No,,,,
eRxActivityCompleteReportTable,FormularyID,No,,,,
eRxActivityCompleteReportTable,AlternativesID,No,,,,
eRxActivityCompleteReportTable,CoverageID,No,,,,
eRxActivityCompleteReportTable,CopayID,No,,,,
eRxActivityCompleteReportTable,FormularyStatus,No,,,,
eRxActivityCompleteReportTable,FlatCoPayAmount,No,,,,
eRxActivityCompleteReportTable,PercentCoPayRate,No,,,,
eRxActivityCompleteReportTable,FirstCoPayTerm,No,,,,
eRxActivityCompleteReportTable,CoPayTier,No,,,,
eRxActivityCompleteReportTable,PrescribedAgeLimitCoverageStatus,No,,,,
eRxActivityCompleteReportTable,PrescribedDrugExclusionCoverageStatus,No,,,,
eRxActivityCompleteReportTable,PrescribedGenderLimitCoverageStatus,No,,,,
eRxActivityCompleteReportTable,PrescribedMedicalNecessityCoverageStatus,No,,,,
eRxActivityCompleteReportTable,PrescribedPriorAuthorizationCoverageStatus,No,,,,
eRxActivityCompleteReportTable,PrescribedQuantityLimitCoverageStatus,No,,,,
eRxActivityCompleteReportTable,PrescribedDrugSpecificResourceLinkCoverageStatus,No,,,,
eRxActivityCompleteReportTable,PrescribedSummaryLevelResourceLinkCoverageStatus,No,,,,
eRxActivityCompleteReportTable,PrescribedStepMedicationCoverageStatus,No,,,,
eRxActivityCompleteReportTable,PrescribedStepTherapyCoverageStatus,No,,,,
eRxActivityCompleteReportTable,PrescribedTextMessageCoverageStatus,No,,,,
eRxActivityCompleteReportTable,PrescribedNDCCode,No,,,,
eRxActivityCompleteReportTable,PrescribedRXNORMCode,No,,,,
eRxActivityCompleteReportTable,PrescribedDrugName,Yes,MASK,PrescribedDrugName,,
eRxActivityCompleteReportTable,PrescribedDrugStrength,No,,,,
eRxActivityCompleteReportTable,PrescribedDosageForm,No,,,,
eRxActivityCompleteReportTable,PrescribedQuantity,No,,,,
eRxActivityCompleteReportTable,PrescribedDrugType,No,,,,
eRxActivityCompleteReportTable,PrescribedRefills,No,,,,
eRxActivityCompleteReportTable,DispenseAsWritten,No,,,,
eRxActivityCompleteReportTable,MailOrderBenefitUtilized,No,,,,
eRxActivityCompleteReportTable,Initiative,No,,,,
eRxActivityCompleteReportTable,Platform,No,,,,
eRxActivityCompleteReportTable,PrescriptionDeliveryMethod,No,,,,
eRxActivityCompleteReportTable,DURIndicator,No,,,,
eRxActivityCompleteReportTable,OriginalscriptIntialformularyStatus,No,,,,
eRxActivityCompleteReportTable,OriginalscriptFlatCopayAmount,No,,,,
eRxActivityCompleteReportTable,OriginalscriptCopayRate,No,,,,
eRxActivityCompleteReportTable,OriginalscriptFirstCopayTerm,No,,,,
eRxActivityCompleteReportTable,OriginalscriptCopayTier,No,,,,
eRxActivityCompleteReportTable,OriginalscriptNDC,Yes,MASK,OriginalscriptNDC,,
eRxActivityCompleteReportTable,OriginalscriptRxNorm,No,,,,
eRxActivityCompleteReportTable,OriginalscriptDrugName,No,,,,
eRxActivityCompleteReportTable,OriginalscriptCoverageIndicator,No,,,,
eRxActivityCompleteReportTable,Originalscripttextmessagedisplayed,No,,,,
eRxActivityCompleteReportTable,OriginalscriptResourcelinkdisplayed,No,,,,
eRxActivityCompleteReportTable,nd_auto_increment_id,No,,,,
eRxActivityFileHeader,eRxActivityFileHeaderID,No,,,,
eRxActivityFileHeader,RecordType,No,,,,
eRxActivityFileHeader,VersionNumber,No,,,,
eRxActivityFileHeader,SenderID,Yes,MASK,SenderID,,
eRxActivityFileHeader,SenderParticipantPassword,Yes,MASK,SenderParticipantPassword,,
eRxActivityFileHeader,ReceiverID,No,,,,
eRxActivityFileHeader,SourceName,No,,,,
eRxActivityFileHeader,TransmissionControlNumber,No,,,,
eRxActivityFileHeader,TransmissionDateTime,Yes,STATIC_OFFSET,,,
eRxActivityFileHeader,TransmissionFileType,No,,,,
eRxActivityFileHeader,TransmissionAction,No,,,,
eRxActivityFileHeader,ExtractDate,No,,,,
eRxActivityFileHeader,FileType,No,,,,
eRxActivityFileHeader,nd_auto_increment_id,No,,,,
eRxActivityPrescriptionLevelRecord,eRxActivityPrescriptionLevelRecordID,No,,,,
eRxActivityPrescriptionLevelRecord,RecordType,No,,,,
eRxActivityPrescriptionLevelRecord,SourceParticipantID,No,,,,
eRxActivityPrescriptionLevelRecord,DestinationParticipantID,No,,,,
eRxActivityPrescriptionLevelRecord,PrescriberDEA,Yes,MASK,PrescriberDEA,,
eRxActivityPrescriptionLevelRecord,PrescriberNPI,Yes,MASK,PrescriberNPI,,
eRxActivityPrescriptionLevelRecord,PrescriberStateLicenseNumber,Yes,MASK,PrescriberStateLicenseNumber,,
eRxActivityPrescriptionLevelRecord,PrescriberState,No,,,,
eRxActivityPrescriptionLevelRecord,PrescriberZIPCode,No,,,,
eRxActivityPrescriptionLevelRecord,PrescriberConfidentialIdentifer,Yes,MASK,PrescriberConfidentialIdentifer,,
eRxActivityPrescriptionLevelRecord,PrescriptionDate,Yes,STATIC_OFFSET,,,
eRxActivityPrescriptionLevelRecord,PrescriberFirstName,Yes,MASK,PrescriberFirstName,,
eRxActivityPrescriptionLevelRecord,PrescriberLastName,Yes,MASK,PrescriberLastName,,
eRxActivityPrescriptionLevelRecord,HealthPlanID,No,,,,
eRxActivityPrescriptionLevelRecord,HealthPlanGroupID,Yes,MASK,HealthPlanGroupID,,
eRxActivityPrescriptionLevelRecord,PrescriptionID,No,,,,
eRxActivityPrescriptionLevelRecord,FormularyID,No,,,,
eRxActivityPrescriptionLevelRecord,AlternativesID,No,,,,
eRxActivityPrescriptionLevelRecord,CoverageID,No,,,,
eRxActivityPrescriptionLevelRecord,CopayID,No,,,,
eRxActivityPrescriptionLevelRecord,FormularyStatus,No,,,,
eRxActivityPrescriptionLevelRecord,FlatCoPayAmount,No,,,,
eRxActivityPrescriptionLevelRecord,PercentCoPayRate,No,,,,
eRxActivityPrescriptionLevelRecord,FirstCoPayTerm,No,,,,
eRxActivityPrescriptionLevelRecord,CoPayTier,No,,,,
eRxActivityPrescriptionLevelRecord,PrescribedAgeLimitCoverageStatus,No,,,,
eRxActivityPrescriptionLevelRecord,PrescribedDrugExclusionCoverageStatus,No,,,,
eRxActivityPrescriptionLevelRecord,PrescribedGenderLimitCoverageStatus,No,,,,
eRxActivityPrescriptionLevelRecord,PrescribedMedicalNecessityCoverageStatus,No,,,,
eRxActivityPrescriptionLevelRecord,PrescribedPriorAuthorizationCoverageStatus,No,,,,
eRxActivityPrescriptionLevelRecord,PrescribedQuantityLimitCoverageStatus,No,,,,
eRxActivityPrescriptionLevelRecord,PrescribedDrugSpecificResourceLinkCoverageStatus,No,,,,
eRxActivityPrescriptionLevelRecord,PrescribedSummaryLevelResourceLinkCoverageStatus,No,,,,
eRxActivityPrescriptionLevelRecord,PrescribedStepMedicationCoverageStatus,No,,,,
eRxActivityPrescriptionLevelRecord,PrescribedStepTherapyCoverageStatus,No,,,,
eRxActivityPrescriptionLevelRecord,PrescribedTextMessageCoverageStatus,No,,,,
eRxActivityPrescriptionLevelRecord,PrescribedNDCCode,No,,,,
eRxActivityPrescriptionLevelRecord,PrescribedRXNORMCode,No,,,,
eRxActivityPrescriptionLevelRecord,PrescribedDrugName,No,,,,
eRxActivityPrescriptionLevelRecord,PrescribedDrugStrength,No,,,,
eRxActivityPrescriptionLevelRecord,PrescribedDosageForm,No,,,,
eRxActivityPrescriptionLevelRecord,PrescribedQuantity,No,,,,
eRxActivityPrescriptionLevelRecord,PrescribedDrugType,No,,,,
eRxActivityPrescriptionLevelRecord,PrescribedRefills,No,,,,
eRxActivityPrescriptionLevelRecord,DispenseAsWritten,No,,,,
eRxActivityPrescriptionLevelRecord,MailOrderBenefitUtilized,No,,,,
eRxActivityPrescriptionLevelRecord,Initiative,No,,,,
eRxActivityPrescriptionLevelRecord,Platform,No,,,,
eRxActivityPrescriptionLevelRecord,PrescriptionDeliveryMethod,No,,,,
eRxActivityPrescriptionLevelRecord,DURIndicator,No,,,,
eRxActivityPrescriptionLevelRecord,OriginalscriptIntialformularyStatus,No,,,,
eRxActivityPrescriptionLevelRecord,OriginalscriptFlatCopayAmount,No,,,,
eRxActivityPrescriptionLevelRecord,OriginalscriptCopayRate,No,,,,
eRxActivityPrescriptionLevelRecord,OriginalscriptFirstCopayTerm,No,,,,
eRxActivityPrescriptionLevelRecord,OriginalscriptCopayTier,No,,,,
eRxActivityPrescriptionLevelRecord,OriginalscriptNDC,No,,,,
eRxActivityPrescriptionLevelRecord,OriginalscriptRxNorm,No,,,,
eRxActivityPrescriptionLevelRecord,OriginalscriptDrugName,No,,,,
eRxActivityPrescriptionLevelRecord,OriginalscriptCoverageIndicator,No,,,,
eRxActivityPrescriptionLevelRecord,Originalscripttextmessagedisplayed,No,,,,
eRxActivityPrescriptionLevelRecord,OriginalscriptResourcelinkdisplayed,No,,,,
eRxActivityPrescriptionLevelRecord,FormularyDetails,No,,,,
eRxActivityPrescriptionLevelRecord,PharmacyType,No,,,,
eRxActivityPrescriptionLevelRecord,nd_auto_increment_id,No,,,,
eRxActivityReportHeader,eRxActivityReportHeaderID,No,,,,
eRxActivityReportHeader,RecordType,No,,,,
eRxActivityReportHeader,RecordStartDate,Yes,STATIC_OFFSET,,,
eRxActivityReportHeader,RecordEndDate,Yes,STATIC_OFFSET,,,
eRxActivityReportHeader,TransmissionAction,No,,,,
eRxActivityReportHeader,nd_auto_increment_id,No,,,,
erxCareProviderEnrollResponse,ResponseID,No,,,,
erxCareProviderEnrollResponse,CareProviderID,No,,,,
erxCareProviderEnrollResponse,ReceivedDate,Yes,STATIC_OFFSET,,,
erxCareProviderEnrollResponse,ResponseMessage,No,,,,
erxCareProviderEnrollResponse,Enable,No,,,,
erxCareProviderEnrollResponse,ResponseXML,Yes,GENERIC_NOTES,,,
erxCareProviderEnrollResponse,Active,No,,,,
erxCareProviderEnrollResponse,EventType,No,,,,
erxCareProviderEnrollResponse,EventStatus,No,,,,
erxCareProviderEnrollResponse,nd_auto_increment_id,No,,,,
erxConfiguration,erxConfigurationID,No,,,,
erxConfiguration,key,No,,,,
erxConfiguration,value,No,,,,
erxConfiguration,nd_auto_increment_id,No,,,,
ERXCurrentPatMedList,ERXCurrentPatMedID,No,,,,
ERXCurrentPatMedList,CurrentPatMedID,No,,,,
ERXCurrentPatMedList,ExternalPatMedID,No,,,,
ERXCurrentPatMedList,CurrentDateTime,Yes,STATIC_OFFSET,,,
ERXCurrentPatMedList,nd_auto_increment_id,No,,,,
eRxDoseFormCode,DoseFormCodeID,No,,,,
eRxDoseFormCode,SSCode,No,,,,
eRxDoseFormCode,SSDescription,No,,,,
eRxDoseFormCode,nd_auto_increment_id,No,,,,
erxEligibilityErrorResponse,EligibilityBatchID,No,,,,
erxEligibilityErrorResponse,ErrorTransactionStatus,No,,,,
erxEligibilityErrorResponse,ErrorReasonCode,No,,,,
erxEligibilityErrorResponse,ErrorResponseActionCode,No,,,,
erxEligibilityErrorResponse,ErrorDescription,No,,,,
erxEligibilityErrorResponse,PatientID,Yes,PATIENT_ID,,,
erxEligibilityErrorResponse,RequestTransactionID,No,,,,
erxEligibilityErrorResponse,UniqueID,No,,,,
erxEligibilityErrorResponse,erxEligibilityErrorResponseID,No,,,,
erxEligibilityErrorResponse,nd_auto_increment_id,No,,,,
eRxeligRequestTransactionStatus,RequestTransactionStatusID,No,,,,
eRxeligRequestTransactionStatus,RequestTransactionID,No,,,,
eRxeligRequestTransactionStatus,ResponseTransactionID,No,,,,
eRxeligRequestTransactionStatus,StatusDateTime,Yes,DATE_OFFSET,,,
eRxeligRequestTransactionStatus,ErrorStatus,No,,,,
eRxeligRequestTransactionStatus,ActiveStatus,No,,,,
eRxeligRequestTransactionStatus,ActiveStatusFromDate,No,,,,
eRxeligRequestTransactionStatus,ActiveStatusToDate,No,,,,
eRxeligRequestTransactionStatus,CompleteStatus,No,,,,
eRxeligRequestTransactionStatus,nd_auto_increment_id,No,,,,
eRxeligRSPTransaction,eRxeligRSPTransactionID,No,,,,
eRxeligRSPTransaction,ResponseTransactionID,No,,,,
eRxeligRSPTransaction,ResponseGroupID,No,,,,
eRxeligRSPTransaction,RequestTransactionID,No,,,,
eRxeligRSPTransaction,TransactionRecord,No,,,,
eRxeligRSPTransaction,TransactionDateTime,Yes,DATE_OFFSET,,,
eRxeligRSPTransaction,TransactionXML,Yes,NOTES,,,
eRxeligRSPTransaction,nd_auto_increment_id,No,,,,
erxEnrollCareProvider,erxEnrollCareProviderID,No,,,,
erxEnrollCareProvider,CareProviderID,No,,,,
erxEnrollCareProvider,SendDate,No,,,,
erxEnrollCareProvider,Action,No,,,,
erxEnrollCareProvider,UserID,No,,,,
erxEnrollCareProvider,LocationID,No,,,,
erxEnrollCareProvider,nd_auto_increment_id,No,,,,
erxLocationEnrollResponse,ResponseID,No,,,,
erxLocationEnrollResponse,erxProviderLocationID,No,,,,
erxLocationEnrollResponse,ReceivedDate,Yes,STATIC_OFFSET,,,
erxLocationEnrollResponse,ResponseMessage,No,,,,
erxLocationEnrollResponse,Enable,No,,,,
erxLocationEnrollResponse,ResponseXML,Yes,GENERIC_NOTES,,,
erxLocationEnrollResponse,EventType,No,,,,
erxLocationEnrollResponse,EventStatus,No,,,,
erxLocationEnrollResponse,nd_auto_increment_id,No,,,,
erxPatMedList_SS_Issue_Bak,ERXPatMedID,No,,,,
erxPatMedList_SS_Issue_Bak,ClinicalPatMedID,No,,,,
erxPatMedList_SS_Issue_Bak,ExternalPatMedID,No,,,,
erxPatMedList_SS_Issue_Bak,ExternalSourceID,No,,,,
erxPatMedList_SS_Issue_Bak,LastUpdateDate,No,,,,
erxPatMedList_SS_Issue_Bak,UpdatedFlag,No,,,,
erxPatMedList_SS_Issue_Bak,AuditCode,No,,,,
erxPatMedList_SS_Issue_Bak,ExternalPrescriptionID,No,,,,
erxPatMedList_SS_Issue_Bak,NDCID,No,,,,
erxPatMedList_SS_Issue_Bak,ExternalDrugID,No,,,,
erxPatMedList_SS_Issue_Bak,BrandName,No,,,,
erxPatMedList_SS_Issue_Bak,GenericName,No,,,,
erxPatMedList_SS_Issue_Bak,DrugForm,No,,,,
erxPatMedList_SS_Issue_Bak,DrugStrength,No,,,,
erxPatMedList_SS_Issue_Bak,SigAction,No,,,,
erxPatMedList_SS_Issue_Bak,SigDose,No,,,,
erxPatMedList_SS_Issue_Bak,SigDoseUnit,No,,,,
erxPatMedList_SS_Issue_Bak,SigRoute,No,,,,
erxPatMedList_SS_Issue_Bak,SigDoseTiming,No,,,,
erxPatMedList_SS_Issue_Bak,SigDoseOther,No,,,,
erxPatMedList_SS_Issue_Bak,SigDuration,No,,,,
erxPatMedList_SS_Issue_Bak,SigQuantity,No,,,,
erxPatMedList_SS_Issue_Bak,SigQuantityUnit,No,,,,
erxPatMedList_SS_Issue_Bak,Refills,No,,,,
erxPatMedList_SS_Issue_Bak,SubPermitted,No,,,,
erxPatMedList_SS_Issue_Bak,OtherNotes,No,,,,
erxPatMedList_SS_Issue_Bak,PatientNotes,No,,,,
erxPatMedList_SS_Issue_Bak,Comments,No,,,,
erxPatMedList_SS_Issue_Bak,IsOutsideMed,No,,,,
erxPatMedList_SS_Issue_Bak,StartDate,No,,,,
erxPatMedList_SS_Issue_Bak,StopDate,No,,,,
erxPatMedList_SS_Issue_Bak,StopReason,No,,,,
erxPatMedList_SS_Issue_Bak,EventTypeID,No,,,,
erxPatMedList_SS_Issue_Bak,EventStatusID,No,,,,
erxPatMedList_SS_Issue_Bak,LastStatusDateTime,No,,,,
erxPatMedList_SS_Issue_Bak,ErrorMessage,No,,,,
erxPatMedList_SS_Issue_Bak,SendDate,No,,,,
erxPatMedList_SS_Issue_Bak,RenReasonID,No,,,,
erxPatMedList_SS_Issue_Bak,RenPharmacyNotes,No,,,,
erxPatMedList_SS_Issue_Bak,ApprovedStatusID,No,,,,
erxPatMedList_SS_Issue_Bak,LocationID,No,,,,
erxPatMedList_SS_Issue_Bak,RenNumrefills,No,,,,
erxPatMedList_SS_Issue_Bak,LastTransactionTypeID,No,,,,
erxPatMedList_SS_Issue_Bak,InterfaceEventID,No,,,,
erxPatMedList_SS_Issue_Bak,ID_ThisEliminatesTheIdentityProperty,No,,,,
erxPatMedList_SS_Issue_Bak,DateOfAction,No,,,,
erxPatMedList_SS_Issue_Bak,nd_auto_increment_id,No,,,,
ERXPatMedList_US43511,ERXPatMedID,No,,,,
ERXPatMedList_US43511,ClinicalPatMedID,No,,,,
ERXPatMedList_US43511,ExternalPatMedID,No,,,,
ERXPatMedList_US43511,ExternalSourceID,No,,,,
ERXPatMedList_US43511,LastUpdateDate,Yes,STATIC_OFFSET,,,
ERXPatMedList_US43511,UpdatedFlag,No,,,,
ERXPatMedList_US43511,AuditCode,No,,,,
ERXPatMedList_US43511,ExternalPrescriptionID,No,,,,
ERXPatMedList_US43511,NDCID,No,,,,
ERXPatMedList_US43511,ExternalDrugID,No,,,,
ERXPatMedList_US43511,BrandName,No,,,,
ERXPatMedList_US43511,GenericName,No,,,,
ERXPatMedList_US43511,DrugForm,No,,,,
ERXPatMedList_US43511,DrugStrength,No,,,,
ERXPatMedList_US43511,SigAction,No,,,,
ERXPatMedList_US43511,SigDose,No,,,,
ERXPatMedList_US43511,SigDoseUnit,No,,,,
ERXPatMedList_US43511,SigRoute,No,,,,
ERXPatMedList_US43511,SigDoseTiming,No,,,,
ERXPatMedList_US43511,SigDoseOther,No,,,,
ERXPatMedList_US43511,SigDuration,No,,,,
ERXPatMedList_US43511,SigQuantity,No,,,,
ERXPatMedList_US43511,SigQuantityUnit,No,,,,
ERXPatMedList_US43511,Refills,No,,,,
ERXPatMedList_US43511,SubPermitted,No,,,,
ERXPatMedList_US43511,OtherNotes,No,,,,
ERXPatMedList_US43511,PatientNotes,Yes,GENERIC_NOTES,,,
ERXPatMedList_US43511,Comments,No,,,,
ERXPatMedList_US43511,IsOutsideMed,No,,,,
ERXPatMedList_US43511,StartDate,Yes,STATIC_OFFSET,,,
ERXPatMedList_US43511,StopDate,No,,,,
ERXPatMedList_US43511,StopReason,No,,,,
ERXPatMedList_US43511,EventTypeID,No,,,,
ERXPatMedList_US43511,EventStatusID,No,,,,
ERXPatMedList_US43511,LastStatusDateTime,Yes,STATIC_OFFSET,,,
ERXPatMedList_US43511,ErrorMessage,No,,,,
ERXPatMedList_US43511,SendDate,Yes,STATIC_OFFSET,,,
ERXPatMedList_US43511,RenReasonID,No,,,,
ERXPatMedList_US43511,RenPharmacyNotes,No,,,,
ERXPatMedList_US43511,ApprovedStatusID,No,,,,
ERXPatMedList_US43511,LocationID,No,,,,
ERXPatMedList_US43511,RenNumrefills,No,,,,
ERXPatMedList_US43511,LastTransactionTypeID,No,,,,
ERXPatMedList_US43511,InterfaceEventID,No,,,,
ERXPatMedList_US43511,nd_auto_increment_id,No,,,,
ERXPatMedListHistory,ERXPatMedHistoryID,No,,,,
ERXPatMedListHistory,ERXPatMedID,No,,,,
ERXPatMedListHistory,ClinicalPatMedID,No,,,,
ERXPatMedListHistory,ExternalPatMedID,No,,,,
ERXPatMedListHistory,ExternalSourceID,No,,,,
ERXPatMedListHistory,LastUpdateDate,Yes,STATIC_OFFSET,,,
ERXPatMedListHistory,UpdatedFlag,No,,,,
ERXPatMedListHistory,AuditCode,No,,,,
ERXPatMedListHistory,ExternalPrescriptionID,No,,,,
ERXPatMedListHistory,NDCID,No,,,,
ERXPatMedListHistory,ExternalDrugID,No,,,,
ERXPatMedListHistory,BrandName,No,,,,
ERXPatMedListHistory,GenericName,No,,,,
ERXPatMedListHistory,DrugForm,No,,,,
ERXPatMedListHistory,DrugStrength,No,,,,
ERXPatMedListHistory,SigAction,No,,,,
ERXPatMedListHistory,SigDose,No,,,,
ERXPatMedListHistory,SigDoseUnit,No,,,,
ERXPatMedListHistory,SigRoute,No,,,,
ERXPatMedListHistory,SigDoseTiming,No,,,,
ERXPatMedListHistory,SigDoseOther,No,,,,
ERXPatMedListHistory,SigDuration,No,,,,
ERXPatMedListHistory,SigQuantity,No,,,,
ERXPatMedListHistory,SigQuantityUnit,No,,,,
ERXPatMedListHistory,Refills,No,,,,
ERXPatMedListHistory,SubPermitted,No,,,,
ERXPatMedListHistory,OtherNotes,No,,,,
ERXPatMedListHistory,PatientNotes,No,,,,
ERXPatMedListHistory,Comments,No,,,,
ERXPatMedListHistory,IsOutsideMed,No,,,,
ERXPatMedListHistory,StartDate,Yes,STATIC_OFFSET,,,
ERXPatMedListHistory,StopDate,Yes,STATIC_OFFSET,,,
ERXPatMedListHistory,StopReason,No,,,,
ERXPatMedListHistory,nd_auto_increment_id,No,,,,
erxPatMedListTransaction,erxPatMedListTransactionID,No,,,,
erxPatMedListTransaction,eRxPatMedID,No,,,,
erxPatMedListTransaction,EventDateTime,Yes,STATIC_OFFSET,,,
erxPatMedListTransaction,TransactionTypeID,No,,,,
erxPatMedListTransaction,TransactionStatusID,No,,,,
erxPatMedListTransaction,eRxSSPharmacyRequestID,No,,,,
erxPatMedListTransaction,nd_auto_increment_id,No,,,,
erxPatMedListTransaction_SS_Issue_Bak,erxPatMedListTransactionID,No,,,,
erxPatMedListTransaction_SS_Issue_Bak,eRxPatMedID,No,,,,
erxPatMedListTransaction_SS_Issue_Bak,EventDateTime,No,,,,
erxPatMedListTransaction_SS_Issue_Bak,TransactionTypeID,No,,,,
erxPatMedListTransaction_SS_Issue_Bak,TransactionStatusID,No,,,,
erxPatMedListTransaction_SS_Issue_Bak,DateOfAction,No,,,,
erxPatMedListTransaction_SS_Issue_Bak,nd_auto_increment_id,No,,,,
erxPatMedListTransaction_US43511,erxPatMedListTransactionID,No,,,,
erxPatMedListTransaction_US43511,eRxPatMedID,No,,,,
erxPatMedListTransaction_US43511,EventDateTime,Yes,STATIC_OFFSET,,,
erxPatMedListTransaction_US43511,TransactionTypeID,No,,,,
erxPatMedListTransaction_US43511,TransactionStatusID,No,,,,
erxPatMedListTransaction_US43511,eRxSSPharmacyRequestID,No,,,,
erxPatMedListTransaction_US43511,nd_auto_increment_id,No,,,,
erxPharmacyEligibilityRequestGroup,EligibilityBatchID,No,,,,
erxPharmacyEligibilityRequestGroup,SubmitDate,Yes,STATIC_OFFSET,,,
erxPharmacyEligibilityRequestGroup,Requests,No,,,,
erxPharmacyEligibilityRequestGroup,Responses,No,,,,
erxPharmacyEligibilityRequestGroup,Active,No,,,,
erxPharmacyEligibilityRequestGroup,Inactive,No,,,,
erxPharmacyEligibilityRequestGroup,Errors,No,,,,
erxPharmacyEligibilityRequestGroup,Pending,No,,,,
erxPharmacyEligibilityRequestGroup,Comment,Yes,GENERIC_NOTES,,,
erxPharmacyEligibilityRequestGroup,RequestXML,Yes,GENERIC_NOTES,,,
erxPharmacyEligibilityRequestGroup,CreatedDate,Yes,STATIC_OFFSET,,,
erxPharmacyEligibilityRequestGroup,RequestMode,No,,,,
erxPharmacyEligibilityRequestGroup,UserID,No,,,,
erxPharmacyEligibilityRequestGroup,interfaceEventID,No,,,,
erxPharmacyEligibilityRequestGroup,nd_auto_increment_id,No,,,,
erxPharmacyImportLog,PharmacyImportLogID,No,,,,
erxPharmacyImportLog,UserID,No,,,,
erxPharmacyImportLog,DateOfImport,Yes,STATIC_OFFSET,,,
erxPharmacyImportLog,States,No,,,,
erxPharmacyImportLog,nd_auto_increment_id,No,,,,
erxPrescriberImportLog,PrescriberImportLogID,No,,,,
erxPrescriberImportLog,DateOfImport,Yes,STATIC_OFFSET,,,
erxPrescriberImportLog,PrescriberSPIs,No,,,,
erxPrescriberImportLog,nd_auto_increment_id,No,,,,
ERXPrescription,ERXPrescriptionID,No,,,,
ERXPrescription,ExternalPrescriptionID,No,,,,
ERXPrescription,ExternalPharmacyID,Yes,MASK,ExternalPharmacyID,,
ERXPrescription,PharmacyID,Yes,MASK,PharmacyID,,
ERXPrescription,NDCID,No,,,,
ERXPrescription,ExternalDrugID,No,,,,
ERXPrescription,BrandName,No,,,,
ERXPrescription,GenericName,No,,,,
ERXPrescription,DrugForm,No,,,,
ERXPrescription,DrugStrength,No,,,,
ERXPrescription,SigAction,No,,,,
ERXPrescription,SigDose,No,,,,
ERXPrescription,SigDoseUnit,No,,,,
ERXPrescription,SigRoute,No,,,,
ERXPrescription,SigDoseTiming,No,,,,
ERXPrescription,SigDoseOther,No,,,,
ERXPrescription,SigDuration,No,,,,
ERXPrescription,SigQuantity,No,,,,
ERXPrescription,SigQuantityUnit,No,,,,
ERXPrescription,Refills,No,,,,
ERXPrescription,SubPermitted,No,,,,
ERXPrescription,OtherNotes,Yes,GENERIC_NOTES,,,
ERXPrescription,PatientNotes,Yes,GENERIC_NOTES,,,
ERXPrescription,Comments,No,,,,
ERXPrescription,CreateDate,Yes,STATIC_OFFSET,,,
ERXPrescription,CompleteDate,Yes,STATIC_OFFSET,,,
ERXPrescription,SignedDate,Yes,STATIC_OFFSET,,,
ERXPrescription,StopDate,Yes,STATIC_OFFSET,,,
ERXPrescription,CompleteAction,No,,,,
ERXPrescription,SendMethod,No,,,,
ERXPrescription,nd_auto_increment_id,No,,,,
erxProviderLocation,erxProviderLocationID,No,,,,
erxProviderLocation,CareProviderID,No,,,,
erxProviderLocation,LocationID,No,,,,
erxProviderLocation,SureScriptsSPI,Yes,MASK,SureScriptsSPI,,
erxProviderLocation,Enable,No,,,,
erxProviderLocation,ActiveStartTime,Yes,STATIC_OFFSET,,,
erxProviderLocation,ActiveEndTime,Yes,STATIC_OFFSET,,,
erxProviderLocation,eRxActionBy,No,,,,
erxProviderLocation,ServiceLevel,No,,,,
erxProviderLocation,DEANumber,Yes,MASK,DEANumber,,
erxProviderLocation,ProvStateLicense,No,,,,
erxProviderLocation,nd_auto_increment_id,No,,,,
eRxReSentPatMedList,ClinicalPatMedID,No,,,,
eRxReSentPatMedList,SendDate,Yes,STATIC_OFFSET,,,
eRxReSentPatMedList,nd_auto_increment_id,No,,,,
eRxSSAcknowledgeType,eRxSSAcknowledgeTypeID,No,,,,
eRxSSAcknowledgeType,eRxSSQAcknowledgeType,No,,,,
eRxSSAcknowledgeType,nd_auto_increment_id,No,,,,
eRxSSAction,eRxSSActionID,No,,,,
eRxSSAction,Action,No,,,,
eRxSSAction,Display,No,,,,
eRxSSAction,nd_auto_increment_id,No,,,,
eRxSSDEASchedule,DEAScheduleID,No,,,,
eRxSSDEASchedule,DEAScheduleCode,No,,,,
eRxSSDEASchedule,DEAScheduleDescription,No,,,,
eRxSSDEASchedule,IsEnabled,No,,,,
eRxSSDEASchedule,nd_auto_increment_id,No,,,,
eRxSSFilterType,FilterTypeID,No,,,,
eRxSSFilterType,FilterType,No,,,,
eRxSSFilterType,nd_auto_increment_id,No,,,,
erxsspharmacyrequest_73773,eRxSSPharmacyRequestID,No,,,,
erxsspharmacyrequest_73773,PharmacyID,No,,,,
erxsspharmacyrequest_73773,CareProviderID,No,,,,
erxsspharmacyrequest_73773,FirstName,Yes,MASK,FirstName,,
erxsspharmacyrequest_73773,LastName,Yes,MASK,LastName,,
erxsspharmacyrequest_73773,MiddleName,Yes,MASK,MiddleName,,
erxsspharmacyrequest_73773,Suffix,Yes,MASK,Suffix,,
erxsspharmacyrequest_73773,Prefix,Yes,MASK,Prefix,,
erxsspharmacyrequest_73773,Gender,No,,,,
erxsspharmacyrequest_73773,DateOfBirth,Yes,PATIENT_DOB,,,
erxsspharmacyrequest_73773,MatchedPatientID,Yes,PATIENT_ID,,,
erxsspharmacyrequest_73773,SSN,Yes,MASK,SSN,,
erxsspharmacyrequest_73773,ClinicalPatMedID,Yes,PATIENT_ID,,,
erxsspharmacyrequest_73773,PrescriberOrderNumber,No,,,,
erxsspharmacyrequest_73773,NumRefills,No,,,,
erxsspharmacyrequest_73773,RequestStatusID,No,,,,
erxsspharmacyrequest_73773,RxRefNumber,No,,,,
erxsspharmacyrequest_73773,EPrescribeDate,Yes,DATE_OFFSET,,,
erxsspharmacyrequest_73773,PharmacyNote,Yes,NOTES,,,
erxsspharmacyrequest_73773,Description,Yes,NOTES,,,
erxsspharmacyrequest_73773,DoseForm,No,,,,
erxsspharmacyrequest_73773,DoseQuantity,No,,,,
erxsspharmacyrequest_73773,DoseQuantityUnit,No,,,,
erxsspharmacyrequest_73773,SIG,No,,,,
erxsspharmacyrequest_73773,DrugNameID,No,,,,
erxsspharmacyrequest_73773,DispenseAmount,No,,,,
erxsspharmacyrequest_73773,DispenseUnit,No,,,,
erxsspharmacyrequest_73773,DispenseAsWritten,No,,,,
erxsspharmacyrequest_73773,PharmacyRequestType,No,,,,
erxsspharmacyrequest_73773,MedicationID,No,,,,
erxsspharmacyrequest_73773,MedicationName,No,,,,
erxsspharmacyrequest_73773,MedicalCondition,No,,,,
erxsspharmacyrequest_73773,RequestXML,Yes,NOTES,,,
erxsspharmacyrequest_73773,RequestType,No,,,,
erxsspharmacyrequest_73773,ReceivedDate,Yes,DATE_OFFSET,,,
erxsspharmacyrequest_73773,Matched,No,,,,
erxsspharmacyrequest_73773,MatchCount,No,,,,
erxsspharmacyrequest_73773,MessageId,No,,,,
erxsspharmacyrequest_73773,ProviderServiceLocation,No,,,,
erxsspharmacyrequest_73773,EventTypeID,No,,,,
erxsspharmacyrequest_73773,EventStatusID,No,,,,
erxsspharmacyrequest_73773,InterfaceEventID,No,,,,
erxsspharmacyrequest_73773,LastTransactionTypeID,No,,,,
erxsspharmacyrequest_73773,SureScriptsSPI,No,,,,
erxsspharmacyrequest_73773,DEACode,No,,,,
erxsspharmacyrequest_73773,UserID,No,,,,
erxsspharmacyrequest_73773,SendDate,Yes,DATE_OFFSET,,,
erxsspharmacyrequest_73773,RenNumrefills,No,,,,
erxsspharmacyrequest_73773,ErrorMessage,No,,,,
erxsspharmacyrequest_73773,RenReasonID,No,,,,
erxsspharmacyrequest_73773,RenPharmacyNotes,Yes,NOTES,,,
erxsspharmacyrequest_73773,ApprovedStatusID,No,,,,
erxsspharmacyrequest_73773,OrigPharmacyRequestID,No,,,,
erxsspharmacyrequest_73773,IsDuplicateAction,No,,,,
erxsspharmacyrequest_73773,PatientID,Yes,PATIENT_ID,,,
erxsspharmacyrequest_73773,ActualDescription,No,,,,
erxsspharmacyrequest_73773,ActualSIG,No,,,,
erxsspharmacyrequest_73773,ActualDispenseAmount,No,,,,
erxsspharmacyrequest_73773,ActualDispenseUnit,No,,,,
erxsspharmacyrequest_73773,ActualDaysSupply,No,,,,
erxsspharmacyrequest_73773,ActualSubstitutions,No,,,,
erxsspharmacyrequest_73773,PotencyUnitCode,No,,,,
erxsspharmacyrequest_73773,DaysSupply,No,,,,
erxsspharmacyrequest_73773,Substitutions,No,,,,
erxsspharmacyrequest_73773,nd_auto_increment_id,No,,,,
eRxSSPharmacyRequest_SS_Issue_Bak,eRxSSPharmacyRequestID,No,,,,
eRxSSPharmacyRequest_SS_Issue_Bak,PharmacyID,No,,,,
eRxSSPharmacyRequest_SS_Issue_Bak,CareProviderID,No,,,,
eRxSSPharmacyRequest_SS_Issue_Bak,PatientID,Yes,PATIENT_ID,,,
eRxSSPharmacyRequest_SS_Issue_Bak,FirstName,Yes,MASK,FirstName,,
eRxSSPharmacyRequest_SS_Issue_Bak,LastName,No,,,,
eRxSSPharmacyRequest_SS_Issue_Bak,MiddleName,No,,,,
eRxSSPharmacyRequest_SS_Issue_Bak,Suffix,No,,,,
eRxSSPharmacyRequest_SS_Issue_Bak,Prefix,No,,,,
eRxSSPharmacyRequest_SS_Issue_Bak,Gender,No,,,,
eRxSSPharmacyRequest_SS_Issue_Bak,DateOfBirth,No,,,,
eRxSSPharmacyRequest_SS_Issue_Bak,MatchedPatientID,No,,,,
eRxSSPharmacyRequest_SS_Issue_Bak,SSN,No,,,,
eRxSSPharmacyRequest_SS_Issue_Bak,ClinicalPatMedID,No,,,,
eRxSSPharmacyRequest_SS_Issue_Bak,PrescriberOrderNumber,No,,,,
eRxSSPharmacyRequest_SS_Issue_Bak,NumRefills,No,,,,
eRxSSPharmacyRequest_SS_Issue_Bak,RequestStatusID,No,,,,
eRxSSPharmacyRequest_SS_Issue_Bak,RxRefNumber,No,,,,
eRxSSPharmacyRequest_SS_Issue_Bak,EPrescribeDate,No,,,,
eRxSSPharmacyRequest_SS_Issue_Bak,PharmacyNote,No,,,,
eRxSSPharmacyRequest_SS_Issue_Bak,Description,No,,,,
eRxSSPharmacyRequest_SS_Issue_Bak,DoseForm,No,,,,
eRxSSPharmacyRequest_SS_Issue_Bak,DoseQuantity,No,,,,
eRxSSPharmacyRequest_SS_Issue_Bak,DoseQuantityUnit,No,,,,
eRxSSPharmacyRequest_SS_Issue_Bak,SIG,No,,,,
eRxSSPharmacyRequest_SS_Issue_Bak,DrugNameID,No,,,,
eRxSSPharmacyRequest_SS_Issue_Bak,DispenseAmount,No,,,,
eRxSSPharmacyRequest_SS_Issue_Bak,DispenseUnit,No,,,,
eRxSSPharmacyRequest_SS_Issue_Bak,DispenseAsWritten,No,,,,
eRxSSPharmacyRequest_SS_Issue_Bak,PharmacyRequestType,No,,,,
eRxSSPharmacyRequest_SS_Issue_Bak,MedicationID,No,,,,
eRxSSPharmacyRequest_SS_Issue_Bak,MedicationName,No,,,,
eRxSSPharmacyRequest_SS_Issue_Bak,MedicalCondition,No,,,,
eRxSSPharmacyRequest_SS_Issue_Bak,RequestXML,No,,,,
eRxSSPharmacyRequest_SS_Issue_Bak,RequestType,No,,,,
eRxSSPharmacyRequest_SS_Issue_Bak,ReceivedDate,No,,,,
eRxSSPharmacyRequest_SS_Issue_Bak,Matched,No,,,,
eRxSSPharmacyRequest_SS_Issue_Bak,MatchCount,No,,,,
eRxSSPharmacyRequest_SS_Issue_Bak,MessageId,No,,,,
eRxSSPharmacyRequest_SS_Issue_Bak,ProviderServiceLocation,No,,,,
eRxSSPharmacyRequest_SS_Issue_Bak,ID_ThisEliminatesTheIdentityProperty,No,,,,
eRxSSPharmacyRequest_SS_Issue_Bak,DateOfAction,No,,,,
eRxSSPharmacyRequest_SS_Issue_Bak,nd_auto_increment_id,No,,,,
eRxSSPharmacyRequest_TFS56832,eRxSSPharmacyRequestID,No,,,,
eRxSSPharmacyRequest_TFS56832,PharmacyID,No,,,,
eRxSSPharmacyRequest_TFS56832,CareProviderID,No,,,,
eRxSSPharmacyRequest_TFS56832,FirstName,Yes,MASK,FirstName,,
eRxSSPharmacyRequest_TFS56832,LastName,Yes,MASK,LastName,,
eRxSSPharmacyRequest_TFS56832,MiddleName,Yes,MASK,MiddleName,,
eRxSSPharmacyRequest_TFS56832,Suffix,No,,,,
eRxSSPharmacyRequest_TFS56832,Prefix,No,,,,
eRxSSPharmacyRequest_TFS56832,Gender,Yes,MASK,Gender,,
eRxSSPharmacyRequest_TFS56832,DateOfBirth,Yes,PATIENT_DOB,,,
eRxSSPharmacyRequest_TFS56832,MatchedPatientID,No,,,,
eRxSSPharmacyRequest_TFS56832,SSN,Yes,MASK,SSN,,
eRxSSPharmacyRequest_TFS56832,ClinicalPatMedID,No,,,,
eRxSSPharmacyRequest_TFS56832,PrescriberOrderNumber,No,,,,
eRxSSPharmacyRequest_TFS56832,NumRefills,No,,,,
eRxSSPharmacyRequest_TFS56832,RequestStatusID,No,,,,
eRxSSPharmacyRequest_TFS56832,RxRefNumber,No,,,,
eRxSSPharmacyRequest_TFS56832,EPrescribeDate,Yes,STATIC_OFFSET,,,
eRxSSPharmacyRequest_TFS56832,PharmacyNote,No,,,,
eRxSSPharmacyRequest_TFS56832,Description,No,,,,
eRxSSPharmacyRequest_TFS56832,DoseForm,No,,,,
eRxSSPharmacyRequest_TFS56832,DoseQuantity,No,,,,
eRxSSPharmacyRequest_TFS56832,DoseQuantityUnit,No,,,,
eRxSSPharmacyRequest_TFS56832,SIG,No,,,,
eRxSSPharmacyRequest_TFS56832,DrugNameID,No,,,,
eRxSSPharmacyRequest_TFS56832,DispenseAmount,No,,,,
eRxSSPharmacyRequest_TFS56832,DispenseUnit,No,,,,
eRxSSPharmacyRequest_TFS56832,DispenseAsWritten,No,,,,
eRxSSPharmacyRequest_TFS56832,PharmacyRequestType,No,,,,
eRxSSPharmacyRequest_TFS56832,MedicationID,No,,,,
eRxSSPharmacyRequest_TFS56832,MedicationName,Yes,MASK,MedicationName,,
eRxSSPharmacyRequest_TFS56832,MedicalCondition,No,,,,
eRxSSPharmacyRequest_TFS56832,RequestXML,Yes,GENERIC_NOTES,,,
eRxSSPharmacyRequest_TFS56832,RequestType,No,,,,
eRxSSPharmacyRequest_TFS56832,ReceivedDate,Yes,STATIC_OFFSET,,,
eRxSSPharmacyRequest_TFS56832,Matched,No,,,,
eRxSSPharmacyRequest_TFS56832,MatchCount,No,,,,
eRxSSPharmacyRequest_TFS56832,MessageId,No,,,,
eRxSSPharmacyRequest_TFS56832,ProviderServiceLocation,No,,,,
eRxSSPharmacyRequest_TFS56832,EventTypeID,No,,,,
eRxSSPharmacyRequest_TFS56832,EventStatusID,No,,,,
eRxSSPharmacyRequest_TFS56832,InterfaceEventID,No,,,,
eRxSSPharmacyRequest_TFS56832,LastTransactionTypeID,No,,,,
eRxSSPharmacyRequest_TFS56832,SureScriptsSPI,No,,,,
eRxSSPharmacyRequest_TFS56832,DEACode,Yes,MASK,DEACode,,
eRxSSPharmacyRequest_TFS56832,UserID,No,,,,
eRxSSPharmacyRequest_TFS56832,SendDate,No,,,,
eRxSSPharmacyRequest_TFS56832,RenNumrefills,No,,,,
eRxSSPharmacyRequest_TFS56832,ErrorMessage,No,,,,
eRxSSPharmacyRequest_TFS56832,RenReasonID,No,,,,
eRxSSPharmacyRequest_TFS56832,RenPharmacyNotes,Yes,GENERIC_NOTES,,,
eRxSSPharmacyRequest_TFS56832,ApprovedStatusID,No,,,,
eRxSSPharmacyRequest_TFS56832,OrigPharmacyRequestID,No,,,,
eRxSSPharmacyRequest_TFS56832,IsDuplicateAction,No,,,,
eRxSSPharmacyRequest_TFS56832,nd_auto_increment_id,No,,,,
erxssreasons,eRxSSReasonID,No,,,,
erxssreasons,Code,Yes,MASK,Code,,
erxssreasons,Reason,No,,,,
erxssreasons,eRxSSActionID,No,,,,
eRxSSTransactionAcknowledgeType,eRxSSTransactionAcknowledgeTypeID,No,,,,
eRxSSTransactionAcknowledgeType,eRxSSTransactionTypeID,No,,,,
eRxSSTransactionAcknowledgeType,eRxSSAcknowledgeTypeID,No,,,,
eRxSSTransactionAcknowledgeType,nd_auto_increment_id,No,,,,
eRxSSTransactionType,eRxSSTransactionTypeID,Yes,MASK,eRxSSTransactionTypeID,,
eRxSSTransactionType,eRxSSTransactionType,No,,,,
eRxSSTransactionType,nd_auto_increment_id,No,,,,
erxSunBurst,UserID,No,,,,
erxSunBurst,blink,No,,,,
erxSunBurst,nd_auto_increment_id,No,,,,
eRxTransactionHistoryFilter,eRxTransactionHistoryFilterID,No,,,,
eRxTransactionHistoryFilter,eRxTransactionHistoryFilterName,Yes,MASK,eRxTransactionHistoryFilterName,,
eRxTransactionHistoryFilter,PatientID,Yes,PATIENT_ID,,,
eRxTransactionHistoryFilter,DateType,No,,,,
eRxTransactionHistoryFilter,DateFrom,Yes,DATE_OFFSET,,,
eRxTransactionHistoryFilter,DateTo,Yes,DATE_OFFSET,,,
eRxTransactionHistoryFilter,eRxStatus,No,,,,
eRxTransactionHistoryFilter,RenewalRequest,No,,,,
eRxTransactionHistoryFilter,ServiceLocation,No,,,,
eRxTransactionHistoryFilter,PrescribingProvider,Yes,MASK,PrescribingProvider,,
eRxTransactionHistoryFilter,Users,No,,,,
eRxTransactionHistoryFilter,TransactionType,No,,,,
eRxTransactionHistoryFilter,FilterCreatedDate,Yes,DATE_OFFSET,,,
eRxTransactionHistoryFilter,FilterCreatedBy,No,,,,
eRxTransactionHistoryFilter,FilterUpdatedDate,Yes,DATE_OFFSET,,,
eRxTransactionHistoryFilter,FilterUpdatedBy,No,,,,
eRxTransactionHistoryFilter,Action,No,,,,
eRxTransactionHistoryFilter,nd_auto_increment_id,No,,,,
Ethnicity,EthnicityID,No,,,,
Ethnicity,LocalName,Yes,MASK,LocalName,,
Ethnicity,StandardName,Yes,MASK,StandardName,,
Ethnicity,Description,Yes,MASK,Description,,
Ethnicity,IsDefaultField,No,,,,
Ethnicity,Enabled,No,,,,
Ethnicity,MUEthnicityID,No,,,,
Ethnicity,nd_auto_increment_id,No,,,,
EthnicityCodingSystem,CodingSystemId,No,,,,
EthnicityCodingSystem,EthnicityID,Yes,MASK,EthnicityID,,
EthnicityCodingSystem,Code,No,,,,
EthnicityCodingSystem,CodeDisplayName,Yes,MASK,CodeDisplayName,,
EthnicityCodingSystem,nd_auto_increment_id,No,,,,
EthnicitySub,EthnicitySubID,No,,,,
EthnicitySub,EthnicitySubCode,No,,,,
EthnicitySub,EthnicitySubName,Yes,MASK,EthnicitySubName,,
EthnicitySub,EthnicityID,No,,,,
EthnicitySub,Enabled,No,,,,
EthnicitySub,IsDefaultField,No,,,,
EthnicitySub,ListOrder,No,,,,
EthnicitySub,Note,No,,,,
EthnicitySub,CreatedByID,No,,,,
EthnicitySub,Created,Yes,STATIC_OFFSET,,,
EthnicitySub,LastModifiedByID,No,,,,
EthnicitySub,LastModified,Yes,STATIC_OFFSET,,,
EthnicitySub,nd_auto_increment_id,No,,,,
EventStatus,EventStatusID,No,,,,
EventStatus,StatusName,No,,,,
EventType,EventTypeID,No,,,,
EventType,EventName,No,,,,
ExceptionAction,ExceptionActionID,No,,,,
ExceptionAction,ExceptionActionDesc,No,,,,
ExceptionAction,nd_auto_increment_id,No,,,,
ExceptionSeverity,ExceptionSeverityID,No,,,,
ExceptionSeverity,ExceptionSeverityDesc,No,,,,
ExceptionSeverity,nd_auto_increment_id,No,,,,
ExternalDocumentAction,FileType,No,,,,
ExternalDocumentAction,DocumentLocationID,No,,,,
ExternalDocumentAction,CareProviderUserID,No,,,,
ExternalDocumentAction,TaskListTypeID,No,,,,
ExternalDocumentAction,DocTypeID,No,,,,
ExternalDocumentAction,nd_auto_increment_id,No,,,,
ExternalDocumentLink,ClinicalDocumentID,No,,,,
ExternalDocumentLink,ExternalDocumentID,No,,,,
ExternalDocumentLink,nd_auto_increment_id,No,,,,
ExternalOrganization,ExternalOrganizationID,No,,,,
ExternalOrganization,ExternalOrganizationName,Yes,MASK,ExternalOrganizationName,,
ExternalOrganization,ExternalOrganizationAddressID,Yes,MASK,ExternalOrganizationAddressID,,
ExternalOrganization,MainPhone,Yes,MASK,MainPhone,,
ExternalOrganization,BackOfficePhone,Yes,MASK,BackOfficePhone,,
ExternalOrganization,ReferralCoordinatorPhone,Yes,MASK,ReferralCoordinatorPhone,,
ExternalOrganization,DirectEmailAddress,Yes,MASK,DirectEmailAddress,,
ExternalOrganization,nd_auto_increment_id,No,,,,
ExternalOrganizationSpecialty,ExternalOrganizationSpecialtyID,No,,,,
ExternalOrganizationSpecialty,ExternalOrganizationID,No,,,,
ExternalOrganizationSpecialty,CareProviderSpecialtyID,No,,,,
ExternalOrganizationSpecialty,nd_auto_increment_id,No,,,,
ExtOrdStaging,OrderID,No,,,,
ExtOrdStaging,VendorID,No,,,,
ExtOrdStaging,DeviceID,No,,,,
ExtOrdStaging,VendorOrdID,No,,,,
ExtOrdStaging,RequestSource,No,,,,
ExtOrdStaging,IssueDate,Yes,STATIC_OFFSET,,,
ExtOrdStaging,CreateDate,Yes,STATIC_OFFSET,,,
ExtOrdStaging,nd_auto_increment_id,No,,,,
ExtOrdVendorTest,ExtOrdVendorTestID,No,,,,
ExtOrdVendorTest,VendorTestID,No,,,,
ExtOrdVendorTest,VendorID,No,,,,
ExtOrdVendorTest,DeviceID,No,,,,
ExtOrdVendorTest,RequestSource,No,,,,
ExtOrdVendorTest,CreateDate,Yes,STATIC_OFFSET,,,
ExtOrdVendorTest,nd_auto_increment_id,No,,,,
FaceSheetSection,FaceSheetSectionID,No,,,,
FaceSheetSection,FaceSheetSectionDesc,No,,,,
FaceSheetSection,DisplayOrder,No,,,,
FaceSheetSection,nd_auto_increment_id,No,,,,
FaceSheetSectionStatus,FaceSheetSectionStatusID,No,,,,
FaceSheetSectionStatus,FaceSheetSectionStatusDesc,No,,,,
FaceSheetSectionStatus,DisplayOrder,No,,,,
FaceSheetSectionStatus,nd_auto_increment_id,No,,,,
FaxDocuments,FaxDocumentID,No,,,,
FaxDocuments,FaxDocumentType,No,,,,
FaxDocuments,FaxReferenceID,No,,,,
FaxDocuments,UserID,No,,,,
FaxDocuments,CreateDateTime,Yes,STATIC_OFFSET,,,
FaxDocuments,nd_auto_increment_id,No,,,,
FaxJobQ,FaxJobQID,No,,,,
FaxJobQ,FaxType,No,,,,
FaxJobQ,FaxDocumentID,No,,,,
FaxJobQ,FaxDocumentSeqNumber,No,,,,
FaxJobQ,FaxRecipient,No,,,,
FaxJobQ,FaxSubject,No,,,,
FaxJobQ,FaxDescription,No,,,,
FaxJobQ,FaxNumber,Yes,MASK,FaxNumber,,
FaxJobQ,IsAutoFax,No,,,,
FaxJobQ,CreateDateTime,Yes,STATIC_OFFSET,,,
FaxJobQ,UserID,No,,,,
FaxJobQ,nd_auto_increment_id,No,,,,
FaxJobQHistory,FaxJobQID,No,,,,
FaxJobQHistory,FaxType,No,,,,
FaxJobQHistory,FaxDocumentID,No,,,,
FaxJobQHistory,FaxDocumentSeqNumber,No,,,,
FaxJobQHistory,FaxRecipient,No,,,,
FaxJobQHistory,FaxSubject,No,,,,
FaxJobQHistory,FaxDescription,No,,,,
FaxJobQHistory,FaxNumber,Yes,MASK,FaxNumber,,
FaxJobQHistory,IsAutoFax,No,,,,
FaxJobQHistory,CreateDateTime,Yes,STATIC_OFFSET,,,
FaxJobQHistory,UserID,No,,,,
FaxJobQHistory,CurrentDateTime,No,,,,
FaxJobQHistory,nd_auto_increment_id,No,,,,
fctAccountStage,PatientID,Yes,PATIENT_ID,,,
fctAccountStage,spid,No,,,,
fctAccountStage,nd_auto_increment_id,No,,,,
fctImmunization,PatientID,Yes,PATIENT_ID,,,
fctImmunization,VaccineID,No,,,,
fctImmunization,VacSeriesVersionID,No,,,,
fctImmunization,VacSeriesVersionDoseID,No,,,,
fctImmunization,DoseNo,No,,,,
fctImmunization,VaccineName,No,,,,
fctImmunization,VacSeriesName,No,,,,
fctImmunization,VacPatID,No,,,,
fctImmunization,DoseTypeID,No,,,,
fctImmunization,SeriesDefault,No,,,,
fctImmunization,AdultOrChild,No,,,,
fctImmunization,PatAgeInDays,Yes,MASK,PatAgeInDays,,
fctImmunization,DOB,Yes,PATIENT_DOB,,,
fctImmunization,DateGiven,Yes,DATE_OFFSET,,,
fctImmunization,DateDue,Yes,DATE_OFFSET,,,
fctImmunization,DateOverDue,Yes,DATE_OFFSET,,,
fctImmunization,DosePlusCatchUp,No,,,,
fctImmunization,DosePlusCatchUpOverDue,No,,,,
fctImmunization,Status,No,,,,
fctImmunization,UserID,No,,,,
fctImmunization,CareProviderID,No,,,,
fctImmunization,CareProviderName,Yes,MASK,CareProviderName,,
fctImmunization,VaccineManufacturerID,No,,,,
fctImmunization,VaccineManufacturerCode,No,,,,
fctImmunization,VaccineManufacturer,No,,,,
fctImmunization,VaccineTradeNameID,No,,,,
fctImmunization,VaccineTradeName,No,,,,
fctImmunization,InjectionSiteID,No,,,,
fctImmunization,InjectionCode,No,,,,
fctImmunization,InjectionSiteDescription,No,,,,
fctImmunization,DoseRouteID,No,,,,
fctImmunization,DoseRouteCode,No,,,,
fctImmunization,RouteDescription,No,,,,
fctImmunization,LotNum,No,,,,
fctImmunization,VisDateGiven,Yes,DATE_OFFSET,,,
fctImmunization,VisPubDate,No,,,,
fctImmunization,CreateDate,Yes,DATE_OFFSET,,,
fctImmunization,Notes,No,,,,
fctImmunization,OrderID,No,,,,
fctImmunization,DoseNote,No,,,,
fctImmunization,IsExternal,No,,,,
fctImmunization,TimeGiven,No,,,,
fctImmunization,DoseAmount,No,,,,
fctImmunization,VacExpDate,No,,,,
fctImmunization,AltCPT,No,,,,
fctImmunization,PatientConfig,No,,,,
fctImmunization,QuestionableDose,No,,,,
fctImmunization,VacVFCCodeID,No,,,,
fctImmunization,VacCVXCodeID,No,,,,
fctImmunization,VFCDescription,No,,,,
fctImmunization,CVXDescription,No,,,,
fctImmunization,VFCCode,No,,,,
fctImmunization,CVXCode,No,,,,
fctImmunization,ImmDateDeclined,No,,,,
fctImmunization,ImmNotGivenDecisionID,No,,,,
fctImmunization,ImmNotGivenDecisionDesc,No,,,,
fctImmunization,DeciderName,Yes,MASK,DeciderName,,
fctImmunization,ImmNotGivenDeciderStatusID,No,,,,
fctImmunization,ImmNotGivenDeciderStatusDesc,No,,,,
fctImmunization,ImmNotGivenNote,No,,,,
fctImmunization,OtherDecisionMakerName,No,,,,
fctImmunization,PreviousDiseaseMonth,No,,,,
fctImmunization,PreviousDiseaseDay,No,,,,
fctImmunization,PreviousDiseaseYear,No,,,,
fctImmunization,DoseCompletionStatusID,No,,,,
fctImmunization,VacHistoricalVaccineSrcID,Yes,MASK,VacHistoricalVaccineSrcID,,
fctImmunization,nd_auto_increment_id,No,,,,
fctInfo,fctTableName,No,,,,
fctInfo,LastUpdated,Yes,STATIC_OFFSET,,,
fctInfo,nd_auto_increment_id,No,,,,
fctQualityMeasure,MeasureYear,No,,,,
fctQualityMeasure,ReportDate,Yes,STATIC_OFFSET,,,
fctQualityMeasure,QualityMeasureID,No,,,,
fctQualityMeasure,Numerator,No,,,,
fctQualityMeasure,Denominator,No,,,,
fctQualityMeasure,nd_auto_increment_id,No,,,,
fctVocabOBXAdmin,Name,No,,,,
fctVocabOBXAdmin,ConceptID,No,,,,
fctVocabOBXAdmin,Enabled,No,,,,
fctVocabOBXAdmin,nd_auto_increment_id,No,,,,
fctVocabOrdAdmin,Name,No,,,,
fctVocabOrdAdmin,ConceptID,No,,,,
fctVocabOrdAdmin,Enabled,No,,,,
fctVocabOrdAdmin,nd_auto_increment_id,No,,,,
fctVocabUOMAdmin,Name,No,,,,
fctVocabUOMAdmin,ConceptID,No,,,,
fctVocabUOMAdmin,Enabled,No,,,,
fctVocabUOMAdmin,nd_auto_increment_id,No,,,,
FeatureToggle,FeatureToggleID,No,,,,
FeatureToggle,FeatureName,No,,,,
FeatureToggle,Enabled,No,,,,
FeatureToggle,Comment,No,,,,
FeatureToggle,Createddatetime,Yes,STATIC_OFFSET,,,
FeatureToggle,createdBy,Yes,MASK,createdBy,,
FeatureToggle,updateddatetime,Yes,STATIC_OFFSET,,,
FeatureToggle,updatedby,Yes,MASK,updatedby,,
FeatureToggle,MasterToggleName,No,,,,
FeatureToggle,nd_auto_increment_id,No,,,,
FeeSchedule,ContractFeeScheduleID,No,,,,
FeeSchedule,FeeScheduleName,Yes,MASK,FeeScheduleName,,
FeeSchedule,ExpirationDate,Yes,STATIC_OFFSET,,,
FeeSchedule,MedRegion,Yes,MASK,MedRegion,,
FeeSchedule,IsMedicare,No,,,,
FeeSchedule,FeeScheduleType,No,,,,
FeeSchedule,FeeSchedulePercentage,No,,,,
FeeSchedule,FeeScheduleBaseID,No,,,,
FeeSchedule,MedicareYearID,No,,,,
FeeSchedule,EffectiveDate,Yes,STATIC_OFFSET,,,
FeeSchedule,FeeScheduleInsPercentage,No,,,,
FeeSchedule,IsCapitated,No,,,,
FeeSchedule,MedicareVersionDate,Yes,STATIC_OFFSET,,,
FeeSchedule,nd_auto_increment_id,No,,,,
FeeScheduleAllowedType,FeeScheduleAllowTypeID,No,,,,
FeeScheduleAllowedType,FeeScheduleAllowDesc,No,,,,
FeeScheduleAllowedType,nd_auto_increment_id,No,,,,
FeeScheduleContract,ContractID,No,,,,
FeeScheduleContract,ContractName,Yes,MASK,ContractName,,
FeeScheduleContract,ContractFeeScheduleID,No,,,,
FeeScheduleContract,CapitatedFlag,No,,,,
FeeScheduleContract,RoundedFlag,No,,,,
FeeScheduleContract,EffectiveDate,Yes,STATIC_OFFSET,,,
FeeScheduleContract,ExpirationDate,Yes,STATIC_OFFSET,,,
FeeScheduleContract,nd_auto_increment_id,No,,,,
FeeScheduleHistory,HistoryID,No,,,,
FeeScheduleHistory,ContractFeeScheduleID,No,,,,
FeeScheduleHistory,FeeScheduleName,Yes,MASK,FeeScheduleName,,
FeeScheduleHistory,EffectiveDate,Yes,STATIC_OFFSET,,,
FeeScheduleHistory,ExpirationDate,Yes,STATIC_OFFSET,,,
FeeScheduleHistory,MedRegion,Yes,MASK,MedRegion,,
FeeScheduleHistory,IsMedicare,No,,,,
FeeScheduleHistory,FeeScheduleType,No,,,,
FeeScheduleHistory,FeeSchedulePercentage,No,,,,
FeeScheduleHistory,FeeScheduleBaseID,No,,,,
FeeScheduleHistory,MedicareYearID,No,,,,
FeeScheduleHistory,FeeScheduleInsPercentage,No,,,,
FeeScheduleHistory,UserID,No,,,,
FeeScheduleHistory,HistoryDate,Yes,STATIC_OFFSET,,,
FeeScheduleHistory,IsCapitated,No,,,,
FeeScheduleHistory,MedicareVersionDate,Yes,STATIC_OFFSET,,,
FeeScheduleHistory,nd_auto_increment_id,No,,,,
FeeScheduleProcedure,FeeScheduleProcedureID,No,,,,
FeeScheduleProcedure,ContractFeeScheduleID,No,,,,
FeeScheduleProcedure,ProcedureMasterID,No,,,,
FeeScheduleProcedure,FeeScheduleAllowTypeID,No,,,,
FeeScheduleProcedure,FeeScheduleAllowValue,No,,,,
FeeScheduleProcedure,FeeScheduleMedicareRefID,No,,,,
FeeScheduleProcedure,EffectiveDate,Yes,STATIC_OFFSET,,,
FeeScheduleProcedure,FeeScheduleInsPercentage,No,,,,
FeeScheduleProcedure,FacilityAllowedAmount,No,,,,
FeeScheduleProcedure,MedicareYearID,No,,,,
FeeScheduleProcedure,Modifier,No,,,,
FeeScheduleProcedure,GMTMedRegID,No,,,,
FeeScheduleProcedure,MedicareVersionDate,No,,,,
FeeScheduleProcedure,nd_auto_increment_id,No,,,,
FeeScheduleProcedureHistory,HistoryID,No,,,,
FeeScheduleProcedureHistory,FeeScheduleHistoryID,No,,,,
FeeScheduleProcedureHistory,FeeScheduleProcedureID,No,,,,
FeeScheduleProcedureHistory,ContractFeeScheduleID,No,,,,
FeeScheduleProcedureHistory,ProcedureMasterID,No,,,,
FeeScheduleProcedureHistory,FeeScheduleAllowTypeID,No,,,,
FeeScheduleProcedureHistory,FeeScheduleAllowValue,No,,,,
FeeScheduleProcedureHistory,FeeScheduleMedicareRefID,No,,,,
FeeScheduleProcedureHistory,EffectiveDate,Yes,STATIC_OFFSET,,,
FeeScheduleProcedureHistory,FeeScheduleInsPercentage,No,,,,
FeeScheduleProcedureHistory,FacilityAllowedAmount,No,,,,
FeeScheduleProcedureHistory,MedicareYearID,No,,,,
FeeScheduleProcedureHistory,Modifier,No,,,,
FeeScheduleProcedureHistory,GMTMedRegID,No,,,,
FeeScheduleProcedureHistory,UserID,No,,,,
FeeScheduleProcedureHistory,HistoryDate,Yes,STATIC_OFFSET,,,
FeeScheduleProcedureHistory,MedicareVersionDate,No,,,,
FeeScheduleProcedureHistory,nd_auto_increment_id,No,,,,
FeeScheduleProviderLocation,ContractID,No,,,,
FeeScheduleProviderLocation,CareProviderID,Yes,MASK,CareProviderID,,
FeeScheduleProviderLocation,LocationID,No,,,,
FeeScheduleProviderLocation,InsurancePlanID,Yes,MASK,InsurancePlanID,,
FeeScheduleProviderLocation,UserID,Yes,PATIENT_ID,,,
FeeScheduleProviderLocation,CreateDate,Yes,DATE_OFFSET,,,
FeeScheduleProviderLocation,nd_auto_increment_id,No,,,,
FHIRResource,FHIRConceptID,No,,,,
FHIRResource,FHIRConceptName,No,,,,
FHIRResource,ActionID,No,,,,
FHIRResource,IsWrite,No,,,,
FHIRResource,nd_auto_increment_id,No,,,,
FHIRUserPermission,UserID,No,,,,
FHIRUserPermission,SiteID,No,,,,
FHIRUserPermission,PermissionData,No,,,,
FHIRUserPermission,CreatedBy,No,,,,
FHIRUserPermission,CreatedOn,Yes,STATIC_OFFSET,,,
FHIRUserPermission,LastModifiedBy,No,,,,
FHIRUserPermission,LastModifiedOn,Yes,STATIC_OFFSET,,,
FHIRUserPermission,nd_auto_increment_id,No,,,,
FileType,FileType,No,,,,
FileType,BinTypeID,No,,,,
FileType,nd_auto_increment_id,No,,,,
filterCondition,ConditionID,No,,,,
filterCondition,FilterID,No,,,,
filterCondition,FieldID,No,,,,
filterCondition,ParentConditionID,No,,,,
filterCondition,Type,No,,,,
filterCondition,Priority,No,,,,
filterCondition,PreConditionRelationID,No,,,,
filterCondition,TestOperatorID,No,,,,
filterCondition,Negate,No,,,,
filterCondition,Name,No,,,,
filterCondition,nd_auto_increment_id,No,,,,
filterConditionValue,ConditionListID,No,,,,
filterConditionValue,ConditionID,No,,,,
filterConditionValue,FilterID,No,,,,
filterConditionValue,Value,No,,,,
filterConditionValue,Priority,No,,,,
filterConditionValue,FunctionType,No,,,,
filterConditionValue,nd_auto_increment_id,No,,,,
filterDataSource,DataSourceID,No,,,,
filterDataSource,Name,Yes,MASK,Name,,
filterDataSource,Type,No,,,,
filterDataSource,Description,No,,,,
filterDataSource,SQL,No,,,,
filterDataSource,MandatoryOrderSQL,No,,,,
filterDataSource,nd_auto_increment_id,No,,,,
filterField,DataSourceID,No,,,,
filterField,FieldID,No,,,,
filterField,Name,No,,,,
filterField,ColumnName,No,,,,
filterField,DataType,No,,,,
filterField,Length,No,,,,
filterField,Nullable,No,,,,
filterField,Visible,No,,,,
filterField,CanFilter,No,,,,
filterField,Description,No,,,,
filterField,LookupSQL,No,,,,
filterField,ColumnInDataSource,No,,,,
filterField,FilterInSQL,No,,,,
filterField,KeyColumn,No,,,,
filterField,FilterColumn,Yes,MASK,FilterColumn,,
filterField,SearchType,No,,,,
filterField,nd_auto_increment_id,No,,,,
filterFilter,FilterID,No,,,,
filterFilter,DataSourceID,No,,,,
filterFilter,UserID,No,,,,
filterFilter,Name,Yes,MASK,Name,,
filterFilter,IsDefault,No,,,,
filterFilter,IsFavorite,No,,,,
filterFilter,GroupBy,No,,,,
filterFilter,nd_auto_increment_id,No,,,,
filterFilterField,FilterFieldID,No,,,,
filterFilterField,FilterID,No,,,,
filterFilterField,FieldID,No,,,,
filterFilterField,FieldOrder,No,,,,
filterFilterField,CreateDate,Yes,DATE_OFFSET,,,
filterFilterField,nd_auto_increment_id,No,,,,
FilterLookup,Type,Yes,MASK,Type,,
FilterLookup,Display,No,,,,
FilterLookup,Value,No,,,,
FilterLookup,ListOrder,No,,,,
FilterLookup,nd_auto_increment_id,No,,,,
filterOrderList,OrderListID,No,,,,
filterOrderList,FilterID,No,,,,
filterOrderList,FieldID,No,,,,
filterOrderList,Direction,No,,,,
filterOrderList,Priority,No,,,,
filterOrderList,nd_auto_increment_id,No,,,,
Flag,FlagID,No,,,,
Flag,FlagLabel,No,,,,
Flag,FlagCategoryID,Yes,MASK,FlagCategoryID,,
Flag,FlagIconPath,Yes,MASK,FlagIconPath,,
Flag,Enabled,No,,,,
Flag,SystemFlag,No,,,,
Flag,Priority,No,,,,
Flag,Type,No,,,,
Flag,ExcludeStatement,No,,,,
Flag,FlagMayNotScheduleAppointments,No,,,,
Flag,FlagSetAsDeceasedDefaultFlag,No,,,,
Flag,FlagCareManagement,No,,,,
Flag,FlagCareProgram,No,,,,
Flag,nd_auto_increment_id,No,,,,
FlagCategory,FlagCategoryId,No,,,,
FlagCategory,FlagCategoryName,No,,,,
FlagCategory,Enabled,No,,,,
FlagCategory,SortOrder,No,,,,
FlagCategory,nd_auto_increment_id,No,,,,
FlagCopay,FlagID,No,,,,
FlagCopay,Copay,No,,,,
FlagCopay,nd_auto_increment_id,No,,,,
FlagIcons,FlagIconPath,No,,,,
FlagIcons,nd_auto_increment_id,No,,,,
FlagPage,FlagPageID,No,,,,
FlagPage,FlagPageName,No,,,,
FlagPage,Enabled,No,,,,
FlagPage,nd_auto_increment_id,No,,,,
FlagToPage,FlagId,No,,,,
FlagToPage,FlagPageId,No,,,,
FlagToPage,bMenu,No,,,,
FlagToPage,bPopup,No,,,,
FlagToPage,nd_auto_increment_id,No,,,,
FlowSheet,FlowSheetID,No,,,,
FlowSheet,FlowSheetName,No,,,,
FlowSheet,AllData,No,,,,
FlowSheet,TimeValue,No,,,,
FlowSheet,TimeUnits,No,,,,
FlowSheet,Description,No,,,,
FlowSheet,CreatedBy,No,,,,
FlowSheet,CreateDate,Yes,STATIC_OFFSET,,,
FlowSheet,LastChangedBy,No,,,,
FlowSheet,LastChangedDate,Yes,STATIC_OFFSET,,,
FlowSheet,Enabled,No,,,,
FlowSheet,SystemFlowsheet,No,,,,
FlowSheet,GroupByDateTime,No,,,,
FlowSheet,nd_auto_increment_id,No,,,,
FlowSheetHeader,FlowSheetHeaderID,No,,,,
FlowSheetHeader,FlowSheetID,No,,,,
FlowSheetHeader,SeqNo,No,,,,
FlowSheetHeader,HeaderText,No,,,,
FlowSheetHeader,nd_auto_increment_id,No,,,,
FlowSheetHeaderHistory,FlowSheetHistoryID,No,,,,
FlowSheetHeaderHistory,FlowSheetHeaderID,No,,,,
FlowSheetHeaderHistory,FlowSheetId,No,,,,
FlowSheetHeaderHistory,SeqNo,No,,,,
FlowSheetHeaderHistory,HeaderText,No,,,,
FlowSheetHeaderHistory,HistoryAction,No,,,,
FlowSheetHeaderHistory,nd_auto_increment_id,No,,,,
FlowSheetHeaderMember,FlowSheetHeaderID,No,,,,
FlowSheetHeaderMember,FlowSheetID,No,,,,
FlowSheetHeaderMember,OBXConceptID,No,,,,
FlowSheetHeaderMember,SeqNo,No,,,,
FlowSheetHeaderMember,FlowSheetLabel,No,,,,
FlowSheetHeaderMember,nd_auto_increment_id,No,,,,
FlowSheetHeaderMemberHistory,FlowSheetHistoryID,No,,,,
FlowSheetHeaderMemberHistory,FlowSheetHeaderID,No,,,,
FlowSheetHeaderMemberHistory,FlowSheetID,No,,,,
FlowSheetHeaderMemberHistory,OBXConceptID,No,,,,
FlowSheetHeaderMemberHistory,SeqNo,No,,,,
FlowSheetHeaderMemberHistory,FlowSheetLabel,No,,,,
FlowSheetHeaderMemberHistory,HistoryAction,No,,,,
FlowSheetHeaderMemberHistory,nd_auto_increment_id,No,,,,
FlowSheetHistory,FlowSheetHistoryID,No,,,,
FlowSheetHistory,FlowSheetID,No,,,,
FlowSheetHistory,FlowSheetName,No,,,,
FlowSheetHistory,AllData,No,,,,
FlowSheetHistory,TimeValue,No,,,,
FlowSheetHistory,TimeUnits,No,,,,
FlowSheetHistory,Description,No,,,,
FlowSheetHistory,CreatedBy,No,,,,
FlowSheetHistory,CreateDate,Yes,STATIC_OFFSET,,,
FlowSheetHistory,LastChangedBy,No,,,,
FlowSheetHistory,LastChangedDate,Yes,STATIC_OFFSET,,,
FlowSheetHistory,Enabled,No,,,,
FlowSheetHistory,HistoryDate,Yes,STATIC_OFFSET,,,
FlowSheetHistory,HistoryUser,No,,,,
FlowSheetHistory,HistoryAction,No,,,,
FlowSheetHistory,nd_auto_increment_id,No,,,,
FlowSheetMember,FlowSheetID,No,,,,
FlowSheetMember,ConceptID,No,,,,
FlowSheetMember,ConceptTypeID,No,,,,
FlowSheetMember,SynID,No,,,,
FlowSheetMember,SeqNo,No,,,,
FlowSheetMember,FlowSheetLabel,No,,,,
FlowSheetMember,nd_auto_increment_id,No,,,,
FlowSheetMemberHistory,FlowSheetHistoryID,No,,,,
FlowSheetMemberHistory,FlowSheetID,No,,,,
FlowSheetMemberHistory,ConceptID,No,,,,
FlowSheetMemberHistory,ConceptTypeID,No,,,,
FlowSheetMemberHistory,SynID,No,,,,
FlowSheetMemberHistory,SeqNo,No,,,,
FlowSheetMemberHistory,FlowSheetLabel,No,,,,
FlowSheetMemberHistory,HistoryAction,No,,,,
FlowSheetMemberHistory,nd_auto_increment_id,No,,,,
FlowSheetUser,UserID,No,,,,
FlowSheetUser,FlowSheetID,No,,,,
FlowSheetUser,nd_auto_increment_id,No,,,,
FormAcceptRejectSavedData,TaskId,No,,,,
FormAcceptRejectSavedData,PatientId,Yes,PATIENT_ID,,,
FormAcceptRejectSavedData,ItemId,No,,,,
FormAcceptRejectSavedData,nd_auto_increment_id,No,,,,
FormAddQuestionData,FormRelationID,No,,,,
FormAddQuestionData,QuestionID,No,,,,
FormAddQuestionData,CatItemID,No,,,,
FormAddQuestionData,AliasName,No,,,,
FormAddQuestionData,nd_auto_increment_id,No,,,,
FormControlMaster,ControlId,No,,,,
FormControlMaster,ControlType,No,,,,
FormControlMaster,nd_auto_increment_id,No,,,,
FormDetailPopupItem,DPopupItemID,No,,,,
FormDetailPopupItem,DPopupItemName,No,,,,
FormDetailPopupItem,nd_auto_increment_id,No,,,,
FormDomainXML,TaskID,No,,,,
FormDomainXML,DomainXML,Yes,GENERIC_NOTES,,,
FormDomainXML,nd_auto_increment_id,No,,,,
FormMaster,FormId,No,,,,
FormMaster,FormName,No,,,,
FormMaster,FormDescription,Yes,GENERIC_NOTES,,,
FormMaster,FormCreatedBy,No,,,,
FormMaster,FormCreatedDate,Yes,STATIC_OFFSET,,,
FormMaster,FormLastModifiedBy,No,,,,
FormMaster,FormLastModifiedDate,Yes,STATIC_OFFSET,,,
FormMaster,FormPublishedDate,Yes,STATIC_OFFSET,,,
FormMaster,FormPublishedVersion,No,,,,
FormMaster,SiteId,No,,,,
FormMaster,DateStarted,Yes,STATIC_OFFSET,,,
FormMaster,DateCompleted,Yes,STATIC_OFFSET,,,
FormMaster,FormStatus,No,,,,
FormMaster,FormEnabled,No,,,,
FormMaster,SuccessId,No,,,,
FormMaster,FormTitle,No,,,,
FormMaster,FormTitleDesc,No,,,,
FormMaster,IsFormTitleBold,No,,,,
FormMaster,IsFormTitleItalic,No,,,,
FormMaster,IsFormTitleUnderline,No,,,,
FormMaster,IsFormTitleDescBold,No,,,,
FormMaster,IsFormTitleDescItalic,No,,,,
FormMaster,IsFormTitleDescUnderline,No,,,,
FormMaster,PreviewUrl,Yes,MASK,PreviewUrl,,
FormMaster,nd_auto_increment_id,No,,,,
FormPageMap,FormPageRelId,No,,,,
FormPageMap,FormId,No,,,,
FormPageMap,PageId,No,,,,
FormPageMap,ModifiedName,No,,,,
FormPageMap,IsEnable,No,,,,
FormPageMap,nd_auto_increment_id,No,,,,
FormPageSectionDetails,FormRelationID,No,,,,
FormPageSectionDetails,FormPageRelId,No,,,,
FormPageSectionDetails,SectionID,No,,,,
FormPageSectionDetails,ModifiedSectionName,No,,,,
FormPageSectionDetails,Description,No,,,,
FormPageSectionDetails,IsEnabled,No,,,,
FormPageSectionDetails,IsNameBold,No,,,,
FormPageSectionDetails,IsNameItalic,No,,,,
FormPageSectionDetails,IsNameUnderline,No,,,,
FormPageSectionDetails,IsDescriptionBold,No,,,,
FormPageSectionDetails,IsDescriptionItalic,No,,,,
FormPageSectionDetails,IsDescriptionUnderline,No,,,,
FormPageSectionDetails,IsDPopupSpecified,No,,,,
FormPageSectionDetails,Order,No,,,,
FormPageSectionDetails,nd_auto_increment_id,No,,,,
FormPatHistItemAliasName,CatItemID,No,,,,
FormPatHistItemAliasName,AliasName,No,,,,
FormPatHistItemAliasName,nd_auto_increment_id,No,,,,
FormPatientDemographicStatus,PatientID,Yes,PATIENT_ID,,,
FormPatientDemographicStatus,MatchedFields,Yes,MASK,MatchedFields,,
FormPatientDemographicStatus,DemographicInformationStatus,No,,,,
FormPatientDemographicStatus,LastModifiedDate,Yes,DATE_OFFSET,,,
FormPatientDemographicStatus,nd_auto_increment_id,No,,,,
FormQuestionMaster,QuestionId,No,,,,
FormQuestionMaster,Question,Yes,GENERIC_NOTES,,,
FormQuestionMaster,IsRequired,No,,,,
FormQuestionMaster,nd_auto_increment_id,No,,,,
FormSectionItemMap,FormRelationID,No,,,,
FormSectionItemMap,ItemId,No,,,,
FormSectionItemMap,Name,Yes,GENERIC_NOTES,,,
FormSectionItemMap,IsEnable,No,,,,
FormSectionItemMap,IsDPopup,No,,,,
FormSectionItemMap,IsRequired,No,,,,
FormSectionItemMap,nd_auto_increment_id,No,,,,
FormSectionMap,FormId,No,,,,
FormSectionMap,SectionId,No,,,,
FormSectionMap,IsEnabled,No,,,,
FormSectionMap,nd_auto_increment_id,No,,,,
FormSectionMaster,Sectionid,No,,,,
FormSectionMaster,SectionName,No,,,,
FormSectionMaster,isStatic,No,,,,
FormSectionMaster,DPopupItemID,No,,,,
FormSectionMaster,nd_auto_increment_id,No,,,,
FormStageAccRejectXml,TaskID,No,,,,
FormStageAccRejectXml,UserID,No,,,,
FormStageAccRejectXml,PatientID,Yes,PATIENT_ID,,,
FormStageAccRejectXml,AcceptRejectXml,Yes,NOTES,,,
FormStageAccRejectXml,IsSavedInFacesheet,No,,,,
FormStageAccRejectXml,nd_auto_increment_id,No,,,,
FormStaticSectionItems,ItemId,No,,,,
FormStaticSectionItems,ItemName,No,,,,
FormStaticSectionItems,Sectionid,No,,,,
FormStaticSectionItems,ControlId,No,,,,
FormStaticSectionItems,DPopupItemID,No,,,,
FormStaticSectionItems,nd_auto_increment_id,No,,,,
FormSuccessMsgMaster,SuccessId,No,,,,
FormSuccessMsgMaster,SuccessMessage,No,,,,
FormSuccessMsgMaster,CreatedBy,No,,,,
FormSuccessMsgMaster,CreatedDate,Yes,STATIC_OFFSET,,,
FormSuccessMsgMaster,LastModifiedBy,No,,,,
FormSuccessMsgMaster,LastModifiedDate,Yes,STATIC_OFFSET,,,
FormSuccessMsgMaster,nd_auto_increment_id,No,,,,
FormTempLogInformation,type,No,,,,
FormTempLogInformation,content,No,,,,
FormTempLogInformation,nd_auto_increment_id,No,,,,
FPAR7MapDetail,MLineNumber,No,,,,
FPAR7MapDetail,FLineNumber,No,,,,
FPAR7MapDetail,MethodDescription,No,,,,
FPAR7MapDetail,FMappedDescription,No,,,,
FPAR7MapDetail,MMappedDescription,No,,,,
FPAR7MapDetail,nd_auto_increment_id,No,,,,
FutureOrderConfig,DataSourceFacilityID,No,,,,
FutureOrderConfig,TriggerTypeID,No,,,,
FutureOrderConfig,NumberOfDays,No,,,,
FutureOrderConfig,nd_auto_increment_id,No,,,,
FutureOrderConfigVisitType,DataSourceFacilityID,No,,,,
FutureOrderConfigVisitType,VisitTypeID,No,,,,
FutureOrderConfigVisitType,nd_auto_increment_id,No,,,,
GCSClaimReport,FullTrackingNumber,No,,,,
GCSClaimReport,GCSReportFileBinID,No,,,,
GCSClaimReport,FileSubmissionDate,No,,,,
GCSClaimReport,FileControlNumber,No,,,,
GCSClaimReport,GCSClaimReportFileStatusID,No,,,,
GCSClaimReport,ClaimCount,No,,,,
GCSClaimReport,ClaimChargeAmount,No,,,,
GCSClaimReport,nd_auto_increment_id,No,,,,
GCSClaimReportBillingProvider,ClaimReferenceNumber,No,,,,
GCSClaimReportBillingProvider,TransactionSetControlNumber,No,,,,
GCSClaimReportBillingProvider,IdentifierQualifierID,No,,,,
GCSClaimReportBillingProvider,Identifier,No,,,,
GCSClaimReportBillingProvider,nd_auto_increment_id,No,,,,
GCSClaimReportBillingProviderLU,IdentifierQualifierID,No,,,,
GCSClaimReportBillingProviderLU,IdentifierDescription,Yes,MASK,IdentifierDescription,,
GCSClaimReportBillingProviderLU,nd_auto_increment_id,No,,,,
GCSClaimReportClaimError,ClaimReferenceNumber,No,,,,
GCSClaimReportClaimError,FullTrackingNumber,No,,,,
GCSClaimReportClaimError,TransactionSetControlNumber,No,,,,
GCSClaimReportClaimError,TransactionCreateDate,No,,,,
GCSClaimReportClaimError,TransactionCreateTime,No,,,,
GCSClaimReportClaimError,ErrorData,Yes,MASK,ErrorData,,
GCSClaimReportClaimError,FieldIdentifier,No,,,,
GCSClaimReportClaimError,FieldName,No,,,,
GCSClaimReportClaimError,SequenceNumber,No,,,,
GCSClaimReportClaimError,ErrorMessage,No,,,,
GCSClaimReportClaimError,RejectReasonCode,No,,,,
GCSClaimReportClaimError,ErrorLevel,No,,,,
GCSClaimReportClaimError,ClaimCategoryCode,No,,,,
GCSClaimReportClaimError,ClaimStatusCode,No,,,,
GCSClaimReportClaimError,EntityCode,No,,,,
GCSClaimReportClaimError,nd_auto_increment_id,No,,,,
GCSClaimReportClaimInfo,ClaimReferenceNumber,No,,,,
GCSClaimReportClaimInfo,FullTrackingNumber,No,,,,
GCSClaimReportClaimInfo,TransactionSetControlNumber,No,,,,
GCSClaimReportClaimInfo,RecordCreateDate,No,,,,
GCSClaimReportClaimInfo,RecordCreateTime,No,,,,
GCSClaimReportClaimInfo,SubmitterClaimID,No,,,,
GCSClaimReportClaimInfo,PatientControlNumber,Yes,PATIENT_ID,,,
GCSClaimReportClaimInfo,PatientLastName,Yes,MASK,PatientLastName,,
GCSClaimReportClaimInfo,PatientFirstName,Yes,MASK,PatientFirstName,,
GCSClaimReportClaimInfo,PatientMiddleName,Yes,MASK,PatientMiddleName,,
GCSClaimReportClaimInfo,ServiceFromDate,No,,,,
GCSClaimReportClaimInfo,ServiceThruDate,No,,,,
GCSClaimReportClaimInfo,TotalClaimCharge,No,,,,
GCSClaimReportClaimInfo,PayerName,Yes,MASK,PayerName,,
GCSClaimReportClaimInfo,PayerID,Yes,MASK,PayerID,,
GCSClaimReportClaimInfo,BillingProviderLastName,Yes,MASK,BillingProviderLastName,,
GCSClaimReportClaimInfo,BillingProviderFirstName,Yes,MASK,BillingProviderFirstName,,
GCSClaimReportClaimInfo,BillingProviderMiddleName,Yes,MASK,BillingProviderMiddleName,,
GCSClaimReportClaimInfo,EntityType,No,,,,
GCSClaimReportClaimInfo,BillingProviderID,Yes,MASK,BillingProviderID,,
GCSClaimReportClaimInfo,BillingProviderAddlID,No,,,,
GCSClaimReportClaimInfo,BillingProviderTaxID,Yes,MASK,BillingProviderTaxID,,
GCSClaimReportClaimInfo,SubscriberID,Yes,MASK,SubscriberID,,
GCSClaimReportClaimInfo,SubscriberLastName,Yes,MASK,SubscriberLastName,,
GCSClaimReportClaimInfo,SubscriberFirstName,Yes,MASK,SubscriberFirstName,,
GCSClaimReportClaimInfo,SubscriberMiddleName,Yes,MASK,SubscriberMiddleName,,
GCSClaimReportClaimInfo,InsuredGroupNumber,Yes,MASK,InsuredGroupNumber,,
GCSClaimReportClaimInfo,InsuredGroupName,Yes,MASK,InsuredGroupName,,
GCSClaimReportClaimInfo,ClaimType,No,,,,
GCSClaimReportClaimInfo,DiagnosisTypeCode,No,,,,
GCSClaimReportClaimInfo,DiagnosisCode1,No,,,,
GCSClaimReportClaimInfo,DiagnosisCode2,Yes,MASK,DiagnosisCode2,,
GCSClaimReportClaimInfo,DiagnosisCode3,No,,,,
GCSClaimReportClaimInfo,DiagnosisCode4,Yes,MASK,DiagnosisCode4,,
GCSClaimReportClaimInfo,DiagnosisCode5,No,,,,
GCSClaimReportClaimInfo,DiagnosisCode6,No,,,,
GCSClaimReportClaimInfo,DiagnosisCode7,No,,,,
GCSClaimReportClaimInfo,DiagnosisCode8,No,,,,
GCSClaimReportClaimInfo,DiagnosisCode9,No,,,,
GCSClaimReportClaimInfo,ProductionIndicator,No,,,,
GCSClaimReportClaimInfo,BillingProviderCity,Yes,MASK,BillingProviderCity,,
GCSClaimReportClaimInfo,BillingProviderState,No,,,,
GCSClaimReportClaimInfo,BillingProviderZip,No,,,,
GCSClaimReportClaimInfo,BillingProviderSpecialtyCode,No,,,,
GCSClaimReportClaimInfo,PatientDateOfBirth,Yes,PATIENT_DOB,,,
GCSClaimReportClaimInfo,PatientGender,Yes,MASK,PatientGender,,
GCSClaimReportClaimInfo,PatientCity,Yes,MASK,PatientCity,,
GCSClaimReportClaimInfo,PatientState,No,,,,
GCSClaimReportClaimInfo,PatientZip,Yes,ZIP_CODE,,,
GCSClaimReportClaimInfo,PatientRelationToSubscriber,No,,,,
GCSClaimReportClaimInfo,BillingProviderNPI,Yes,MASK,BillingProviderNPI,,
GCSClaimReportClaimInfo,FileTransactionID,No,,,,
GCSClaimReportClaimInfo,BillType,No,,,,
GCSClaimReportClaimInfo,nd_auto_increment_id,No,,,,
GCSClaimReportClaimStatus,ClaimReferenceNumber,No,,,,
GCSClaimReportClaimStatus,FullTrackingNumber,No,,,,
GCSClaimReportClaimStatus,TransactionSetControlNumber,No,,,,
GCSClaimReportClaimStatus,TransactionCreateDate,No,,,,
GCSClaimReportClaimStatus,TransactionCreateTime,No,,,,
GCSClaimReportClaimStatus,ExternalStatusID,No,,,,
GCSClaimReportClaimStatus,nd_auto_increment_id,No,,,,
GCSClaimReportDetailStatusLU,GCSClaimReportDetailStatusID,No,,,,
GCSClaimReportDetailStatusLU,StatusDescription,No,,,,
GCSClaimReportDetailStatusLU,nd_auto_increment_id,No,,,,
GCSClaimReportFileInfo,FullTrackingNumber,No,,,,
GCSClaimReportFileInfo,GCSReportFileBinID,No,,,,
GCSClaimReportFileInfo,TransactionSetControlNumber,No,,,,
GCSClaimReportFileInfo,SubmitterFileName,No,,,,
GCSClaimReportFileInfo,SubmitterID,Yes,MASK,SubmitterID,,
GCSClaimReportFileInfo,FileDate,No,,,,
GCSClaimReportFileInfo,FileTime,No,,,,
GCSClaimReportFileInfo,SubmitterTransactionID,No,,,,
GCSClaimReportFileInfo,FileProcessDate,No,,,,
GCSClaimReportFileInfo,FileProcessTime,No,,,,
GCSClaimReportFileInfo,TotalClaimCount,No,,,,
GCSClaimReportFileInfo,TotalClaimChargeAmount,Yes,MASK,TotalClaimChargeAmount,,
GCSClaimReportFileInfo,FileStatus,No,,,,
GCSClaimReportFileInfo,SubmitterLastName,Yes,MASK,SubmitterLastName,,
GCSClaimReportFileInfo,SubmitterFirstName,Yes,MASK,SubmitterFirstName,,
GCSClaimReportFileInfo,SubmitterMiddleName,Yes,MASK,SubmitterMiddleName,,
GCSClaimReportFileInfo,EntityType,No,,,,
GCSClaimReportFileInfo,ReasonMessage,No,,,,
GCSClaimReportFileInfo,CHFileName,No,,,,
GCSClaimReportFileInfo,LoginID,No,,,,
GCSClaimReportFileInfo,SubmitterProcessDate,No,,,,
GCSClaimReportFileInfo,SubmitterProcessTime,No,,,,
GCSClaimReportFileInfo,ProductionIndicator,No,,,,
GCSClaimReportFileInfo,PrimaryBillingProviderID,Yes,MASK,PrimaryBillingProviderID,,
GCSClaimReportFileInfo,PrimaryBillingProviderAddlID,No,,,,
GCSClaimReportFileInfo,BillType,No,,,,
GCSClaimReportFileInfo,nd_auto_increment_id,No,,,,
GCSClaimReportFileStatusLU,GCSClaimReportFileStatusID,No,,,,
GCSClaimReportFileStatusLU,StatusDescription,No,,,,
GCSClaimReportFileStatusLU,nd_auto_increment_id,No,,,,
GCSClaimReportRPT04,GCSClaimReportRPT04ItemID,No,,,,
GCSClaimReportRPT04,FullTrackingNumber,No,,,,
GCSClaimReportRPT04,GCSReportFileBinID,No,,,,
GCSClaimReportRPT04,PatientControlNumber,Yes,PATIENT_ID,,,
GCSClaimReportRPT04,SubmitterClaimID,No,,,,
GCSClaimReportRPT04,ServiceFromDate,Yes,STATIC_OFFSET,,,
GCSClaimReportRPT04,TotalClaimCharge,No,,,,
GCSClaimReportRPT04,PayerName,Yes,MASK,PayerName,,
GCSClaimReportRPT04,PayerID,Yes,MASK,PayerID,,
GCSClaimReportRPT04,GCSClaimReportDetailStatusID,No,,,,
GCSClaimReportRPT04,ClaimReferenceNumber,No,,,,
GCSClaimReportRPT04,nd_auto_increment_id,No,,,,
GeneticScanMedications,DrugNameID,Yes,MASK,DrugNameID,,
GeneticScanMedications,MedicationName,No,,,,
GeneticScanMedications,nd_auto_increment_id,No,,,,
GeneticScanOrder,GeneticScanOrderID,No,,,,
GeneticScanOrder,PatientID,Yes,PATIENT_ID,,,
GeneticScanOrder,CareProviderID,No,,,,
GeneticScanOrder,OrderID,No,,,,
GeneticScanOrder,PhysicianID,No,,,,
GeneticScanOrder,ProductID,No,,,,
GeneticScanOrder,ProductName,No,,,,
GeneticScanOrder,OrderStatus,No,,,,
GeneticScanOrder,OrderDate,Yes,STATIC_OFFSET,,,
GeneticScanOrder,ReadyDate,No,,,,
GeneticScanOrder,Createdate,Yes,STATIC_OFFSET,,,
GeneticScanOrder,LastModifiedDate,Yes,STATIC_OFFSET,,,
GeneticScanOrder,Enabled,No,,,,
GeneticScanOrder,BatchGUID,No,,,,
GeneticScanOrder,nd_auto_increment_id,No,,,,
GL_CareProviders,CareProviderID,No,,,,
GL_CareProviders,ExternalID,No,,,,
GL_CareProviders,nd_auto_increment_id,No,,,,
GL_Department,GLDepartmentID,No,,,,
GL_Department,ExternalID,No,,,,
GL_Department,Name,No,,,,
GL_Department,Description,No,,,,
GL_Department,RevenueCategoryID,No,,,,
GL_Department,LocationID,No,,,,
GL_Department,nd_auto_increment_id,No,,,,
GL_ExclusionEntity,GLRuleID,No,,,,
GL_ExclusionEntity,EntityID,No,,,,
GL_ExclusionEntity,EntityType,No,,,,
GL_ExclusionEntity,nd_auto_increment_id,No,,,,
GL_ExclusionPayToEntity,GLRuleID,No,,,,
GL_ExclusionPayToEntity,EntityID,No,,,,
GL_ExclusionPayToEntity,EntityType,No,,,,
GL_ExclusionPayToEntity,nd_auto_increment_id,No,,,,
GL_PayToEntity,GLRuleID,No,,,,
GL_PayToEntity,EntityID,No,,,,
GL_PayToEntity,EntityType,No,,,,
GL_PayToEntity,PayToType,No,,,,
GL_PayToEntity,PayPct,No,,,,
GL_PayToEntity,nd_auto_increment_id,No,,,,
GL_ProcedureCode,ProcedureCode,No,,,,
GL_ProcedureCode,Medicare,No,,,,
GL_ProcedureCode,BCBS,No,,,,
GL_ProcedureCode,Other,No,,,,
GL_ProcedureCode,nd_auto_increment_id,No,,,,
GL_ReportData,GLSessionID,No,,,,
GL_ReportData,GLID,No,,,,
GL_ReportData,GLRuleID,No,,,,
GL_ReportData,DateOfService,Yes,STATIC_OFFSET,,,
GL_ReportData,PostingDate,Yes,STATIC_OFFSET,,,
GL_ReportData,PatientID,Yes,PATIENT_ID,,,
GL_ReportData,PatientName,Yes,MASK,PatientName,,
GL_ReportData,AdjustmentType,No,,,,
GL_ReportData,BillableProviderID,No,,,,
GL_ReportData,BillableProviderName,Yes,MASK,BillableProviderName,,
GL_ReportData,PracticeLocation,No,,,,
GL_ReportData,PracticeLocationID,No,,,,
GL_ReportData,ServiceLocationID,No,,,,
GL_ReportData,ServiceLocationName,No,,,,
GL_ReportData,RevenueCategoryID,No,,,,
GL_ReportData,RevenueCategory,No,,,,
GL_ReportData,ProcedureCode,No,,,,
GL_ReportData,ProcedureCodeAlternate,No,,,,
GL_ReportData,ProcedureModifiers,No,,,,
GL_ReportData,RenderingProviderID,No,,,,
GL_ReportData,RenderingProviderName,Yes,MASK,RenderingProviderName,,
GL_ReportData,ReferringProviderID,Yes,MASK,ReferringProviderID,,
GL_ReportData,ReferringProviderName,Yes,MASK,ReferringProviderName,,
GL_ReportData,TransactionType,No,,,,
GL_ReportData,InsurancePlanID,Yes,MASK,InsurancePlanID,,
GL_ReportData,InsuranceType,No,,,,
GL_ReportData,TransactionAmount,No,,,,
GL_ReportData,ChargeUnits,No,,,,
GL_ReportData,PlanClassname,No,,,,
GL_ReportData,ServiceDetailID,No,,,,
GL_ReportData,GLTranAmount,No,,,,
GL_ReportData,PayPctOverride,No,,,,
GL_ReportData,PayDepartmentID,No,,,,
GL_ReportData,PayDepartmentName,No,,,,
GL_ReportData,PayProviderID,No,,,,
GL_ReportData,PayProviderName,Yes,MASK,PayProviderName,,
GL_ReportData,PayProv1PctSplit,No,,,,
GL_ReportData,PayProvider2ID,No,,,,
GL_ReportData,PayProvider2Name,No,,,,
GL_ReportData,PayProv2PctSplit,No,,,,
GL_ReportData,Medicare,No,,,,
GL_ReportData,BCBS,No,,,,
GL_ReportData,Other,No,,,,
GL_ReportData,TCPayAmount,No,,,,
GL_ReportData,PCPayAmount,No,,,,
GL_ReportData,PC1PayAmount,No,,,,
GL_ReportData,PC2PayAmount,No,,,,
GL_ReportData,StarkRule,No,,,,
GL_ReportData,GLLocationID,No,,,,
GL_ReportData,GLPayID,No,,,,
GL_ReportData,GLPayName,No,,,,
GL_ReportData,GLPayAmount,No,,,,
GL_ReportData,WorkRVU,No,,,,
GL_ReportData,MalPracticeRVU,No,,,,
GL_ReportData,PracticeExpenseRVU,No,,,,
GL_ReportData,nd_auto_increment_id,No,,,,
GL_ReportDataHistory,GLSessionID,No,,,,
GL_ReportDataHistory,GLID,No,,,,
GL_ReportDataHistory,GLRuleID,No,,,,
GL_ReportDataHistory,DateOfService,Yes,STATIC_OFFSET,,,
GL_ReportDataHistory,PostingDate,No,,,,
GL_ReportDataHistory,PatientID,Yes,PATIENT_ID,,,
GL_ReportDataHistory,PatientName,Yes,MASK,PatientName,,
GL_ReportDataHistory,AdjustmentType,No,,,,
GL_ReportDataHistory,BillableProviderID,No,,,,
GL_ReportDataHistory,BillableProviderName,Yes,MASK,BillableProviderName,,
GL_ReportDataHistory,PracticeLocation,No,,,,
GL_ReportDataHistory,PracticeLocationID,No,,,,
GL_ReportDataHistory,ServiceLocationID,No,,,,
GL_ReportDataHistory,ServiceLocationName,No,,,,
GL_ReportDataHistory,RevenueCategoryID,No,,,,
GL_ReportDataHistory,RevenueCategory,No,,,,
GL_ReportDataHistory,ProcedureCode,No,,,,
GL_ReportDataHistory,ProcedureCodeAlternate,No,,,,
GL_ReportDataHistory,ProcedureModifiers,No,,,,
GL_ReportDataHistory,RenderingProviderID,No,,,,
GL_ReportDataHistory,RenderingProviderName,Yes,MASK,RenderingProviderName,,
GL_ReportDataHistory,ReferringProviderID,Yes,MASK,ReferringProviderID,,
GL_ReportDataHistory,ReferringProviderName,Yes,MASK,ReferringProviderName,,
GL_ReportDataHistory,TransactionType,No,,,,
GL_ReportDataHistory,InsurancePlanID,Yes,MASK,InsurancePlanID,,
GL_ReportDataHistory,InsuranceType,No,,,,
GL_ReportDataHistory,TransactionAmount,No,,,,
GL_ReportDataHistory,ChargeUnits,No,,,,
GL_ReportDataHistory,PlanClassname,No,,,,
GL_ReportDataHistory,ServiceDetailID,No,,,,
GL_ReportDataHistory,GLTranAmount,No,,,,
GL_ReportDataHistory,PayPctOverride,No,,,,
GL_ReportDataHistory,PayDepartmentID,No,,,,
GL_ReportDataHistory,PayDepartmentName,No,,,,
GL_ReportDataHistory,PayProviderID,No,,,,
GL_ReportDataHistory,PayProviderName,No,,,,
GL_ReportDataHistory,PayProv1PctSplit,No,,,,
GL_ReportDataHistory,PayProvider2ID,No,,,,
GL_ReportDataHistory,PayProvider2Name,No,,,,
GL_ReportDataHistory,PayProv2PctSplit,No,,,,
GL_ReportDataHistory,Medicare,No,,,,
GL_ReportDataHistory,BCBS,Yes,MASK,BCBS,,
GL_ReportDataHistory,Other,No,,,,
GL_ReportDataHistory,TCPayAmount,No,,,,
GL_ReportDataHistory,PCPayAmount,No,,,,
GL_ReportDataHistory,PC1PayAmount,No,,,,
GL_ReportDataHistory,PC2PayAmount,No,,,,
GL_ReportDataHistory,StarkRule,No,,,,
GL_ReportDataHistory,GLLocationID,No,,,,
GL_ReportDataHistory,GLPayID,No,,,,
GL_ReportDataHistory,GLPayName,No,,,,
GL_ReportDataHistory,GLPayAmount,No,,,,
GL_ReportDataHistory,WorkRVU,No,,,,
GL_ReportDataHistory,MalPracticeRVU,No,,,,
GL_ReportDataHistory,PracticeExpenseRVU,No,,,,
GL_ReportDataHistory,nd_auto_increment_id,No,,,,
GL_Rule,GLRuleID,No,,,,
GL_Rule,Name,No,,,,
GL_Rule,Description,No,,,,
GL_Rule,RevenueCategoryID,No,,,,
GL_Rule,Modifier,No,,,,
GL_Rule,TCPct,No,,,,
GL_Rule,PCPct,No,,,,
GL_Rule,Pay100ToExclusion,No,,,,
GL_Rule,UseStark,No,,,,
GL_Rule,CurrDateTime,Yes,STATIC_OFFSET,,,
GL_Rule,nd_auto_increment_id,No,,,,
GL_RuleLocation,GLRuleID,No,,,,
GL_RuleLocation,LocationID,No,,,,
GL_RuleLocation,nd_auto_increment_id,No,,,,
GL_RuleProcedure,GLRuleID,No,,,,
GL_RuleProcedure,ProcedureCode,No,,,,
GL_RuleProcedure,nd_auto_increment_id,No,,,,
GL_RuleProvider,GLRuleID,No,,,,
GL_RuleProvider,CareProviderID,Yes,MASK,CareProviderID,,
GL_RuleProvider,nd_auto_increment_id,No,,,,
GL_Session,GLSessionID,No,,,,
GL_Session,GLFromDate,Yes,STATIC_OFFSET,,,
GL_Session,GLToDate,No,,,,
GL_Session,GLSessionName,No,,,,
GL_Session,GLRunDate,Yes,STATIC_OFFSET,,,
GL_Session,nd_auto_increment_id,No,,,,
GLCodeGrid,GLCodeGridID,No,,,,
GLCodeGrid,GLFormatID,No,,,,
GLCodeGrid,GLTransactionCategoryID,No,,,,
GLCodeGrid,RenderingCareProviderID,Yes,MASK,RenderingCareProviderID,,
GLCodeGrid,BillableCareProviderID,Yes,MASK,BillableCareProviderID,,
GLCodeGrid,InsurancePlanClassID,Yes,MASK,InsurancePlanClassID,,
GLCodeGrid,InsuranceProviderID,Yes,MASK,InsuranceProviderID,,
GLCodeGrid,InsurancePlanID,Yes,MASK,InsurancePlanID,,
GLCodeGrid,RevenueCategoryID,No,,,,
GLCodeGrid,PracticeLocationID,No,,,,
GLCodeGrid,ServiceLocationID,No,,,,
GLCodeGrid,AdjustmentTypeID,No,,,,
GLCodeGrid,AdjustmentSubTypeID,No,,,,
GLCodeGrid,VisitTypeID,No,,,,
GLCodeGrid,TypeOfServiceCode,No,,,,
GLCodeGrid,PlaceOfServiceCode,No,,,,
GLCodeGrid,CreditGLCodeProfessional,No,,,,
GLCodeGrid,CreditGLCodeTechnical,No,,,,
GLCodeGrid,DebitGLCodeProfessional,No,,,,
GLCodeGrid,DebitGLCodeTechnical,No,,,,
GLCodeGrid,CreatedOn,Yes,STATIC_OFFSET,,,
GLCodeGrid,CreatedBy_UserID,No,,,,
GLCodeGrid,ModifiedOn,No,,,,
GLCodeGrid,ModifiedBy_UserID,No,,,,
GLCodeGrid,nd_auto_increment_id,No,,,,
GLFileFormat,GLFileFormatID,No,,,,
GLFileFormat,Description,No,,,,
GLFileFormat,nd_auto_increment_id,No,,,,
GLFormat,GLFormatID,No,,,,
GLFormat,Name,No,,,,
GLFormat,Description,No,,,,
GLFormat,GLFileFormatID,No,,,,
GLFormat,CreatedOn,Yes,STATIC_OFFSET,,,
GLFormat,CreatedBy_UserID,No,,,,
GLFormat,ModifiedOn,No,,,,
GLFormat,ModifiedBy_UserID,No,,,,
GLFormat,nd_auto_increment_id,No,,,,
GLFormatAudit,GLFormatAuditID,No,,,,
GLFormatAudit,GLFormatID,No,,,,
GLFormatAudit,Name,No,,,,
GLFormatAudit,Description,No,,,,
GLFormatAudit,GLFileFormatID,No,,,,
GLFormatAudit,Deleted,No,,,,
GLFormatAudit,CreatedOn,Yes,STATIC_OFFSET,,,
GLFormatAudit,CreatedBy_UserID,Yes,MASK,CreatedBy_UserID,,
GLFormatAudit,nd_auto_increment_id,No,,,,
GLFormatSplit,GLFormatID,No,,,,
GLFormatSplit,GLTransactionCategoryID,No,,,,
GLFormatSplit,Split,No,,,,
GLFormatSplit,CreatedOn,Yes,STATIC_OFFSET,,,
GLFormatSplit,CreatedBy_UserID,No,,,,
GLFormatSplit,ModifiedOn,No,,,,
GLFormatSplit,ModifiedBy_UserID,No,,,,
GLFormatSplit,nd_auto_increment_id,No,,,,
GLSegment,GLSegmentID,No,,,,
GLSegment,GLFormatID,No,,,,
GLSegment,SegmentNumber,No,,,,
GLSegment,GLSegmentTypeID,No,,,,
GLSegment,PrefillValue,No,,,,
GLSegment,Length,No,,,,
GLSegment,StaticValue,No,,,,
GLSegment,CreatedOn,Yes,STATIC_OFFSET,,,
GLSegment,CreatedBy_UserID,No,,,,
GLSegment,ModifiedOn,No,,,,
GLSegment,ModifiedBy_UserID,No,,,,
GLSegment,nd_auto_increment_id,No,,,,
GLSegmentAudit,GLSegmentAuditID,No,,,,
GLSegmentAudit,GLSegmentID,No,,,,
GLSegmentAudit,SegmentNumber,No,,,,
GLSegmentAudit,GLSegmentTypeID,No,,,,
GLSegmentAudit,PrefillValue,No,,,,
GLSegmentAudit,Length,No,,,,
GLSegmentAudit,StaticValue,No,,,,
GLSegmentAudit,Deleted,No,,,,
GLSegmentAudit,CreatedOn,Yes,STATIC_OFFSET,,,
GLSegmentAudit,CreatedBy_UserID,No,,,,
GLSegmentAudit,nd_auto_increment_id,No,,,,
GLSegmentType,GLSegmentTypeID,No,,,,
GLSegmentType,Description,No,,,,
GLSegmentType,nd_auto_increment_id,No,,,,
GLSegmentValue,GLSegmentValueID,No,,,,
GLSegmentValue,GLSegmentID,No,,,,
GLSegmentValue,GLTransactionTypeID,No,,,,
GLSegmentValue,GLTransactionCategoryID,No,,,,
GLSegmentValue,ValueProfessional,No,,,,
GLSegmentValue,ValueTechnical,No,,,,
GLSegmentValue,GLSegmentVariableMapID,No,,,,
GLSegmentValue,CreatedOn,Yes,STATIC_OFFSET,,,
GLSegmentValue,CreatedBy_UserID,No,,,,
GLSegmentValue,ModifiedOn,No,,,,
GLSegmentValue,ModifiedBy_UserID,No,,,,
GLSegmentValue,nd_auto_increment_id,No,,,,
GLSegmentValueAudit,GLSegmentValueAuditID,No,,,,
GLSegmentValueAudit,GLSegmentValueID,No,,,,
GLSegmentValueAudit,GLTransactionTypeID,No,,,,
GLSegmentValueAudit,GLTransactionCategoryID,No,,,,
GLSegmentValueAudit,ValueProfessional,No,,,,
GLSegmentValueAudit,ValueTechnical,No,,,,
GLSegmentValueAudit,GLSegmentVariableMapID,No,,,,
GLSegmentValueAudit,Deleted,No,,,,
GLSegmentValueAudit,CreatedOn,Yes,STATIC_OFFSET,,,
GLSegmentValueAudit,CreatedBy_UserID,No,,,,
GLSegmentValueAudit,nd_auto_increment_id,No,,,,
GLSegmentVariableMap,GLSegmentVariableMapID,No,,,,
GLSegmentVariableMap,GLVariableTypeID,No,,,,
GLSegmentVariableMap,Name,No,,,,
GLSegmentVariableMap,Length,No,,,,
GLSegmentVariableMap,CreatedOn,No,,,,
GLSegmentVariableMap,CreatedBy_UserID,No,,,,
GLSegmentVariableMap,ModifiedOn,No,,,,
GLSegmentVariableMap,ModifiedBy_UserID,No,,,,
GLSegmentVariableMap,nd_auto_increment_id,No,,,,
GLSegmentVariableMapAudit,GLSegmentVariableMapAuditID,No,,,,
GLSegmentVariableMapAudit,GLSegmentVariableMapID,No,,,,
GLSegmentVariableMapAudit,GLVariableTypeID,No,,,,
GLSegmentVariableMapAudit,Name,No,,,,
GLSegmentVariableMapAudit,Length,No,,,,
GLSegmentVariableMapAudit,Deleted,No,,,,
GLSegmentVariableMapAudit,CreatedOn,Yes,STATIC_OFFSET,,,
GLSegmentVariableMapAudit,CreatedBy_UserID,No,,,,
GLSegmentVariableMapAudit,nd_auto_increment_id,No,,,,
GLSegmentVariableMapValue,GLSegmentVariableMapValueID,No,,,,
GLSegmentVariableMapValue,GLSegmentVariableMapID,No,,,,
GLSegmentVariableMapValue,VariableValue,No,,,,
GLSegmentVariableMapValue,MapValueProfessional,No,,,,
GLSegmentVariableMapValue,MapValueTechnical,No,,,,
GLSegmentVariableMapValue,CreatedOn,Yes,STATIC_OFFSET,,,
GLSegmentVariableMapValue,CreatedBy_UserID,No,,,,
GLSegmentVariableMapValue,ModifiedOn,No,,,,
GLSegmentVariableMapValue,ModifiedBy_UserID,No,,,,
GLSegmentVariableMapValue,nd_auto_increment_id,No,,,,
GLSegmentVariableMapValueAudit,GLSegmentVariableMapValueAuditID,No,,,,
GLSegmentVariableMapValueAudit,GLSegmentVariableMapValueID,No,,,,
GLSegmentVariableMapValueAudit,GLSegmentVariableMapID,No,,,,
GLSegmentVariableMapValueAudit,VariableValue,No,,,,
GLSegmentVariableMapValueAudit,MapValueProfessional,No,,,,
GLSegmentVariableMapValueAudit,MapValueTechnical,No,,,,
GLSegmentVariableMapValueAudit,Deleted,No,,,,
GLSegmentVariableMapValueAudit,CreatedOn,Yes,STATIC_OFFSET,,,
GLSegmentVariableMapValueAudit,CreatedBy_UserID,No,,,,
GLSegmentVariableMapValueAudit,nd_auto_increment_id,No,,,,
GLTransactionCategory,GLTransactionCategoryID,No,,,,
GLTransactionCategory,Description,No,,,,
GLTransactionCategory,nd_auto_increment_id,No,,,,
GLTransactionType,GLTransactionTypeID,No,,,,
GLTransactionType,Description,No,,,,
GLTransactionType,nd_auto_increment_id,No,,,,
GLVariableType,GLVariableTypeID,No,,,,
GLVariableType,Description,No,,,,
GLVariableType,nd_auto_increment_id,No,,,,
GMTAPIPSUpgradeFlag,GMTAPIVersion,No,,,,
GMTAPIPSUpgradeFlag,CanUpgrade,No,,,,
GMTAPIPSUpgradeFlag,nd_auto_increment_id,No,,,,
GMTPollingServicesPriority,PriorityID,No,,,,
GMTPollingServicesPriority,PriorityDescription,No,,,,
GMTPollingServicesPriority,IsActive,No,,,,
GMTPollingServicesPriority,CreatedBy,No,,,,
GMTPollingServicesPriority,CreatedDate,Yes,STATIC_OFFSET,,,
GMTPollingServicesPriority,UpdatedBy,No,,,,
GMTPollingServicesPriority,UpdatedDate,Yes,STATIC_OFFSET,,,
GMTPollingServicesPriority,nd_auto_increment_id,No,,,,
GMTPollingServicesSettings,GMTPollingServicesID,No,,,,
GMTPollingServicesSettings,ServiceName,No,,,,
GMTPollingServicesSettings,Assembly,No,,,,
GMTPollingServicesSettings,TypeName,No,,,,
GMTPollingServicesSettings,IsEnabled,No,,,,
GMTPollingServicesSettings,TypeID,No,,,,
GMTPollingServicesSettings,IsOneTimeStart,No,,,,
GMTPollingServicesSettings,TimeIntervalInSeconds,No,,,,
GMTPollingServicesSettings,PriorityID,No,,,,
GMTPollingServicesSettings,StartTime,Yes,STATIC_OFFSET,,,
GMTPollingServicesSettings,EndTime,Yes,STATIC_OFFSET,,,
GMTPollingServicesSettings,CreatedBy,No,,,,
GMTPollingServicesSettings,CreatedDate,Yes,STATIC_OFFSET,,,
GMTPollingServicesSettings,UpdatedBy,No,,,,
GMTPollingServicesSettings,UpdatedDate,Yes,STATIC_OFFSET,,,
GMTPollingServicesSettings,nd_auto_increment_id,No,,,,
GMTPollingServicesType,TypeID,No,,,,
GMTPollingServicesType,TypeDescription,No,,,,
GMTPollingServicesType,IsActive,No,,,,
GMTPollingServicesType,CreatedBy,No,,,,
GMTPollingServicesType,CreatedDate,Yes,STATIC_OFFSET,,,
GMTPollingServicesType,UpdatedBy,No,,,,
GMTPollingServicesType,UpdatedDate,Yes,STATIC_OFFSET,,,
GMTPollingServicesType,nd_auto_increment_id,No,,,,
GMTSystemDefaults,DefaultReference,No,,,,
GMTSystemDefaults,Description,No,,,,
GMTSystemDefaults,DefaultValue,No,,,,
GMTSystemDefaults,LastModified,Yes,STATIC_OFFSET,,,
GMTSystemDefaults,UserID,No,,,,
GMTSystemDefaults,nd_auto_increment_id,No,,,,
GMTSytemDefaults_D61671_Backup,LocalSiteID,No,,,,
GMTSytemDefaults_D61671_Backup,DefaultReference,No,,,,
GMTSytemDefaults_D61671_Backup,DEFAULTVALUE,No,,,,
GMTSytemDefaults_D61671_Backup,LASTMODIFIED,No,,,,
GMTSytemDefaults_D61671_Backup,LASTMODIFIEDSHOULDBE,No,,,,
GMTSytemDefaults_D61671_Backup,NOTE,No,,,,
GMTSytemDefaults_D61671_Backup,BACKUPDATE,No,,,,
GMTSytemDefaults_D61671_Backup,nd_auto_increment_id,No,,,,
GPMessageNotification,UserID,No,,,,
GPMessageNotification,UnReadMessage,No,,,,
GPMessageNotification,CreatedDateTime,Yes,STATIC_OFFSET,,,
GPMessageNotification,CreatedBy,No,,,,
GPMessageNotification,UpdatedDateTime,Yes,STATIC_OFFSET,,,
GPMessageNotification,UpdatedBy,No,,,,
GPMessageNotification,nd_auto_increment_id,No,,,,
GPVisitReadyForBilling,VisitID,Yes,ENCOUNTER_ID,,,
GPVisitReadyForBilling,PatientID,Yes,PATIENT_ID,,,
GPVisitReadyForBilling,GPBillingStatusID,No,,,,
GPVisitReadyForBilling,SubmitUTCDateTime,Yes,STATIC_OFFSET,,,
GPVisitReadyForBilling,CreateDateTime,Yes,STATIC_OFFSET,,,
GPVisitReadyForBilling,CreatedBy,No,,,,
GPVisitReadyForBilling,UpdatedDateTime,Yes,STATIC_OFFSET,,,
GPVisitReadyForBilling,UpdatedBy,No,,,,
GPVisitReadyForBilling,nd_auto_increment_id,No,,,,
GPVisitReadyForBillingStatus,GPBillingStatusID,No,,,,
GPVisitReadyForBillingStatus,Description,No,,,,
GPVisitReadyForBillingStatus,nd_auto_increment_id,No,,,,
GreenwayWebServiceLookup,ServiceId,No,,,,
GreenwayWebServiceLookup,ServiceName,No,,,,
GreenwayWebServiceLookup,nd_auto_increment_id,No,,,,
GreenwayWebServiceModeLookup,ModeId,No,,,,
GreenwayWebServiceModeLookup,ModeName,No,,,,
GreenwayWebServiceModeLookup,nd_auto_increment_id,No,,,,
GreenwayWebServices,ServiceId,No,,,,
GreenwayWebServices,UserId,Yes,MASK,UserId,,
GreenwayWebServices,PassWord,Yes,MASK,PassWord,,
GreenwayWebServices,URL,Yes,MASK,URL,,
GreenwayWebServices,ModeId,No,,,,
GreenwayWebServices,Active,No,,,,
GreenwayWebServices,nd_auto_increment_id,No,,,,
GroupAdministrationSetServiceLocation,GroupServiceLocationID,No,,,,
GroupAdministrationSetServiceLocation,GroupID,No,,,,
GroupAdministrationSetServiceLocation,ServiceLocationID,No,,,,
GroupAdministrationSetServiceLocation,nd_auto_increment_id,No,,,,
GroupBasedAccess,GroupID,No,,,,
GroupBasedAccess,AccessLevel,No,,,,
GroupBasedAccess,nd_auto_increment_id,No,,,,
GroupList,GroupID,No,,,,
GroupList,MessageUserID,No,,,,
GroupList,SiteID,No,,,,
GroupList,UserID,No,,,,
GroupList_preMig,GroupID,No,,,,
GroupList_preMig,SiteID,No,,,,
GroupList_preMig,UserID,No,,,,
GroupList_preMig,nd_auto_increment_id,No,,,,
GroupRights,GroupID,No,,,,
GroupRights,ActionID,No,,,,
GroupRights,Permission,No,,,,
GroupRights,nd_auto_increment_id,No,,,,
Groups,GroupID,No,,,,
Groups,GroupName,No,,,,
Groups,GroupDesc,No,,,,
Groups,GroupType,No,,,,
Groups,Enabled,No,,,,
Groups,Messaging,No,,,,
Groups,ServiceLocationID,No,,,,
GroupTypes,GroupTypeID,No,,,,
GroupTypes,GroupTypeName,No,,,,
GroupTypes,nd_auto_increment_id,No,,,,
GuarantorPatientTypes,GuPatTypeID,No,,,,
GuarantorPatientTypes,Name,Yes,MASK,Name,,
GuarantorPatientTypes,nd_auto_increment_id,No,,,,
HCPCSCodeLibrary,HCPCSCodeLibraryID,No,,,,
HCPCSCodeLibrary,Description,No,,,,
HCPCSCodeLibrary,HCPCS,No,,,,
HCPCSCodeLibrary,SNOMED,No,,,,
HCPCSCodeLibrary,nd_auto_increment_id,No,,,,
HistoricalVaccineSrcCodingSystem,VacHistoricalVaccineSrcID,No,,,,
HistoricalVaccineSrcCodingSystem,CodingSystemID,No,,,,
HistoricalVaccineSrcCodingSystem,CodeID,No,,,,
HistoricalVaccineSrcCodingSystem,nd_auto_increment_id,No,,,,
HistoryVocabEOrdersMigration_ClinicalProcedureExport,ProcedureID,No,,,,
HistoryVocabEOrdersMigration_ClinicalProcedureExport,DocumentID,No,,,,
HistoryVocabEOrdersMigration_ClinicalProcedureExport,ProcedureMasterID,No,,,,
HistoryVocabEOrdersMigration_ClinicalProcedureExport,ProcedureCode,No,,,,
HistoryVocabEOrdersMigration_ClinicalProcedureExport,Unit,No,,,,
HistoryVocabEOrdersMigration_ClinicalProcedureExport,Description,Yes,NOTES,,,
HistoryVocabEOrdersMigration_ClinicalProcedureExport,DocumentVersion,No,,,,
HistoryVocabEOrdersMigration_ClinicalProcedureExport,Disabled,No,,,,
HistoryVocabEOrdersMigration_ClinicalProcedureExport,Processed,No,,,,
HistoryVocabEOrdersMigration_ClinicalProcedureExport,Billable,No,,,,
HistoryVocabEOrdersMigration_ClinicalProcedureExport,Mod4,No,,,,
HistoryVocabEOrdersMigration_ClinicalProcedureExport,Mod3,No,,,,
HistoryVocabEOrdersMigration_ClinicalProcedureExport,Mod2,No,,,,
HistoryVocabEOrdersMigration_ClinicalProcedureExport,Mod1,No,,,,
HistoryVocabEOrdersMigration_ClinicalProcedureExport,nd_auto_increment_id,No,,,,
HistoryVocabEOrdersMigration_DataSourceCodeException,DataSourceId,No,,,,
HistoryVocabEOrdersMigration_DataSourceCodeException,ConceptTypeID,No,,,,
HistoryVocabEOrdersMigration_DataSourceCodeException,Code,No,,,,
HistoryVocabEOrdersMigration_DataSourceCodeException,nd_auto_increment_id,No,,,,
HistoryVocabEOrdersMigration_DataSourceFacilityTestCode,ProcedureMasterID,No,,,,
HistoryVocabEOrdersMigration_DataSourceFacilityTestCode,DataSourceFacilityID,No,,,,
HistoryVocabEOrdersMigration_DataSourceFacilityTestCode,LabTestCode,No,,,,
HistoryVocabEOrdersMigration_DataSourceFacilityTestCode,OrderNumber,No,,,,
HistoryVocabEOrdersMigration_DataSourceFacilityTestCode,nd_auto_increment_id,No,,,,
HistoryVocabEOrdersMigration_DataSourceFacilityTestCodeDescription,DataSourceFacilityID,No,,,,
HistoryVocabEOrdersMigration_DataSourceFacilityTestCodeDescription,LabTestCode,No,,,,
HistoryVocabEOrdersMigration_DataSourceFacilityTestCodeDescription,LabTestCodeDescription,No,,,,
HistoryVocabEOrdersMigration_DataSourceFacilityTestCodeDescription,nd_auto_increment_id,No,,,,
HistoryVocabEOrdersMigration_FilterconditionValue,ConditionListID,No,,,,
HistoryVocabEOrdersMigration_FilterconditionValue,ConditionID,No,,,,
HistoryVocabEOrdersMigration_FilterconditionValue,FilterID,No,,,,
HistoryVocabEOrdersMigration_FilterconditionValue,Value,No,,,,
HistoryVocabEOrdersMigration_FilterconditionValue,Priority,No,,,,
HistoryVocabEOrdersMigration_FilterconditionValue,FunctionType,No,,,,
HistoryVocabEOrdersMigration_FilterconditionValue,nd_auto_increment_id,No,,,,
HistoryVocabEOrdersMigration_OBXAdminDataSource,OBXConceptID,No,,,,
HistoryVocabEOrdersMigration_OBXAdminDataSource,DataSourceId,No,,,,
HistoryVocabEOrdersMigration_OBXAdminDataSource,Code,No,,,,
HistoryVocabEOrdersMigration_OBXAdminDataSource,nd_auto_increment_id,No,,,,
HistoryVocabEOrdersMigration_OrdAdminDataSource,OrdConceptID,No,,,,
HistoryVocabEOrdersMigration_OrdAdminDataSource,DataSourceId,No,,,,
HistoryVocabEOrdersMigration_OrdAdminDataSource,Code,No,,,,
HistoryVocabEOrdersMigration_OrdAdminDataSource,nd_auto_increment_id,No,,,,
HistoryVocabEOrdersMigration_OrdAdminDataSourceHistory,ConceptHistoryID,No,,,,
HistoryVocabEOrdersMigration_OrdAdminDataSourceHistory,OrdConceptID,No,,,,
HistoryVocabEOrdersMigration_OrdAdminDataSourceHistory,DataSourceId,No,,,,
HistoryVocabEOrdersMigration_OrdAdminDataSourceHistory,Code,No,,,,
HistoryVocabEOrdersMigration_OrdAdminDataSourceHistory,HistoryAction,No,,,,
HistoryVocabEOrdersMigration_OrdAdminDataSourceHistory,nd_auto_increment_id,No,,,,
HistoryVocabEOrdersMigration_OrderSetMember,OrderSetConceptId,No,,,,
HistoryVocabEOrdersMigration_OrderSetMember,OrdConceptID,No,,,,
HistoryVocabEOrdersMigration_OrderSetMember,SynID,No,,,,
HistoryVocabEOrdersMigration_OrderSetMember,OrderSetMemberSeqNo,No,,,,
HistoryVocabEOrdersMigration_OrderSetMember,ProcedureMasterId,No,,,,
HistoryVocabEOrdersMigration_OrderSetMember,code,No,,,,
HistoryVocabEOrdersMigration_OrderSetMember,basecode,No,,,,
HistoryVocabEOrdersMigration_OrderSetMember,nd_auto_increment_id,No,,,,
HistoryVocabEOrdersMigration_OrderSetMemberHistory,ConceptHistoryID,No,,,,
HistoryVocabEOrdersMigration_OrderSetMemberHistory,OrderSetConceptID,No,,,,
HistoryVocabEOrdersMigration_OrderSetMemberHistory,OrdConceptID,No,,,,
HistoryVocabEOrdersMigration_OrderSetMemberHistory,SynID,No,,,,
HistoryVocabEOrdersMigration_OrderSetMemberHistory,OrderSetMemberSeqNo,No,,,,
HistoryVocabEOrdersMigration_OrderSetMemberHistory,HistoryAction,No,,,,
HistoryVocabEOrdersMigration_OrderSetMemberHistory,ProcedureMasterId,No,,,,
HistoryVocabEOrdersMigration_OrderSetMemberHistory,code,No,,,,
HistoryVocabEOrdersMigration_OrderSetMemberHistory,basecode,No,,,,
HistoryVocabEOrdersMigration_OrderSetMemberHistory,nd_auto_increment_id,No,,,,
HistoryVocabEOrdersMigration_OrdersTrackingFollowupTasks,FUTaskID,No,,,,
HistoryVocabEOrdersMigration_OrdersTrackingFollowupTasks,CPTCode,No,,,,
HistoryVocabEOrdersMigration_OrdersTrackingFollowupTasks,Description,Yes,GENERIC_NOTES,,,
HistoryVocabEOrdersMigration_OrdersTrackingFollowupTasks,displayorder,No,,,,
HistoryVocabEOrdersMigration_OrdersTrackingFollowupTasks,SystemDefined,No,,,,
HistoryVocabEOrdersMigration_OrdersTrackingFollowupTasks,Disabled,No,,,,
HistoryVocabEOrdersMigration_OrdersTrackingFollowupTasks,nd_auto_increment_id,No,,,,
HistoryVocabEOrdersMigration_OrdersTrackingPerformers,PerfomerID,No,,,,
HistoryVocabEOrdersMigration_OrdersTrackingPerformers,Description,No,,,,
HistoryVocabEOrdersMigration_OrdersTrackingPerformers,AddressID,No,,,,
HistoryVocabEOrdersMigration_OrdersTrackingPerformers,nd_auto_increment_id,No,,,,
HistoryVocabEOrdersMigration_OrdersTrackingSpecificFindings,FindingID,No,,,,
HistoryVocabEOrdersMigration_OrdersTrackingSpecificFindings,Description,Yes,GENERIC_NOTES,,,
HistoryVocabEOrdersMigration_OrdersTrackingSpecificFindings,CPTCode,No,,,,
HistoryVocabEOrdersMigration_OrdersTrackingSpecificFindings,SystemDefined,No,,,,
HistoryVocabEOrdersMigration_OrdersTrackingSpecificFindings,DisplayOrder,No,,,,
HistoryVocabEOrdersMigration_OrdersTrackingSpecificFindings,Disabled,No,,,,
HistoryVocabEOrdersMigration_OrdersTrackingSpecificFindings,nd_auto_increment_id,No,,,,
HistoryVocabEOrdersMigration_OrdReqOrder,OrderID,No,,,,
HistoryVocabEOrdersMigration_OrdReqOrder,DocumentID,No,,,,
HistoryVocabEOrdersMigration_OrdReqOrder,ProcedureCode,Yes,MASK,ProcedureCode,,
HistoryVocabEOrdersMigration_OrdReqOrder,Enabled,No,,,,
HistoryVocabEOrdersMigration_OrdReqOrder,OrdReqOrderStatusID,No,,,,
HistoryVocabEOrdersMigration_OrdReqOrder,Unit,No,,,,
HistoryVocabEOrdersMigration_OrdReqOrder,UserID,No,,,,
HistoryVocabEOrdersMigration_OrdReqOrder,CreateDate,Yes,DATE_OFFSET,,,
HistoryVocabEOrdersMigration_OrdReqOrder,ProcedureGUID,No,,,,
HistoryVocabEOrdersMigration_OrdReqOrder,InterfaceProviderRoleID,No,,,,
HistoryVocabEOrdersMigration_OrdReqOrder,InterfaceProviderOrderCode,No,,,,
HistoryVocabEOrdersMigration_OrdReqOrder,OrdReqOrderDescription,Yes,NOTES,,,
HistoryVocabEOrdersMigration_OrdReqOrder,OrdReqTransactionID,No,,,,
HistoryVocabEOrdersMigration_OrdReqOrder,LastChangedDate,Yes,DATE_OFFSET,,,
HistoryVocabEOrdersMigration_OrdReqOrder,LastChangedBy,Yes,MASK,LastChangedBy,,
HistoryVocabEOrdersMigration_OrdReqOrder,DataSourceId,No,,,,
HistoryVocabEOrdersMigration_OrdReqOrder,Comment,Yes,NOTES,,,
HistoryVocabEOrdersMigration_OrdReqOrder,ModalityCode,No,,,,
HistoryVocabEOrdersMigration_OrdReqOrder,PriorityCode,No,,,,
HistoryVocabEOrdersMigration_OrdReqOrder,nd_auto_increment_id,No,,,,
HistoryVocabEOrdersMigration_OrdReqTransaction,OrdReqTransactionID,No,,,,
HistoryVocabEOrdersMigration_OrdReqTransaction,OrdReqID,No,,,,
HistoryVocabEOrdersMigration_OrdReqTransaction,InterfaceProviderRoleID,No,,,,
HistoryVocabEOrdersMigration_OrdReqTransaction,RxTxTransactionNo,No,,,,
HistoryVocabEOrdersMigration_OrdReqTransaction,OrdReqTransactionStatusID,No,,,,
HistoryVocabEOrdersMigration_OrdReqTransaction,CreateDate,Yes,STATIC_OFFSET,,,
HistoryVocabEOrdersMigration_OrdReqTransaction,UserID,No,,,,
HistoryVocabEOrdersMigration_OrdReqTransaction,LastChangedDate,No,,,,
HistoryVocabEOrdersMigration_OrdReqTransaction,LastChangedBy,No,,,,
HistoryVocabEOrdersMigration_OrdReqTransaction,DataSourceId,No,,,,
HistoryVocabEOrdersMigration_OrdReqTransaction,PracticeLocationID,No,,,,
HistoryVocabEOrdersMigration_OrdReqTransaction,LabAccountID,No,,,,
HistoryVocabEOrdersMigration_OrdReqTransaction,DataSourceFacilityID,No,,,,
HistoryVocabEOrdersMigration_OrdReqTransaction,nd_auto_increment_id,No,,,,
HistoryVocabEOrdersMigration_OrdSyn,OrdSynID,No,,,,
HistoryVocabEOrdersMigration_OrdSyn,OrdConceptID,No,,,,
HistoryVocabEOrdersMigration_OrdSyn,OrdSynonymText,No,,,,
HistoryVocabEOrdersMigration_OrdSyn,Enabled,No,,,,
HistoryVocabEOrdersMigration_OrdSyn,nd_auto_increment_id,No,,,,
HistoryVocabEOrdersMigration_PACSPriority,PriorityID,No,,,,
HistoryVocabEOrdersMigration_PACSPriority,Code,No,,,,
HistoryVocabEOrdersMigration_PACSPriority,Description,No,,,,
HistoryVocabEOrdersMigration_PACSPriority,IsActive,No,,,,
HistoryVocabEOrdersMigration_PACSPriority,nd_auto_increment_id,No,,,,
HomePregnancyTest,HomePregnancyTestID,No,,,,
HomePregnancyTest,HomePregnancyTestDesc,Yes,MASK,HomePregnancyTestDesc,,
HomePregnancyTest,nd_auto_increment_id,No,,,,
HRAErrorType,HRAErrorTypeID,No,,,,
HRAErrorType,HRAErrorDesc,No,,,,
HRAErrorType,nd_auto_increment_id,No,,,,
HRAHeaderTx,HRAHeaderTxID,No,,,,
HRAHeaderTx,SentDateTime,Yes,STATIC_OFFSET,,,
HRAHeaderTx,IntSenderReceiverID,No,,,,
HRAHeaderTx,HRAHeaderTxStagingGUID,No,,,,
HRAHeaderTx,CreatedDate,Yes,STATIC_OFFSET,,,
HRAHeaderTx,nd_auto_increment_id,No,,,,
HRAHeaderTxStaging,HRAHeaderTxStagingGUID,No,,,,
HRAHeaderTxStaging,HRAHeaderTxStagingMPID,No,,,,
HRAHeaderTxStaging,HRABinID,No,,,,
HRAHeaderTxStaging,DateTimeOfMessage,Yes,STATIC_OFFSET,,,
HRAHeaderTxStaging,SendingFacility,No,,,,
HRAHeaderTxStaging,IntSenderReceiverID,No,,,,
HRAHeaderTxStaging,IsFallOut,No,,,,
HRAHeaderTxStaging,IsInserting,No,,,,
HRAHeaderTxStaging,nd_auto_increment_id,No,,,,
HRAPatientTx,HRAPatientTxID,No,,,,
HRAPatientTx,HRAHeaderTxID,No,,,,
HRAPatientTx,PatientID,Yes,PATIENT_ID,,,
HRAPatientTx,MessageControlID,No,,,,
HRAPatientTx,ProgramID,No,,,,
HRAPatientTx,Reviewed,No,,,,
HRAPatientTx,HRAPatientTxStagingGUID,No,,,,
HRAPatientTx,CreatedDate,Yes,STATIC_OFFSET,,,
HRAPatientTx,nd_auto_increment_id,No,,,,
HRAPatientTxStaging,HRAPatientTxStagingGUID,No,,,,
HRAPatientTxStaging,HRAPatientTxStagingMPID,No,,,,
HRAPatientTxStaging,HRAHeaderTxStagingGUID,No,,,,
HRAPatientTxStaging,HRAHeaderTxStagingMPID,No,,,,
HRAPatientTxStaging,HRABinID,No,,,,
HRAPatientTxStaging,MessageControlID,No,,,,
HRAPatientTxStaging,ProgramID,No,,,,
HRAPatientTxStaging,ExternalID,No,,,,
HRAPatientTxStaging,LastName,Yes,MASK,LastName,,
HRAPatientTxStaging,FirstName,Yes,MASK,FirstName,,
HRAPatientTxStaging,DOB,Yes,PATIENT_DOB,,,
HRAPatientTxStaging,PSid,No,,,,
HRAPatientTxStaging,IsFallOut,No,,,,
HRAPatientTxStaging,IsInserting,No,,,,
HRAPatientTxStaging,nd_auto_increment_id,No,,,,
HRAPretext,PretextConceptID,No,,,,
HRAPretext,PretextDesc,No,,,,
HRAPretext,Reconciled,No,,,,
HRAPretext,Enabled,No,,,,
HRAPretext,nd_auto_increment_id,No,,,,
HRAPretextSyn,PretextSynID,No,,,,
HRAPretextSyn,PretextConceptID,No,,,,
HRAPretextSyn,PretextSynDesc,No,,,,
HRAPretextSyn,Enabled,No,,,,
HRAPretextSyn,nd_auto_increment_id,No,,,,
HRAQuestion,QuestionConceptID,No,,,,
HRAQuestion,QuestionDesc,No,,,,
HRAQuestion,Reconciled,No,,,,
HRAQuestion,Enabled,No,,,,
HRAQuestion,nd_auto_increment_id,No,,,,
HRAQuestionSyn,QuestionSynID,No,,,,
HRAQuestionSyn,QuestionConceptID,No,,,,
HRAQuestionSyn,QuestionSynDesc,No,,,,
HRAQuestionSyn,Enabled,No,,,,
HRAQuestionSyn,nd_auto_increment_id,No,,,,
HRAQuestionTx,HRAQuestionTxID,No,,,,
HRAQuestionTx,HRASectionTxID,No,,,,
HRAQuestionTx,PretextConceptID,No,,,,
HRAQuestionTx,PretextSynID,No,,,,
HRAQuestionTx,QuestionConceptID,No,,,,
HRAQuestionTx,QuestionSynID,No,,,,
HRAQuestionTx,SequenceID,No,,,,
HRAQuestionTx,Answer,No,,,,
HRAQuestionTx,nd_auto_increment_id,No,,,,
HRAQuestionTxStaging,HRAQuestionTxStagingGUID,No,,,,
HRAQuestionTxStaging,HRAQuestionTxStagingMPID,No,,,,
HRAQuestionTxStaging,HRASectionTxStagingGUID,No,,,,
HRAQuestionTxStaging,HRASectionTxStagingMPID,No,,,,
HRAQuestionTxStaging,OBXID,No,,,,
HRAQuestionTxStaging,ParentOBXID,No,,,,
HRAQuestionTxStaging,SequenceID,No,,,,
HRAQuestionTxStaging,Text,No,,,,
HRAQuestionTxStaging,Value,No,,,,
HRAQuestionTxStaging,IsInserting,No,,,,
HRAQuestionTxStaging,nd_auto_increment_id,No,,,,
HRARecommendation,HRAPatientTxID,No,,,,
HRARecommendation,HealthWellnessCoach,No,,,,
HRARecommendation,PrimaryCarePhysician,No,,,,
HRARecommendation,SpecialtyPhysician,No,,,,
HRARecommendation,DiseaseManagement,No,,,,
HRARecommendation,Dietician,No,,,,
HRARecommendation,FitnessCenter,No,,,,
HRARecommendation,ScheduleAppointment,No,,,,
HRARecommendation,NoFurtherActionNecessary,No,,,,
HRARecommendation,MemberDeclinedReview,No,,,,
HRARecommendation,Other,No,,,,
HRARecommendation,OtherRecommendation,No,,,,
HRARecommendation,ClinicalDocumentID,No,,,,
HRARecommendation,nd_auto_increment_id,No,,,,
HRASectionTx,HRASectionTxID,No,,,,
HRASectionTx,HRAPatientTxID,No,,,,
HRASectionTx,SectionName,No,,,,
HRASectionTx,SectionDateTime,Yes,STATIC_OFFSET,,,
HRASectionTx,HRASectionTxStagingGUID,No,,,,
HRASectionTx,HRASectionTxStagingMPID,No,,,,
HRASectionTx,CreatedDate,Yes,STATIC_OFFSET,,,
HRASectionTx,ReportingOnly,No,,,,
HRASectionTx,nd_auto_increment_id,No,,,,
HRASectionTxStaging,HRASectionTxStagingGUID,No,,,,
HRASectionTxStaging,HRASectionTxStagingMPID,No,,,,
HRASectionTxStaging,HRAPatientTxStagingGUID,No,,,,
HRASectionTxStaging,HRAPatientTxStagingMPID,No,,,,
HRASectionTxStaging,SectionName,No,,,,
HRASectionTxStaging,SectionDateTime,Yes,STATIC_OFFSET,,,
HRASectionTxStaging,IsInserting,No,,,,
HRASectionTxStaging,ReportingOnly,No,,,,
HRASectionTxStaging,nd_auto_increment_id,No,,,,
HTICodingSystem,SerialId,No,,,,
HTICodingSystem,CodingSystemID,No,,,,
HTICodingSystem,CodingSystemName,No,,,,
HTICodingSystem,SystemCode,No,,,,
HTICodingSystem,DisplayName,Yes,MASK,DisplayName,,
HTICodingSystem,PrintName,Yes,GENERIC_NOTES,,,
HTICodingSystem,nd_auto_increment_id,No,,,,
HWCalibration,HWCalibrationID,No,,,,
HWCalibration,HWUnitSerialID,No,,,,
HWCalibration,HWVendorID,No,,,,
HWCalibration,HWDeviceID,No,,,,
HWCalibration,TechName,No,,,,
HWCalibration,CorrectionFactor,No,,,,
HWCalibration,VerifiedVol,No,,,,
HWCalibration,DeviationPercent,No,,,,
HWCalibration,SyringeSerialID,No,,,,
HWCalibration,CreateDate,Yes,STATIC_OFFSET,,,
HWCalibration,LastModifiedDate,No,,,,
HWCalibration,nd_auto_increment_id,No,,,,
HWCalibrationHistory,HWCalibrationHistoryID,No,,,,
HWCalibrationHistory,HWCalibrationID,No,,,,
HWCalibrationHistory,HWUnitSerialID,No,,,,
HWCalibrationHistory,HWVendorID,No,,,,
HWCalibrationHistory,HWDeviceID,No,,,,
HWCalibrationHistory,TechName,No,,,,
HWCalibrationHistory,CorrectionFactor,No,,,,
HWCalibrationHistory,VerifiedVol,No,,,,
HWCalibrationHistory,DeviationPercent,No,,,,
HWCalibrationHistory,SyringeSerialID,No,,,,
HWCalibrationHistory,CreateDate,Yes,STATIC_OFFSET,,,
HWCalibrationHistory,LastModifiedDate,Yes,STATIC_OFFSET,,,
HWCalibrationHistory,nd_auto_increment_id,No,,,,
HWDevice,HWDeviceID,No,,,,
HWDevice,HWDeviceName,No,,,,
HWDevice,nd_auto_increment_id,No,,,,
HWDeviceActivation,HWVendorID,No,,,,
HWDeviceActivation,HWDeviceID,No,,,,
HWDeviceActivation,HWDeviceNumber,Yes,MASK,HWDeviceNumber,,
HWDeviceActivation,ActivationDate,Yes,STATIC_OFFSET,,,
HWDeviceActivation,UpdateAllowed,No,,,,
HWDeviceActivation,TransmissionLogID,No,,,,
HWDeviceActivation,nd_auto_increment_id,No,,,,
HWDeviceActivationHistory,HWDeviceActivationHistoryID,No,,,,
HWDeviceActivationHistory,HWVendorID,No,,,,
HWDeviceActivationHistory,HWDeviceID,No,,,,
HWDeviceActivationHistory,ActivationDate,Yes,STATIC_OFFSET,,,
HWDeviceActivationHistory,Status,No,,,,
HWDeviceActivationHistory,TransmissionLogID,No,,,,
HWDeviceActivationHistory,CreateDate,No,,,,
HWDeviceActivationHistory,nd_auto_increment_id,No,,,,
HWDeviceAuxFile,HWDeviceAuxFileName,No,,,,
HWDeviceAuxFile,HWVendorID,No,,,,
HWDeviceAuxFile,HWDeviceID,Yes,MASK,HWDeviceID,,
HWDeviceAuxFile,MachineName,No,,,,
HWDeviceAuxFile,nd_auto_increment_id,No,,,,
HWDeviceAuxFileRptName,RptName,No,,,,
HWDeviceAuxFileRptName,HWDeviceAuxFileName,No,,,,
HWDeviceAuxFileRptName,nd_auto_increment_id,No,,,,
HWPatSmokeAndAllergy,PatientID,Yes,PATIENT_ID,,,
HWPatSmokeAndAllergy,IsSmoker,No,,,,
HWPatSmokeAndAllergy,HasQuit,No,,,,
HWPatSmokeAndAllergy,YearsSmoked,No,,,,
HWPatSmokeAndAllergy,YearsQuit,No,,,,
HWPatSmokeAndAllergy,CigsPerDay,No,,,,
HWPatSmokeAndAllergy,IsAsthmatic,No,,,,
HWPatSmokeAndAllergy,CreateDate,Yes,STATIC_OFFSET,,,
HWPatSmokeAndAllergy,LastUpdate,No,,,,
HWPatSmokeAndAllergy,nd_auto_increment_id,No,,,,
HWVendor,HWVendorID,No,,,,
HWVendor,HWVendorName,Yes,MASK,HWVendorName,,
HWVendor,HWVendorCmnConfigBinCategoryID,No,,,,
HWVendor,nd_auto_increment_id,No,,,,
HWVendorAction,ActionID,No,,,,
HWVendorAction,HWVendorID,No,,,,
HWVendorAction,nd_auto_increment_id,No,,,,
HWVendorHWDevice,HWVendorID,Yes,MASK,HWVendorID,,
HWVendorHWDevice,HWDeviceID,No,,,,
HWVendorHWDevice,HWDeviceNumber,No,,,,
HWVendorHWDevice,ModelDesc,No,,,,
HWVendorHWDevice,HWConfigBinCategoryID,No,,,,
HWVendorHWDevice,CanImport,No,,,,
HWVendorHWDevice,DataSourceID,No,,,,
HWVendorHWDevice,DefaultDocTypeID,No,,,,
HWVendorHWDevice,nd_auto_increment_id,No,,,,
HWVendorHWDeviceFileType,HWVendorID,No,,,,
HWVendorHWDeviceFileType,HWDeviceID,No,,,,
HWVendorHWDeviceFileType,HWFileType,No,,,,
HWVendorHWDeviceFileType,HWDeviceNumber,No,,,,
HWVendorHWDeviceFileType,HWFileTypeDescription,No,,,,
HWVendorHWDeviceFileType,nd_auto_increment_id,No,,,,
HWVendorHWDeviceUserRight,HWVendorHWDeviceActionID,No,,,,
HWVendorHWDeviceUserRight,UserID,No,,,,
HWVendorHWDeviceUserRight,Permission,No,,,,
HWVendorHWDeviceUserRight,nd_auto_increment_id,No,,,,
IHEAvailableDocument,IHEAvailableDocumentID,No,,,,
IHEAvailableDocument,InterfaceEventID,No,,,,
IHEAvailableDocument,GMTPatientID,No,,,,
IHEAvailableDocument,GlobalPatientID,No,,,,
IHEAvailableDocument,DocumentName,No,,,,
IHEAvailableDocument,DocumentDescription,No,,,,
IHEAvailableDocument,IHEDocumentTypeID,No,,,,
IHEAvailableDocument,HomeCommunityID,No,,,,
IHEAvailableDocument,DocumentUniqueID,No,,,,
IHEAvailableDocument,RepositoryUniqueID,No,,,,
IHEAvailableDocument,DocumentCreateTime,Yes,STATIC_OFFSET,,,
IHEAvailableDocument,DocumentSize,No,,,,
IHEAvailableDocument,DocumentHash,No,,,,
IHEAvailableDocument,FormatCode,No,,,,
IHEAvailableDocument,CreateDate,No,,,,
IHEAvailableDocument,Disabled,No,,,,
IHEAvailableDocument,InterfaceStatusID,No,,,,
IHEAvailableDocument,nd_auto_increment_id,No,,,,
IHEInterfaceProviderConfig,IHEInterfaceProviderConfigID,No,,,,
IHEInterfaceProviderConfig,InterfaceProviderID,No,,,,
IHEInterfaceProviderConfig,InterfaceProviderOID,No,,,,
IHEInterfaceProviderConfig,LocalSiteOID,No,,,,
IHEInterfaceProviderConfig,LocalSiteDisplayName,No,,,,
IHEInterfaceProviderConfig,EndpointConfig,No,,,,
IHEInterfaceProviderConfig,nd_auto_increment_id,No,,,,
IHERetrieveDocument,IHERetrieveDocumentID,No,,,,
IHERetrieveDocument,IHEAvailableDocumentID,No,,,,
IHERetrieveDocument,InterfaceEventID,No,,,,
IHERetrieveDocument,InterfaceStatusID,No,,,,
IHERetrieveDocument,nd_auto_increment_id,No,,,,
ImgLibCategory,ImgLibCategoryID,No,,,,
ImgLibCategory,ImgLibCategoryName,Yes,MASK,ImgLibCategoryName,,
ImgLibCategory,ImgLibCategoryDesc,No,,,,
ImgLibCategory,CreateDate,Yes,STATIC_OFFSET,,,
ImgLibCategory,LastModified,Yes,STATIC_OFFSET,,,
ImgLibCategory,Enabled,No,,,,
ImgLibCategory,nd_auto_increment_id,No,,,,
ImgLibGroup,ImgLibGroupID,No,,,,
ImgLibGroup,ImgLibGroupName,No,,,,
ImgLibGroup,ImgLibCategoryID,No,,,,
ImgLibGroup,Enabled,No,,,,
ImgLibGroup,CreateDate,Yes,STATIC_OFFSET,,,
ImgLibGroup,nd_auto_increment_id,No,,,,
ImgLibGroupImgLibType,ImgLibGroupID,No,,,,
ImgLibGroupImgLibType,ImgLibType,No,,,,
ImgLibGroupImgLibType,DefaultDocTypeID,No,,,,
ImgLibGroupImgLibType,nd_auto_increment_id,No,,,,
ImgLibType,ImgLibTypeID,No,,,,
ImgLibType,ImgLibTypeName,No,,,,
ImgLibType,nd_auto_increment_id,No,,,,
ImmACKResponse,MessageID,No,,,,
ImmACKResponse,ResponseStatus,No,,,,
ImmACKResponse,ResponseDateTime,Yes,STATIC_OFFSET,,,
ImmACKResponse,SiteAlias,No,,,,
ImmACKResponse,Vendor,No,,,,
ImmACKResponse,ResponseNo,No,,,,
ImmACKResponse,nd_auto_increment_id,No,,,,
ImmACKResponseErrors,MessageID,No,,,,
ImmACKResponseErrors,ErrorCode,No,,,,
ImmACKResponseErrors,ErrorSource,No,,,,
ImmACKResponseErrors,ErrorDescription,No,,,,
ImmACKResponseErrors,SeqNo,No,,,,
ImmACKResponseErrors,ResponseNo,No,,,,
ImmACKResponseErrors,nd_auto_increment_id,No,,,,
ImmPatientConsent,PatientID,Yes,PATIENT_ID,,,
ImmPatientConsent,IISConsentGiven,No,,,,
ImmPatientConsent,nd_auto_increment_id,No,,,,
ImmRegistry,ImmRegistryID,No,,,,
ImmRegistry,RegistryName,No,,,,
ImmRegistry,IntSenderReceiverID,No,,,,
ImmRegistry,URL,Yes,MASK,URL,,
ImmRegistry,Domain,No,,,,
ImmRegistry,DomainID,No,,,,
ImmRegistry,Enabled,No,,,,
ImmRegistry,nd_auto_increment_id,No,,,,
ImmRegistryRequestType,ImmRegistryID,No,,,,
ImmRegistryRequestType,ImmRequestTypeID,No,,,,
ImmRegistryRequestType,nd_auto_increment_id,No,,,,
ImmReq,ImmReqID,No,,,,
ImmReq,UserID,No,,,,
ImmReq,PatientID,Yes,PATIENT_ID,,,
ImmReq,StatusID,No,,,,
ImmReq,IntKeyMapID,No,,,,
ImmReq,ProcessInitiatedDate,Yes,STATIC_OFFSET,,,
ImmReq,InitialRequestSentDate,Yes,STATIC_OFFSET,,,
ImmReq,InitialResponseReceivedDate,Yes,STATIC_OFFSET,,,
ImmReq,PatientMatchAvailableDate,Yes,STATIC_OFFSET,,,
ImmReq,PatientMatchCompletedDate,Yes,STATIC_OFFSET,,,
ImmReq,RegistryRequestSentDate,Yes,STATIC_OFFSET,,,
ImmReq,RegistryResponseReceivedDate,No,,,,
ImmReq,ReconciliationAvailableDate,Yes,STATIC_OFFSET,,,
ImmReq,ReconciliationCompletedDate,Yes,STATIC_OFFSET,,,
ImmReq,ProcessCompletedDate,No,,,,
ImmReq,CareProviderID,No,,,,
ImmReq,RequestTypeID,No,,,,
ImmReq,SourceEndpoint,No,,,,
ImmReq,DestinationEndpoint,No,,,,
ImmReq,ImmRegistryID,No,,,,
ImmReq,nd_auto_increment_id,No,,,,
ImmReqError,ImmReqID,No,,,,
ImmReqError,ErrorCode,No,,,,
ImmReqError,ErrorSource,No,,,,
ImmReqError,ErrorSourceType,No,,,,
ImmReqError,ErrorDescription,No,,,,
ImmReqError,nd_auto_increment_id,No,,,,
ImmReqExternalPatient,ImmReqExternalPatientID,No,,,,
ImmReqExternalPatient,ImmReqID,No,,,,
ImmReqExternalPatient,ResponsePatientID,No,,,,
ImmReqExternalPatient,ResponseOtherID,No,,,,
ImmReqExternalPatient,ResponsePersonPrefixID,No,,,,
ImmReqExternalPatient,ResponseLastName,Yes,MASK,ResponseLastName,,
ImmReqExternalPatient,ResponseFirstName,Yes,MASK,ResponseFirstName,,
ImmReqExternalPatient,ResponseMiddleName,No,,,,
ImmReqExternalPatient,ResponseSSN,Yes,MASK,ResponseSSN,,
ImmReqExternalPatient,ResponseDateOfBirth,Yes,PATIENT_DOB,,,
ImmReqExternalPatient,ResponseGenderID,No,,,,
ImmReqExternalPatient,ResponseRaceID,Yes,MASK,ResponseRaceID,,
ImmReqExternalPatient,ResponseMaritalStatusID,No,,,,
ImmReqExternalPatient,ResponseMothersMaidenName,Yes,MASK,ResponseMothersMaidenName,,
ImmReqExternalPatient,ResponseDriversLicNum,Yes,MASK,ResponseDriversLicNum,,
ImmReqExternalPatient,ResponseDriversLicState,No,,,,
ImmReqExternalPatient,ResponsePrimaryPhone,Yes,MASK,ResponsePrimaryPhone,,
ImmReqExternalPatient,ResponsePrimaryWorkPhone,No,,,,
ImmReqExternalPatient,ResponseAddressLine1,No,,,,
ImmReqExternalPatient,ResponseAddressLine2,No,,,,
ImmReqExternalPatient,ResponseCity,No,,,,
ImmReqExternalPatient,ResponseCounty,No,,,,
ImmReqExternalPatient,ResponseState,No,,,,
ImmReqExternalPatient,ResponseCountry,No,,,,
ImmReqExternalPatient,ResponsePostalCode,No,,,,
ImmReqExternalPatient,ResponseEthnicityID,No,,,,
ImmReqExternalPatient,ResponseAssgnmntOfBenefits,No,,,,
ImmReqExternalPatient,ResponseExternalID,No,,,,
ImmReqExternalPatient,ResponseExternalVendor,No,,,,
ImmReqExternalPatient,ResponseGenderDesc,No,,,,
ImmReqExternalPatient,nd_auto_increment_id,No,,,,
ImmReqExternalVacPat,ImmReqExternalVacPatID,No,,,,
ImmReqExternalVacPat,ImmReqExternalPatientID,No,,,,
ImmReqExternalVacPat,ResponsePatientID,No,,,,
ImmReqExternalVacPat,ResponseVaccineID,No,,,,
ImmReqExternalVacPat,ResponseVacSeriesVersionDoseID,No,,,,
ImmReqExternalVacPat,ResponseVacSeriesVersionID,No,,,,
ImmReqExternalVacPat,ResponseVacPatID,No,,,,
ImmReqExternalVacPat,ResponseAction,No,,,,
ImmReqExternalVacPat,ResponseDoseTypeID,No,,,,
ImmReqExternalVacPat,ResponseVaccineName,No,,,,
ImmReqExternalVacPat,ResponseVacSeriesName,No,,,,
ImmReqExternalVacPat,ResponsePatientAgeInDays,No,,,,
ImmReqExternalVacPat,ResponseDateOfBirth,Yes,PATIENT_DOB,,,
ImmReqExternalVacPat,ResponseDoseNo,No,,,,
ImmReqExternalVacPat,ResponseDateGiven,No,,,,
ImmReqExternalVacPat,ResponseUserID,No,,,,
ImmReqExternalVacPat,ResponseCareProviderID,Yes,MASK,ResponseCareProviderID,,
ImmReqExternalVacPat,ResponseDoseRouteID,No,,,,
ImmReqExternalVacPat,ResponseLotNum,No,,,,
ImmReqExternalVacPat,ResponseVacManufacturerID,No,,,,
ImmReqExternalVacPat,ResponseVacTradeNameID,No,,,,
ImmReqExternalVacPat,ResponseInjectionSiteID,No,,,,
ImmReqExternalVacPat,ResponseVISDateGiven,No,,,,
ImmReqExternalVacPat,ResponseVISPubDate,No,,,,
ImmReqExternalVacPat,ResponseCreateDate,Yes,STATIC_OFFSET,,,
ImmReqExternalVacPat,ResponseNotes,No,,,,
ImmReqExternalVacPat,ResponseIsExternal,No,,,,
ImmReqExternalVacPat,ResponseVaccineEligibleFlag,No,,,,
ImmReqExternalVacPat,ResponseRouteDescription,No,,,,
ImmReqExternalVacPat,ResponseVacManufacturerCode,No,,,,
ImmReqExternalVacPat,ResponseVacManufacturer,No,,,,
ImmReqExternalVacPat,ResponseVacTradeName,No,,,,
ImmReqExternalVacPat,ResponseInjectionSiteDesc,No,,,,
ImmReqExternalVacPat,ResponseDoseRouteCode,No,,,,
ImmReqExternalVacPat,ResponseInjectionCode,No,,,,
ImmReqExternalVacPat,ResponseTimeGiven,No,,,,
ImmReqExternalVacPat,ResponseDoseAmount,No,,,,
ImmReqExternalVacPat,ResponseVacExpDate,No,,,,
ImmReqExternalVacPat,ResponseVFCCode,No,,,,
ImmReqExternalVacPat,ResponseCVXCode,No,,,,
ImmReqExternalVacPat,ResponseProcedureCode,No,,,,
ImmReqExternalVacPat,ExternalVacPatType,No,,,,
ImmReqExternalVacPat,ResponseDateVaccinationDue,No,,,,
ImmReqExternalVacPat,ResponseEarliestDateToGive,No,,,,
ImmReqExternalVacPat,ReconStatusID,No,,,,
ImmReqExternalVacPat,ResponseForecastFactors,No,,,,
ImmReqExternalVacPat,ResponseCVXDescription,No,,,,
ImmReqExternalVacPat,ResponseCPTCode,No,,,,
ImmReqExternalVacPat,ResponseCPTDescription,No,,,,
ImmReqExternalVacPat,ResponseImmSchedDescription,No,,,,
ImmReqExternalVacPat,ResponseDoseUoM,No,,,,
ImmReqExternalVacPat,ResponseFundingSourceDesc,No,,,,
ImmReqExternalVacPat,ResponseFundingSourceCode,No,,,,
ImmReqExternalVacPat,ResponseEnteredByFirstName,Yes,MASK,ResponseEnteredByFirstName,,
ImmReqExternalVacPat,ResponseEnteredByLastName,Yes,MASK,ResponseEnteredByLastName,,
ImmReqExternalVacPat,ResponseEnteredByDoB,Yes,PATIENT_DOB,,,
ImmReqExternalVacPat,ResponseVaccineGroupDesc,No,,,,
ImmReqExternalVacPat,ResponseDoseValidity,No,,,,
ImmReqExternalVacPat,ResponseDoseValidityReason,No,,,,
ImmReqExternalVacPat,ResponseVaccineGroupCVXCode,No,,,,
ImmReqExternalVacPat,ResponseCompletionStatus,No,,,,
ImmReqExternalVacPat,nd_auto_increment_id,No,,,,
ImmReqExternalVacPatProvider,ImmReqExternalVacPatProviderID,No,,,,
ImmReqExternalVacPatProvider,ImmReqExternalVacPatID,No,,,,
ImmReqExternalVacPatProvider,ResponseFirstName,Yes,MASK,ResponseFirstName,,
ImmReqExternalVacPatProvider,ResponseMiddleName1,No,,,,
ImmReqExternalVacPatProvider,ResponseMiddleName2,No,,,,
ImmReqExternalVacPatProvider,ResponseLastName,Yes,MASK,ResponseLastName,,
ImmReqExternalVacPatProvider,ResponseSuffix,No,,,,
ImmReqExternalVacPatProvider,ResponseCredentials,No,,,,
ImmReqExternalVacPatProvider,ResponseHomePhone,Yes,MASK,ResponseHomePhone,,
ImmReqExternalVacPatProvider,ResponsePrimaryPhone,No,,,,
ImmReqExternalVacPatProvider,ResponsePrimaryWorkPhone,Yes,MASK,ResponsePrimaryWorkPhone,,
ImmReqExternalVacPatProvider,ResponseFaxNumber,Yes,MASK,ResponseFaxNumber,,
ImmReqExternalVacPatProvider,ResponseAddressLine1,No,,,,
ImmReqExternalVacPatProvider,ResponseAddressLine2,No,,,,
ImmReqExternalVacPatProvider,ResponseCity,No,,,,
ImmReqExternalVacPatProvider,ResponseCounty,No,,,,
ImmReqExternalVacPatProvider,ResponseState,No,,,,
ImmReqExternalVacPatProvider,ResponsePostalCode,Yes,MASK,ResponsePostalCode,,
ImmReqExternalVacPatProvider,ResponseCountry,No,,,,
ImmReqExternalVacPatProvider,nd_auto_increment_id,No,,,,
ImmReqReconStatus,ImmReqReconStatusID,No,,,,
ImmReqReconStatus,StatusDescription,No,,,,
ImmReqReconStatus,IsEnabled,No,,,,
ImmReqReconStatus,nd_auto_increment_id,No,,,,
ImmReqStatus,ImmReqStatusID,No,,,,
ImmReqStatus,Description,No,,,,
ImmReqStatus,nd_auto_increment_id,No,,,,
ImmReqTaskList,ImmReqID,No,,,,
ImmReqTaskList,TaskListID,No,,,,
ImmReqTaskList,nd_auto_increment_id,No,,,,
ImmRequestType,ImmRequestTypeID,No,,,,
ImmRequestType,RequestTypeName,No,,,,
ImmRequestType,nd_auto_increment_id,No,,,,
ImmSub,ImmSubID,No,,,,
ImmSub,CreateDate,Yes,STATIC_OFFSET,,,
ImmSub,UserID,No,,,,
ImmSub,PatientID,Yes,PATIENT_ID,,,
ImmSub,StatusID,No,,,,
ImmSub,nd_auto_increment_id,No,,,,
ImmSubStatus,ImmSubStatusID,No,,,,
ImmSubStatus,ImmSubStatusDesc,No,,,,
ImmSubStatus,nd_auto_increment_id,No,,,,
ImmVaccineRegistry,ImmVacID,No,,,,
ImmVaccineRegistry,VaccineID,No,,,,
ImmVaccineRegistry,RegistryID,No,,,,
ImmVaccineRegistry,RegistryVaccineName,No,,,,
ImmVaccineRegistry,nd_auto_increment_id,No,,,,
ImmVacSeriesVaccineRelation,ImmVacSeriesVaccineRelationID,No,,,,
ImmVacSeriesVaccineRelation,ImmVaccineName,No,,,,
ImmVacSeriesVaccineRelation,VaccineID,No,,,,
ImmVacSeriesVaccineRelation,VacSeriesID,No,,,,
ImmVacSeriesVaccineRelation,VacSeriesType,No,,,,
ImmVacSeriesVaccineRelation,RegistryID,No,,,,
ImmVacSeriesVaccineRelation,nd_auto_increment_id,No,,,,
ImplantedDeviceConfig,ImplantedDeviceConfigID,No,,,,
ImplantedDeviceConfig,Name,No,,,,
ImplantedDeviceConfig,URL,Yes,MASK,URL,,
ImplantedDeviceConfig,APIKey,Yes,MASK,APIKey,,
ImplantedDeviceConfig,CreateDate,Yes,STATIC_OFFSET,,,
ImplantedDeviceConfig,nd_auto_increment_id,No,,,,
ImplantedDeviceStatusLU,ImplantedDeviceStatusID,No,,,,
ImplantedDeviceStatusLU,Description,No,,,,
ImplantedDeviceStatusLU,nd_auto_increment_id,No,,,,
InboundChargeChargeDetail,InboundChargeChargeDetailID,No,,,,
InboundChargeChargeDetail,InboundChargeVisitDetailID,No,,,,
InboundChargeChargeDetail,PostingDate,No,,,,
InboundChargeChargeDetail,FromDate,No,,,,
InboundChargeChargeDetail,ToDate,No,,,,
InboundChargeChargeDetail,LocationID,No,,,,
InboundChargeChargeDetail,PracticeLocationID,No,,,,
InboundChargeChargeDetail,CareProviderID,No,,,,
InboundChargeChargeDetail,RenderingProviderID,Yes,MASK,RenderingProviderID,,
InboundChargeChargeDetail,Diag1,Yes,MASK,Diag1,,
InboundChargeChargeDetail,Diag2,No,,,,
InboundChargeChargeDetail,Diag3,No,,,,
InboundChargeChargeDetail,Diag4,No,,,,
InboundChargeChargeDetail,Mod1,No,,,,
InboundChargeChargeDetail,Mod2,No,,,,
InboundChargeChargeDetail,Mod3,No,,,,
InboundChargeChargeDetail,Mod4,No,,,,
InboundChargeChargeDetail,CoPayAmtApplied,No,,,,
InboundChargeChargeDetail,NumberOfDaysOrUnits,No,,,,
InboundChargeChargeDetail,ProcedureMasterID,No,,,,
InboundChargeChargeDetail,ProcedureCode,No,,,,
InboundChargeChargeDetail,Charge,No,,,,
InboundChargeChargeDetail,ProcedureAmount,No,,,,
InboundChargeChargeDetail,EPSDTInd,No,,,,
InboundChargeChargeDetail,EMGInd,No,,,,
InboundChargeChargeDetail,COBInd,No,,,,
InboundChargeChargeDetail,TypeOfService,No,,,,
InboundChargeChargeDetail,PlaceOfServiceID,No,,,,
InboundChargeChargeDetail,ServiceDetailID,No,,,,
InboundChargeChargeDetail,Note1,No,,,,
InboundChargeChargeDetail,Note2,No,,,,
InboundChargeChargeDetail,Note3,No,,,,
InboundChargeChargeDetail,Note4,No,,,,
InboundChargeChargeDetail,ErrorMessage,No,,,,
InboundChargeChargeDetail,Status,No,,,,
InboundChargeChargeDetail,CreateDate,Yes,STATIC_OFFSET,,,
InboundChargeChargeDetail,ReferringProviderID,Yes,MASK,ReferringProviderID,,
InboundChargeChargeDetail,PreCertNumber,Yes,MASK,PreCertNumber,,
InboundChargeChargeDetail,FreeTextNote,No,,,,
InboundChargeChargeDetail,ChargeScheduleID,No,,,,
InboundChargeChargeDetail,ProcedureMasterAmount,No,,,,
InboundChargeChargeDetail,UserChargeOverride,No,,,,
InboundChargeChargeDetail,ChargeScheduleAmount,No,,,,
InboundChargeChargeDetail,IgnoreRenderingOverride,No,,,,
InboundChargeChargeDetail,Diag1_ICD10,No,,,,
InboundChargeChargeDetail,Diag2_ICD10,No,,,,
InboundChargeChargeDetail,Diag3_ICD10,No,,,,
InboundChargeChargeDetail,Diag4_ICD10,No,,,,
InboundChargeChargeDetail,nd_auto_increment_id,No,,,,
InboundChargeLog,InboundChargeLogID,No,,,,
InboundChargeLog,InboundChargeVisitDetailID,No,,,,
InboundChargeLog,InboundChargeChargeDetailID,No,,,,
InboundChargeLog,Description,No,,,,
InboundChargeLog,CreateDate,Yes,STATIC_OFFSET,,,
InboundChargeLog,nd_auto_increment_id,No,,,,
InboundChargeVisitDetail,InboundChargeVisitDetailID,No,,,,
InboundChargeVisitDetail,ExternalID,No,,,,
InboundChargeVisitDetail,VisitID,Yes,ENCOUNTER_ID,,,
InboundChargeVisitDetail,PatientID,Yes,PATIENT_ID,,,
InboundChargeVisitDetail,PatientDOB,Yes,PATIENT_DOB,,,
InboundChargeVisitDetail,PatientName,Yes,MASK,PatientName,,
InboundChargeVisitDetail,SymptomDate,No,,,,
InboundChargeVisitDetail,SimilarDate,No,,,,
InboundChargeVisitDetail,AccidentDate,No,,,,
InboundChargeVisitDetail,AccidentCode,No,,,,
InboundChargeVisitDetail,AccidentState,No,,,,
InboundChargeVisitDetail,DisabilityFromDate,No,,,,
InboundChargeVisitDetail,DisabilityToDate,No,,,,
InboundChargeVisitDetail,ErrorMessage,No,,,,
InboundChargeVisitDetail,Status,No,,,,
InboundChargeVisitDetail,CreateDate,Yes,STATIC_OFFSET,,,
InboundChargeVisitDetail,CallerID,No,,,,
InboundChargeVisitDetail,PatientSSN,Yes,MASK,PatientSSN,,
InboundChargeVisitDetail,SuspendAR,No,,,,
InboundChargeVisitDetail,LastMenstrualPeriod,No,,,,
InboundChargeVisitDetail,EDC,No,,,,
InboundChargeVisitDetail,HospitalFromDate,No,,,,
InboundChargeVisitDetail,HospitalToDate,No,,,,
InboundChargeVisitDetail,FreeTextNote,No,,,,
InboundChargeVisitDetail,nd_auto_increment_id,No,,,,
InboundProcess,InboundProcessID,No,,,,
InboundProcess,IntSenderReceiverID,No,,,,
InboundProcess,InterfaceTransactionTypeID,No,,,,
InboundProcess,TransactionFileName,No,,,,
InboundProcess,TransactionDate,Yes,STATIC_OFFSET,,,
InboundProcess,TotalRecords,No,,,,
InboundProcess,AddedRecords,No,,,,
InboundProcess,UpdatedRecords,No,,,,
InboundProcess,SkippedRecords,No,,,,
InboundProcess,DeactivatedCount,No,,,,
InboundProcess,nd_auto_increment_id,No,,,,
InboundProcessException,InboundProcessExceptionID,No,,,,
InboundProcessException,InboundProcessID,No,,,,
InboundProcessException,ExtNo,No,,,,
InboundProcessException,LastName,Yes,MASK,LastName,,
InboundProcessException,FirstName,Yes,MASK,FirstName,,
InboundProcessException,DOB,Yes,PATIENT_DOB,,,
InboundProcessException,SSN,Yes,MASK,SSN,,
InboundProcessException,ExceptionSeverityID,No,,,,
InboundProcessException,ExceptionActionID,No,,,,
InboundProcessException,ExceptionDesc,No,,,,
InboundProcessException,DOM,No,,,,
InboundProcessException,nd_auto_increment_id,No,,,,
InformationRecipient,InformationRecipientID,No,,,,
InformationRecipient,Code,No,,,,
InformationRecipient,CodingSystemID,No,,,,
InformationRecipient,PrintName,Yes,MASK,PrintName,,
InformationRecipient,nd_auto_increment_id,No,,,,
Injection,InjectionID,No,,,,
Injection,InjectionName,No,,,,
Injection,InjectionDescription,No,,,,
Injection,Enabled,No,,,,
Injection,ModifiedDate,No,,,,
Injection,ModifiedUserID,No,,,,
Injection,nd_auto_increment_id,No,,,,
InjectionHistory,InjectionHistoryID,No,,,,
InjectionHistory,InjectionID,No,,,,
InjectionHistory,InjectionName,No,,,,
InjectionHistory,InjectionDescription,No,,,,
InjectionHistory,Enabled,No,,,,
InjectionHistory,ModifiedDate,Yes,STATIC_OFFSET,,,
InjectionHistory,ModifiedUserID,No,,,,
InjectionHistory,Modified,No,,,,
InjectionHistory,nd_auto_increment_id,No,,,,
InjectionLocationDefault,InjectionID,No,,,,
InjectionLocationDefault,PracticeLocationID,No,,,,
InjectionLocationDefault,FDBLabelerID,No,,,,
InjectionLocationDefault,FDBmnid,No,,,,
InjectionLocationDefault,FDBrtid,No,,,,
InjectionLocationDefault,InjectionSiteID,No,,,,
InjectionLocationDefault,DoseAmount,No,,,,
InjectionLocationDefault,LotNumber,No,,,,
InjectionLocationDefault,ExpirationDate,No,,,,
InjectionLocationDefault,Note,No,,,,
InjectionLocationDefault,ModifiedDate,Yes,STATIC_OFFSET,,,
InjectionLocationDefault,ModifiedUserID,No,,,,
InjectionLocationDefault,DoseAmountUoMID,No,,,,
InjectionLocationDefault,nd_auto_increment_id,No,,,,
InjectionLocationDefaultHistory,InjectionLocationDefaultHistoryID,No,,,,
InjectionLocationDefaultHistory,InjectionID,No,,,,
InjectionLocationDefaultHistory,PracticeLocationID,No,,,,
InjectionLocationDefaultHistory,FDBLabelerID,No,,,,
InjectionLocationDefaultHistory,FDBmnid,No,,,,
InjectionLocationDefaultHistory,FDBrtid,No,,,,
InjectionLocationDefaultHistory,InjectionSiteID,No,,,,
InjectionLocationDefaultHistory,DoseAmount,No,,,,
InjectionLocationDefaultHistory,LotNumber,No,,,,
InjectionLocationDefaultHistory,ExpirationDate,No,,,,
InjectionLocationDefaultHistory,Note,No,,,,
InjectionLocationDefaultHistory,ModifiedDate,Yes,STATIC_OFFSET,,,
InjectionLocationDefaultHistory,ModifiedUserID,No,,,,
InjectionLocationDefaultHistory,Modified,No,,,,
InjectionLocationDefaultHistory,DoseAmountUoMID,No,,,,
InjectionLocationDefaultHistory,nd_auto_increment_id,No,,,,
InjectionPatientDose,PatientID,Yes,PATIENT_ID,,,
InjectionPatientDose,OrderID,No,,,,
InjectionPatientDose,InjectionID,No,,,,
InjectionPatientDose,PracticeLocationID,No,,,,
InjectionPatientDose,FDBLabelerID,No,,,,
InjectionPatientDose,FDBmnid,No,,,,
InjectionPatientDose,FDBrtid,No,,,,
InjectionPatientDose,InjectionSiteID,No,,,,
InjectionPatientDose,DoseAmount,No,,,,
InjectionPatientDose,LotNumber,No,,,,
InjectionPatientDose,ExpirationDate,No,,,,
InjectionPatientDose,Note,No,,,,
InjectionPatientDose,CareProviderID,No,,,,
InjectionPatientDose,DateGiven,Yes,STATIC_OFFSET,,,
InjectionPatientDose,TimeGiven,Yes,STATIC_OFFSET,,,
InjectionPatientDose,ModifiedDate,Yes,STATIC_OFFSET,,,
InjectionPatientDose,ModifiedUserID,No,,,,
InjectionPatientDose,nd_auto_increment_id,No,,,,
InjectionPatientDoseHistory,InjectionPatientDoseHistoryID,No,,,,
InjectionPatientDoseHistory,PatientID,Yes,PATIENT_ID,,,
InjectionPatientDoseHistory,OrderID,No,,,,
InjectionPatientDoseHistory,InjectionID,No,,,,
InjectionPatientDoseHistory,PracticeLocationID,No,,,,
InjectionPatientDoseHistory,FDBLabelerID,No,,,,
InjectionPatientDoseHistory,FDBmnid,No,,,,
InjectionPatientDoseHistory,FDBrtid,No,,,,
InjectionPatientDoseHistory,InjectionSiteID,No,,,,
InjectionPatientDoseHistory,DoseAmount,No,,,,
InjectionPatientDoseHistory,LotNumber,No,,,,
InjectionPatientDoseHistory,ExpirationDate,No,,,,
InjectionPatientDoseHistory,Note,No,,,,
InjectionPatientDoseHistory,CareProviderID,Yes,MASK,CareProviderID,,
InjectionPatientDoseHistory,DateGiven,Yes,STATIC_OFFSET,,,
InjectionPatientDoseHistory,TimeGiven,Yes,STATIC_OFFSET,,,
InjectionPatientDoseHistory,ModifiedDate,Yes,STATIC_OFFSET,,,
InjectionPatientDoseHistory,ModifiedUserID,No,,,,
InjectionPatientDoseHistory,Modified,No,,,,
InjectionPatientDoseHistory,nd_auto_increment_id,No,,,,
InjectionProcedure,InjectionID,No,,,,
InjectionProcedure,AltProcedureCode,No,,,,
InjectionProcedure,AltProcedureDescription,No,,,,
InjectionProcedure,BaseCode,No,,,,
InjectionProcedure,ModifiedDate,Yes,STATIC_OFFSET,,,
InjectionProcedure,ModifiedUserID,No,,,,
InjectionProcedure,nd_auto_increment_id,No,,,,
InjectionProcedureHistory,InjectionProcedureHistoryID,No,,,,
InjectionProcedureHistory,InjectionID,No,,,,
InjectionProcedureHistory,AltProcedureCode,No,,,,
InjectionProcedureHistory,AltProcedureDescription,No,,,,
InjectionProcedureHistory,BaseCode,No,,,,
InjectionProcedureHistory,ModifiedDate,Yes,STATIC_OFFSET,,,
InjectionProcedureHistory,ModifiedUserID,No,,,,
InjectionProcedureHistory,Modified,No,,,,
InjectionProcedureHistory,nd_auto_increment_id,No,,,,
InjectionSite,InjectionSiteID,No,,,,
InjectionSite,Description,No,,,,
InjectionSite,InjectionCode,No,,,,
InjectionSite,InjectionTypeCode,No,,,,
InjectionSite,ParentInjectionSiteID,No,,,,
InjectionSite,DisplayOrder,No,,,,
InjectionSite,IsEnabled,No,,,,
InjectionSite,nd_auto_increment_id,No,,,,
InsCompanyPSEInfo,CompanyPSEInfoID,No,,,,
InsCompanyPSEInfo,ProcedureMasterID,No,,,,
InsCompanyPSEInfo,CompanyID,Yes,MASK,CompanyID,,
InsCompanyPSEInfo,AlternateCode,Yes,MASK,AlternateCode,,
InsCompanyPSEInfo,AlternateDescription,No,,,,
InsCompanyPSEInfo,AlternatePOS,No,,,,
InsCompanyPSEInfo,AlternateTOS,No,,,,
InsCompanyPSEInfo,AlternateEPSDT,No,,,,
InsCompanyPSEInfo,AlternateEMG,No,,,,
InsCompanyPSEInfo,AlternateUnits,No,,,,
InsCompanyPSEInfo,CoInsPercentage,No,,,,
InsCompanyPSEInfo,SecondOpinionReq,No,,,,
InsCompanyPSEInfo,PreCertReq,No,,,,
InsCompanyPSEInfo,ExcludedProc,No,,,,
InsCompanyPSEInfo,RemoveAllMods,No,,,,
InsCompanyPSEInfo,PrintProcDesc,No,,,,
InsCompanyPSEInfo,GlobalPeriod,No,,,,
InsCompanyPSEInfo,SendOrderingProviderOnElectronicClaim,No,,,,
InsCompanyPSEInfo,nd_auto_increment_id,No,,,,
InsCompanyPSEModifiers,CompanyPSEModifierID,No,,,,
InsCompanyPSEModifiers,CompanyID,No,,,,
InsCompanyPSEModifiers,ProcedureMasterID,No,,,,
InsCompanyPSEModifiers,UseHCFAMod,No,,,,
InsCompanyPSEModifiers,HCFAModifier,No,,,,
InsCompanyPSEModifiers,PlanModifier,No,,,,
InsCompanyPSEModifiers,ModifierRequired,No,,,,
InsCompanyPSEModifiers,NoModifier,No,,,,
InsCompanyPSEModifiers,nd_auto_increment_id,No,,,,
InsCompanyPSEPOS,CompanyPSEPOSID,No,,,,
InsCompanyPSEPOS,CompanyID,Yes,MASK,CompanyID,,
InsCompanyPSEPOS,ProcedureMasterID,No,,,,
InsCompanyPSEPOS,NoPOSCode,No,,,,
InsCompanyPSEPOS,IfPOSCode,No,,,,
InsCompanyPSEPOS,ThenPOSCode,No,,,,
InsCompanyPSEPOS,AlwaysPOSCode,No,,,,
InsCompanyPSEPOS,nd_auto_increment_id,No,,,,
InsCompanyPSETOS,CompanyPSETOSID,No,,,,
InsCompanyPSETOS,CompanyID,No,,,,
InsCompanyPSETOS,ProcedureMasterID,No,,,,
InsCompanyPSETOS,NoTOSCode,No,,,,
InsCompanyPSETOS,IfTOSCode,No,,,,
InsCompanyPSETOS,ThenTOSCode,No,,,,
InsCompanyPSETOS,AlwaysTOSCode,No,,,,
InsCompanyPSETOS,nd_auto_increment_id,No,,,,
InsurancePlanLocationID,PlanLocationID,No,,,,
InsurancePlanLocationID,LocationID,No,,,,
InsurancePlanLocationID,CompanyID,Yes,MASK,CompanyID,,
InsurancePlanLocationID,PlanID,Yes,MASK,PlanID,,
InsurancePlanLocationID,LocationIDNumber,No,,,,
InsurancePlanLocationID,LocationIDQualifier,No,,,,
InsurancePlanLocationID,nd_auto_increment_id,No,,,,
InsurancePlanPolicyNumber,InsurancePlanID,Yes,MASK,InsurancePlanID,,
InsurancePlanPolicyNumber,PolicyNumberValidationID,Yes,MASK,PolicyNumberValidationID,,
InsurancePlanPolicyNumber,nd_auto_increment_id,No,,,,
InsurancePlanTypology,InsuranceTypologyID,No,,,,
InsurancePlanTypology,ConceptCode,No,,,,
InsurancePlanTypology,ConceptName,No,,,,
InsurancePlanTypology,nd_auto_increment_id,No,,,,
InsurancePreCertNoPatientinfo,InsPreCertID,Yes,MASK,InsPreCertID,,
InsurancePreCertNoPatientinfo,InsID,Yes,MASK,InsID,,
InsurancePreCertNoPatientinfo,PreCertNumber,Yes,MASK,PreCertNumber,,
InsurancePreCertNoPatientinfo,PreCertStartDate,No,,,,
InsurancePreCertNoPatientinfo,PreCertEndDate,No,,,,
InsurancePreCertNoPatientinfo,ProcedureMasterID,No,,,,
InsurancePreCertNoPatientinfo,AuthorizationType,No,,,,
InsurancePreCertNoPatientinfo,AuthorizationStatus,No,,,,
InsurancePreCertNoPatientinfo,Description,No,,,,
InsurancePreCertNoPatientinfo,Contact,No,,,,
InsurancePreCertNoPatientinfo,Email,Yes,MASK,Email,,
InsurancePreCertNoPatientinfo,URL,No,,,,
InsurancePreCertNoPatientinfo,BillingPhone,Yes,MASK,BillingPhone,,
InsurancePreCertNoPatientinfo,EligibilityPhone,Yes,MASK,EligibilityPhone,,
InsurancePreCertNoPatientinfo,PreCertPhone,Yes,MASK,PreCertPhone,,
InsurancePreCertNoPatientinfo,Fax,Yes,MASK,Fax,,
InsurancePreCertNoPatientinfo,CoPayAmount,No,,,,
InsurancePreCertNoPatientinfo,DeductAmount,No,,,,
InsurancePreCertNoPatientinfo,DeductMet,No,,,,
InsurancePreCertNoPatientinfo,OutOfPocketAmount,No,,,,
InsurancePreCertNoPatientinfo,OutOfPocketMet,No,,,,
InsurancePreCertNoPatientinfo,FollowUpDays,No,,,,
InsurancePreCertNoPatientinfo,InsurancePercent,Yes,MASK,InsurancePercent,,
InsurancePreCertNoPatientinfo,CareProviderID,No,,,,
InsurancePreCertNoPatientinfo,ReferringProviderID,No,,,,
InsurancePreCertNoPatientinfo,PrimaryProviderID,No,,,,
InsurancePreCertNoPatientinfo,DateReceived,Yes,STATIC_OFFSET,,,
InsurancePreCertNoPatientinfo,NumberOfVisits,No,,,,
InsurancePreCertNoPatientinfo,NumberOfVisitsRemaining,No,,,,
InsurancePreCertNoPatientinfo,NumberOfVisitsUsed,No,,,,
InsurancePreCertNoPatientinfo,MaxBenAmount,No,,,,
InsurancePreCertNoPatientinfo,Other,No,,,,
InsurancePreCertNoPatientinfo,CPTDataType,No,,,,
InsurancePreCertNoPatientinfo,CPTRangeStart,No,,,,
InsurancePreCertNoPatientinfo,CPTRangeEnd,No,,,,
InsurancePreCertNoPatientinfo,ICD9DataType,No,,,,
InsurancePreCertNoPatientinfo,ICD9RangeStart,No,,,,
InsurancePreCertNoPatientinfo,ICD9RangeEnd,No,,,,
InsurancePreCertNoPatientinfo,Comments,No,,,,
InsurancePreCertNoPatientinfo,InpatOutpat,No,,,,
InsurancePreCertNoPatientinfo,FacilityID,No,,,,
InsurancePreCertNoPatientinfo,DiagnosisDate,Yes,STATIC_OFFSET,,,
InsurancePreCertNoPatientinfo,ProposedAdmissionDate,Yes,STATIC_OFFSET,,,
InsurancePreCertNoPatientinfo,ProposedSurgeryDate,Yes,STATIC_OFFSET,,,
InsurancePreCertNoPatientinfo,ProposedDischargeDate,No,,,,
InsurancePreCertNoPatientinfo,PatientID,Yes,PATIENT_ID,,,
InsurancePreCertNoPatientinfo,nd_auto_increment_id,No,,,,
InsurancePreCertprepatientid,InsPreCertID,Yes,MASK,InsPreCertID,,
InsurancePreCertprepatientid,InsID,Yes,MASK,InsID,,
InsurancePreCertprepatientid,PreCertNumber,Yes,MASK,PreCertNumber,,
InsurancePreCertprepatientid,PreCertStartDate,Yes,STATIC_OFFSET,,,
InsurancePreCertprepatientid,PreCertEndDate,No,,,,
InsurancePreCertprepatientid,ProcedureMasterID,No,,,,
InsurancePreCertprepatientid,AuthorizationType,No,,,,
InsurancePreCertprepatientid,AuthorizationStatus,No,,,,
InsurancePreCertprepatientid,Description,No,,,,
InsurancePreCertprepatientid,Contact,No,,,,
InsurancePreCertprepatientid,Email,Yes,MASK,Email,,
InsurancePreCertprepatientid,URL,No,,,,
InsurancePreCertprepatientid,BillingPhone,Yes,MASK,BillingPhone,,
InsurancePreCertprepatientid,EligibilityPhone,Yes,MASK,EligibilityPhone,,
InsurancePreCertprepatientid,PreCertPhone,Yes,MASK,PreCertPhone,,
InsurancePreCertprepatientid,Fax,Yes,MASK,Fax,,
InsurancePreCertprepatientid,CoPayAmount,No,,,,
InsurancePreCertprepatientid,DeductAmount,No,,,,
InsurancePreCertprepatientid,DeductMet,No,,,,
InsurancePreCertprepatientid,OutOfPocketAmount,No,,,,
InsurancePreCertprepatientid,OutOfPocketMet,No,,,,
InsurancePreCertprepatientid,FollowUpDays,No,,,,
InsurancePreCertprepatientid,InsurancePercent,No,,,,
InsurancePreCertprepatientid,CareProviderID,Yes,MASK,CareProviderID,,
InsurancePreCertprepatientid,ReferringProviderID,Yes,MASK,ReferringProviderID,,
InsurancePreCertprepatientid,PrimaryProviderID,No,,,,
InsurancePreCertprepatientid,DateReceived,Yes,STATIC_OFFSET,,,
InsurancePreCertprepatientid,NumberOfVisits,No,,,,
InsurancePreCertprepatientid,NumberOfVisitsRemaining,No,,,,
InsurancePreCertprepatientid,NumberOfVisitsUsed,No,,,,
InsurancePreCertprepatientid,MaxBenAmount,No,,,,
InsurancePreCertprepatientid,Other,No,,,,
InsurancePreCertprepatientid,CPTDataType,No,,,,
InsurancePreCertprepatientid,CPTRangeStart,No,,,,
InsurancePreCertprepatientid,CPTRangeEnd,No,,,,
InsurancePreCertprepatientid,ICD9DataType,No,,,,
InsurancePreCertprepatientid,ICD9RangeStart,No,,,,
InsurancePreCertprepatientid,ICD9RangeEnd,No,,,,
InsurancePreCertprepatientid,Comments,No,,,,
InsurancePreCertprepatientid,InpatOutpat,No,,,,
InsurancePreCertprepatientid,FacilityID,No,,,,
InsurancePreCertprepatientid,DiagnosisDate,Yes,STATIC_OFFSET,,,
InsurancePreCertprepatientid,ProposedAdmissionDate,Yes,STATIC_OFFSET,,,
InsurancePreCertprepatientid,ProposedSurgeryDate,Yes,STATIC_OFFSET,,,
InsurancePreCertprepatientid,ProposedDischargeDate,Yes,STATIC_OFFSET,,,
InsurancePreCertprepatientid,PatientID,Yes,PATIENT_ID,,,
InsurancePreCertprepatientid,nd_auto_increment_id,No,,,,
InsurancePriority,Priority,No,,,,
InsurancePriority,Description,No,,,,
InsurancePriority,nd_auto_increment_id,No,,,,
InsuranceType,InsuranceTypeID,Yes,MASK,InsuranceTypeID,,
InsuranceType,InsuranceTypeShortDesc,Yes,MASK,InsuranceTypeShortDesc,,
InsuranceType,InsuranceTypeDesc,Yes,MASK,InsuranceTypeDesc,,
InsuranceType,InsuranceTypeCategoryID,No,,,,
InsuranceType,nd_auto_increment_id,No,,,,
InsuranceTypeCategory,InsuranceTypeCategoryID,Yes,MASK,InsuranceTypeCategoryID,,
InsuranceTypeCategory,Description,Yes,MASK,Description,,
InsuranceTypeCategory,nd_auto_increment_id,No,,,,
InsuranceTypeCodingSystem,CodingSystemId,No,,,,
InsuranceTypeCodingSystem,InsuranceTypeID,No,,,,
InsuranceTypeCodingSystem,Code,No,,,,
InsuranceTypeCodingSystem,CodeDisplayName,No,,,,
InsuranceTypeCodingSystem,nd_auto_increment_id,No,,,,
InterfaceCompression,InterfaceCompressionID,No,,,,
InterfaceCompression,CompressionDescription,No,,,,
InterfaceCompression,nd_auto_increment_id,No,,,,
InterfaceCredential,InterfaceCredentialID,No,,,,
InterfaceCredential,Password,Yes,MASK,Password,,
InterfaceCredential,Login,No,,,,
InterfaceCredential,InterfaceCredentialKeyID,No,,,,
InterfaceCredential,nd_auto_increment_id,No,,,,
InterfaceCredential_Backup_AUC,InterfaceCredentialID,No,,,,
InterfaceCredential_Backup_AUC,Password,Yes,MASK,Password,,
InterfaceCredential_Backup_AUC,Login,No,,,,
InterfaceCredential_Backup_AUC,InterfaceCredentialKeyID,No,,,,
InterfaceCredential_Backup_AUC,nd_auto_increment_id,No,,,,
InterfaceCredentialGroup,InterfaceCredentialGroupID,No,,,,
InterfaceCredentialGroup,Description,No,,,,
InterfaceCredentialGroup,SiteInterfaceCredentialID,No,,,,
InterfaceCredentialGroup,CreateUser,No,,,,
InterfaceCredentialGroup,CreateDate,Yes,STATIC_OFFSET,,,
InterfaceCredentialGroup,LastModifiedUser,No,,,,
InterfaceCredentialGroup,LastModifiedDate,Yes,STATIC_OFFSET,,,
InterfaceCredentialGroup,nd_auto_increment_id,No,,,,
InterfaceCredentialGroupHistory,InterfaceCredentialGroupHistoryID,No,,,,
InterfaceCredentialGroupHistory,InterfaceCredentialGroupID,No,,,,
InterfaceCredentialGroupHistory,Description,No,,,,
InterfaceCredentialGroupHistory,SiteInterfaceCredentialID,No,,,,
InterfaceCredentialGroupHistory,CreateUser,Yes,MASK,CreateUser,,
InterfaceCredentialGroupHistory,CreateDate,Yes,STATIC_OFFSET,,,
InterfaceCredentialGroupHistory,LastModifiedUser,No,,,,
InterfaceCredentialGroupHistory,LastModifiedDate,Yes,STATIC_OFFSET,,,
InterfaceCredentialGroupHistory,HistoryDate,Yes,STATIC_OFFSET,,,
InterfaceCredentialGroupHistory,HistoryUser,No,,,,
InterfaceCredentialGroupHistory,HistoryAction,No,,,,
InterfaceCredentialGroupHistory,nd_auto_increment_id,No,,,,
InterfaceCredentialGroupUsers,InterfaceCredentialGroupID,No,,,,
InterfaceCredentialGroupUsers,UserID,No,,,,
InterfaceCredentialGroupUsers,InterfaceCredentialID,No,,,,
InterfaceCredentialGroupUsers,CreateUser,Yes,MASK,CreateUser,,
InterfaceCredentialGroupUsers,CreateDate,Yes,STATIC_OFFSET,,,
InterfaceCredentialGroupUsers,LastModifiedUser,No,,,,
InterfaceCredentialGroupUsers,LastModifiedDate,Yes,STATIC_OFFSET,,,
InterfaceCredentialGroupUsers,nd_auto_increment_id,No,,,,
InterfaceCredentialGroupUsersHistory,InterfaceCredentialGroupUsersHistoryID,No,,,,
InterfaceCredentialGroupUsersHistory,InterfaceCredentialGroupID,No,,,,
InterfaceCredentialGroupUsersHistory,UserID,No,,,,
InterfaceCredentialGroupUsersHistory,InterfaceCredentialID,No,,,,
InterfaceCredentialGroupUsersHistory,CreateUser,No,,,,
InterfaceCredentialGroupUsersHistory,CreateDate,Yes,STATIC_OFFSET,,,
InterfaceCredentialGroupUsersHistory,LastModifiedUser,No,,,,
InterfaceCredentialGroupUsersHistory,LastModifiedDate,Yes,STATIC_OFFSET,,,
InterfaceCredentialGroupUsersHistory,HistoryDate,Yes,STATIC_OFFSET,,,
InterfaceCredentialGroupUsersHistory,HistoryUser,No,,,,
InterfaceCredentialGroupUsersHistory,HistoryAction,No,,,,
InterfaceCredentialGroupUsersHistory,nd_auto_increment_id,No,,,,
InterfaceCredentialHistory,InterfaceCredentialHistoryID,No,,,,
InterfaceCredentialHistory,InterfaceCredentialID,No,,,,
InterfaceCredentialHistory,Password,Yes,MASK,Password,,
InterfaceCredentialHistory,Login,No,,,,
InterfaceCredentialHistory,InterfaceCredentialKeyID,No,,,,
InterfaceCredentialHistory,HistoryDate,Yes,STATIC_OFFSET,,,
InterfaceCredentialHistory,HistoryUser,No,,,,
InterfaceCredentialHistory,HistoryAction,No,,,,
InterfaceCredentialHistory,nd_auto_increment_id,No,,,,
InterfaceCredentialKey,InterfaceCredentialKeyID,No,,,,
InterfaceCredentialKey,CredentialKeyDescription,No,,,,
InterfaceCredentialKey,CredentialPublicKeyImage,No,,,,
InterfaceCredentialKey,CredentialPrivateKeyImage,No,,,,
InterfaceCredentialKey,nd_auto_increment_id,No,,,,
InterfaceCredentialKeyHistory,InterfaceCredentialKeyHistoryID,No,,,,
InterfaceCredentialKeyHistory,InterfaceCredentialKeyID,No,,,,
InterfaceCredentialKeyHistory,CredentialKeyDescription,No,,,,
InterfaceCredentialKeyHistory,CredentialPublicKeyImage,No,,,,
InterfaceCredentialKeyHistory,CredentialPrivateKeyImage,No,,,,
InterfaceCredentialKeyHistory,HistoryDate,Yes,STATIC_OFFSET,,,
InterfaceCredentialKeyHistory,HistoryUser,No,,,,
InterfaceCredentialKeyHistory,HistoryAction,No,,,,
InterfaceCredentialKeyHistory,nd_auto_increment_id,No,,,,
InterfaceDistributor,InterfaceDistributorID,No,,,,
InterfaceDistributor,DistributorName,Yes,MASK,DistributorName,,
InterfaceDistributor,DistributorDescription,No,,,,
InterfaceDistributor,nd_auto_increment_id,No,,,,
InterfaceEndpoint,InterfaceEndpointID,No,,,,
InterfaceEndpoint,Name,Yes,MASK,Name,,
InterfaceEndpoint,URL,Yes,MASK,URL,,
InterfaceEndpoint,IPAddress,Yes,MASK,IPAddress,,
InterfaceEndpoint,Port,No,,,,
InterfaceEndpoint,SAMLVersionID,No,,,,
InterfaceEndpoint,APIKey,Yes,MASK,APIKey,,
InterfaceEndpoint,nd_auto_increment_id,No,,,,
InterfaceEndPoint_Backup_106MU,InterfaceEndpointID,No,,,,
InterfaceEndPoint_Backup_106MU,Name,Yes,MASK,Name,,
InterfaceEndPoint_Backup_106MU,URL,Yes,MASK,URL,,
InterfaceEndPoint_Backup_106MU,IPAddress,Yes,MASK,IPAddress,,
InterfaceEndPoint_Backup_106MU,Port,No,,,,
InterfaceEndPoint_Backup_106MU,SAMLVersionID,No,,,,
InterfaceEndPoint_Backup_106MU,APIKey,No,,,,
InterfaceEndPoint_Backup_106MU,CreateDate,Yes,DATE_OFFSET,,,
InterfaceEndPoint_Backup_106MU,nd_auto_increment_id,No,,,,
InterfaceEventError,InterfaceEventErrorID,No,,,,
InterfaceEventError,InterfaceEventID,No,,,,
InterfaceEventError,InsertTime,Yes,STATIC_OFFSET,,,
InterfaceEventError,ErrorMessage,No,,,,
InterfaceEventError,nd_auto_increment_id,No,,,,
InterfaceEventInterfaceGroup,InterfaceEventID,No,,,,
InterfaceEventInterfaceGroup,InterfaceGroupID,No,,,,
InterfaceEventIntKeyMap,InterfaceEventID,No,,,,
InterfaceEventIntKeyMap,IntKeyMapID,No,,,,
InterfaceEventIntKeyMap,nd_auto_increment_id,No,,,,
InterfaceEventIntKeyMap_Bug191676,InterfaceEventID,No,,,,
InterfaceEventIntKeyMap_Bug191676,IntKeyMapID,No,,,,
InterfaceEventIntKeyMap_Bug191676,nd_auto_increment_id,No,,,,
InterfaceEventType,InterfaceEventTypeID,No,,,,
InterfaceEventType,EventName,No,,,,
InterfaceEventType,EventDescription,No,,,,
InterfaceEventType,TypeName,No,,,,
InterfaceEventType,AssemblyName,No,,,,
InterfaceEventVisit,InterfaceEventId,No,,,,
InterfaceEventVisit,VisitID,Yes,ENCOUNTER_ID,,,
InterfaceEventVisit,nd_auto_increment_id,No,,,,
InterfaceFlag,InterfaceFlagID,No,,,,
InterfaceFlag,InterfaceFlagDesc,Yes,MASK,InterfaceFlagDesc,,
InterfaceFlag,nd_auto_increment_id,No,,,,
InterfaceGroup,InterfaceGroupID,No,,,,
InterfaceGroup,GroupName,No,,,,
InterfaceGroup,GroupDescription,Yes,MASK,GroupDescription,,
InterfaceGroup,Enabled,No,,,,
InterfaceGroupInterfaceEventType,InterfaceEventTypeID,No,,,,
InterfaceGroupInterfaceEventType,InterfaceGroupID,No,,,,
InterfaceGroupProvider,InterfaceGroupID,No,,,,
InterfaceGroupProvider,InterfaceProviderID,Yes,MASK,InterfaceProviderID,,
InterfaceGroupProvider,nd_auto_increment_id,No,,,,
InterfaceMsgFormat,InterfaceMsgFormatID,No,,,,
InterfaceMsgFormat,MsgFormatDescription,Yes,GENERIC_NOTES,,,
InterfaceMsgFormat,nd_auto_increment_id,No,,,,
InterfaceProtocol,InterfaceProtocolID,No,,,,
InterfaceProtocol,ProtocolDescription,No,,,,
InterfaceProtocol,nd_auto_increment_id,No,,,,
InterfaceProvider,InterfaceProviderID,No,,,,
InterfaceProvider,InterfaceProviderTypeID,No,,,,
InterfaceProvider,ProviderName,No,,,,
InterfaceProvider,ProviderDescription,No,,,,
InterfaceProvider,Enabled,No,,,,
InterfaceProvider,OID,No,,,,
InterfaceProvider,HWVendorID,No,,,,
InterfaceProvider,nd_auto_increment_id,No,,,,
InterfaceProviderRole,InterfaceProviderRoleID,No,,,,
InterfaceProviderRole,InterfaceProviderID,Yes,MASK,InterfaceProviderID,,
InterfaceProviderRole,InterfaceRoleID,No,,,,
InterfaceProviderRole,EncryptionTypeID,No,,,,
InterfaceProviderRole,InterfaceProtocolID,No,,,,
InterfaceProviderRole,InterfaceCompressionID,No,,,,
InterfaceProviderRole,InterfaceMsgFormatID,No,,,,
InterfaceProviderRole,InterfaceProviderRoleVersion,No,,,,
InterfaceProviderRole,InterfaceEndpointID,No,,,,
InterfaceProviderRole,OID,No,,,,
InterfaceProviderRole,nd_auto_increment_id,No,,,,
InterfaceProviderRoleInterfaceCredentialGroup,InterfaceProviderRoleID,No,,,,
InterfaceProviderRoleInterfaceCredentialGroup,InterfaceCredentialGroupID,No,,,,
InterfaceProviderRoleInterfaceCredentialGroup,nd_auto_increment_id,No,,,,
InterfaceProviderRoleInterfaceCredentialGroupHistory,InterfaceProviderRoleInterfaceCredentialGroupHistoryID,No,,,,
InterfaceProviderRoleInterfaceCredentialGroupHistory,InterfaceProviderRoleID,No,,,,
InterfaceProviderRoleInterfaceCredentialGroupHistory,InterfaceCredentialGroupID,No,,,,
InterfaceProviderRoleInterfaceCredentialGroupHistory,HistoryDate,Yes,STATIC_OFFSET,,,
InterfaceProviderRoleInterfaceCredentialGroupHistory,HistoryUser,Yes,MASK,HistoryUser,,
InterfaceProviderRoleInterfaceCredentialGroupHistory,HistoryAction,No,,,,
InterfaceProviderRoleInterfaceCredentialGroupHistory,nd_auto_increment_id,No,,,,
InterfaceProviderType,InterfaceProviderTypeID,No,,,,
InterfaceProviderType,ProviderTypeName,No,,,,
InterfaceProviderType,ProviderTypeDescription,No,,,,
InterfaceProviderType,nd_auto_increment_id,No,,,,
InterfaceRole,InterfaceRoleID,No,,,,
InterfaceRole,RoleName,No,,,,
InterfaceRole,RoleNo,No,,,,
InterfaceRole,RoleDescription,No,,,,
InterfaceRole,nd_auto_increment_id,No,,,,
InterfaceSenderReceiverFlag,InterfaceSenderReceiverFlagID,No,,,,
InterfaceSenderReceiverFlag,IntSenderReceiverID,No,,,,
InterfaceSenderReceiverFlag,InterfaceFlagID,No,,,,
InterfaceSenderReceiverFlag,nd_auto_increment_id,No,,,,
InterfaceStatus,InterfaceStatusID,No,,,,
InterfaceStatus,StatusName,No,,,,
InterfaceTransactionError,InterfaceTransactionErrorID,No,,,,
InterfaceTransactionError,InterfaceTransactionID,No,,,,
InterfaceTransactionError,InterfaceEventID,No,,,,
InterfaceTransactionError,InsertTime,Yes,STATIC_OFFSET,,,
InterfaceTransactionError,ErrorMessage,No,,,,
InterfaceTransactionType,InterfaceTransactionTypeID,No,,,,
InterfaceTransactionType,InterfaceTransactionTypeDesc,No,,,,
IntKeyMap,IntKeyMapId,No,,,,
IntKeyMap,IntSenderReceiverID,Yes,PATIENT_ID,,,
IntKeyMap,RoleId,No,,,,
IntKeyMap,PSId,Yes,PATIENT_ID,,,
IntKeyMap,ExtNO,No,,,,
IntKeyMap_Bug191676,IntKeyMapId,No,,,,
IntKeyMap_Bug191676,IntSenderReceiverID,No,,,,
IntKeyMap_Bug191676,RoleId,No,,,,
IntKeyMap_Bug191676,PSId,No,,,,
IntKeyMap_Bug191676,ExtNO,No,,,,
IntKeyMapBack2_25_15,IntKeyMapId,No,,,,
IntKeyMapBack2_25_15,IntSenderReceiverID,No,,,,
IntKeyMapBack2_25_15,RoleId,No,,,,
IntKeyMapBack2_25_15,PSId,No,,,,
IntKeyMapBack2_25_15,ExtNO,No,,,,
IntSenderReceiver,IntSenderReceiverID,No,,,,
IntSenderReceiver,SenderReceiverDescription,Yes,MASK,SenderReceiverDescription,,
IntSenderReceiver,SenderReceiverIdentifier,Yes,MASK,SenderReceiverIdentifier,,
IntSenderReceiver,SenderReceiverConfig,No,,,,
IntSenderReceiver,InsExternalMapFlag,No,,,,
JobQ,QEntry,No,,,,
JobQ,ProgID,No,,,,
JobQ,MethodName,No,,,,
JobQ,ParameterString,No,,,,
JobQ,QEntryTime,Yes,DATE_OFFSET,,,
JobQ,NumberOfTries,No,,,,
JobQ,Channel,No,,,,
JobQ,Runtime,Yes,DATE_OFFSET,,,
JobQ,RecurrenceQuantity,No,,,,
JobQ,RecurrenceUnit,No,,,,
JobQ,SpecialRange,No,,,,
JobQHistory,QEntry,No,,,,
JobQHistory,ProgID,No,,,,
JobQHistory,MethodName,No,,,,
JobQHistory,ParameterString,No,,,,
JobQHistory,QEntryTime,Yes,STATIC_OFFSET,,,
JobQHistory,NumberOfTries,No,,,,
JobQHistory,Channel,No,,,,
JobQHistory,CreateDate,Yes,STATIC_OFFSET,,,
JobQHistory,Runtime,Yes,STATIC_OFFSET,,,
JobQHistory,RecurrenceQuantity,No,,,,
JobQHistory,RecurrenceUnit,No,,,,
JobQHistory,SpecialRange,No,,,,
JobStatusInfo,jobid,No,,,,
JobStatusInfo,jobname,No,,,,
JobStatusInfo,dateran,No,,,,
JobStatusInfo,exitcode,No,,,,
LabAccount,LabAccountID,No,,,,
LabAccount,AccountNumber,No,,,,
LabAccount,AccountDesc,No,,,,
LabAccount,BillingMethodID,No,,,,
LabAccount,DataSourceFacilityID,Yes,MASK,DataSourceFacilityID,,
LabAccount,IncludeInsurance,No,,,,
LabAccountBillingMethod,LabAccountBillingMethodID,No,,,,
LabAccountBillingMethod,Name,No,,,,
LabAccountLabAccountType,LabAccountID,No,,,,
LabAccountLabAccountType,LabAccountTypeID,No,,,,
LabAccountPracticeServiceLocation,LabAccountID,No,,,,
LabAccountPracticeServiceLocation,PracticeServiceLocationID,No,,,,
LabAccountType,LabAccountTypeID,No,,,,
LabAccountType,LabAccountTypeName,Yes,MASK,LabAccountTypeName,,
LabOrderLabNote,LabNoteID,No,,,,
LabOrderLabNote,LabOrderID,No,,,,
LabPanelLabNote,LabNoteID,No,,,,
LabPanelLabNote,LabPanelID,No,,,,
LabSubPanel,LabSubPanelID,No,,,,
LabSubPanel,LabPanelID,No,,,,
LabSubPanel,PanelNo,No,,,,
LabSubPanel,SubPanelNo,No,,,,
LabSubPanel,SubPanelDescription,No,,,,
LabTestResult_Backup_D53959,LabTestResultID,No,,,,
LabTestResult_Backup_D53959,LabPanelID,No,,,,
LabTestResult_Backup_D53959,LabSubPanelID,No,,,,
LabTestResult_Backup_D53959,ResultNo,No,,,,
LabTestResult_Backup_D53959,ResultStatus,No,,,,
LabTestResult_Backup_D53959,ResultValue,No,,,,
LabTestResult_Backup_D53959,ResultUnits,No,,,,
LabTestResult_Backup_D53959,ProducerNo,No,,,,
LabTestResult_Backup_D53959,ReferenceRange,No,,,,
LabTestResult_Backup_D53959,ResultValueType,No,,,,
LabTestResult_Backup_D53959,ResultDate,Yes,STATIC_OFFSET,,,
LabTestResult_Backup_D53959,TestDescription,No,,,,
LabTestResult_Backup_D53959,CodingSystem,No,,,,
LabTestResult_Backup_D53959,LabID,No,,,,
LanguageCodingSystem,CodingSystemId,No,,,,
LanguageCodingSystem,LanguageID,No,,,,
LanguageCodingSystem,Code,Yes,MASK,Code,,
LanguageCodingSystem,CodeDisplayName,No,,,,
Languages,LanguageID,No,,,,
Languages,LocalName,No,,,,
Languages,StandardName,No,,,,
Languages,Description,No,,,,
Languages,IsDefaultField,No,,,,
Languages,Enabled,No,,,,
LibSNOMED,LibSNOMEDID,No,,,,
LibSNOMED,Term,No,,,,
LibSNOMED,ConceptID,No,,,,
LibSNOMED,Description,No,,,,
LocationCertificationNumbers,LocationCertificationNumberID,No,,,,
LocationCertificationNumbers,LocationID,No,,,,
LocationCertificationNumbers,CompanyID,No,,,,
LocationCertificationNumbers,PlanID,No,,,,
LocationCertificationNumbers,LocationCertNumber,Yes,MASK,LocationCertNumber,,
LocationCertificationNumbers,LocationCertNumberType,No,,,,
LocationCertificationNumbers,PrintFormLocation,No,,,,
LogActionDisabled,ModuleListID,No,,,,
LogActionDisabled,SubComponentID,No,,,,
LogActionDisabled,LogActionID,No,,,,
LogActionDisabled,UserID,No,,,,
LogActionDisabled,CreateDate,No,,,,
LogActions,LogActionID,No,,,,
LogActions,ActionName,No,,,,
LogAudit_B60133_Backup,AuditLogId,No,,,,
LogAudit_B60133_Backup,ModuleListID,No,,,,
LogAudit_B60133_Backup,SubComponentID,No,,,,
LogAudit_B60133_Backup,AuditDescription,No,,,,
LogAudit_B60133_Backup,BackupDateTime,Yes,STATIC_OFFSET,,,
LogAuditDisabled,AuditLogID,No,,,,
LogAuditDisabled,CreateDateTime,Yes,DATE_OFFSET,,,
LogAuditDisabled,ModuleListID,No,,,,
LogAuditDisabled,SubComponentID,No,,,,
LogAuditDisabled,LogActionID,No,,,,
LogAuditDisabled,PersonID,No,,,,
LogAuditDisabled,PatientID,Yes,PATIENT_ID,,,
LogAuditDisabled,UserID,No,,,,
LogAuditDisabled,DeviceID,No,,,,
LogAuditDisabled,AuditDescription,No,,,,
LogDocumentActions,UserID,No,,,,
LogDocumentActions,PatientID,Yes,PATIENT_ID,,,
LogDocumentActions,DocumentID,No,,,,
LogDocumentActions,TimeOfAction,Yes,STATIC_OFFSET,,,
LogDocumentActions,ActionID,No,,,,
LogEmergencyOverride,UserID,No,,,,
LogEmergencyOverride,PatientAccessed,No,,,,
LogEmergencyOverride,OverrideTime,No,,,,
LogErrorData,ErrorID,No,,,,
LogErrorData,ErrorMessage,No,,,,
LogErrorData,UserID,No,,,,
LogErrorData,LogDate,Yes,STATIC_OFFSET,,,
LogErrorData,Documentation,Yes,GENERIC_NOTES,,,
LogErrorData,nd_auto_increment_id,No,,,,
LogHRA,LogHRAID,No,,,,
LogHRA,HRABinID,No,,,,
LogHRA,ErrorTypeID,No,,,,
LogHRA,ErrorDesc,No,,,,
LogHRA,nd_auto_increment_id,No,,,,
LogLogin,UserName,Yes,MASK,UserName,,
LogLogin,LoginTime,Yes,STATIC_OFFSET,,,
LogLogin,Successful,No,,,,
LogLogin,Address,Yes,MASK,Address,,
LogLogin,LoginMethod,No,,,,
LogLogin,MachineID,No,,,,
LogLogout,UserID,No,,,,
LogLogout,LogOffTime,Yes,STATIC_OFFSET,,,
LogLogout,LogOutIndicator,No,,,,
LogLogout,nd_auto_increment_id,No,,,,
LogPatientAccess,UserID,No,,,,
LogPatientAccess,PatientAccessed,No,,,,
LogPatientAccess,AccessTime,Yes,STATIC_OFFSET,,,
LogPatientAccess,Approved,No,,,,
LogSubComponents,SubComponentID,No,,,,
LogSubComponents,ModuleListID,No,,,,
LogSubComponents,SubComponentName,No,,,,
LOINCCodes,LOINC,No,,,,
LOINCCodes,ShortName,No,,,,
LookupList,LookupTableID,No,,,,
LookupList,TableName,No,,,,
LookupList,HeadingName,No,,,,
LookupList,ReadOnlyFlag,No,,,,
LookupList,AppendOnlyFlag,No,,,,
LookupList,GeneratorIDName,No,,,,
LookupList,IsTableLocked,No,,,,
LookupList,TableLockedUserID,No,,,,
LookupList,UsesStandardFormat,No,,,,
LookupList,Description,Yes,MASK,Description,,
MaritalStatus,MaritalStatusID,No,,,,
MaritalStatus,LocalName,Yes,MASK,LocalName,,
MaritalStatus,StandardName,Yes,MASK,StandardName,,
MaritalStatus,Description,No,,,,
MaritalStatus,IsDefaultField,No,,,,
MaritalStatus,Enabled,No,,,,
MaritalStatusCodingSystem,CodingSystemId,No,,,,
MaritalStatusCodingSystem,MaritalStatusID,No,,,,
MaritalStatusCodingSystem,Code,Yes,MASK,Code,,
MaritalStatusCodingSystem,CodeDisplayName,No,,,,
MasterContentBinLookup,BinCategoryID,No,,,,
MasterContentBinLookup,GMTVersion,No,,,,
MasterContentBinLookup,SpecialtyID,No,,,,
MasterContentBinLookup,MasterContentImage,Yes,GENERIC_NOTES,,,
MasterID,IDValue,No,,,,
MasterID,IDName,No,,,,
MasterSmartOnFhirStatusActions,ID,No,,,,
MasterSmartOnFhirStatusActions,Status_Actions_Names,No,,,,
MDNHistory,MDNHistoryID,No,,,,
MDNHistory,PatientID,Yes,PATIENT_ID,,,
MDNHistory,SendDateTime,No,,,,
MDNHistory,Destination,Yes,MASK,Destination,,
MDNHistory,StatusDescription,No,,,,
MDNHistory,SubjectText,Yes,NOTES,,,
MDNHistory,Origin,Yes,MASK,Origin,,
MDNHistory,ExternalMessageID,No,,,,
MDNHistory,CreateDateTime,Yes,DATE_OFFSET,,,
MDNHistory,CreatedByUserID,No,,,,
MedAlertOverrideReason,MedAlertOverrideReasonID,No,,,,
MedAlertOverrideReason,MedAlertOverrideReasonDesc,Yes,GENERIC_NOTES,,,
MedAlertOverrideReason,SortOrder,No,,,,
MedAlertOverrideReason,Disabled,No,,,,
MedicationIndicationAssessment,ClinicalPatMedID,No,,,,
MedicationIndicationAssessment,ICDCode,No,,,,
MedicationIndicationAssessment,ICDDesc,Yes,GENERIC_NOTES,,,
MedicationIndicationAssessment,CodingSystemID,No,,,,
MedicationIndicationFDB,ClinicalPatMedID,No,,,,
MedicationIndicationFDB,FDBMedicalConditionFDBDX,No,,,,
MedicationIndicationFDB,FDBMedicalConditionDesc,Yes,GENERIC_NOTES,,,
MedicationIndicationPharmacistInferred,ClinicalPatMedId,No,,,,
MedicationIndicationPharmacistInferred,CodingSystemID,No,,,,
MedicationIndicationPharmacistInferred,CodeID,No,,,,
MedicationIndicationPharmacistInferred,IsPrimary,No,,,,
MedicationIndicationProblemList,ClinicalPatMedID,No,,,,
MedicationIndicationProblemList,PatHistProblemListID,No,,,,
MedicationIndicationProblemList,PatHistItemICDCode,No,,,,
MedicationIndicationProblemList,PatHistItemICDDesc,Yes,GENERIC_NOTES,,,
MedicationIndicationProblemList,CodingSystemID,No,,,,
MedicationIndicationProblemList,SeqNo,No,,,,
MedicationIndicationProblemListHistory,MedicationIndicationProblemListHistoryID,No,,,,
MedicationIndicationProblemListHistory,ClinicalPatMedID,No,,,,
MedicationIndicationProblemListHistory,PatHistProblemListID,No,,,,
MedicationIndicationProblemListHistory,PatHistItemICDCode,No,,,,
MedicationIndicationProblemListHistory,PatHistItemICDDesc,Yes,MASK,PatHistItemICDDesc,,
MedicationIndicationProblemListHistory,ModifiedDate,Yes,STATIC_OFFSET,,,
MedicationIndicationProblemListHistory,ModifiedUserID,No,,,,
MedicationIndicationProblemListHistory,Modified,No,,,,
MedicationIndicationProblemListHistory,CodingSystemID,No,,,,
MedicationIndicationProblemListHistory,SeqNo,No,,,,
MedicationRouteCodingSystem,CodingSystemId,No,,,,
MedicationRouteCodingSystem,rtid,No,,,,
MedicationRouteCodingSystem,Code,No,,,,
MedicationRouteCodingSystem,CodeDisplayName,No,,,,
MenopauseStatus,MenopauseStatusID,No,,,,
MenopauseStatus,MenopauseStatusDesc,Yes,MASK,MenopauseStatusDesc,,
MenstrualFlow,MenstrualFlowID,No,,,,
MenstrualFlow,MenstrualFlowDesc,No,,,,
MessageDraftRecipient,MessageID,No,,,,
MessageDraftRecipient,RecipientString,Yes,MASK,RecipientString,,
MessageFolder,FolderID,No,,,,
MessageFolder,FolderName,Yes,MASK,FolderName,,
MessageFolder,LocalDesc,Yes,MASK,LocalDesc,,
MessageFolderTypes,FolderTypeID,No,,,,
MessageFolderTypes,LocalDesc,No,,,,
MessageFolderTypes,Type,No,,,,
MessageImageData,ImageID,No,,,,
MessageImageData,image,Yes,GENERIC_NOTES,,,
MessageMessageImageData,MessageID,No,,,,
MessageMessageImageData,ImageID,No,,,,
MessagePriority,PriorityID,No,,,,
MessagePriority,LocalDesc,No,,,,
MessageRecipient,MessageRecipientID,No,,,,
MessageRecipient,MessageID,No,,,,
MessageRecipient,StatusID,No,,,,
MessageRecipient,DateRead,Yes,STATIC_OFFSET,,,
MessageRecipient,GroupMember,No,,,,
MessageRecipient,FolderID,No,,,,
MessageRecipient,ToMessageUserID,No,,,,
MessageRecipientGroup,MessageID,No,,,,
MessageRecipientGroup,GroupID,No,,,,
MessageRecipientToFolder,MessageRecipientID,No,,,,
MessageRecipientToFolder,FolderID,No,,,,
MessageStatus,StatusID,No,,,,
MessageStatus,SenderText,No,,,,
MessageStatus,RecipientText,No,,,,
MessageToMessage,ParentMessageID,No,,,,
MessageToMessage,ChildMessageID,No,,,,
MessageType,MessageTypeID,No,,,,
MessageType,LocalDesc,No,,,,
MessageType,Enabled,No,,,,
MessageType,TypeOrder,No,,,,
MessageType,SystemType,No,,,,
MessageUser,MessageUserID,No,,,,
MessageUser,UserID,No,,,,
MessageUser,PatientID,Yes,PATIENT_ID,,,
MessageUserCount,MessageUserid,No,,,,
MessageUserCount,Unread,No,,,,
MessageUserCount,UserID,No,,,,
MessageUserCount_preMig,Userid,No,,,,
MessageUserCount_preMig,Unread,No,,,,
MessageUserFolders,FolderID,No,,,,
MessageUserFolders,UserID,No,,,,
MessageUserFolders,ParentFolderID,No,,,,
MessageUserFolders,FolderTypeID,No,,,,
MessageUserFolders,FolderOrder,No,,,,
MessageUserFolders,Enabled,No,,,,
MessageUserFolders,CreateDate,Yes,STATIC_OFFSET,,,
MessageUserFolders,LastModifiedDate,Yes,STATIC_OFFSET,,,
MinutesOfADay,MinuteOfDay,No,,,,
MinutesOfADay,Minute,No,,,,
MinutesOfADay,Hour,No,,,,
MinutesOfADay,MinTime,Yes,STATIC_OFFSET,,,
ModuleList,ModuleListID,No,,,,
ModuleList,SystemName,No,,,,
ModuleList,Name,No,,,,
ModuleList,Enabled,No,,,,
MSchange_tracking_history,internal_table_name,No,,,,
MSchange_tracking_history,table_name,No,,,,
MSchange_tracking_history,start_time,No,,,,
MSchange_tracking_history,end_time,No,,,,
MSchange_tracking_history,rows_cleaned_up,No,,,,
MSchange_tracking_history,cleanup_version,No,,,,
MSchange_tracking_history,comments,No,,,,
MUCareProviderYear,MUCareProviderYearID,No,,,,
MUCareProviderYear,CareProviderID,Yes,PATIENT_ID,,,
MUCareProviderYear,MUPaymentYearID,No,,,,
MUCareProviderYear,MUStageID,No,,,,
MUCareProviderYear,MUIncentiveID,No,,,,
MUCareProviderYear,FromDate,Yes,DATE_OFFSET,,,
MUCareProviderYear,ToDate,Yes,DATE_OFFSET,,,
MUCareProviderYear,Medicare,No,,,,
MUCareProviderYear,Medicaid,No,,,,
MUCareProviderYear,MedicaidPercent,No,,,,
MUCareProviderYear,MedicareAllowableCharges,Yes,MASK,MedicareAllowableCharges,,
MUCareProviderYear,MedicareExpectedIncentive,No,,,,
MUCareProviderYear,IncludeBillable,No,,,,
MUCareProviderYear,AttestDate,Yes,DATE_OFFSET,,,
MUCareProviderYear,LastUpdateDate,Yes,DATE_OFFSET,,,
MUCareProviderYear,InformationRecipientID,No,,,,
MUCareProviderYearMUSubMeasure,MUCareProviderYearID,No,,,,
MUCareProviderYearMUSubMeasure,MUSubMeasureID,No,,,,
MUCareProviderYearMUSubMeasure,MeasureDate,Yes,STATIC_OFFSET,,,
MUCareProviderYearMUSubMeasure,Numerator,No,,,,
MUCareProviderYearMUSubMeasure,Denominator,No,,,,
MUCareProviderYearMUSubMeasure,MeetsPerformance,No,,,,
MUCareProviderYearMUSubMeasure,FromDate,Yes,STATIC_OFFSET,,,
MUCareProviderYearMUSubMeasure,ToDate,Yes,STATIC_OFFSET,,,
MUForeignServiceType,ForeignServiceTypeID,No,,,,
MUForeignServiceType,ForeignServiceTypeName,No,,,,
MUIncentive,MUIncentiveID,No,,,,
MUIncentive,MUIncentiveTypeID,No,,,,
MUIncentive,MUIncentive,No,,,,
MUIncentiveType,MUIncentiveTypeID,No,,,,
MUIncentiveType,MUIncentiveTypeDesc,No,,,,
MULogActivityAction,ActionID,No,,,,
MULogActivityAction,Name,No,,,,
MULogActivityTarget,TargetID,No,,,,
MULogActivityTarget,Name,No,,,,
MUMeasure,MUMeasureID,No,,,,
MUMeasure,MUMeasureResultTypeID,No,,,,
MUMeasure,MUMeasureDisplayName,No,,,,
MUMeasure,MUMeasureDesc,No,,,,
MUMeasure,MUMeasureDetail,Yes,GENERIC_NOTES,,,
MUMeasure,MeasureProc,No,,,,
MUMeasure,HelpURL,No,,,,
MUMeasure,Enabled,No,,,,
MUMeasure,HasRevision,No,,,,
MUMeasureCareProviderYear,MUCareProviderYearID,No,,,,
MUMeasureCareProviderYear,MUMeasureID,No,,,,
MUMeasureCareProviderYear,ExemptFlag,No,,,,
MUMeasureCareProviderYear,MeetsPerformance,No,,,,
MUMeasureGroup,MUMeasureGroupID,No,,,,
MUMeasureGroup,MUMeasureID,No,,,,
MUMeasureResult,MUMeasureResultID,No,,,,
MUMeasureResult,MUCareProviderYearID,No,,,,
MUMeasureResult,MUSubMeasureID,No,,,,
MUMeasureResult,MeasureDate,Yes,STATIC_OFFSET,,,
MUMeasureResult,Numerator,No,,,,
MUMeasureResult,Denominator,No,,,,
MUMeasureResult,Eligible,No,,,,
MUMeasureResult,MeetsPerformance,No,,,,
MUMeasureResult,PerformanceExclusion,No,,,,
MUMeasureResult,PerformanceNotMet,No,,,,
MUMeasureResultType,MUMeasureResultTypeID,No,,,,
MUMeasureResultType,MUMeasureResultTypeDesc,No,,,,
MUMeasureStage,MUMeasureID,No,,,,
MUMeasureStage,MUStageID,No,,,,
MUMeasureStage,Goal,No,,,,
MUMeasureStage,Manditory,No,,,,
MUMeasureStage,DisplayOrder,No,,,,
MUMeasureStage,MeasureTypeID,No,,,,
MUMeasureType,MeasureTypeID,No,,,,
MUMeasureType,MeasureTypeDesc,No,,,,
MUPaymentYear,MUPaymentYearID,No,,,,
MUPaymentYear,MUPaymentYearDesc,No,,,,
MUPaymentYear,DefaultMedicareFromDate,Yes,STATIC_OFFSET,,,
MUPaymentYear,DefaultMedicareToDate,Yes,STATIC_OFFSET,,,
MUPaymentYear,MedicareRequiredDays,No,,,,
MUPaymentYear,MedicaidRequiredDays,No,,,,
MUServiceDiagnosis,MUServiceID,No,,,,
MUServiceDiagnosis,DiagnosisCode,No,,,,
MUServiceDiagnosis,DiagnosisPriority,No,,,,
MUStage,MUStageID,No,,,,
MUStage,MUStageDesc,No,,,,
MUSubMeasure,MUSubMeasureID,No,,,,
MUSubMeasure,MUMeasureID,No,,,,
MUSubMeasure,MUSubMeasureDesc,No,,,,
MUSubMeasureOBXAdmin,OBXConceptID,No,,,,
MUSubMeasureOBXAdmin,MUSubMeasureID,No,,,,
MUSubMeasurePatHistItem,MUSubMeasureID,No,,,,
MUSubMeasurePatHistItem,PatHistItemID,No,,,,
NDCCrosswalk,SaleNDC11,No,,,,
NDCCrosswalk,SalesProprietaryName,No,,,,
NDCCrosswalk,SaleLabeler,Yes,MASK,SaleLabeler,,
NDCCrosswalk,StartDate,Yes,STATIC_OFFSET,,,
NDCCrosswalk,EndDate,Yes,STATIC_OFFSET,,,
NDCCrosswalk,SaleGTIN,No,,,,
NDCCrosswalk,SaleLastUpdate,Yes,STATIC_OFFSET,,,
NDCCrosswalk,UseNDC11,No,,,,
NDCCrosswalk,NoUseNDC,No,,,,
NDCCrosswalk,UseGTIN,No,,,,
NDCCrosswalk,UseLastUpdate,Yes,STATIC_OFFSET,,,
NDCCrosswalk,CVXCode,No,,,,
NDCCrosswalk,CVXDescription,No,,,,
NDCCrosswalk,MVXCode,No,,,,
NextOfKin_Backup_D41450,NextOfKinID,No,,,,
NextOfKin_Backup_D41450,PersonID,Yes,PATIENT_ID,,,
NextOfKin_Backup_D41450,NextOfKinPerID,Yes,PATIENT_ID,,,
NextOfKin_Backup_D41450,AssociationTypeID,No,,,,
NextOfKin_Backup_D41450,Active,No,,,,
NextOfKin_Backup_D41450,LastUpdateDate,Yes,DATE_OFFSET,,,
NextOfKin_Backup_D41450,RelationShipTypeID,No,,,,
NextOfKin_Backup_D41450,StatementReceiver,No,,,,
NextOfKin_Backup_D41450,ExternalRelationshipCode,No,,,,
NextOfKin_Backup_D41450,OtherRelationshipType,No,,,,
NextOfKin_Backup_D41450,InsertDate,Yes,DATE_OFFSET,,,
NoteDiagnosisModifier,DiagID,No,,,,
NoteDiagnosisModifier,PatHistModifierID,No,,,,
NoteDiagnosisModifier,CreatedDate,Yes,STATIC_OFFSET,,,
NoteDiagnosisModifierHistory,NoteDiagnosisModifierHistoryID,No,,,,
NoteDiagnosisModifierHistory,DiagID,No,,,,
NoteDiagnosisModifierHistory,PatHistModifierID,No,,,,
NoteDiagnosisModifierHistory,HistoryDate,Yes,STATIC_OFFSET,,,
NoteDiagnosisModifierHistory,HistoryAction,No,,,,
NoteOrderReason,NoteOrderReasonID,No,,,,
NoteOrderReason,OrderID,No,,,,
NoteOrderReason,ICD9,No,,,,
NoteOrderReason,ICD10,Yes,MASK,ICD10,,
NoteOrderReason,Snomed,No,,,,
NoteOrderReason,Description,No,,,,
NoteOrderReason,CreatedDate,Yes,STATIC_OFFSET,,,
NotePlanAUCGCode,NotePlanAUCGCodeID,No,,,,
NotePlanAUCGCode,GCode,No,,,,
NotePlanAUCGCode,Description,Yes,MASK,Description,,
NotePlanAUCGCode,Active,No,,,,
NotePlanAUCProcedure,NotePlanAUCProcedureID,No,,,,
NotePlanAUCProcedure,CPTCode,No,,,,
NotePlanAUCProcedure,Active,No,,,,
NotePlanModifier,NotePlanModifierID,No,,,,
NotePlanModifier,Modifier,No,,,,
NotePlanModifier,Description,No,,,,
NotePlanModifier,Active,No,,,,
notifyAlert,AlertID,No,,,,
notifyAlert,SubscriberID,No,,,,
notifyAlert,ArticleID,No,,,,
notifyAlert,ContentAbbreviated,No,,,,
notifyAlertContent,AlertID,No,,,,
notifyAlertContent,ContentImage,No,,,,
notifyArticle,ArticleID,No,,,,
notifyArticle,Name,No,,,,
notifyArticle,Type,No,,,,
notifyArticleUser,ArticleID,No,,,,
notifyArticleUser,UserID,No,,,,
notifySubscriber,SubscriberID,No,,,,
notifySubscriber,SessionID,No,,,,
notifySubscriber,UserID,No,,,,
notifySubscriberArticle,SubscriberID,Yes,MASK,SubscriberID,,
notifySubscriberArticle,ArticleID,No,,,,
NQFConcept,NQFConceptID,No,,,,
NQFConcept,NQFConceptName,No,,,,
NQFConcept,MeasureDeveloperDesc,Yes,MASK,MeasureDeveloperDesc,,
NQFConcept,OID,No,,,,
NQFConceptCode,NQFConceptID,No,,,,
NQFConceptCode,CodingSystemVersionID,No,,,,
NQFConceptCode,Code,No,,,,
NQFConceptCode,OID,No,,,,
NullEmpty,nullDate,No,,,,
NullEmpty,nullString,No,,,,
NullEmpty,nullMoney,No,,,,
NullEmpty,nullNumeric,No,,,,
NullEmpty,nullInt,No,,,,
NullEmpty,emptyString,No,,,,
NumberText,N,No,,,,
NumberText,C,No,,,,
NumberText,S,No,,,,
OBRConcept,OBRID,No,,,,
OBRConcept,OrdConceptID,No,,,,
OBRConcept,ConceptHistoryID,No,,,,
OBRManual,OBRManualID,No,,,,
OBRManual,OBRManualguid,No,,,,
OBRManual,PatientID,Yes,PATIENT_ID,,,
OBRManual,OrdConceptID,No,,,,
OBRManual,ConceptHistoryID,No,,,,
OBRManual,OrderDescription,No,,,,
OBRManual,CollectionDate,Yes,DATE_OFFSET,,,
OBRManual,LabReceivedDate,Yes,DATE_OFFSET,,,
OBRManual,LabReportedDate,Yes,DATE_OFFSET,,,
OBRManual,ReportStatus,No,,,,
OBRManual,ResultDocumentID,No,,,,
OBRManual,DocumentID,No,,,,
OBRManual,Enabled,No,,,,
OBRManualHistory,OBRManualHistoryID,No,,,,
OBRManualHistory,OBRManualID,No,,,,
OBRManualHistory,OBRManualguid,No,,,,
OBRManualHistory,PatientID,Yes,PATIENT_ID,,,
OBRManualHistory,OrdConceptID,No,,,,
OBRManualHistory,ConceptHistoryID,No,,,,
OBRManualHistory,OrderDescription,Yes,NOTES,,,
OBRManualHistory,CollectionDate,Yes,DATE_OFFSET,,,
OBRManualHistory,LabReceivedDate,Yes,DATE_OFFSET,,,
OBRManualHistory,LabReportedDate,Yes,DATE_OFFSET,,,
OBRManualHistory,ReportStatus,No,,,,
OBRManualHistory,ResultDocumentID,No,,,,
OBRManualHistory,DocumentID,No,,,,
OBRManualHistory,Enabled,No,,,,
OBRManualHistory,HistoryDate,Yes,DATE_OFFSET,,,
OBRManualHistory,HistoryUserID,No,,,,
OBRManualHistory,HistoryAction,No,,,,
OBRManualOBXManual,OBRManualID,No,,,,
OBRManualOBXManual,OBXManualId,No,,,,
OBRManualOBXManualHistory,OBRManualHistoryID,No,,,,
OBRManualOBXManualHistory,OBXManualHistoryID,No,,,,
OBRManualOBXManualHistory,HistoryDate,Yes,STATIC_OFFSET,,,
OBRManualOBXManualHistory,HistoryUserID,No,,,,
OBRManualOBXManualHistory,HistoryAction,No,,,,
OBROBX_Backup_Datafix_Iss321007,OBRId,No,,,,
OBROBX_Backup_Datafix_Iss321007,OBXId,No,,,,
OBROBX_Backup_Datafix_Iss321007,Backup_Date,No,,,,
OBX_Backup_Datafix_Iss321007,OBXId,No,,,,
OBX_Backup_Datafix_Iss321007,OBXguid,No,,,,
OBX_Backup_Datafix_Iss321007,PatientID,Yes,PATIENT_ID,,,
OBX_Backup_Datafix_Iss321007,TestResultId,No,,,,
OBX_Backup_Datafix_Iss321007,TestDescription,No,,,,
OBX_Backup_Datafix_Iss321007,ResultValueType,No,,,,
OBX_Backup_Datafix_Iss321007,ResultUnits,No,,,,
OBX_Backup_Datafix_Iss321007,ResultValue,No,,,,
OBX_Backup_Datafix_Iss321007,LocalResultUnits,No,,,,
OBX_Backup_Datafix_Iss321007,LocalResultValue,No,,,,
OBX_Backup_Datafix_Iss321007,LocalResultFlag,No,,,,
OBX_Backup_Datafix_Iss321007,LocalResultUOMConceptID,No,,,,
OBX_Backup_Datafix_Iss321007,ReferenceRange,No,,,,
OBX_Backup_Datafix_Iss321007,ResultFlag,No,,,,
OBX_Backup_Datafix_Iss321007,ResultStatus,No,,,,
OBX_Backup_Datafix_Iss321007,CollectionDate,Yes,DATE_OFFSET,,,
OBX_Backup_Datafix_Iss321007,ResultDate,Yes,DATE_OFFSET,,,
OBX_Backup_Datafix_Iss321007,SeeNote,No,,,,
OBX_Backup_Datafix_Iss321007,ChangeID,No,,,,
OBX_Backup_Datafix_Iss321007,DisplayValue,No,,,,
OBX_Backup_Datafix_Iss321007,DisplayUnits,No,,,,
OBX_Backup_Datafix_Iss321007,DisplayFlag,No,,,,
OBX_Backup_Datafix_Iss321007,GMTDisplayValue,No,,,,
OBX_Backup_Datafix_Iss321007,ResultDocumentID,No,,,,
OBX_Backup_Datafix_Iss321007,Enabled,No,,,,
OBX_Backup_Datafix_Iss321007,ResultNo,No,,,,
OBX_Backup_Datafix_Iss321007,BatchGUID,No,,,,
OBX_Backup_Datafix_Iss321007,DataSourceFacilityID,No,,,,
OBX_Backup_Datafix_Iss321007,Backup_Date,No,,,,
OBXAdmin,OBXConceptID,No,,,,
OBXAdmin,ShortName,No,,,,
OBXAdmin,DataType,No,,,,
OBXAdmin,UOMConceptId,No,,,,
OBXAdmin,GMTUOMConceptId,No,,,,
OBXAdmin,GenderPickerId,No,,,,
OBXAdmin,CreatedBy,No,,,,
OBXAdmin,CreateDate,Yes,STATIC_OFFSET,,,
OBXAdmin,LastChangedBy,No,,,,
OBXAdmin,LastChangedDate,Yes,STATIC_OFFSET,,,
OBXAdmin,Enabled,No,,,,
OBXAdminCategory,OBXCategoryID,No,,,,
OBXAdminCategory,OBXConceptID,No,,,,
OBXAdminCategoryHistory,ConceptHistoryID,No,,,,
OBXAdminCategoryHistory,OBXCategoryID,No,,,,
OBXAdminCategoryHistory,OBXConceptID,Yes,MASK,OBXConceptID,,
OBXAdminCategoryHistory,HistoryAction,No,,,,
OBXAdminDataSource,OBXConceptID,No,,,,
OBXAdminDataSource,Code,No,,,,
OBXAdminDataSource,DataSourceFacilityId,No,,,,
OBXAdminDataSourceHistory,ConceptHistoryID,No,,,,
OBXAdminDataSourceHistory,OBXConceptID,No,,,,
OBXAdminDataSourceHistory,Code,No,,,,
OBXAdminDataSourceHistory,HistoryAction,No,,,,
OBXAdminDataSourceHistory,DataSourceFacilityId,No,,,,
OBXAdminHistory,ConceptHistoryID,No,,,,
OBXAdminHistory,OBXConceptID,No,,,,
OBXAdminHistory,ShortName,No,,,,
OBXAdminHistory,DataType,No,,,,
OBXAdminHistory,UOMConceptId,No,,,,
OBXAdminHistory,GMTUOMConceptId,No,,,,
OBXAdminHistory,GenderPickerId,No,,,,
OBXAdminHistory,CreatedBy,No,,,,
OBXAdminHistory,CreateDate,Yes,STATIC_OFFSET,,,
OBXAdminHistory,LastChangedBy,No,,,,
OBXAdminHistory,LastChangedDate,Yes,STATIC_OFFSET,,,
OBXAdminHistory,Enabled,No,,,,
OBXAdminHistory,HistoryAction,No,,,,
OBXAdminPickList,OBXConceptID,No,,,,
OBXAdminPickList,ListIndex,No,,,,
OBXAdminPickList,ListText,No,,,,
OBXAdminPickList,OBXAdminPickListID,No,,,,
OBXAdminPickListCodingSystem,OBXAdminPickListID,No,,,,
OBXAdminPickListCodingSystem,CodingSystemID,No,,,,
OBXAdminPickListCodingSystem,CodeId,No,,,,
OBXAdminPickListCodingSystemHistory,ConceptHistoryID,No,,,,
OBXAdminPickListCodingSystemHistory,OBXConceptID,No,,,,
OBXAdminPickListCodingSystemHistory,OBXAdminPickListID,No,,,,
OBXAdminPickListCodingSystemHistory,CodingSystemID,No,,,,
OBXAdminPickListCodingSystemHistory,CodeId,Yes,MASK,CodeId,,
OBXAdminPickListCodingSystemHistory,HistoryAction,No,,,,
OBXAdminPickListHistory,ConceptHistoryID,No,,,,
OBXAdminPickListHistory,OBXConceptID,No,,,,
OBXAdminPickListHistory,ListIndex,No,,,,
OBXAdminPickListHistory,ListText,Yes,GENERIC_NOTES,,,
OBXAdminPickListHistory,HistoryAction,No,,,,
OBXCategory,OBXCategoryID,No,,,,
OBXCategory,Description,No,,,,
OBXCategory,Enabled,No,,,,
OBXCategoryHistory,OBXCategoryHistoryID,No,,,,
OBXCategoryHistory,OBXCategoryID,No,,,,
OBXCategoryHistory,Description,No,,,,
OBXCategoryHistory,Enabled,No,,,,
OBXCategoryHistory,HistoryDate,Yes,STATIC_OFFSET,,,
OBXCategoryHistory,HistoryUserID,No,,,,
OBXCategoryHistory,HistoryAction,No,,,,
OBXCodingSystem,CodingSystemId,No,,,,
OBXCodingSystem,OBXConceptID,No,,,,
OBXCodingSystem,CodeId,No,,,,
OBXCodingSystemHistory,ConceptHistoryID,No,,,,
OBXCodingSystemHistory,CodingSystemId,No,,,,
OBXCodingSystemHistory,OBXConceptID,No,,,,
OBXCodingSystemHistory,CodeId,No,,,,
OBXCodingSystemHistory,HistoryAction,No,,,,
OBXConcept,OBXId,No,,,,
OBXConcept,OBXConceptID,No,,,,
OBXConcept,ConceptHistoryID,No,,,,
OBXConcept,OBXAdminPickListID,No,,,,
OBXConceptSpecialty,SpecialtyID,No,,,,
OBXConceptSpecialty,OBXConceptID,No,,,,
OBXConceptSpecialtyHistory,ConceptHistoryID,No,,,,
OBXConceptSpecialtyHistory,SpecialtyID,No,,,,
OBXConceptSpecialtyHistory,OBXConceptID,No,,,,
OBXConceptSpecialtyHistory,HistoryAction,No,,,,
OBXDataSourceHistory,DataSourceHistoryID,No,,,,
OBXDataSourceHistory,DataSourceId,No,,,,
OBXDataSourceHistory,DataSourceTypeId,No,,,,
OBXDataSourceHistory,Description,No,,,,
OBXDataSourceHistory,PK2,No,,,,
OBXDataSourceHistory,PK1,No,,,,
OBXDataSourceHistory,CreateUser,No,,,,
OBXDataSourceHistory,CreateDate,Yes,STATIC_OFFSET,,,
OBXDataSourceHistory,LastChangedBy,Yes,MASK,LastChangedBy,,
OBXDataSourceHistory,LastChangedDate,Yes,STATIC_OFFSET,,,
OBXDataSourceHistory,Enabled,No,,,,
OBXDataSourceHistory,HistoryDate,Yes,STATIC_OFFSET,,,
OBXDataSourceHistory,HistoryUser,No,,,,
OBXDataSourceHistory,HistoryAction,No,,,,
OBXGenderPicker,GenderPickerID,Yes,MASK,GenderPickerID,,
OBXGenderPicker,Description,Yes,MASK,Description,,
OBXManualClinicalVital,OBXManualId,No,,,,
OBXManualClinicalVital,ClinicalVitalID,No,,,,
OBXNote_Backup_Datafix_Iss321007,OBXNoteID,No,,,,
OBXNote_Backup_Datafix_Iss321007,OBXId,No,,,,
OBXNote_Backup_Datafix_Iss321007,OBXNoteguid,No,,,,
OBXNote_Backup_Datafix_Iss321007,UserID,No,,,,
OBXNote_Backup_Datafix_Iss321007,OBXNoteDate,No,,,,
OBXNote_Backup_Datafix_Iss321007,NoteText,No,,,,
OBXNote_Backup_Datafix_Iss321007,Backup_Date,No,,,,
OBXPatientRange,PatientID,Yes,PATIENT_ID,,,
OBXPatientRange,OBXConceptID,No,,,,
OBXPatientRange,OBXRangeComparisonOperatorID,No,,,,
OBXPatientRange,LowRange,No,,,,
OBXPatientRange,HighRange,No,,,,
OBXPatientRange,Note,Yes,NOTES,,,
OBXPatientRange,CreatedBy,Yes,MASK,CreatedBy,,
OBXPatientRange,CreateDate,Yes,DATE_OFFSET,,,
OBXPatientRangeHistory,PatientID,Yes,PATIENT_ID,,,
OBXPatientRangeHistory,OBXConceptID,No,,,,
OBXPatientRangeHistory,OBXRangeComparisonOperatorID,No,,,,
OBXPatientRangeHistory,LowRange,No,,,,
OBXPatientRangeHistory,HighRange,No,,,,
OBXPatientRangeHistory,Note,No,,,,
OBXPatientRangeHistory,CreatedBy,No,,,,
OBXPatientRangeHistory,CreateDate,Yes,STATIC_OFFSET,,,
OBXPatientRangeHistory,ActionCode,No,,,,
OBXRangeAge,OBXRangeAgeID,No,,,,
OBXRangeAge,OBXConceptID,No,,,,
OBXRangeAge,AllAges,Yes,MASK,AllAges,,
OBXRangeAge,MinAge,No,,,,
OBXRangeAge,MinAgeUnits,No,,,,
OBXRangeAge,MinAgeDays,No,,,,
OBXRangeAge,MaxAge,No,,,,
OBXRangeAge,MaxAgeUnits,No,,,,
OBXRangeAge,MaxAgeDays,No,,,,
OBXRangeAgeHistory,ConceptHistoryID,No,,,,
OBXRangeAgeHistory,OBXRangeAgeID,No,,,,
OBXRangeAgeHistory,OBXConceptID,No,,,,
OBXRangeAgeHistory,AllAges,No,,,,
OBXRangeAgeHistory,MinAge,No,,,,
OBXRangeAgeHistory,MinAgeUnits,No,,,,
OBXRangeAgeHistory,MinAgeDays,No,,,,
OBXRangeAgeHistory,MaxAge,No,,,,
OBXRangeAgeHistory,MaxAgeUnits,No,,,,
OBXRangeAgeHistory,MaxAgeDays,No,,,,
OBXRangeAgeHistory,HistoryAction,No,,,,
OBXRangeComparisonOperators,OBXRangeComparisonOperatorID,No,,,,
OBXRangeComparisonOperators,Value,No,,,,
OBXRangeComparisonOperators,Description,No,,,,
OBXRangeGender,OBXRangeAgeID,No,,,,
OBXRangeGender,OBXConceptID,No,,,,
OBXRangeGender,GenderID,No,,,,
OBXRangeGender,OBXRangeComparisonOperatorID,No,,,,
OBXRangeGender,LowRange,No,,,,
OBXRangeGender,HiRange,No,,,,
OBXRangeGenderHistory,ConceptHistoryID,No,,,,
OBXRangeGenderHistory,OBXRangeAgeID,No,,,,
OBXRangeGenderHistory,OBXConceptID,No,,,,
OBXRangeGenderHistory,GenderID,Yes,MASK,GenderID,,
OBXRangeGenderHistory,OBXRangeComparisonOperatorID,No,,,,
OBXRangeGenderHistory,LowRange,No,,,,
OBXRangeGenderHistory,HiRange,No,,,,
OBXRangeGenderHistory,HistoryAction,No,,,,
OBXSyn,OBXSynID,No,,,,
OBXSyn,OBXConceptID,No,,,,
OBXSyn,OBXSynonymText,No,,,,
OBXSyn,Enabled,No,,,,
OBXSynHistory,ConceptHistoryID,No,,,,
OBXSynHistory,OBXSynID,No,,,,
OBXSynHistory,OBXConceptID,No,,,,
OBXSynHistory,OBXSynonymText,No,,,,
OBXSynHistory,Enabled,No,,,,
OBXSynHistory,HistoryAction,No,,,,
OfficePregnancyTest,OfficePregnancyTestID,No,,,,
OfficePregnancyTest,OfficePregnancyTestDesc,No,,,,
OLDClinicalPatVital,PatVitalID,No,,,,
OLDClinicalPatVital,ClinicalVitalSetID,No,,,,
OLDClinicalPatVital,VitalID,No,,,,
OLDClinicalPatVital,PositionID,No,,,,
OLDClinicalPatVital,MethodID,No,,,,
OLDClinicalPatVital,Data,No,,,,
OLDClinicalPatVital,Enabled,No,,,,
oldClinicalPosition,ClinicalPositionID,No,,,,
oldClinicalPosition,Position,No,,,,
oldClinicalPosition,PositionAbbreviation,No,,,,
oldClinicalPosition,Description,No,,,,
oldClinicalPosition,Enabled,No,,,,
oldClinicalPosition,DomainID,No,,,,
OldClinicalVitalGroup,ClinicalVitalGroupID,No,,,,
OldClinicalVitalGroup,PatientID,Yes,PATIENT_ID,,,
OldClinicalVitalGroup,DateTimeAdded,Yes,STATIC_OFFSET,,,
OldClinicalVitalGroup,isOrthostatic,No,,,,
OldClinicalVitalGroup,VisitID,Yes,ENCOUNTER_ID,,,
OldClinicalVitalGroup,DocID,No,,,,
OLDClinicalVitalSet,ClinicalVitalSetid,No,,,,
OLDClinicalVitalSet,SiteID,No,,,,
OLDClinicalVitalSet,UserID,No,,,,
OLDClinicalVitalSet,DateTimeTaken,Yes,STATIC_OFFSET,,,
OLDClinicalVitalSet,ClinicalVitalGroupID,No,,,,
OldPreRegAccount,PatientID,Yes,PATIENT_ID,,,
OldPreRegAccount,AcctOpenDate,Yes,DATE_OFFSET,,,
OldPreRegAccount,AcctActiveFlag,No,,,,
OldPreRegAccount,LastInactivationDate,No,,,,
OldPreRegAccount,LastInactivationID,No,,,,
OldPreRegAccount,LastInactivationReasonComment,No,,,,
OldPreRegAccount,LastReactivationDate,No,,,,
OldPreRegAccount,LastReactivationID,No,,,,
OldPreRegAccount,LastReactivationComment,No,,,,
OldPreRegAccount,BalanceDate,Yes,DATE_OFFSET,,,
OldPreRegAccount,TotalAccountBalance,No,,,,
OldPreRegAccount,PatientLastPaymentDate,Yes,DATE_OFFSET,,,
OldPreRegAccount,PatientLastPaymentAmount,No,,,,
OldPreRegAccount,PatientLastStatementDate,Yes,DATE_OFFSET,,,
OldPreRegAccount,PatientLastStatementAmount,No,,,,
OldPreRegAccount,YTDPatientAmountDue,No,,,,
OldPreRegAccount,UnappliedCredit,No,,,,
OldPreRegAccount,ConvertedAcctID,No,,,,
OldPreRegAccount,Note,No,,,,
OldPreRegAccount,NoteDate,No,,,,
OldPreRegAccount,CurrUserID,No,,,,
OldPreRegAccount,CurrDateTime,Yes,DATE_OFFSET,,,
OldPreRegAccount,PatientBalance,No,,,,
OldPreRegAccount,InsuranceBalance,No,,,,
OldPreRegAccount,InsuranceLastStatementAmount,No,,,,
OldPreRegAccount,CreditLastStatementAmount,No,,,,
OldPreRegAccount,AccountBalanceCalcMethod,No,,,,
OldPreRegPayment,PaymentID,No,,,,
OldPreRegPayment,PatientID,Yes,PATIENT_ID,,,
OldPreRegPayment,PaymentDate,Yes,STATIC_OFFSET,,,
OldPreRegPayment,PaymentTypeID,No,,,,
OldPreRegPayment,AdjustmentTypeID,No,,,,
OldPreRegPayment,PaymentSourceID,No,,,,
OldPreRegPayment,PaymentMethodID,No,,,,
OldPreRegPayment,PaymentSupplierID,No,,,,
OldPreRegPayment,PaymentInsurancePlanID,Yes,MASK,PaymentInsurancePlanID,,
OldPreRegPayment,PostedUnapplied,No,,,,
OldPreRegPayment,Amount,No,,,,
OldPreRegPayment,AmountApplied,No,,,,
OldPreRegPayment,PostingDate,Yes,STATIC_OFFSET,,,
OldPreRegPayment,CheckNumber,No,,,,
OldPreRegPayment,Note,No,,,,
OldPreRegPayment,UserID,No,,,,
OldPreRegPayment,VoidPaymentRefID,No,,,,
OldPreRegPayment,PaymentCreditID,No,,,,
OldPreRegPayment,StatementDate,Yes,STATIC_OFFSET,,,
OldPreRegPaymentCredit,CreditID,No,,,,
OldPreRegPaymentCredit,TransferCreditID,No,,,,
OldPreRegPaymentCredit,PaymentID,No,,,,
OldPreRegPaymentCredit,PatientID,Yes,PATIENT_ID,,,
OldPreRegPaymentCredit,CreditType,No,,,,
OldPreRegPaymentCredit,Amount,No,,,,
OldPreRegPaymentCredit,AmountApplied,No,,,,
OldPreRegPaymentCredit,CreationDate,No,,,,
OldPreRegPaymentCredit,ModificationDate,Yes,STATIC_OFFSET,,,
OldPreRegPaymentCredit,UserID,No,,,,
OldPreRegPaymentCredit,VoidedPaymentID,No,,,,
OldPreRegPaymentToCharge,PaymentTransactionID,No,,,,
OldPreRegPaymentToCharge,PaymentID,No,,,,
OldPreRegPaymentToCharge,ServiceDetailID,No,,,,
OldPreRegPaymentToCharge,AmountApplied,No,,,,
OldPreRegPaymentToCharge,DateApplied,Yes,STATIC_OFFSET,,,
OldPreRegPaymentToCharge,PostingDate,No,,,,
OldPreRegPaymentToCharge,StatementNote,No,,,,
OldPreRegPaymentToCharge,Note,No,,,,
OldPreRegPaymentToCharge,UserID,No,,,,
OldPreRegPaymentToCharge,PrintNote,No,,,,
OldPreRegPaymentToCharge,VoidTransactionRefID,No,,,,
OldPreRegPaymentToCharge,CreditID,No,,,,
OldPreRegPaymentToCharge,PaymentAppliedTo,No,,,,
OldPreRegPaymentToCharge,MoveToCreditID,No,,,,
OldPreRegPaymentToCharge,PRCID,No,,,,
OldPreRegPaymentToCharge,AppliedToPtBalance,No,,,,
OldPreRegPaymentToCharge,AppliedToInBalance,No,,,,
OldPreRegPaymentToCharge,AppliedToPtExpected,No,,,,
OldPreRegPaymentToCharge,AppliedToInExpected,No,,,,
OldPreRegPaymentToCharge,Amount,No,,,,
OldPreRegSBDocDetails,DocDetailID,No,,,,
OldPreRegSBDocDetails,DocumentID,No,,,,
OldPreRegSBDocDetails,CodeID,No,,,,
OldPreRegSBDocDetails,CodeType,No,,,,
OldPreRegSBDocDetails,HeadingID,No,,,,
OldPreRegSBDocDetails,DisplayOrder,No,,,,
OldPreRegSBHeadings,HeadingID,No,,,,
OldPreRegSBHeadings,HeadingName,No,,,,
OldPreRegSBHeadings,HeadingType,No,,,,
OldPreRegSBHeadings,DefaultDisplayOrder,No,,,,
OldPreRegSBSuperBills,SBSuperBillID,No,,,,
OldPreRegSBSuperBills,VisitID,Yes,ENCOUNTER_ID,,,
OldPreRegSBSuperBills,procDocDetailID,No,,,,
OldPreRegSBSuperBills,ProcedureMasterID,No,,,,
OldPreRegSBSuperBills,DiagDocDetailID,No,,,,
OldPreRegSBSuperBills,DiagID,No,,,,
OldPreRegSBSuperBills,DiagCode,No,,,,
OldPreRegSBSuperBills,DiagDesc,Yes,MASK,DiagDesc,,
OldPreRegSBSuperBills,Units,No,,,,
OldPreRegSBSuperBills,DiagPriority,No,,,,
OldPreRegSBSuperBills,Status,No,,,,
OldPreRegSBSuperBills,Disabled,No,,,,
OldPreRegSBSuperBills,Deleted,No,,,,
OldPreRegServiceDetail,ServiceDetailID,No,,,,
OldPreRegServiceDetail,ClaimID,No,,,,
OldPreRegServiceDetail,ClaimDetailNum,No,,,,
OldPreRegServiceDetail,ARAcctID,No,,,,
OldPreRegServiceDetail,ServiceAssignedToClaim,No,,,,
OldPreRegServiceDetail,IssOrderID,No,,,,
OldPreRegServiceDetail,FromDate,Yes,STATIC_OFFSET,,,
OldPreRegServiceDetail,ToDate,No,,,,
OldPreRegServiceDetail,PlaceOfServiceID,No,,,,
OldPreRegServiceDetail,TypeOfService,No,,,,
OldPreRegServiceDetail,ProcedureMasterID,No,,,,
OldPreRegServiceDetail,ProcedureCode,No,,,,
OldPreRegServiceDetail,NumberOfDaysOrUnits,No,,,,
OldPreRegServiceDetail,EPSDTInd,No,,,,
OldPreRegServiceDetail,EMGInd,No,,,,
OldPreRegServiceDetail,COBInd,No,,,,
OldPreRegServiceDetail,Charge,Yes,MASK,Charge,,
OldPreRegServiceDetail,AccountingPeriodID,No,,,,
OldPreRegServiceDetail,PostingDate,Yes,STATIC_OFFSET,,,
OldPreRegServiceDetail,DeductibleAmount,No,,,,
OldPreRegServiceDetail,WriteOffAmount,No,,,,
OldPreRegServiceDetail,IsBilled,No,,,,
OldPreRegServiceDetail,PatientID,Yes,PATIENT_ID,,,
OldPreRegServiceDetail,VisitID,Yes,ENCOUNTER_ID,,,
OldPreRegServiceDetail,EncounterID,No,,,,
OldPreRegServiceDetail,CareProviderID,Yes,MASK,CareProviderID,,
OldPreRegServiceDetail,LocationID,No,,,,
OldPreRegServiceDetail,InsCoverageID,No,,,,
OldPreRegServiceDetail,ReferringProvID,No,,,,
OldPreRegServiceDetail,CreateClaim,No,,,,
OldPreRegServiceDetail,SuspendAR,No,,,,
OldPreRegServiceDetail,EOBDenied,No,,,,
OldPreRegServiceDetail,EOBDeniedDate,Yes,STATIC_OFFSET,,,
OldPreRegServiceDetail,EOBDeniedReason,No,,,,
OldPreRegServiceDetail,EmplRelatedFlag,No,,,,
OldPreRegServiceDetail,AutoAccFlag,No,,,,
OldPreRegServiceDetail,AutoAccidentState,No,,,,
OldPreRegServiceDetail,AccRespFlag,No,,,,
OldPreRegServiceDetail,OtherAccident,No,,,,
OldPreRegServiceDetail,ResubmitClaim,No,,,,
OldPreRegServiceDetail,SubmissionNumber,No,,,,
OldPreRegServiceDetail,Reserved24k,No,,,,
OldPreRegServiceDetail,HospAdmitDate,Yes,STATIC_OFFSET,,,
OldPreRegServiceDetail,HospDischDate,Yes,STATIC_OFFSET,,,
OldPreRegServiceDetail,DisabilityFromDate,No,,,,
OldPreRegServiceDetail,DisabilityToDate,No,,,,
OldPreRegServiceDetail,SymptomDate,No,,,,
OldPreRegServiceDetail,SimilarDate,No,,,,
OldPreRegServiceDetail,RevisionNumber,No,,,,
OldPreRegServiceDetail,RevisionUserID,No,,,,
OldPreRegServiceDetail,RevisionDateTime,Yes,STATIC_OFFSET,,,
OldPreRegServiceDetail,CurrUserID,No,,,,
OldPreRegServiceDetail,CurrDateTime,Yes,STATIC_OFFSET,,,
OldPreRegServiceDetail,PatientExpected,No,,,,
OldPreRegServiceDetail,InsuranceExpected,No,,,,
OldPreRegServiceDetail,PatientPaid,No,,,,
OldPreRegServiceDetail,InsurancePaid,No,,,,
OldPreRegServiceDetail,WriteOffExpected,No,,,,
OldPreRegServiceDetail,ContractWriteOffPosted,No,,,,
OldPreRegServiceDetail,VoidServiceDetailID,No,,,,
OldPreRegServiceDetail,OverridePrintExclusion,No,,,,
OldPreRegServiceDetail,BillableToPatient,No,,,,
OldPreRegServiceDetail,AccidentStateID,No,,,,
OldPreRegServiceDetail,AccidentTypeID,No,,,,
OldPreRegServiceDetail,AdjustedAmount,No,,,,
OldPreRegServiceDetail,Amended,No,,,,
OldPreRegServiceDetail,ServiceDetailStatusID,No,,,,
OldPreRegServiceDetail,OtherPaid,No,,,,
OldPreRegServiceDetail,CopayApplied,No,,,,
OldPreRegServiceDetail,StatementDate,No,,,,
OldPreRegServiceDetail,StatementSuppressionDays,No,,,,
OldPreRegServiceDetail,ExcludeStatement,No,,,,
OldPreRegServiceDetail,OtherPaidInsurance,No,,,,
OldPreRegServiceDetail,CoPayAmtApplied,No,,,,
OldPreRegServiceDetail,PracticeLocationID,No,,,,
OldPreRegServiceDetail,RenderingProviderID,Yes,MASK,RenderingProviderID,,
OldPreRegServiceDetail,PatientBalance,No,,,,
OldPreRegServiceDetail,InsuranceBalance,No,,,,
OldPreRegServiceDetail,PatientApplied,No,,,,
OldPreRegServiceDetail,InsuranceApplied,No,,,,
OldPreRegServiceDetail,CoInsPct,No,,,,
OldPreRegServiceDetail,BalanceCalcMethod,No,,,,
OldPreRegServiceDetail,SecondaryInsurance,No,,,,
OldPreRegServiceDetail,UseExclusion,No,,,,
OldPreRegServiceDetail,AcceptAssignment,No,,,,
OldPreRegServiceDetail,PrimaryExpected,No,,,,
OldPreRegServiceDetail,ResponsibilityDate,No,,,,
OldPreRegServiceDetailInsurance,ServiceDetailID,No,,,,
OldPreRegServiceDetailInsurance,InsCovID,No,,,,
OldPreRegServiceDetailInsurance,Priority,No,,,,
OldPreRegServiceDetailInsurance,SubOrder,No,,,,
OldPreRegServiceDetailInsurance,PreCertNumber,Yes,MASK,PreCertNumber,,
OldPreRegServiceDetailInsurance,Status,No,,,,
OldPreRegServiceDetailModifiers,ServiceDetailModifierID,No,,,,
OldPreRegServiceDetailModifiers,ServiceDetailID,No,,,,
OldPreRegServiceDetailModifiers,Modifier,No,,,,
OldPreRegServiceDetailModifiers,ModifierDetailNum,No,,,,
OldPreRegServiceDetailToDiagnosis,SDDiagID,No,,,,
OldPreRegServiceDetailToDiagnosis,ServiceDetailID,No,,,,
OldPreRegServiceDetailToDiagnosis,ClaimID,No,,,,
OldPreRegServiceDetailToDiagnosis,DiagnosisCode,No,,,,
OldPreRegServiceDetailToDiagnosis,DiagClaimRefNumber,No,,,,
OldPreRegServiceDetailToDiagnosis,DiagnosisPriority,No,,,,
OldPreRegVisitDiagnosis,VisitDiagnosisID,No,,,,
OldPreRegVisitDiagnosis,VisitID,Yes,ENCOUNTER_ID,,,
OldPreRegVisitDiagnosis,DiagnosisCode,No,,,,
OnBehalfOfClinicalDocuments,DocumentID,No,,,,
OnBehalfOfClinicalDocuments,CurrentOwner,No,,,,
OnBehalfOfClinicalDocuments,SentFrom,No,,,,
OrdAdmin_Backup,OrdConceptID,No,,,,
OrdAdmin_Backup,ShortName,No,,,,
OrdAdmin_Backup,InOfficeDefault,No,,,,
OrdAdmin_Backup,DefaultOrderStatus,No,,,,
OrdAdmin_Backup,BillableDefault,No,,,,
OrdAdmin_Backup,CreatedBy,No,,,,
OrdAdmin_Backup,CreateDate,Yes,STATIC_OFFSET,,,
OrdAdmin_Backup,LastChangedBy,No,,,,
OrdAdmin_Backup,LastChangedDate,Yes,STATIC_OFFSET,,,
OrdAdmin_Backup,Enabled,No,,,,
OrdAdmin_Backup,VocabQuestionSetID,No,,,,
OrdAdminCategory,OrdCategoryID,No,,,,
OrdAdminCategory,OrdConceptID,No,,,,
OrdAdminCategoryHistory,ConceptHistoryID,No,,,,
OrdAdminCategoryHistory,OrdCategoryID,No,,,,
OrdAdminCategoryHistory,OrdConceptID,Yes,MASK,OrdConceptID,,
OrdAdminCategoryHistory,HistoryAction,No,,,,
OrdAdminConfig,OrdConceptID,No,,,,
OrdAdminConfig,Orderable,No,,,,
OrdAdminConfig,Performable,No,,,,
OrdAdminConfig,Historical,No,,,,
OrdAdminConfig,Resultable,No,,,,
OrdAdminConfig,Chargeable,No,,,,
OrdAdminDataSource,OrdConceptID,No,,,,
OrdAdminDataSource,OrderCode,No,,,,
OrdAdminDataSource,OrderCodeTypeID,No,,,,
OrdAdminDataSource,IsStat,No,,,,
OrdAdminDataSource,DataSourceFacilityId,No,,,,
OrdAdminDataSource,OrderGrouping,No,,,,
OrdAdminDataSourceHistory,ConceptHistoryID,No,,,,
OrdAdminDataSourceHistory,OrdConceptID,No,,,,
OrdAdminDataSourceHistory,OrderCode,No,,,,
OrdAdminDataSourceHistory,HistoryAction,No,,,,
OrdAdminDataSourceHistory,OrderCodeTypeID,No,,,,
OrdAdminDataSourceHistory,IsStat,No,,,,
OrdAdminDataSourceHistory,DataSourceFacilityId,Yes,MASK,DataSourceFacilityId,,
OrdAdminDataSourceSpecimenInstruction,OrdConceptID,No,,,,
OrdAdminDataSourceSpecimenInstruction,OrderCode,No,,,,
OrdAdminDataSourceSpecimenInstruction,DataSourceFacilityID,No,,,,
OrdAdminDataSourceSpecimenInstruction,SpecimenInstructionTypeID,No,,,,
OrdAdminDataSourceSpecimenInstruction,SpecimenInstructionDescriptionID,No,,,,
OrdAdminHWVendorHWDevice,OrdConceptID,No,,,,
OrdAdminHWVendorHWDevice,HWVendorID,No,,,,
OrdAdminHWVendorHWDevice,HWDeviceID,No,,,,
OrdAdminHWVendorHWDevice,HWDeviceNumber,No,,,,
OrdAdminOBXAdmin,OrdConceptID,No,,,,
OrdAdminOBXAdmin,OBXConceptID,No,,,,
OrdAdminOBXAdmin,OBXSynID,No,,,,
OrdAdminOBXAdmin,MemSeqNo,No,,,,
OrdAdminOBXAdmin,DisplayOrder,No,,,,
OrdAdminOBXAdminHistory,ConceptHistoryID,No,,,,
OrdAdminOBXAdminHistory,OrdConceptID,No,,,,
OrdAdminOBXAdminHistory,OBXConceptID,No,,,,
OrdAdminOBXAdminHistory,OBXSynID,No,,,,
OrdAdminOBXAdminHistory,MemSeqNo,No,,,,
OrdAdminOBXAdminHistory,HistoryAction,No,,,,
OrdAdminOBXAdminHistory,DisplayOrder,No,,,,
OrdAdminOBXAdminHistory,nd_auto_increment_id,No,,,,
OrdAdminProcedureMasterInfo,OrdConceptID,No,,,,
OrdAdminProcedureMasterInfo,ProcedureMasterId,No,,,,
OrdAdminProcedureMasterInfo,Defaulted,No,,,,
OrdAdminProcedureMasterInfo,nd_auto_increment_id,No,,,,
OrdAdminProcedureMasterInfoHistory,ConceptHistoryID,No,,,,
OrdAdminProcedureMasterInfoHistory,OrdConceptID,No,,,,
OrdAdminProcedureMasterInfoHistory,ProcedureMasterId,No,,,,
OrdAdminProcedureMasterInfoHistory,HistoryAction,No,,,,
OrdAdminProcedureMasterInfoHistory,nd_auto_increment_id,No,,,,
OrdAdminUser,UserID,No,,,,
OrdAdminUser,OrdConceptID,No,,,,
OrdAdminUser,nd_auto_increment_id,No,,,,
OrdadminVocabQuestionAdmin,OrdConceptID,No,,,,
OrdadminVocabQuestionAdmin,DataSourceFacilityID,No,,,,
OrdadminVocabQuestionAdmin,VocabQuestionAdminID,No,,,,
OrdadminVocabQuestionAdmin,QuestionSequenceNo,No,,,,
OrdadminVocabQuestionAdmin,nd_auto_increment_id,No,,,,
OrdCategory,OrdCategoryID,No,,,,
OrdCategory,Description,No,,,,
OrdCategory,Enabled,No,,,,
OrdCategory,nd_auto_increment_id,No,,,,
OrdCategoryHistory,OrdCategoryHistoryID,No,,,,
OrdCategoryHistory,OrdCategoryID,No,,,,
OrdCategoryHistory,Description,No,,,,
OrdCategoryHistory,Enabled,No,,,,
OrdCategoryHistory,HistoryDate,Yes,STATIC_OFFSET,,,
OrdCategoryHistory,HistoryUserID,No,,,,
OrdCategoryHistory,HistoryAction,No,,,,
OrdCategoryHistory,nd_auto_increment_id,No,,,,
OrdCodingSystem,CodingSystemId,No,,,,
OrdCodingSystem,OrdConceptID,No,,,,
OrdCodingSystem,CodeId,No,,,,
OrdCodingSystem,Preferred,No,,,,
OrdCodingSystem,Defaulted,No,,,,
OrdCodingSystemHistory,ConceptHistoryID,No,,,,
OrdCodingSystemHistory,CodingSystemId,No,,,,
OrdCodingSystemHistory,OrdConceptID,No,,,,
OrdCodingSystemHistory,CodeId,No,,,,
OrdCodingSystemHistory,HistoryAction,No,,,,
OrdCodingSystemHistory,Preferred,No,,,,
OrdConceptSpecialty,SpecialtyID,No,,,,
OrdConceptSpecialty,OrdConceptID,No,,,,
OrdConceptSpecialty,nd_auto_increment_id,No,,,,
OrdConceptSpecialtyHistory,ConceptHistoryID,No,,,,
OrdConceptSpecialtyHistory,SpecialtyID,No,,,,
OrdConceptSpecialtyHistory,OrdConceptID,Yes,MASK,OrdConceptID,,
OrdConceptSpecialtyHistory,HistoryAction,No,,,,
OrdConceptSpecialtyHistory,nd_auto_increment_id,No,,,,
OrderCodeType,OrderCodeTypeID,No,,,,
OrderCodeType,OrderCodeType,No,,,,
OrderCodeType,Enabled,No,,,,
OrderCodeType,nd_auto_increment_id,No,,,,
OrderedSnomedCode,SNOMEDCodeID,No,,,,
OrderedSnomedCode,SNOMEDCode,No,,,,
OrderedSnomedCode,Description,No,,,,
OrderedSnomedCode,nd_auto_increment_id,No,,,,
OrderReason,OrderReasonID,No,,,,
OrderReason,OrderReasonDesc,No,,,,
OrderReason,nd_auto_increment_id,No,,,,
OrderSet,OrderSetConceptId,No,,,,
OrderSet,ShortName,No,,,,
OrderSet,CreatedBy,No,,,,
OrderSet,CreateDate,Yes,STATIC_OFFSET,,,
OrderSet,LastChangedBy,Yes,MASK,LastChangedBy,,
OrderSet,LastChangedDate,Yes,STATIC_OFFSET,,,
OrderSet,Enabled,No,,,,
OrderSet,InOfficeDefault,No,,,,
OrderSet,nd_auto_increment_id,No,,,,
OrderSetHistory,ConceptHistoryID,No,,,,
OrderSetHistory,OrderSetConceptID,No,,,,
OrderSetHistory,ShortName,No,,,,
OrderSetHistory,CreatedBy,No,,,,
OrderSetHistory,CreateDate,Yes,STATIC_OFFSET,,,
OrderSetHistory,LastChangedBy,Yes,MASK,LastChangedBy,,
OrderSetHistory,LastChangedDate,Yes,STATIC_OFFSET,,,
OrderSetHistory,Enabled,No,,,,
OrderSetHistory,HistoryAction,No,,,,
OrderSetHistory,nd_auto_increment_id,No,,,,
OrderSetMember,OrderSetConceptId,No,,,,
OrderSetMember,OrdConceptID,No,,,,
OrderSetMember,OrdSynID,No,,,,
OrderSetMember,OrderSetMemberSeqNo,No,,,,
OrderSetMember,DisplayOrder,No,,,,
OrderSetMember,nd_auto_increment_id,No,,,,
OrderSetMemberHistory,ConceptHistoryID,No,,,,
OrderSetMemberHistory,OrderSetConceptID,No,,,,
OrderSetMemberHistory,OrdConceptID,No,,,,
OrderSetMemberHistory,OrdSynID,No,,,,
OrderSetMemberHistory,OrderSetMemberSeqNo,No,,,,
OrderSetMemberHistory,HistoryAction,No,,,,
OrderSetMemberHistory,DisplayOrder,No,,,,
OrderSetMemberHistory,nd_auto_increment_id,No,,,,
OrderSetMemberProcedure,ID,No,,,,
OrderSetMemberProcedure,OrderSetConceptId,No,,,,
OrderSetMemberProcedure,ProcedureMasterID,No,,,,
OrderSetMemberProcedure,ProcedureCode,No,,,,
OrderSetMemberProcedure,OrderSetMemberSeqNo,No,,,,
OrderSetMemberProcedure,nd_auto_increment_id,No,,,,
OrderSetUser,OrderSetConceptId,No,,,,
OrderSetUser,UserID,No,,,,
OrderSetUser,nd_auto_increment_id,No,,,,
OrdersTrackingActions,TaskKey,No,,,,
OrdersTrackingActions,OrderID,No,,,,
OrdersTrackingActions,FUTaskID,No,,,,
OrdersTrackingActions,nd_auto_increment_id,No,,,,
OrdersTrackingActions_old,TaskKey,No,,,,
OrdersTrackingActions_old,OrderID,No,,,,
OrdersTrackingActions_old,FUTaskID,No,,,,
OrdersTrackingActions_old,nd_auto_increment_id,No,,,,
OrdersTrackingAnswerAdmin,OrdersTrackingAnswerAdminID,No,,,,
OrdersTrackingAnswerAdmin,AnswerName,No,,,,
OrdersTrackingAnswerAdmin,OrderID,No,,,,
OrdersTrackingAnswerAdmin,nd_auto_increment_id,No,,,,
OrdersTrackingAnswerSet,OrdersTrackingAnswerSetID,No,,,,
OrdersTrackingAnswerSet,AnswerSetName,No,,,,
OrdersTrackingAnswerSet,AnswerSetDefinition,No,,,,
OrdersTrackingAnswerSet,OrderID,No,,,,
OrdersTrackingAnswerSet,nd_auto_increment_id,No,,,,
OrdersTrackingAnswerSetOrdersTrackingAnswerAdmin,OrdersTrackingAnswerSetOrdersTrackingAnswerAdminID,No,,,,
OrdersTrackingAnswerSetOrdersTrackingAnswerAdmin,OrdersTrackingAnswerAdminID,No,,,,
OrdersTrackingAnswerSetOrdersTrackingAnswerAdmin,OrdersTrackingAnswerSetID,No,,,,
OrdersTrackingAnswerSetOrdersTrackingAnswerAdmin,Sequence,No,,,,
OrdersTrackingAnswerSetOrdersTrackingAnswerAdmin,OrderID,No,,,,
OrdersTrackingAnswerSetOrdersTrackingAnswerAdmin,nd_auto_increment_id,No,,,,
OrdersTrackingFindingsForOrder,OrderID,No,,,,
OrdersTrackingFindingsForOrder,FindingID,No,,,,
OrdersTrackingFindingsForOrder,nd_auto_increment_id,No,,,,
OrdersTrackingFollowUpStatusLU,StatusID,No,,,,
OrdersTrackingFollowUpStatusLU,StatusDescription,No,,,,
OrdersTrackingFollowUpTasks,FUTaskID,No,,,,
OrdersTrackingFollowUpTasks,Description,Yes,GENERIC_NOTES,,,
OrdersTrackingFollowUpTasks,displayorder,No,,,,
OrdersTrackingFollowUpTasks,SystemDefined,No,,,,
OrdersTrackingFollowUpTasks,Disabled,No,,,,
OrdersTrackingFollowUpTasks,OrdConceptID,No,,,,
OrdersTrackingFollowUpTasks,nd_auto_increment_id,No,,,,
OrdersTrackingGeneralFindingsLU,FindingID,No,,,,
OrdersTrackingGeneralFindingsLU,FindingDescription,No,,,,
OrdersTrackingOrderToDiagnosis,OrderID,No,,,,
OrdersTrackingOrderToDiagnosis,ICDCode,Yes,MASK,ICDCode,,
OrdersTrackingOrderToDiagnosis,Description,Yes,GENERIC_NOTES,,,
OrdersTrackingProcedure,ID,No,,,,
OrdersTrackingProcedure,OrderID,No,,,,
OrdersTrackingProcedure,ProcedureMasterID,No,,,,
OrdersTrackingProcedure,ProcedureCode,No,,,,
OrdersTrackingProcedure,ImmunizationFlag,No,,,,
OrdersTrackingQuestionAdmin,OrdersTrackingQuestionAdminID,No,,,,
OrdersTrackingQuestionAdmin,OrdersTrackingAnswerSetID,No,,,,
OrdersTrackingQuestionAdmin,OrdersTrackingQuestionAdminResponseTypeID,No,,,,
OrdersTrackingQuestionAdmin,QuestionName,No,,,,
OrdersTrackingQuestionAdmin,DbField,No,,,,
OrdersTrackingQuestionAdmin,OrderID,No,,,,
OrdersTrackingQuestionAdmin,QuestionSequenceNo,No,,,,
OrdersTrackingQuestionAdmin,nd_auto_increment_id,No,,,,
OrdersTrackingQuestionAdminDefault,OrdersTrackingQuestionAdminDefaultID,No,,,,
OrdersTrackingQuestionAdminDefault,OrdersTrackingQuestionAdminID,No,,,,
OrdersTrackingQuestionAdminDefault,OrdersTrackingAnswerAdminID,No,,,,
OrdersTrackingQuestionAdminDefault,DefaultDescription,No,,,,
OrdersTrackingQuestionAdminDefault,OrderID,No,,,,
OrdersTrackingQuestionAdminDefault,nd_auto_increment_id,No,,,,
OrdersTrackingQuestionAdminSelected,OrdersTrackingQuestionAdminSelectedID,No,,,,
OrdersTrackingQuestionAdminSelected,OrdersTrackingQuestionAdminID,No,,,,
OrdersTrackingQuestionAdminSelected,OrdersTrackingAnswerAdminID,No,,,,
OrdersTrackingQuestionAdminSelected,SelectedDescription,No,,,,
OrdersTrackingQuestionAdminSelected,CreatedBy,No,,,,
OrdersTrackingQuestionAdminSelected,CreateDate,Yes,DATE_OFFSET,,,
OrdersTrackingQuestionAdminSelected,LastChangedBy,No,,,,
OrdersTrackingQuestionAdminSelected,LastChangedDate,Yes,DATE_OFFSET,,,
OrdersTrackingQuestionAdminSelected,OrderID,No,,,,
OrdersTrackingQuestionAdminSelected,nd_auto_increment_id,No,,,,
OrdersTrackingQuestionResponseType,OrdersTrackingQuestionResponseTypeID,No,,,,
OrdersTrackingQuestionResponseType,ResponseType,No,,,,
OrdersTrackingQuestionResponseType,nd_auto_increment_id,No,,,,
OrdersTrackingQuestionSet,OrdersTrackingQuestionSetID,No,,,,
OrdersTrackingQuestionSet,QuestionSetName,No,,,,
OrdersTrackingQuestionSet,QuestionSetDefinition,No,,,,
OrdersTrackingQuestionSet,OrderID,No,,,,
OrdersTrackingQuestionSet,nd_auto_increment_id,No,,,,
OrdersTrackingQuestionSetOrdersTrackingQuestionAdmin,OrdersTrackingQuestionSetOrdersTrackingQuestionAdminID,No,,,,
OrdersTrackingQuestionSetOrdersTrackingQuestionAdmin,OrdersTrackingQuestionAdminID,No,,,,
OrdersTrackingQuestionSetOrdersTrackingQuestionAdmin,OrdersTrackingQuestionSetID,No,,,,
OrdersTrackingQuestionSetOrdersTrackingQuestionAdmin,Sequence,No,,,,
OrdersTrackingQuestionSetOrdersTrackingQuestionAdmin,OrderID,No,,,,
OrdersTrackingQuestionSetOrdersTrackingQuestionAdmin,nd_auto_increment_id,No,,,,
OrdersTrackingReasonForCancelLU,ReasonID,No,,,,
OrdersTrackingReasonForCancelLU,Description,No,,,,
OrdersTrackingReasonForCancelLU,SystemDefined,No,,,,
OrdersTrackingResultsDocuments,OrderId,No,,,,
OrdersTrackingResultsDocuments,DocumentId,No,,,,
OrdersTrackingSpecificFindings,FindingID,No,,,,
OrdersTrackingSpecificFindings,Description,Yes,GENERIC_NOTES,,,
OrdersTrackingSpecificFindings,SystemDefined,No,,,,
OrdersTrackingSpecificFindings,DisplayOrder,No,,,,
OrdersTrackingSpecificFindings,Disabled,No,,,,
OrdersTrackingSpecificFindings,OrdConceptID,No,,,,
OrdersTrackingStatusLU,StatusID,No,,,,
OrdersTrackingStatusLU,StatusDescription,No,,,,
OrderViewed,OrderID,No,,,,
OrderViewed,UserID,No,,,,
OrderViewed,DateTimeViewed,Yes,STATIC_OFFSET,,,
OrdFavCatMaster,OrdFavCatID,No,,,,
OrdFavCatMaster,CategoryDesc,No,,,,
OrdFavCatMaster,DisplayOrder,No,,,,
OrdFavConsult,OrdFavConsultID,No,,,,
OrdFavConsult,OrdFavConsultDesc,No,,,,
OrdFavConsultMaster,OrdFavConsultID,No,,,,
OrdFavConsultMaster,OrdFavConsultDesc,No,,,,
OrdFavItem,OrdFavItemID,No,,,,
OrdFavItem,Code,No,,,,
OrdFavItem,CodeSource,No,,,,
OrdFavItem,ProcedureMasterID,No,,,,
OrdFavItem,ProcedureExplosionID,No,,,,
OrdFavItem,OrdFavConsultID,No,,,,
OrdFavItem,LocalName,No,,,,
OrdFavItem,CreateDate,Yes,STATIC_OFFSET,,,
OrdFavItemMaster,OrdFavItemID,No,,,,
OrdFavItemMaster,Code,No,,,,
OrdFavItemMaster,CodeSource,No,,,,
OrdFavItemMaster,ProcedureMasterID,No,,,,
OrdFavItemMaster,ProcedureExplosionID,No,,,,
OrdFavItemMaster,OrdFavConsultID,No,,,,
OrdFavItemMaster,LocalName,Yes,GENERIC_NOTES,,,
OrdFavItemMaster,CreateDate,Yes,STATIC_OFFSET,,,
OrdFavSubCat,OrdFavSubCatID,No,,,,
OrdFavSubCat,OrdFavCatID,No,,,,
OrdFavSubCat,SubCategoryDesc,Yes,MASK,SubCategoryDesc,,
OrdFavSubCat,DisplayOrder,No,,,,
OrdFavSubCatMaster,OrdFavSubCatID,No,,,,
OrdFavSubCatMaster,OrdFavCatID,No,,,,
OrdFavSubCatMaster,SubCategoryDesc,No,,,,
OrdFavSubCatMaster,DisplayOrder,No,,,,
OrdFavSubCatOrdFavItem,OrdFavSubCatID,No,,,,
OrdFavSubCatOrdFavItem,OrdFavItemID,No,,,,
OrdFavSubCatOrdFavItemMaster,OrdFavSubCatID,No,,,,
OrdFavSubCatOrdFavItemMaster,OrdFavItemID,No,,,,
OrdFavSubCatOrdFavItemMaster,SpecialtyID,No,,,,
OrdReqOrderLabTestCode,OrderID,No,,,,
OrdReqOrderLabTestCode,LabTestCode,No,,,,
OrdReqOrderLabTestCode,nd_auto_increment_id,No,,,,
OrdReqOrderStatus,OrdReqOrderStatusID,No,,,,
OrdReqOrderStatus,Description,No,,,,
OrdReqOrderStatus,nd_auto_increment_id,No,,,,
OrdReqQ,OrdReqQID,No,,,,
OrdReqQ,DataSource,No,,,,
OrdReqQ,DataSourceFacility,No,,,,
OrdReqQ,Action,No,,,,
OrdReqQ,PatientID,Yes,PATIENT_ID,,,
OrdReqQ,OrdReqTransactionID,No,,,,
OrdReqQ,DocumentID,No,,,,
OrdReqQ,VisitID,Yes,ENCOUNTER_ID,,,
OrdReqQ,CreateDate,Yes,STATIC_OFFSET,,,
OrdReqQ,TryCount,No,,,,
OrdReqQ,InterfaceURL,No,,,,
OrdReqQ,InterfacePassword,Yes,MASK,InterfacePassword,,
OrdReqQ,nd_auto_increment_id,No,,,,
OrdReqQError,OrdReqQErrorID,No,,,,
OrdReqQError,OrdReqQID,No,,,,
OrdReqQError,Timestamp,Yes,STATIC_OFFSET,,,
OrdReqQError,TryCount,No,,,,
OrdReqQError,Error,No,,,,
OrdReqQError,nd_auto_increment_id,No,,,,
OrdReqQErrorHistory,OrdReqQErrorHistoryID,No,,,,
OrdReqQErrorHistory,HistoryDate,No,,,,
OrdReqQErrorHistory,OrdReqQErrorID,No,,,,
OrdReqQErrorHistory,OrdReqQID,No,,,,
OrdReqQErrorHistory,Timestamp,Yes,STATIC_OFFSET,,,
OrdReqQErrorHistory,TryCount,No,,,,
OrdReqQErrorHistory,Error,No,,,,
OrdReqQErrorHistory,nd_auto_increment_id,No,,,,
OrdReqQHistory,OrdReqQHistoryID,No,,,,
OrdReqQHistory,HistoryDate,Yes,DATE_OFFSET,,,
OrdReqQHistory,OrdReqQID,No,,,,
OrdReqQHistory,DataSource,Yes,MASK,DataSource,,
OrdReqQHistory,DataSourceFacility,Yes,MASK,DataSourceFacility,,
OrdReqQHistory,Action,No,,,,
OrdReqQHistory,PatientID,Yes,PATIENT_ID,,,
OrdReqQHistory,OrdReqTransactionID,No,,,,
OrdReqQHistory,DocumentID,No,,,,
OrdReqQHistory,VisitID,Yes,ENCOUNTER_ID,,,
OrdReqQHistory,CreateDate,Yes,DATE_OFFSET,,,
OrdReqQHistory,TryCount,No,,,,
OrdReqQHistory,InterfaceURL,Yes,MASK,InterfaceURL,,
OrdReqQHistory,InterfacePassword,Yes,MASK,InterfacePassword,,
OrdReqQHistory,nd_auto_increment_id,No,,,,
OrdReqTransaction,OrdReqTransactionID,No,,,,
OrdReqTransaction,OrdReqID,No,,,,
OrdReqTransaction,InterfaceProviderRoleID,No,,,,
OrdReqTransaction,RxTxTransactionNo,No,,,,
OrdReqTransaction,OrdReqTransactionStatusID,No,,,,
OrdReqTransaction,CreateDate,Yes,DATE_OFFSET,,,
OrdReqTransaction,UserID,No,,,,
OrdReqTransaction,LastChangedDate,Yes,DATE_OFFSET,,,
OrdReqTransaction,LastChangedBy,Yes,MASK,LastChangedBy,,
OrdReqTransaction,PracticeLocationID,No,,,,
OrdReqTransaction,LabAccountID,No,,,,
OrdReqTransaction,DataSourceFacilityID,No,,,,
OrdReqTransaction,nd_auto_increment_id,No,,,,
OrdReqTransactionHistory,OrdReqTransactionHistoryID,No,,,,
OrdReqTransactionHistory,OrdReqTransactionID,No,,,,
OrdReqTransactionHistory,RxTxTransactionNo,No,,,,
OrdReqTransactionHistory,Packet,No,,,,
OrdReqTransactionHistory,CreateDate,Yes,STATIC_OFFSET,,,
OrdReqTransactionHistory,UserID,No,,,,
OrdReqTransactionHistory,nd_auto_increment_id,No,,,,
OrdReqTransactionHistoryOrder,OrdTransactionHistoryOrderID,No,,,,
OrdReqTransactionHistoryOrder,OrdReqTransactionHistoryID,No,,,,
OrdReqTransactionHistoryOrder,OrderName,No,,,,
OrdReqTransactionHistoryOrder,OrderCode,No,,,,
OrdReqTransactionHistoryOrder,nd_auto_increment_id,No,,,,
OrdReqTransactionHistoryOrderDiagnosis,OrdTransactionHistoryOrderID,No,,,,
OrdReqTransactionHistoryOrderDiagnosis,DxCode,No,,,,
OrdReqTransactionHistoryOrderDiagnosis,DxCodeICD10,No,,,,
OrdReqTransactionHistoryOrderDiagnosis,nd_auto_increment_id,No,,,,
OrdReqTransactionSeed,OrdReqTransactionSeedID,No,,,,
OrdReqTransactionSeed,nd_auto_increment_id,No,,,,
OrdReqTransactionStatus,OrdReqTransactionStatusID,No,,,,
OrdReqTransactionStatus,Description,No,,,,
OrdReqTransactionStatus,nd_auto_increment_id,No,,,,
OrdSyn,OrdSynID,No,,,,
OrdSyn,OrdConceptID,No,,,,
OrdSyn,OrdSynonymText,No,,,,
OrdSyn,Enabled,No,,,,
OrdSyn,IsSystemSynonym,No,,,,
OrdSyn,nd_auto_increment_id,No,,,,
OrdSynCodingSystem,CodingSystemId,No,,,,
OrdSynCodingSystem,OrdSynID,No,,,,
OrdSynCodingSystem,CodeId,No,,,,
OrdSynCodingSystem,nd_auto_increment_id,No,,,,
OrdSynHistory,ConceptHistoryID,No,,,,
OrdSynHistory,OrdSynID,No,,,,
OrdSynHistory,OrdConceptID,No,,,,
OrdSynHistory,OrdSynonymText,Yes,NOTES,,,
OrdSynHistory,Enabled,No,,,,
OrdSynHistory,HistoryAction,No,,,,
OrdSynHistory,IsSystemSynonym,No,,,,
OrdSynHistory,nd_auto_increment_id,No,,,,
OrganizationType,OrganizationTypeID,No,,,,
OrganizationType,LocalName,No,,,,
OrganizationType,StandardName,No,,,,
OrganizationType,Description,No,,,,
OrganizationType,IsDefaultField,No,,,,
OrganizationType,Enabled,No,,,,
OrganizationType,nd_auto_increment_id,No,,,,
OverrideAccess,UserID,No,,,,
OverrideAccess,PatientID,Yes,PATIENT_ID,,,
OverrideAccess,AccessLevel,No,,,,
OverrideAccess,nd_auto_increment_id,No,,,,
PACSModality,ModalityID,No,,,,
PACSModality,Code,Yes,MASK,Code,,
PACSModality,Description,No,,,,
PACSModality,IsActive,No,,,,
PACSModality,IsSystemType,No,,,,
PACSModality,nd_auto_increment_id,No,,,,
PACSPriority,PriorityID,No,,,,
PACSPriority,Code,No,,,,
PACSPriority,Description,No,,,,
PACSPriority,IsActive,No,,,,
PACSPriority,nd_auto_increment_id,No,,,,
PatHistBehavior,PatientID,Yes,PATIENT_ID,,,
PatHistBehavior,AssessmentDate,Yes,DATE_OFFSET,,,
PatHistBehavior,PatHistBehaviorCategoryQuestionID,No,,,,
PatHistBehavior,PatHistBehaviorAnswerID,No,,,,
PatHistBehavior,AnswerText,Yes,NOTES,,,
PatHistBehavior,Score,No,,,,
PatHistBehavior,CreatedBy_UserID,No,,,,
PatHistBehavior,CreateDateTime,Yes,DATE_OFFSET,,,
PatHistBehavior,LastChange_UserID,Yes,MASK,LastChange_UserID,,
PatHistBehavior,LastChangeDateTime,Yes,DATE_OFFSET,,,
PatHistBehavior,nd_auto_increment_id,No,,,,
PatHistBehaviorAnswer,PatHistBehaviorAnswerID,No,,,,
PatHistBehaviorAnswer,AnswerText,No,,,,
PatHistBehaviorAnswer,IsEnabled,No,,,,
PatHistBehaviorAnswer,nd_auto_increment_id,No,,,,
PatHistBehaviorAnswerCodingSystem,PatHistBehaviorAnswerID,No,,,,
PatHistBehaviorAnswerCodingSystem,CodingSystemID,No,,,,
PatHistBehaviorAnswerCodingSystem,CodeID,No,,,,
PatHistBehaviorAnswerCodingSystem,nd_auto_increment_id,No,,,,
PatHistBehaviorCategory,PatHistBehaviorCategoryID,No,,,,
PatHistBehaviorCategory,CategoryDescription,No,,,,
PatHistBehaviorCategory,DisplayOrder,No,,,,
PatHistBehaviorCategory,IsEnabled,No,,,,
PatHistBehaviorCategory,nd_auto_increment_id,No,,,,
PatHistBehaviorCategoryQuestion,PatHistBehaviorCategoryQuestionID,No,,,,
PatHistBehaviorCategoryQuestion,PatHistBehaviorCategoryID,No,,,,
PatHistBehaviorCategoryQuestion,PatHistBehaviorQuestionID,No,,,,
PatHistBehaviorCategoryQuestion,DisplayOrder,No,,,,
PatHistBehaviorCategoryQuestion,IsEnabled,No,,,,
PatHistBehaviorCategoryQuestion,Score,No,,,,
PatHistBehaviorCategoryQuestion,nd_auto_increment_id,No,,,,
PatHistBehaviorHistory,PatHistBehaviorHistoryID,No,,,,
PatHistBehaviorHistory,PatientID,Yes,PATIENT_ID,,,
PatHistBehaviorHistory,AssessmentDate,Yes,DATE_OFFSET,,,
PatHistBehaviorHistory,PatHistBehaviorCategoryQuestionID,No,,,,
PatHistBehaviorHistory,PatHistBehaviorAnswerID,No,,,,
PatHistBehaviorHistory,AnswerText,Yes,NOTES,,,
PatHistBehaviorHistory,Score,No,,,,
PatHistBehaviorHistory,CreatedBy_UserID,No,,,,
PatHistBehaviorHistory,CreateDateTime,Yes,DATE_OFFSET,,,
PatHistBehaviorHistory,LastChange_UserID,No,,,,
PatHistBehaviorHistory,LastChangeDateTime,Yes,DATE_OFFSET,,,
PatHistBehaviorHistory,HistoryDate,Yes,DATE_OFFSET,,,
PatHistBehaviorHistory,History_UserID,No,,,,
PatHistBehaviorHistory,HistoryAction,No,,,,
PatHistBehaviorHistory,nd_auto_increment_id,No,,,,
PatHistBehaviorQuestion,PatHistBehaviorQuestionID,No,,,,
PatHistBehaviorQuestion,QuestionText,No,,,,
PatHistBehaviorQuestion,PatHistBehaviorResponseTypeID,No,,,,
PatHistBehaviorQuestion,IsEnabled,No,,,,
PatHistBehaviorQuestion,nd_auto_increment_id,No,,,,
PatHistBehaviorQuestionAnswer,PatHistBehaviorCategoryQuestionID,No,,,,
PatHistBehaviorQuestionAnswer,PatHistBehaviorAnswerID,No,,,,
PatHistBehaviorQuestionAnswer,DisplayOrder,No,,,,
PatHistBehaviorQuestionAnswer,IsEnabled,No,,,,
PatHistBehaviorQuestionAnswer,Score,No,,,,
PatHistBehaviorQuestionAnswer,AnswerCode,No,,,,
PatHistBehaviorQuestionAnswer,nd_auto_increment_id,No,,,,
PatHistBehaviorQuestionCodingSystem,PatHistBehaviorQuestionID,No,,,,
PatHistBehaviorQuestionCodingSystem,CodingSystemID,Yes,MASK,CodingSystemID,,
PatHistBehaviorQuestionCodingSystem,CodeID,No,,,,
PatHistBehaviorQuestionCodingSystem,nd_auto_increment_id,No,,,,
PatHistBehaviorResponseType,PatHistBehaviorResponseTypeID,No,,,,
PatHistBehaviorResponseType,ResponseTypeDescription,No,,,,
PatHistBehaviorResponseType,nd_auto_increment_id,No,,,,
PatHistCatSpecialtyMaster,PatHistCatID,No,,,,
PatHistCatSpecialtyMaster,SpecialtyID,No,,,,
PatHistCatSpecialtyMaster,PatHistSectionID,No,,,,
PatHistCatSpecialtyMaster,DisplayOrder,No,,,,
PatHistCatSpecialtyMaster,Enabled,No,,,,
PatHistCatSpecialtyMaster,nd_auto_increment_id,No,,,,
PatHistFrailty,PatHistFrailtyID,No,,,,
PatHistFrailty,PatientID,Yes,PATIENT_ID,,,
PatHistFrailty,PatHistCatPatHistItemID,No,,,,
PatHistFrailty,CreatedBy,Yes,MASK,CreatedBy,,
PatHistFrailty,CreateDate,Yes,DATE_OFFSET,,,
PatHistFrailty,LastChanged,Yes,DATE_OFFSET,,,
PatHistFrailty,LastChangedBy,No,,,,
PatHistFrailty,DateResolved,No,,,,
PatHistFrailty,FrailtyStatusID,Yes,PATIENT_ID,,,
PatHistFrailty,Notes,No,,,,
PatHistFrailty,OnsetDate,No,,,,
PatHistFrailty,OnsetDateObjective,No,,,,
PatHistFrailty,ResolvedDateObjective,No,,,,
PatHistFrailty,nd_auto_increment_id,No,,,,
PatHistFrailtyHistory,PatHistFrailtyHistoryID,No,,,,
PatHistFrailtyHistory,PatientID,Yes,PATIENT_ID,,,
PatHistFrailtyHistory,PatHistCatPatHistItemID,No,,,,
PatHistFrailtyHistory,PatHistFrailtyID,No,,,,
PatHistFrailtyHistory,CreatedUser,No,,,,
PatHistFrailtyHistory,CreateDate,Yes,DATE_OFFSET,,,
PatHistFrailtyHistory,LastChanged,Yes,DATE_OFFSET,,,
PatHistFrailtyHistory,LastChangedBy,No,,,,
PatHistFrailtyHistory,DateResolved,No,,,,
PatHistFrailtyHistory,FrailtyStatusID,No,,,,
PatHistFrailtyHistory,Notes,Yes,NOTES,,,
PatHistFrailtyHistory,OnsetDate,No,,,,
PatHistFrailtyHistory,ModifiedUser,No,,,,
PatHistFrailtyHistory,PatHistAction,Yes,MASK,PatHistAction,,
PatHistFrailtyHistory,nd_auto_increment_id,No,,,,
PatHistFrailtyStatus,PatHistFrailtyStatusID,Yes,PATIENT_ID,,,
PatHistFrailtyStatus,PatHistFrailtyStatusDesc,No,,,,
PatHistFrailtyStatus,Enabled,No,,,,
PatHistFrailtyStatus,nd_auto_increment_id,No,,,,
PatHistGenetic,PatientID,Yes,PATIENT_ID,,,
PatHistGenetic,PatHistCatPatHistItemID,No,,,,
PatHistGenetic,PatHistGeneticID,Yes,PATIENT_ID,,,
PatHistGenetic,CreatedBy,No,,,,
PatHistGenetic,CreateDate,Yes,DATE_OFFSET,,,
PatHistGenetic,LastChanged,Yes,DATE_OFFSET,,,
PatHistGenetic,LastChangedBy,No,,,,
PatHistGenetic,ProblemListMember,No,,,,
PatHistGenetic,GeneticHistoryNote,Yes,NOTES,,,
PatHistGenetic,nd_auto_increment_id,No,,,,
PatHistGeneticHistory,PatHistGeneticHistoryID,Yes,PATIENT_ID,,,
PatHistGeneticHistory,PatientID,Yes,PATIENT_ID,,,
PatHistGeneticHistory,PatHistCatPatHistItemID,No,,,,
PatHistGeneticHistory,PatHistGeneticID,Yes,PATIENT_ID,,,
PatHistGeneticHistory,CreatedBy,No,,,,
PatHistGeneticHistory,CreateDate,Yes,DATE_OFFSET,,,
PatHistGeneticHistory,LastChanged,Yes,DATE_OFFSET,,,
PatHistGeneticHistory,LastChangedBy,Yes,MASK,LastChangedBy,,
PatHistGeneticHistory,ProblemListMember,No,,,,
PatHistGeneticHistory,GeneticHistoryNote,Yes,NOTES,,,
PatHistGeneticHistory,HistoryDate,Yes,DATE_OFFSET,,,
PatHistGeneticHistory,UserID,No,,,,
PatHistGeneticHistory,PatHistAction,No,,,,
PatHistGeneticHistory,nd_auto_increment_id,No,,,,
PatHistGeneticRelation,PatientID,Yes,PATIENT_ID,,,
PatHistGeneticRelation,PatHistCatPatHistItemID,No,,,,
PatHistGeneticRelation,Relation,Yes,MASK,Relation,,
PatHistGeneticRelation,Origin,No,,,,
PatHistGeneticRelation,CreatedBy,No,,,,
PatHistGeneticRelation,CreateDate,Yes,DATE_OFFSET,,,
PatHistGeneticRelation,nd_auto_increment_id,No,,,,
PatHistGeneticRelationHistory,PatHistGeneticRelationHistoryID,No,,,,
PatHistGeneticRelationHistory,PatientID,Yes,PATIENT_ID,,,
PatHistGeneticRelationHistory,PatHistCatPatHistItemID,No,,,,
PatHistGeneticRelationHistory,Relation,Yes,MASK,Relation,,
PatHistGeneticRelationHistory,Origin,No,,,,
PatHistGeneticRelationHistory,CreatedBy,No,,,,
PatHistGeneticRelationHistory,CreateDate,Yes,DATE_OFFSET,,,
PatHistGeneticRelationHistory,HistoryDate,Yes,DATE_OFFSET,,,
PatHistGeneticRelationHistory,UserID,No,,,,
PatHistGeneticRelationHistory,PatHistAction,No,,,,
PatHistGeneticRelationHistory,nd_auto_increment_id,No,,,,
PatHistItemCodingSystem,PatHistItemID,No,,,,
PatHistItemCodingSystem,CodingSystemID,No,,,,
PatHistItemCodingSystem,AltSystemCode,No,,,,
PatHistMedicalModifierHistory,PatHistMedicalModifierHistoryID,No,,,,
PatHistMedicalModifierHistory,PatHistMedicalModifierID,No,,,,
PatHistMedicalModifierHistory,PatHistModifierID,No,,,,
PatHistMedicalModifierHistory,PatHistMedicalID,No,,,,
PatHistMedicalModifierHistory,HistoryDate,Yes,STATIC_OFFSET,,,
PatHistMedicalModifierHistory,Action,No,,,,
PatHistMedicalModifierHistory,nd_auto_increment_id,No,,,,
PatHistPregnancyDetail,PatHistPregnancyDetailID,No,,,,
PatHistPregnancyDetail,PatientID,Yes,PATIENT_ID,,,
PatHistPregnancyDetail,DeliveryDate,Yes,DATE_OFFSET,,,
PatHistPregnancyDetail,GA,No,,,,
PatHistPregnancyDetail,HrsLabor,No,,,,
PatHistPregnancyDetail,BirthWeight,No,,,,
PatHistPregnancyDetail,GenderID,Yes,MASK,GenderID,,
PatHistPregnancyDetail,TypeOfDeliveryID,Yes,MASK,TypeOfDeliveryID,,
PatHistPregnancyDetail,AnesthesiaID,No,,,,
PatHistPregnancyDetail,PretermLabor,No,,,,
PatHistPregnancyDetail,Complications,No,,,,
PatHistPregnancyDetail,Note,Yes,NOTES,,,
PatHistPregnancyDetail,Location,No,,,,
PatHistPregnancyDetail,BirthOrder,No,,,,
PatHistPregnancyDetail,nd_auto_increment_id,No,,,,
PatHistPregnancyDetailHistory,PatHistPregnancyDetailHistory,No,,,,
PatHistPregnancyDetailHistory,PatHistPregnancyDetailID,No,,,,
PatHistPregnancyDetailHistory,PatientID,Yes,PATIENT_ID,,,
PatHistPregnancyDetailHistory,DeliveryDate,Yes,DATE_OFFSET,,,
PatHistPregnancyDetailHistory,GA,No,,,,
PatHistPregnancyDetailHistory,HrsLabor,No,,,,
PatHistPregnancyDetailHistory,BirthWeight,No,,,,
PatHistPregnancyDetailHistory,GenderID,Yes,MASK,GenderID,,
PatHistPregnancyDetailHistory,TypeOfDeliveryID,No,,,,
PatHistPregnancyDetailHistory,AnesthesiaID,No,,,,
PatHistPregnancyDetailHistory,PretermLabor,No,,,,
PatHistPregnancyDetailHistory,Complications,Yes,MASK,Complications,,
PatHistPregnancyDetailHistory,Note,Yes,NOTES,,,
PatHistPregnancyDetailHistory,Location,No,,,,
PatHistPregnancyDetailHistory,BirthOrder,No,,,,
PatHistPregnancyDetailHistory,HistoryDate,Yes,DATE_OFFSET,,,
PatHistPregnancyDetailHistory,UserID,No,,,,
PatHistPregnancyDetailHistory,PatHistAction,No,,,,
PatHistPregnancyDetailHistory,nd_auto_increment_id,No,,,,
PatHistProblemListModifier,PatHistProblemListModifierID,No,,,,
PatHistProblemListModifier,PatHistModifierID,No,,,,
PatHistProblemListModifier,PatHistProblemListID,No,,,,
PatHistProblemListModifier,nd_auto_increment_id,No,,,,
PatHistProblemListModifierHistory,PatHistProblemListHistoryID,No,,,,
PatHistProblemListModifierHistory,PatHistProblemListModifierID,No,,,,
PatHistProblemListModifierHistory,PatHistModifierID,No,,,,
PatHistProblemListModifierHistory,PatHistProblemListID,No,,,,
PatHistProblemListModifierHistory,HistoryDate,Yes,DATE_OFFSET,,,
PatHistProblemListModifierHistory,Action,No,,,,
PatHistProblemListModifierHistory,nd_auto_increment_id,No,,,,
PatHistURLType,PatHistURLTypeID,No,,,,
PatHistURLType,URLTypeDescription,No,,,,
PatHistURLType,nd_auto_increment_id,No,,,,
PatientAllergyEd,PatientAllergyEdID,No,,,,
PatientAllergyEd,PatientID,Yes,PATIENT_ID,,,
PatientAllergyEd,CareProviderID,No,,,,
PatientAllergyEd,TechCareProviderID,No,,,,
PatientAllergyEd,DocumentID,No,,,,
PatientAllergyEd,CreateDate,Yes,STATIC_OFFSET,,,
PatientAllergyEd,Comment,No,,,,
PatientAllergyEd,nd_auto_increment_id,No,,,,
PatientAllergyEdDetail,PatientAllergyEdDetailID,No,,,,
PatientAllergyEdDetail,PatientAllergyEdID,No,,,,
PatientAllergyEdDetail,AllergyEdID,No,,,,
PatientAllergyEdDetail,PatientAllergyTestResultID,No,,,,
PatientAllergyEdDetail,DisplayOrder,No,,,,
PatientAllergyEdDetail,nd_auto_increment_id,No,,,,
PatientAllergyEdDiag,PatientAllergyEdDiagID,No,,,,
PatientAllergyEdDiag,PatientAllergyEdID,No,,,,
PatientAllergyEdDiag,ICD9Code,No,,,,
PatientAllergyEdDiag,nd_auto_increment_id,No,,,,
PatientAllergyEdProcedure,PatientAllergyEdProcedureID,No,,,,
PatientAllergyEdProcedure,PatientAllergyEdID,No,,,,
PatientAllergyEdProcedure,CPTCode,No,,,,
PatientAllergyEdProcedure,Units,No,,,,
PatientAllergyEdProcedure,nd_auto_increment_id,No,,,,
PatientAllergyTest,PatientAllergyTestID,No,,,,
PatientAllergyTest,PatientID,Yes,PATIENT_ID,,,
PatientAllergyTest,AllergyTestID,No,,,,
PatientAllergyTest,CreateDate,Yes,STATIC_OFFSET,,,
PatientAllergyTest,TechCareProviderID,Yes,MASK,TechCareProviderID,,
PatientAllergyTest,CareProviderID,Yes,MASK,CareProviderID,,
PatientAllergyTest,DocumentID,No,,,,
PatientAllergyTest,nd_auto_increment_id,No,,,,
PatientAllergyTestBattery,PatientAllergyTestID,No,,,,
PatientAllergyTestBattery,AllergyTestBatteryID,No,,,,
PatientAllergyTestBattery,AllergyTestLocationID,No,,,,
PatientAllergyTestBattery,Comment,No,,,,
PatientAllergyTestBattery,nd_auto_increment_id,No,,,,
PatientAllergyTestDetail,PatientAllergyTestID,No,,,,
PatientAllergyTestDetail,AllergenConceptID,No,,,,
PatientAllergyTestDetail,AllergenSynID,No,,,,
PatientAllergyTestDetail,AllergyTestBatteryID,No,,,,
PatientAllergyTestDetail,DisplayOrder,No,,,,
PatientAllergyTestDetail,nd_auto_increment_id,No,,,,
PatientAllergyTestDiag,PatientAllergyTestDiagID,No,,,,
PatientAllergyTestDiag,PatientAllergyTestID,No,,,,
PatientAllergyTestDiag,ICD9Code,Yes,MASK,ICD9Code,,
PatientAllergyTestDiag,nd_auto_increment_id,No,,,,
PatientAllergyTestProcedure,PatientAllergyTestProcedureID,No,,,,
PatientAllergyTestProcedure,PatientAllergyTestID,No,,,,
PatientAllergyTestProcedure,CPTCode,No,,,,
PatientAllergyTestProcedure,Units,No,,,,
PatientAllergyTestProcedure,nd_auto_increment_id,No,,,,
PatientAllergyTestResult,PatientAllergyTestResultID,No,,,,
PatientAllergyTestResult,PatientID,Yes,PATIENT_ID,,,
PatientAllergyTestResult,PatientAllergyTestID,No,,,,
PatientAllergyTestResult,AllergenConceptID,No,,,,
PatientAllergyTestResult,ColumnPosition,No,,,,
PatientAllergyTestResult,AllergyTestResultTypeID,No,,,,
PatientAllergyTestResult,ResultValue,No,,,,
PatientAllergyTestResult,ResultDate,Yes,STATIC_OFFSET,,,
PatientAllergyTestResult,nd_auto_increment_id,No,,,,
PatientFlags_1027_09242020,PatientID,Yes,PATIENT_ID,,,
PatientFlags_1027_09242020,RegFlagID,No,,,,
PatientFlags_1027_09242020,CreateDate,Yes,DATE_OFFSET,,,
PatientFlags_1027_09242020,nd_auto_increment_id,No,,,,
PatientFlags_bak_03989743,PatientID,Yes,PATIENT_ID,,,
PatientFlags_bak_03989743,RegFlagID,No,,,,
PatientFlags_bak_03989743,CreateDate,No,,,,
PatientFlags_bak_03989743,nd_auto_increment_id,No,,,,
PatientFlags_bak_PatientID_0,PatientID,Yes,PATIENT_ID,,,
PatientFlags_bak_PatientID_0,RegFlagID,No,,,,
PatientFlags_bak_PatientID_0,CreateDate,No,,,,
PatientFlags_bak_PatientID_0,nd_auto_increment_id,No,,,,
PatientFlagsNote,PatientID,Yes,PATIENT_ID,,,
PatientFlagsNote,FlagID,No,,,,
PatientFlagsNote,Note,No,,,,
PatientFlagsNote,ClinicalAlertOverrideReasonID,No,,,,
PatientFlagsNote,DisableClinicalAlertPopup,No,,,,
PatientFlagsNote,DisableClinicalAlertDate,Yes,STATIC_OFFSET,,,
PatientFlagsNote,DisabledByUserID,No,,,,
PatientFlagsNote,nd_auto_increment_id,No,,,,
PatientHealthInfoExternalLink,PatientID,Yes,PATIENT_ID,,,
PatientHealthInfoExternalLink,LinkNo,No,,,,
PatientHealthInfoExternalLink,Title,No,,,,
PatientHealthInfoExternalLink,ExternalLink,No,,,,
PatientHealthInfoExternalLink,Notes,No,,,,
PatientHealthInfoExternalLink,CreatedByUserID,No,,,,
PatientHealthInfoExternalLink,CreatedDateTime,Yes,STATIC_OFFSET,,,
PatientHealthInfoExternalLink,LastChangedByUserID,No,,,,
PatientHealthInfoExternalLink,LastChangedDateTime,Yes,STATIC_OFFSET,,,
PatientHealthInfoExternalLink,nd_auto_increment_id,No,,,,
PatientInfoQueue_PreUpgrade,QueueID,No,,,,
PatientInfoQueue_PreUpgrade,PatientID,Yes,PATIENT_ID,,,
PatientInfoQueue_PreUpgrade,CreateDate,No,,,,
PatientInfoQueue_PreUpgrade,TryCount,No,,,,
PatientInfoQueue_PreUpgrade,nd_auto_increment_id,No,,,,
PatientListDocumentStatus,PatientListDocumentStatusID,No,,,,
PatientListDocumentStatus,Description,No,,,,
PatientListDocumentStatus,CommentTxt,No,,,,
PatientListDocumentStatus,Enabled,No,,,,
PatientListDocumentStatus,nd_auto_increment_id,No,,,,
PatientListResourceProviders,PatientListId,No,,,,
PatientListResourceProviders,ProviderID,No,,,,
PatientRecord,PatientID,Yes,PATIENT_ID,,,
PatientRecord,VisitID,Yes,ENCOUNTER_ID,,,
PatientRecord,DocID,No,,,,
PatientRecord,EpisodeID,No,,,,
PatientRecord,SectionID,No,,,,
PatientRecord,DocTypeID,Yes,MASK,DocTypeID,,
PatientRecord,EncounterID,No,,,,
PatientRecord,CreationDT,No,,,,
PatientRecord,Status,No,,,,
PatientRecord,PatientRecordGUID,No,,,,
PatientRecord,UserID,No,,,,
PatientRecord,CreatedForCareProviderID,No,,,,
PatientRecord,nd_auto_increment_id,No,,,,
PatientSerum,PatientSerumID,No,,,,
PatientSerum,PatientTreatmentPlanID,No,,,,
PatientSerum,PatientID,Yes,PATIENT_ID,,,
PatientSerum,VialSizeID,No,,,,
PatientSerum,MedicareDilutionFlag,No,,,,
PatientSerum,CreateDate,Yes,STATIC_OFFSET,,,
PatientSerum,ActiveFlag,No,,,,
PatientSerum,SerumColumnNum,No,,,,
PatientSerum,SerumName,No,,,,
PatientSerum,SerumConcentrationID,No,,,,
PatientSerum,nd_auto_increment_id,No,,,,
PatientSerumDetail,PatientSerumID,No,,,,
PatientSerumDetail,PatientAllergyTestResultID,No,,,,
PatientSerumDetail,AntigenAmt,No,,,,
PatientSerumDetail,Dilution,No,,,,
PatientSerumDetail,EndPoint,No,,,,
PatientSerumDetail,UOMConceptID,No,,,,
PatientSerumDetail,UOMSynID,No,,,,
PatientSerumDetail,nd_auto_increment_id,No,,,,
PatientSerumDiag,PatientSerumDiagID,No,,,,
PatientSerumDiag,PatientSerumID,No,,,,
PatientSerumDiag,ICD9Code,No,,,,
PatientSerumDiag,nd_auto_increment_id,No,,,,
PatientSerumProcedure,PatientSerumProcedureID,No,,,,
PatientSerumProcedure,PatientSerumID,No,,,,
PatientSerumProcedure,CPTCode,No,,,,
PatientSerumProcedure,Units,No,,,,
PatientSerumProcedure,nd_auto_increment_id,No,,,,
PatientStatus,PatientStatusID,No,,,,
PatientStatus,Label,No,,,,
PatientStatus,CommentTxt,No,,,,
PatientStatus,Enabled,No,,,,
PatientTracking,TrackingID,No,,,,
PatientTracking,VisitID,Yes,ENCOUNTER_ID,,,
PatientTracking,StartDateTime,Yes,STATIC_OFFSET,,,
PatientTracking,EndDateTime,Yes,STATIC_OFFSET,,,
PatientTracking,TrackOwnerID,No,,,,
PatientTracking,TrackingType,No,,,,
PatientTracking,CreatedBy,Yes,MASK,CreatedBy,,
PatientTracking,CompletedBy,No,,,,
PatientTracking,nd_auto_increment_id,No,,,,
PatientTreatmentPlan,PatientTreatmentPlanID,No,,,,
PatientTreatmentPlan,PatientID,Yes,PATIENT_ID,,,
PatientTreatmentPlan,CareProviderID,Yes,MASK,CareProviderID,,
PatientTreatmentPlan,TechCareProviderID,Yes,MASK,TechCareProviderID,,
PatientTreatmentPlan,CreateDate,Yes,STATIC_OFFSET,,,
PatientTreatmentPlan,ActiveFlag,No,,,,
PatientTreatmentPlan,DocumentID,No,,,,
PatientTreatmentPlan,nd_auto_increment_id,No,,,,
PatMedReconBackup_D58095,PatMedReconID,No,,,,
PatMedReconBackup_D58095,PatientID,Yes,PATIENT_ID,,,
PatMedReconBackup_D58095,DocumentID,No,,,,
PatMedReconBackup_D58095,RefDocumentID,No,,,,
PatMedReconBackup_D58095,BackupDate,No,,,,
PatMedReconBackup_D58095,nd_auto_increment_id,No,,,,
PatReminder,PatReminderId,No,,,,
PatReminder,PatientId,Yes,PATIENT_ID,,,
PatReminder,PatReminderStatusId,No,,,,
PatReminder,ReminderDateTime,Yes,STATIC_OFFSET,,,
PatReminder,PatReminderSourceId,No,,,,
PatReminder,AppointmentId,No,,,,
PatReminder,ImmunizationId,No,,,,
PatReminder,CareProviderId,No,,,,
PatReminder,ReminderType,No,,,,
PatReminder,IsPreventative,No,,,,
PatReminder,PortalMessage,No,,,,
PatReminder,CommunicationId,No,,,,
PatReminder,TemplateId,No,,,,
PatReminder,nd_auto_increment_id,No,,,,
PatReminderComment,PatReminderCommentId,No,,,,
PatReminderComment,PatReminderId,No,,,,
PatReminderComment,Comment,No,,,,
PatReminderComment,UserId,No,,,,
PatReminderComment,CommentDateTime,Yes,STATIC_OFFSET,,,
PatReminderComment,nd_auto_increment_id,No,,,,
PatReminderFilter,PatReminderFilterId,No,,,,
PatReminderFilter,UserID,No,,,,
PatReminderFilter,FilterName,No,,,,
PatReminderFilter,ResourceFilter,No,,,,
PatReminderFilter,StatusFilter,No,,,,
PatReminderFilter,CommunicationFilter,No,,,,
PatReminderFilter,PatReminderFilterDateTypeId,No,,,,
PatReminderFilter,DateValue1,No,,,,
PatReminderFilter,DateValue2,No,,,,
PatReminderFilter,PatReminderFilterDateUnitId1,No,,,,
PatReminderFilter,PatReminderFilterDateUnitId2,No,,,,
PatReminderFilter,nd_auto_increment_id,No,,,,
PatReminderFilterDateType,PatReminderFilterDateTypeId,No,,,,
PatReminderFilterDateType,DateFilterType,No,,,,
PatReminderFilterDateType,nd_auto_increment_id,No,,,,
PatReminderFilterDateUnit,PatReminderFilterDateUnitId,No,,,,
PatReminderFilterDateUnit,UnitName,No,,,,
PatReminderFilterDateUnit,nd_auto_increment_id,No,,,,
PatReminderHistory,PatReminderHistoryId,No,,,,
PatReminderHistory,PatReminderId,No,,,,
PatReminderHistory,PatientId,Yes,PATIENT_ID,,,
PatReminderHistory,PatReminderStatusId,No,,,,
PatReminderHistory,CommunicationId,No,,,,
PatReminderHistory,HomePhone,Yes,MASK,HomePhone,,
PatReminderHistory,WorkPhone,Yes,MASK,WorkPhone,,
PatReminderHistory,CellPhone,Yes,MASK,CellPhone,,
PatReminderHistory,Fax,Yes,MASK,Fax,,
PatReminderHistory,Email,Yes,MASK,Email,,
PatReminderHistory,AddressLine1,Yes,MASK,AddressLine1,,
PatReminderHistory,AddressLine2,No,,,,
PatReminderHistory,City,Yes,MASK,City,,
PatReminderHistory,State,No,,,,
PatReminderHistory,PostalCode,No,,,,
PatReminderHistory,UserId,No,,,,
PatReminderHistory,HistoryDateTime,Yes,STATIC_OFFSET,,,
PatReminderHistory,PreferredCommunicationsID,No,,,,
PatReminderHistory,nd_auto_increment_id,No,,,,
PatReminderSource,PatReminderSourceId,No,,,,
PatReminderSource,SourceName,No,,,,
PatReminderSource,SourceAbbreviation,No,,,,
PatReminderSource,nd_auto_increment_id,No,,,,
PatReminderStatus,PatReminderStatusId,No,,,,
PatReminderStatus,StatusName,No,,,,
PatReminderStatus,nd_auto_increment_id,No,,,,
PatReminderTemplate,PatReminderTemplateId,No,,,,
PatReminderTemplate,UserId,No,,,,
PatReminderTemplate,ReminderType,No,,,,
PatReminderTemplate,PopulationReminderTemplateName,No,,,,
PatReminderTemplate,IsPreventative,No,,,,
PatReminderTemplate,CareProviderId,Yes,MASK,CareProviderId,,
PatReminderTemplate,Comment,No,,,,
PatReminderTemplate,LetterTemplateId,No,,,,
PatReminderTemplate,PortalMessage,No,,,,
PatReminderTemplate,FilterXml,No,,,,
PatReminderTemplate,CreateDate,Yes,STATIC_OFFSET,,,
PatReminderTemplate,nd_auto_increment_id,No,,,,
PatTeamCareProvider,PatTeamCareProviderID,No,,,,
PatTeamCareProvider,PatientID,Yes,PATIENT_ID,,,
PatTeamCareProvider,CareProviderID,No,,,,
PatTeamCareProvider,SortOrder,No,,,,
PatTeamCareProvider,Active,No,,,,
PatTeamCareProvider,CreatedUserID,No,,,,
PatTeamCareProvider,DateOfCreation,Yes,DATE_OFFSET,,,
PatTeamCareProvider,LastModifiedBy,No,,,,
PatTeamCareProvider,LastModifiedDateTime,Yes,DATE_OFFSET,,,
PatTeamCareProvider,nd_auto_increment_id,No,,,,
PatTeamExternalOrganization,PatTeamExternalOrganizationID,No,,,,
PatTeamExternalOrganization,PatientID,Yes,PATIENT_ID,,,
PatTeamExternalOrganization,ExternalOrganizationID,No,,,,
PatTeamExternalOrganization,SortOrder,No,,,,
PatTeamExternalOrganization,Active,No,,,,
PatTeamExternalOrganization,CreatedUserID,No,,,,
PatTeamExternalOrganization,DateOfCreation,Yes,STATIC_OFFSET,,,
PatTeamExternalOrganization,LastModifiedBy,No,,,,
PatTeamExternalOrganization,LastModifiedDateTime,No,,,,
PatTeamExternalOrganization,IsDeleted,No,,,,
PatTeamExternalOrganization,nd_auto_increment_id,No,,,,
PatTeamNamedMember,PatTeamNamedMemberID,No,,,,
PatTeamNamedMember,PatientID,Yes,PATIENT_ID,,,
PatTeamNamedMember,PrefixID,No,,,,
PatTeamNamedMember,FirstName,Yes,MASK,FirstName,,
PatTeamNamedMember,LastName,Yes,MASK,LastName,,
PatTeamNamedMember,Relationship,No,,,,
PatTeamNamedMember,SortOrder,No,,,,
PatTeamNamedMember,Active,No,,,,
PatTeamNamedMember,CreatedUserID,No,,,,
PatTeamNamedMember,DateOfCreation,Yes,STATIC_OFFSET,,,
PatTeamNamedMember,LastModifiedBy,No,,,,
PatTeamNamedMember,LastModifiedDateTime,Yes,STATIC_OFFSET,,,
PatTeamNamedMember,nd_auto_increment_id,No,,,,
PaymentAdjStage,PaymentAdjStageID,No,,,,
PaymentAdjStage,BatchGUID,No,,,,
PaymentAdjStage,BatchID,No,,,,
PaymentAdjStage,ClaimID,No,,,,
PaymentAdjStage,ServiceDetailID,No,,,,
PaymentAdjStage,ChargeID,No,,,,
PaymentAdjStage,X12DS835ID,No,,,,
PaymentAdjStage,PRCID,No,,,,
PaymentAdjStage,AdjustmentTypeID,No,,,,
PaymentAdjStage,AdjustmentSubtypeID,No,,,,
PaymentAdjStage,PatientID,Yes,PATIENT_ID,,,
PaymentAdjStage,PostingDate,Yes,DATE_OFFSET,,,
PaymentAdjStage,InsPlanID,Yes,MASK,InsPlanID,,
PaymentAdjStage,InsCovID,Yes,MASK,InsCovID,,
PaymentAdjStage,Priority,No,,,,
PaymentAdjStage,Amount,Yes,MASK,Amount,,
PaymentAdjStage,ERAProfileCodeID,No,,,,
PaymentAdjStage,PaymentID,No,,,,
PaymentAdjStage,AdjustmentPost,No,,,,
PaymentAdjStage,WithholdPost,No,,,,
PaymentAdjStage,InsuranceAdjustmentPost,No,,,,
PaymentAdjStage,PaymentSourceID,No,,,,
PaymentAdjStage,CRTID,No,,,,
PaymentAdjStage,CreateDate,Yes,DATE_OFFSET,,,
PaymentAdjStage,ERAAutoPost,No,,,,
PaymentAdjStage,GUID,No,,,,
PaymentAdjStage,AllocationID,No,,,,
PaymentAdjStage,nd_auto_increment_id,No,,,,
PaymentCreditTransactions,CreditTransactionID,No,,,,
PaymentCreditTransactions,CreditID,No,,,,
PaymentCreditTransactions,Amount,No,,,,
PaymentCreditTransactions,CreationDate,Yes,STATIC_OFFSET,,,
PaymentCreditTransactions,UserID,No,,,,
PaymentCreditTransactions,nd_auto_increment_id,No,,,,
PaymentMethods,PaymentMethodID,No,,,,
PaymentMethods,PaymentMethodDesc,No,,,,
PaymentMethods,nd_auto_increment_id,No,,,,
PaymentSource,PaymentSourceID,No,,,,
PaymentSource,PaymentSourceDesc,No,,,,
PaymentSource,nd_auto_increment_id,No,,,,
PaymentSupplier,PaymentSupplierID,No,,,,
PaymentSupplier,PaymentSupplierName,Yes,MASK,PaymentSupplierName,,
PaymentSupplier,nd_auto_increment_id,No,,,,
PaymentType,PaymentTypeID,No,,,,
PaymentType,PaymentTypeDesc,No,,,,
PaymentType,nd_auto_increment_id,No,,,,
PDC_GlobalConfig,GlobalConfigId,No,,,,
PDC_GlobalConfig,Seperator,No,,,,
PDC_GlobalConfig,Extension,No,,,,
PDC_GlobalConfig,CompressionExtension,No,,,,
PDC_GlobalConfig,Delimiter,No,,,,
PDC_GlobalConfig,TransactionFileIndicator,No,,,,
PDC_GlobalConfig,SyncFileIndicator,No,,,,
PDC_GlobalConfig,SchemaFileIndicator,No,,,,
PDC_GlobalConfig,ApplicationVersionId,No,,,,
PDC_GlobalConfig,SupportUrl,Yes,MASK,SupportUrl,,
PDC_GlobalConfig,SupportUser,No,,,,
PDC_GlobalConfig,SupportPassword,Yes,MASK,SupportPassword,,
PDC_GlobalConfig,DateCreated,Yes,STATIC_OFFSET,,,
PDC_GlobalConfig,DateModified,Yes,STATIC_OFFSET,,,
PDC_GlobalConfig,CommandTimeOut,No,,,,
PDC_GlobalConfig,nd_auto_increment_id,No,,,,
PDC_InstanceConfig,Id,No,,,,
PDC_InstanceConfig,Enabled,No,,,,
PDC_InstanceConfig,DbVersion,No,,,,
PDC_InstanceConfig,SqlVersion,No,,,,
PDC_InstanceConfig,LogTransactions,No,,,,
PDC_InstanceConfig,PauseInterval,No,,,,
PDC_InstanceConfig,ProcessInterval,No,,,,
PDC_InstanceConfig,UpdateInterval,No,,,,
PDC_InstanceConfig,TransmissionInterval,No,,,,
PDC_InstanceConfig,SyncInterval,No,,,,
PDC_InstanceConfig,UploadPath,Yes,MASK,UploadPath,,
PDC_InstanceConfig,WorkPath,No,,,,
PDC_InstanceConfig,LogErrors,No,,,,
PDC_InstanceConfig,LogMessages,No,,,,
PDC_InstanceConfig,DateCreated,Yes,STATIC_OFFSET,,,
PDC_InstanceConfig,DateModified,Yes,STATIC_OFFSET,,,
PDC_InstanceConfig,UploadUser,No,,,,
PDC_InstanceConfig,UploadPassword,Yes,MASK,UploadPassword,,
PDC_InstanceConfig,RestartInterval,No,,,,
PDC_InstanceConfig,nd_auto_increment_id,No,,,,
PDC_InstanceStatus,Id,No,,,,
PDC_InstanceStatus,LastLsn,No,,,,
PDC_InstanceStatus,LastProcessed,Yes,DATE_OFFSET,,,
PDC_InstanceStatus,LastTransmitted,Yes,DATE_OFFSET,,,
PDC_InstanceStatus,NextTransmission,Yes,DATE_OFFSET,,,
PDC_InstanceStatus,LastUpdate,No,,,,
PDC_InstanceStatus,NextUpdate,No,,,,
PDC_InstanceStatus,LastFullSync,Yes,DATE_OFFSET,,,
PDC_InstanceStatus,NextFullSync,Yes,DATE_OFFSET,,,
PDC_InstanceStatus,LastSchemaUpdate,No,,,,
PDC_InstanceStatus,LastCleanup,Yes,DATE_OFFSET,,,
PDC_InstanceStatus,NextCleanup,Yes,DATE_OFFSET,,,
PDC_InstanceStatus,FeedStatusId,No,,,,
PDC_InstanceStatus,DateCreated,Yes,DATE_OFFSET,,,
PDC_InstanceStatus,DateModified,Yes,DATE_OFFSET,,,
PDC_InstanceStatus,LastRestart,Yes,DATE_OFFSET,,,
PDC_InstanceStatus,NextRestart,Yes,DATE_OFFSET,,,
PDC_InstanceStatus,nd_auto_increment_id,No,,,,
PDC_Replication,TableIncludeId,No,,,,
PDC_Replication,PDC_ReplicationID,No,,,,
PDC_Replication,CRUD,No,,,,
PDC_Replication,KeyColumn1,No,,,,
PDC_Replication,KeyColumn2,No,,,,
PDC_Replication,KeyColumn3,No,,,,
PDC_Replication,KeyColumn4,No,,,,
PDC_Replication,KeyColumn5,No,,,,
PDC_Replication_SyncOnly,TableIncludeId,No,,,,
PDC_Replication_SyncOnly,PDC_ReplicationID,No,,,,
PDC_Replication_SyncOnly,CRUD,No,,,,
PDC_Replication_SyncOnly,KeyColumn1,No,,,,
PDC_Replication_SyncOnly,KeyColumn2,No,,,,
PDC_Replication_SyncOnly,KeyColumn3,No,,,,
PDC_Replication_SyncOnly,KeyColumn4,No,,,,
PDC_Replication_SyncOnly,KeyColumn5,No,,,,
PDC_Replication_SyncOnly,nd_auto_increment_id,No,,,,
PDC_ReplicationHistory,TableIncludeId,No,,,,
PDC_ReplicationHistory,PDC_ReplicationID,No,,,,
PDC_ReplicationHistory,CRUD,No,,,,
PDC_ReplicationHistory,KeyColumn1,No,,,,
PDC_ReplicationHistory,KeyColumn2,No,,,,
PDC_ReplicationHistory,KeyColumn3,No,,,,
PDC_ReplicationHistory,KeyColumn4,No,,,,
PDC_ReplicationHistory,KeyColumn5,No,,,,
PDC_ReplicationHistory,DateCreated,Yes,STATIC_OFFSET,,,
PDC_TableColumnInclude,ColumnIncludeId,No,,,,
PDC_TableColumnInclude,TableIncludeId,No,,,,
PDC_TableColumnInclude,Name,Yes,MASK,Name,,
PDC_TableColumnInclude,ordinal,No,,,,
PDC_TableColumnInclude,SyncColumn,No,,,,
PDC_TableColumnInclude,nd_auto_increment_id,No,,,,
PDC_TableInclude,TableIncludeId,No,,,,
PDC_TableInclude,Name,Yes,MASK,Name,,
PDC_TableInclude,Enabled,No,,,,
PDC_TableInclude,Sync,No,,,,
PDC_TableInclude,DateCreated,Yes,STATIC_OFFSET,,,
PDC_TableInclude,DateModified,Yes,STATIC_OFFSET,,,
PDC_TableInclude,nd_auto_increment_id,No,,,,
PDC_Transmission,TransmissionId,No,,,,
PDC_Transmission,UploadPath,No,,,,
PDC_Transmission,LocalPath,No,,,,
PDC_Transmission,nd_auto_increment_id,No,,,,
PDC_TransmissionMethod,PDCTransmissionMethodID,No,,,,
PDC_TransmissionMethod,SiteID,No,,,,
PDC_TransmissionMethod,Description,No,,,,
PDC_TransmissionMethod,Endpoint,Yes,MASK,Endpoint,,
PDC_TransmissionMethod,BatchSize,No,,,,
PDC_TransmissionMethod,BatchWaitInterval,No,,,,
PDC_TransmissionMethod,InUse,No,,,,
PDC_TransmissionMethod,nd_auto_increment_id,No,,,,
Person_D59578_backup,PersonID,No,,,,
Person_D59578_backup,SSN,Yes,MASK,SSN,,
Person_D59578_backup,FormattedSSN,Yes,MASK,FormattedSSN,,
Person_D59578_backup,nd_auto_increment_id,No,,,,
PersonBirthOrder,PersonID,No,,,,
PersonBirthOrder,BirthOrder,No,,,,
PersonBirthOrder,nd_auto_increment_id,No,,,,
PersonSignature,PersonID,Yes,PATIENT_ID,,,
PersonSignature,Signature,Yes,NOTES,,,
PersonSignatureVersion,PerSigVerID,No,,,,
PersonSignatureVersion,PersonID,Yes,PATIENT_ID,,,
PersonSignatureVersion,Signature,Yes,NOTES,,,
PersonSignatureVersion,CreateDateTime,Yes,DATE_OFFSET,,,
Pharmacy,PharmacyID,Yes,MASK,PharmacyID,,
Pharmacy,ExternalPharmacyID,Yes,MASK,ExternalPharmacyID,,
Pharmacy,PharmacyName,Yes,MASK,PharmacyName,,
Pharmacy,AddressLine1,Yes,MASK,AddressLine1,,
Pharmacy,AddressLine2,Yes,MASK,AddressLine2,,
Pharmacy,City,Yes,MASK,City,,
Pharmacy,State,No,,,,
Pharmacy,ZipCode,No,,,,
Pharmacy,Phone,Yes,MASK,Phone,,
Pharmacy,Fax,Yes,MASK,Fax,,
Pharmacy,EMailAddress,Yes,MASK,EMailAddress,,
Pharmacy,IsAlwaysOpen,No,,,,
Pharmacy,CanFaxScheduleIII,No,,,,
Pharmacy,NCPDPID,Yes,MASK,NCPDPID,,
Pharmacy,MailOrderName,Yes,MASK,MailOrderName,,
Pharmacy,IsElectronic,No,,,,
Pharmacy,LastModified,Yes,STATIC_OFFSET,,,
Pharmacy,UserID,No,,,,
Pharmacy,IsActive,No,,,,
Pharmacy,DisplayName,Yes,MASK,DisplayName,,
Pharmacy,IsMailOrder,No,,,,
Pharmacy,ServiceLevel,No,,,,
Pharmacy,IsRetail,No,,,,
Pharmacy,CrossStreet,Yes,MASK,CrossStreet,,
Pharmacy,SpecialityType1,No,,,,
Pharmacy,SpecialityType2,No,,,,
Pharmacy,SpecialityType3,No,,,,
Pharmacy,SpecialityType4,No,,,,
Pharmacy,NPI,Yes,MASK,NPI,,
Pharmacy,Version,No,,,,
Pharmacy,CountryCode,No,,,,
PharmacyDirectorySpecialty,PharmacyDirectorySpecialtyID,No,,,,
PharmacyDirectorySpecialty,PharmacyID,No,,,,
PharmacyDirectorySpecialty,DirectorySpecialtyID,No,,,,
PharmacyPrinter,PharmacyPrinterID,No,,,,
PharmacyPrinter,Name,No,,,,
PharmacyPrinter,UserID,No,,,,
PharmacyPrinter,CreateDateTime,Yes,STATIC_OFFSET,,,
PharmacyPrinter,Deleted,No,,,,
PharmacyPrinter,DeletedDateTime,Yes,STATIC_OFFSET,,,
PhoneType,PhoneTypeID,No,,,,
PhoneType,PhoneTypeDesc,Yes,MASK,PhoneTypeDesc,,
PlaceOfService,POSCode,No,,,,
PlaceOfService,POSDesc,Yes,MASK,POSDesc,,
PlaceOfService,PlaceOfServiceTypeID,No,,,,
PlaceOfServiceType,PlaceOfServiceTypeID,No,,,,
PlaceOfServiceType,PlaceOfServiceDescription,No,,,,
PMConfig,PMCID,No,,,,
PMConfig,Name,No,,,,
PMConfig,Value,Yes,MASK,Value,,
PMConfig,Description,No,,,,
PMInterface,PMID,No,,,,
PMInterface,Description,No,,,,
PMInterface,HandlerAssembly,No,,,,
PMInterface,HandlerClass,No,,,,
PMInterface,IsExport,No,,,,
PMInterface,IsDefault,No,,,,
PMInterface,TransportDirectory,Yes,MASK,TransportDirectory,,
PMInterface,FilenamePrefix,No,,,,
PMInterface,FilenameSuffix,No,,,,
PMInterface,InitialGetProc,No,,,,
PMInterface,GetProc,No,,,,
PMInterface,XSLTFilename,Yes,MASK,XSLTFilename,,
PMInterface,XSLT_DOM,No,,,,
PMInterface,IsActivated,No,,,,
PMInterface,ActivationDT,Yes,STATIC_OFFSET,,,
PMInterface,InitialGetDT,No,,,,
PMInterface,LastSyncDT,Yes,STATIC_OFFSET,,,
PMInterface,ThisSyncDT,Yes,STATIC_OFFSET,,,
PMInterface,LastTransportDT,Yes,STATIC_OFFSET,,,
PMLog,PMLogID,No,,,,
PMLog,CreateDate,Yes,STATIC_OFFSET,,,
PMLog,EntryType,No,,,,
PMLog,Description,No,,,,
PMLog,Source,No,,,,
PMLog,SubCompID,No,,,,
PMLog,PMID,No,,,,
PMLog,MsgID,No,,,,
PMLog,ICVID,No,,,,
PMLog,ICCID,No,,,,
PMLog,UserID,No,,,,
PMMCharge,ICCID,No,,,,
PMMCharge,ICVID,No,,,,
PMMCharge,MsgID,No,,,,
PMMCharge,PMMStayID,No,,,,
PMMCharge,CreateDT,Yes,STATIC_OFFSET,,,
PMMStay,PMMStayID,No,,,,
PMMStay,ExtSystemID,No,,,,
PMMStay,ExtStayID,No,,,,
PMMStay,ExtPatID,No,,,,
PMMStay,ExtPatLastName,Yes,MASK,ExtPatLastName,,
PMMStay,ExtPatFirstName,Yes,MASK,ExtPatFirstName,,
PMMStay,ExtPatDOB,Yes,PATIENT_DOB,,,
PMMStay,ExtPatSSN,Yes,MASK,ExtPatSSN,,
PMMStay,AdmitDate,Yes,STATIC_OFFSET,,,
PMMStay,PatientID,Yes,PATIENT_ID,,,
PMMStay,MatchType,No,,,,
PMMStay,MsgID,No,,,,
PMMStay,ExtPatXML,Yes,GENERIC_NOTES,,,
PMMStay,CreateDT,Yes,STATIC_OFFSET,,,
PMMStay,LastModifiedDT,Yes,STATIC_OFFSET,,,
PolicyNumberValidation,PolicyNumberValidationID,No,,,,
PolicyNumberValidation,ValidationName,No,,,,
PolicyNumberValidation,ValidationDescription,No,,,,
PolicyNumberValidation,ValidationValue,No,,,,
PolicyNumberValidation,nd_auto_increment_id,No,,,,
PopReminder,PopReminderID,No,,,,
PopReminder,ReminderType,No,,,,
PopReminder,IsPreventative,No,,,,
PopReminder,PortalMessage,No,,,,
PopReminder,Comment,No,,,,
PopReminder,CreateDate,Yes,STATIC_OFFSET,,,
PopReminder,UserId,No,,,,
PopReminder,filterXML,No,,,,
PopReminder,TemplateId,No,,,,
PopReminder,nd_auto_increment_id,No,,,,
PopulationHealthAbilityToImpact,AbilityToImpactID,No,,,,
PopulationHealthAbilityToImpact,PatientID,Yes,PATIENT_ID,,,
PopulationHealthAbilityToImpact,AbilityToImpactValue,No,,,,
PopulationHealthAbilityToImpact,RecordedDate,Yes,STATIC_OFFSET,,,
PopulationHealthAbilityToImpact,CreatedDate,Yes,STATIC_OFFSET,,,
PopulationHealthAbilityToImpact,nd_auto_increment_id,No,,,,
PopulationHealthCareGap,CareGapID,No,,,,
PopulationHealthCareGap,PatientID,Yes,PATIENT_ID,,,
PopulationHealthCareGap,CareGapTypeId,No,,,,
PopulationHealthCareGap,CareGapTypeDescription,No,,,,
PopulationHealthCareGap,CareGapValue,No,,,,
PopulationHealthCareGap,RecordedDate,No,,,,
PopulationHealthCareGap,CreatedDate,Yes,STATIC_OFFSET,,,
PopulationHealthCareGap,nd_auto_increment_id,No,,,,
PopulationHealthRiskScore,RiskScoreID,No,,,,
PopulationHealthRiskScore,PatientID,Yes,PATIENT_ID,,,
PopulationHealthRiskScore,RiskScoreTypeId,No,,,,
PopulationHealthRiskScore,RiskScoreValue,No,,,,
PopulationHealthRiskScore,RecordedDate,Yes,STATIC_OFFSET,,,
PopulationHealthRiskScore,CreatedDate,Yes,STATIC_OFFSET,,,
PopulationHealthRiskScore,RiskScoreTypeDescription,No,,,,
PopulationHealthRiskScore,nd_auto_increment_id,No,,,,
PotencyUnitMatch,PSUnits,No,,,,
PotencyUnitMatch,SSExactMatchCode,No,,,,
PotencyUnitMatch,SSExactMatchDescription,No,,,,
PotencyUnitMatch,SSClosestMatchCode,No,,,,
PotencyUnitMatch,SSClosestMatchDescription,No,,,,
PotencyUnitMatch,nd_auto_increment_id,No,,,,
PPAccount,PatientId,Yes,PATIENT_ID,,,
PPAccount,ActivationCode,No,,,,
PPAccount,LinkDeactivated,No,,,,
PPAccount,nd_auto_increment_id,No,,,,
PPatientConfig,PPatientCID,No,,,,
PPatientConfig,Name,No,,,,
PPatientConfig,Value,No,,,,
PPatientConfig,Description,No,,,,
PPatientConfig,nd_auto_increment_id,No,,,,
PPModuleList,PPModuleListId,No,,,,
PPModuleList,PPModuleListName,No,,,,
PPModuleList,nd_auto_increment_id,No,,,,
PPSiteInfo,SiteId,No,,,,
PPSiteInfo,ActivationDate,No,,,,
PPSiteInfo,TerminationDate,No,,,,
PPSiteInfo,CreateDate,Yes,STATIC_OFFSET,,,
PPSiteInfo,CreateUser,Yes,MASK,CreateUser,,
PPSiteInfo,LastModifiedDate,Yes,STATIC_OFFSET,,,
PPSiteInfo,LastModifiedUser,No,,,,
PPSiteInfo,Enabled,No,,,,
PPSiteInfo,nd_auto_increment_id,No,,,,
PPSiteInfoHistory,PPSiteHistoryId,No,,,,
PPSiteInfoHistory,SiteId,No,,,,
PPSiteInfoHistory,ActivationDate,No,,,,
PPSiteInfoHistory,TerminationDate,Yes,STATIC_OFFSET,,,
PPSiteInfoHistory,CreateDate,Yes,STATIC_OFFSET,,,
PPSiteInfoHistory,CreateUser,No,,,,
PPSiteInfoHistory,LastModifiedDate,Yes,STATIC_OFFSET,,,
PPSiteInfoHistory,LastModifiedUser,No,,,,
PPSiteInfoHistory,Enabled,No,,,,
PPSiteInfoHistory,HistoryDate,Yes,STATIC_OFFSET,,,
PPSiteInfoHistory,nd_auto_increment_id,No,,,,
PPSiteModule,PPModuleListId,No,,,,
PPSiteModule,CreateDate,Yes,STATIC_OFFSET,,,
PPSiteModule,nd_auto_increment_id,No,,,,
PPSiteModuleHistory,PPSiteHistoryId,No,,,,
PPSiteModuleHistory,PPatModuleListId,No,,,,
PPSiteModuleHistory,Enabled,No,,,,
PPSiteModuleHistory,CreateDate,Yes,STATIC_OFFSET,,,
PPSiteModuleHistory,nd_auto_increment_id,No,,,,
PQRIPatientLog,PQRIPatientLogID,No,,,,
PQRIPatientLog,PatentID,No,,,,
PQRIPatientLog,VisitID,Yes,ENCOUNTER_ID,,,
PQRIPatientLog,DocumentID,No,,,,
PQRIPatientLog,CreateUserID,No,,,,
PQRIPatientLog,CreateDate,Yes,STATIC_OFFSET,,,
PQRIPatientLog,LastModifiedUserID,No,,,,
PQRIPatientLog,LastModifiedDate,Yes,STATIC_OFFSET,,,
PQRIPatientLog,nd_auto_increment_id,No,,,,
PracticeAccounts,PracAcctID,No,,,,
PracticeAccounts,PracAcctName,No,,,,
PracticeAccounts,PostedSvcsSum,No,,,,
PracticeAccounts,CashReceived,No,,,,
PracticeAccounts,ChecksReceived,No,,,,
PracticeAccounts,CreditCardRec,Yes,MASK,CreditCardRec,,
PracticeAccounts,AcctRecTotal,No,,,,
PracticeAccounts,AcctPeriodID,No,,,,
PracticeAccounts,DateReconciled,Yes,STATIC_OFFSET,,,
PracticeAccounts,BeginningBalance,No,,,,
PracticeAccounts,EndingBalance,No,,,,
PracticeAccounts,nd_auto_increment_id,No,,,,
PracticeInformation,Name,Yes,MASK,Name,,
PracticeInformation,ShortName,No,,,,
PracticeInformation,TaxIDNumber,Yes,MASK,TaxIDNumber,,
PracticeInformation,AddressID,No,,,,
PracticeInformation,OrganizationTypeID,No,,,,
PracticeInformation,EmailAddress,Yes,MASK,EmailAddress,,
PracticeInformation,BillingContact,No,,,,
PracticeInformation,UseUserAccessMessageFlag,No,,,,
PracticeInformation,UserAccessMessage,Yes,MASK,UserAccessMessage,,
PracticeInformation,GMTMedRegID,No,,,,
PracticeInformation,DrFirstLastUpdateDate,Yes,STATIC_OFFSET,,,
PracticeInformation,RcopiaAPIVersion,No,,,,
PracticeInformation,PracticeInformationID,No,,,,
PracticeInformation,NPI,Yes,MASK,NPI,,
PracticeInformation,nd_auto_increment_id,No,,,,
PRCCodes,PRCID,No,,,,
PRCCodes,LocalName,No,,,,
PRCCodes,StandardName,No,,,,
PRCCodes,Description,No,,,,
PRCCodes,IsDefaultField,No,,,,
PRCCodes,Enabled,No,,,,
PRCCodes,CodeType,No,,,,
PRCCodes,GroupCode,No,,,,
PRCCodes,IncludeOnStatements,No,,,,
PRCCodes,IncludeOnAccountDetails,No,,,,
PRCCodes,DefaultPayment,No,,,,
PRCCodes,DefaultContractual,No,,,,
PRCCodes,DefaultWithhold,No,,,,
PRCCodes,DefaultInsuranceAdjustment,No,,,,
PRCCodes,nd_auto_increment_id,No,,,,
PRCCodeTypeASCX12_CodeSet_CodeType,PRCCodeType,No,,,,
PRCCodeTypeASCX12_CodeSet_CodeType,X12CodeType,No,,,,
PRCCodeTypeASCX12_CodeSet_CodeType,nd_auto_increment_id,No,,,,
PreferredCommunications,PreferredCommunicationsID,No,,,,
PreferredCommunications,LocalName,No,,,,
PreferredCommunications,StandardName,Yes,MASK,StandardName,,
PreferredCommunications,Description,Yes,MASK,Description,,
PreferredCommunications,IsDefaultField,No,,,,
PreferredCommunications,Enabled,No,,,,
PreferredCommunications,nd_auto_increment_id,No,,,,
Prefixes,PrefixID,No,,,,
Prefixes,LocalName,Yes,MASK,LocalName,,
Prefixes,StandardName,Yes,MASK,StandardName,,
Prefixes,Description,Yes,MASK,Description,,
Prefixes,IsDefaultField,No,,,,
Prefixes,Enabled,No,,,,
Prefixes,nd_auto_increment_id,No,,,,
PrescriberDirectorySpecialty,PrescriberDirectorySpecialtyID,No,,,,
PrescriberDirectorySpecialty,CareProviderID,No,,,,
PrescriberDirectorySpecialty,DirectorySpecialtyID,No,,,,
PrescriberDirectorySpecialty,nd_auto_increment_id,No,,,,
PrimeEnterpriseSetup,PrimeEnterpriseSetupID,No,,,,
PrimeEnterpriseSetup,EnterpriseSegmentID,No,,,,
PrimeEnterpriseSetup,EnterpriseID,No,,,,
PrimeEnterpriseSetup,EnterpriseName,No,,,,
PrimeEnterpriseSetup,Prefix,No,,,,
PrimeEnterpriseSetup,SiteEntityID,No,,,,
PrimeEnterpriseSetup,URL,No,,,,
PrimeEnterpriseSetup,isPrimary,No,,,,
PrimeEnterpriseSetup,Enabled,No,,,,
PrimeEnterpriseSetup,CreateDateTime,Yes,STATIC_OFFSET,,,
PrimeEnterpriseSetup,nd_auto_increment_id,No,,,,
PrimeImageWorkList,WorkOrderID,No,,,,
PrimeImageWorkList,ACCESSION_NUMBER,No,,,,
PrimeImageWorkList,MODALITY,No,,,,
PrimeImageWorkList,INSTITUTION_NAME,Yes,MASK,INSTITUTION_NAME,,
PrimeImageWorkList,REFERRING_PHYSICIAN_NAME,Yes,MASK,REFERRING_PHYSICIAN_NAME,,
PrimeImageWorkList,PATIENT_NAME,Yes,MASK,PATIENT_NAME,,
PrimeImageWorkList,PATIENT_ID,Yes,PATIENT_ID,,,
PrimeImageWorkList,PATIENT_BIRTH_DATE,Yes,PATIENT_DOB,,,
PrimeImageWorkList,PATIENT_SEX,Yes,MASK,PATIENT_SEX,,
PrimeImageWorkList,PATIENT_WEIGHT,Yes,MASK,PATIENT_WEIGHT,,
PrimeImageWorkList,STUDY_INSTANCE_UID,No,,,,
PrimeImageWorkList,ADMISSION_ID,No,,,,
PrimeImageWorkList,REQUESTING_PHYSICIAN,Yes,MASK,REQUESTING_PHYSICIAN,,
PrimeImageWorkList,REQUESTED_PROCEDURE_ID,No,,,,
PrimeImageWorkList,REQUESTED_PROCEDURE_DESCRIPTION,No,,,,
PrimeImageWorkList,REQUESTED_PROCEDURE_PRIORITY,No,,,,
PrimeImageWorkList,SCHEDULED_STATION_AE_TITLE,No,,,,
PrimeImageWorkList,SCHEDULED_PROCEDURE_STEP_START_DATE,Yes,STATIC_OFFSET,,,
PrimeImageWorkList,SCHEDULED_PROCEDURE_STEP_START_TIME,Yes,STATIC_OFFSET,,,
PrimeImageWorkList,SCHEDULED_PROCEDURE_STEP_DESCRIPTION,No,,,,
PrimeImageWorkList,SCHEDULED_PROCEDURE_STEP_ID,No,,,,
PrimeImageWorkList,SCHEDULED_PROCEDURE_STEP_LOCATION,No,,,,
PrimeImageWorkList,SCHEDULED_PERFORMING_PHYSICIAN_NAME,Yes,MASK,SCHEDULED_PERFORMING_PHYSICIAN_NAME,,
PrimeImageWorkList,REASON_FOR_THE_REQUESTED_PROCEDURE,No,,,,
PrimeImageWorkList,nd_auto_increment_id,No,,,,
PrimeImageWorkListHistory,WorkOrderHistoryID,No,,,,
PrimeImageWorkListHistory,WorkOrderID,No,,,,
PrimeImageWorkListHistory,ACCESSION_NUMBER,No,,,,
PrimeImageWorkListHistory,MODALITY,No,,,,
PrimeImageWorkListHistory,INSTITUTION_NAME,No,,,,
PrimeImageWorkListHistory,REFERRING_PHYSICIAN_NAME,Yes,MASK,REFERRING_PHYSICIAN_NAME,,
PrimeImageWorkListHistory,PATIENT_NAME,Yes,MASK,PATIENT_NAME,,
PrimeImageWorkListHistory,PATIENT_ID,Yes,PATIENT_ID,,,
PrimeImageWorkListHistory,PATIENT_BIRTH_DATE,Yes,PATIENT_DOB,,,
PrimeImageWorkListHistory,PATIENT_SEX,Yes,MASK,PATIENT_SEX,,
PrimeImageWorkListHistory,PATIENT_WEIGHT,Yes,MASK,PATIENT_WEIGHT,,
PrimeImageWorkListHistory,STUDY_INSTANCE_UID,No,,,,
PrimeImageWorkListHistory,ADMISSION_ID,No,,,,
PrimeImageWorkListHistory,REQUESTING_PHYSICIAN,Yes,MASK,REQUESTING_PHYSICIAN,,
PrimeImageWorkListHistory,REQUESTED_PROCEDURE_ID,No,,,,
PrimeImageWorkListHistory,REQUESTED_PROCEDURE_DESCRIPTION,No,,,,
PrimeImageWorkListHistory,REQUESTED_PROCEDURE_PRIORITY,No,,,,
PrimeImageWorkListHistory,SCHEDULED_STATION_AE_TITLE,No,,,,
PrimeImageWorkListHistory,SCHEDULED_PROCEDURE_STEP_START_DATE,Yes,STATIC_OFFSET,,,
PrimeImageWorkListHistory,SCHEDULED_PROCEDURE_STEP_START_TIME,No,,,,
PrimeImageWorkListHistory,SCHEDULED_PROCEDURE_STEP_DESCRIPTION,No,,,,
PrimeImageWorkListHistory,SCHEDULED_PROCEDURE_STEP_ID,No,,,,
PrimeImageWorkListHistory,SCHEDULED_PROCEDURE_STEP_LOCATION,No,,,,
PrimeImageWorkListHistory,SCHEDULED_PERFORMING_PHYSICIAN_NAME,Yes,MASK,SCHEDULED_PERFORMING_PHYSICIAN_NAME,,
PrimeImageWorkListHistory,REASON_FOR_THE_REQUESTED_PROCEDURE,No,,,,
PrimeImageWorkListHistory,DocumentID,No,,,,
PrimeImageWorkListHistory,ImportDateTime,Yes,STATIC_OFFSET,,,
PrimeImageWorkListHistory,nd_auto_increment_id,No,,,,
PrimePatientAccountHolderStatus,AccountHolderPersonId,Yes,PATIENT_ID,,,
PrimePatientAccountHolderStatus,PrimePatientAccountHolderStatusTypeId,No,,,,
PrimePatientAccountHolderStatus,PrimePatientAccountHolderLastActivatedDate,Yes,DATE_OFFSET,,,
PrimePatientAccountHolderStatus,PrimePatientAccountHolderLastDeactivatedDate,Yes,DATE_OFFSET,,,
PrimePatientAccountHolderStatus,DeactivationReason,No,,,,
PrimePatientAccountHolderStatus,nd_auto_increment_id,No,,,,
PrimePatientAccountHolderStatusType,PrimePatientAccountHolderStatusTypeId,No,,,,
PrimePatientAccountHolderStatusType,PrimePatientAccountHolderStatusTypeDesc,No,,,,
PrimePatientAccountHolderStatusType,nd_auto_increment_id,No,,,,
PrimePatientAction,PrimePatientActionId,No,,,,
PrimePatientAction,PrimePatientActionType,No,,,,
PrimePatientAction,nd_auto_increment_id,No,,,,
PrimePatientActivity,PrimePatientActivityId,No,,,,
PrimePatientActivity,PrimePatientActivityType,No,,,,
PrimePatientActivity,nd_auto_increment_id,No,,,,
PrimePatientInvitationStatus,AccountHolderPersonId,Yes,PATIENT_ID,,,
PrimePatientInvitationStatus,PrimePatientInvitationStatusTypeId,No,,,,
PrimePatientInvitationStatus,PrimePatientInvitationStatusDate,Yes,DATE_OFFSET,,,
PrimePatientInvitationStatus,nd_auto_increment_id,No,,,,
PrimePatientInvitationStatusType,PrimePatientInvitationStatusTypeId,No,,,,
PrimePatientInvitationStatusType,PrimePatientInvitationStatusTypeDesc,No,,,,
PrimePatientInvitationStatusType,nd_auto_increment_id,No,,,,
PrimePatientLogin,PatientID,Yes,PATIENT_ID,,,
PrimePatientLogin,Username,No,,,,
PrimePatientLogin,Password,Yes,MASK,Password,,
PrimePatientLogin,PasswordModifiedDate,Yes,STATIC_OFFSET,,,
PrimePatientLogin,LastLoginDate,Yes,STATIC_OFFSET,,,
PrimePatientLogin,LoginDenials,No,,,,
PrimePatientLogin,UserDeactivated,No,,,,
PrimePatientLogin,nd_auto_increment_id,No,,,,
PrimePatientPatientAccessStatusType,PrimePatientPatientAccessStatusTypeId,No,,,,
PrimePatientPatientAccessStatusType,PrimePatientPatientAccessStatusTypeDesc,No,,,,
PrimePatientPatientAccessStatusType,nd_auto_increment_id,No,,,,
PrimePatientPortalSettings,PortalSettingName,No,,,,
PrimePatientPortalSettings,PortalSettingValue,No,,,,
PrimePatientPortalSettings,nd_auto_increment_id,No,,,,
PrimeSuiteEvent,PrimeSuiteEventID,No,,,,
PrimeSuiteEvent,PrimeSuiteEventDesc,No,,,,
PrimeSuiteEvent,PrimeSuiteEventLongDesc,Yes,GENERIC_NOTES,,,
PrimeSuiteEvent,EventDataContractDef,Yes,GENERIC_NOTES,,,
PrimeSuiteEvent,Enabled,No,,,,
PrimeSuiteEvent,nd_auto_increment_id,No,,,,
PrimeSuiteEventKey,PrimeSuiteEventKeyID,No,,,,
PrimeSuiteEventKey,PrimeSuiteEventID,No,,,,
PrimeSuiteEventKey,EventKeyField,No,,,,
PrimeSuiteEventKey,SortOrder,No,,,,
PrimeSuiteEventKey,nd_auto_increment_id,No,,,,
PrimeSuitePatch,PrimeSuitePatchID,No,,,,
PrimeSuitePatch,PrimeSuitePatchTypeID,No,,,,
PrimeSuitePatch,GMTPrimeSuitePatchID,No,,,,
PrimeSuitePatch,NAME,No,,,,
PrimeSuitePatch,PSVersionPath,No,,,,
PrimeSuitePatch,FullName,No,,,,
PrimeSuitePatch,DateApplied,Yes,STATIC_OFFSET,,,
PrimeSuitePatch,nd_auto_increment_id,No,,,,
PrimeSuitePatchHistory,PrimeSuitePatchHistoryID,No,,,,
PrimeSuitePatchHistory,PrimeSuitePatchID,No,,,,
PrimeSuitePatchHistory,PrimeSuitePatchTypeID,No,,,,
PrimeSuitePatchHistory,GMTPrimeSuitePatchID,No,,,,
PrimeSuitePatchHistory,Name,No,,,,
PrimeSuitePatchHistory,PSVersionPath,No,,,,
PrimeSuitePatchHistory,FullName,No,,,,
PrimeSuitePatchHistory,DateApplied,Yes,STATIC_OFFSET,,,
PrimeSuitePatchHistory,EncompassedBy,No,,,,
PrimeSuitePatchHistory,EncompassedByPSPatchID,No,,,,
PrimeSuitePatchHistory,HistoryDate,Yes,STATIC_OFFSET,,,
PrimeSuitePatchHistory,nd_auto_increment_id,No,,,,
PrimeSuitePatchType,PrimeSuitePatchTypeID,No,,,,
PrimeSuitePatchType,Name,No,,,,
PrimeSuitePatchType,Abbr,No,,,,
PrimeSuitePatchType,nd_auto_increment_id,No,,,,
PrimeSuiteTrigger,PrimeSuiteTriggerID,No,,,,
PrimeSuiteTrigger,PrimeSuiteTriggerDesc,No,,,,
PrimeSuiteTrigger,PrimeSuiteTriggerLongDesc,No,,,,
PrimeSuiteTrigger,ExpirationOffset,No,,,,
PrimeSuiteTrigger,CreateUser,No,,,,
PrimeSuiteTrigger,CreateDate,Yes,STATIC_OFFSET,,,
PrimeSuiteTrigger,LastModifiedUser,No,,,,
PrimeSuiteTrigger,LastModifiedDate,Yes,STATIC_OFFSET,,,
PrimeSuiteTrigger,Enabled,No,,,,
PrimeSuiteTrigger,nd_auto_increment_id,No,,,,
PrimeSuiteTriggerKey,PrimeSuiteTriggerKeyID,No,,,,
PrimeSuiteTriggerKey,PrimeSuiteTriggerID,No,,,,
PrimeSuiteTriggerKey,PrimeSuiteEventKeyID,No,,,,
PrimeSuiteTriggerKey,nd_auto_increment_id,No,,,,
PrinterFormats,PrinterFormatID,No,,,,
PrinterFormats,PrinterName,Yes,MASK,PrinterName,,
PrinterFormats,LocalPrinterName,No,,,,
PrinterFormats,DefaultPrinter,No,,,,
PrinterFormats,Font,No,,,,
PrinterFormats,FontSize,No,,,,
PrinterFormats,FontBold,No,,,,
PrinterFormats,CurrentX,No,,,,
PrinterFormats,CurrentY,No,,,,
PrinterFormats,IsPharmacyPrinter,No,,,,
PrinterFormats,nd_auto_increment_id,No,,,,
PRIPatientLogMeasureForm,PQRIPatientLogID,No,,,,
PRIPatientLogMeasureForm,ClinicalFormID,No,,,,
PRIPatientLogMeasureForm,nd_auto_increment_id,No,,,,
PrivacyPolicies,PolicyID,No,,,,
PrivacyPolicies,PolicyName,No,,,,
PrivacyPolicies,PolicyText,No,,,,
PrivacyPolicies,nd_auto_increment_id,No,,,,
ProblemIT_Keywords,Code,No,,,,
ProblemIT_Keywords,WORD_TEXT,Yes,GENERIC_NOTES,,,
ProblemIT_Keywords,WORD_POS,No,,,,
ProblemIT_Lexicals,Code,No,,,,
ProblemIT_Lexicals,Title,No,,,,
ProblemIT_Lexicals,WORD_TYPE,No,,,,
ProblemIT_Lexicals,TERM_TYPE,No,,,,
ProblemITCodingSystem,LexicalID,No,,,,
ProblemITCodingSystem,CodingSystemID,No,,,,
ProblemITCodingSystem,PriorityNo,No,,,,
ProblemITCodingSystem,CodeID,No,,,,
ProblemListSort,ProblemListSortID,No,,,,
ProblemListSort,ProblemListSortName,No,,,,
ProblemListSort,UserID,No,,,,
ProblemListSort,CreateDate,Yes,STATIC_OFFSET,,,
ProblemListSort,nd_auto_increment_id,No,,,,
ProblemListSortRule,ProblemListSortRuleID,No,,,,
ProblemListSortRule,ProblemListSortID,No,,,,
ProblemListSortRule,LowICD9,No,,,,
ProblemListSortRule,HighICD9,No,,,,
ProblemListSortRule,SortOrder,No,,,,
ProblemListSortRule,nd_auto_increment_id,No,,,,
ProblemListStatus,ProblemListStatusID,No,,,,
ProblemListStatus,ProblemListStatusDesc,No,,,,
ProblemListStatus,Enabled,No,,,,
ProblemListStatus,nd_auto_increment_id,No,,,,
ProcedureAUCData,ProcedureAUCDataID,No,,,,
ProcedureAUCData,DocumentID,No,,,,
ProcedureAUCData,OrdConceptID,No,,,,
ProcedureAUCData,ReferralID,No,,,,
ProcedureAUCData,OriginalCPTCode,No,,,,
ProcedureAUCData,CPTCode,No,,,,
ProcedureAUCData,GCodeID,No,,,,
ProcedureAUCData,Score,No,,,,
ProcedureAUCData,Modifier,No,,,,
ProcedureAUCData,SessionID,No,,,,
ProcedureAUCData,CreatedBy,No,,,,
ProcedureAUCData,CreatedDate,Yes,STATIC_OFFSET,,,
ProcedureAUCData,ModifiedBy,No,,,,
ProcedureAUCData,ModifiedDate,Yes,STATIC_OFFSET,,,
ProcedureAUCData,OrderGUID,No,,,,
ProcedureAUCData,StatusDescription,No,,,,
ProcedureAUCData,ResultText,No,,,,
ProcedureAUCData,nd_auto_increment_id,No,,,,
ProcedureExplosion,ProcedureExplosionID,No,,,,
ProcedureExplosion,ExplosionDescription,No,,,,
ProcedureExplosion,nd_auto_increment_id,No,,,,
ProcedureExplosionToProcedureMaster,PEPMID,No,,,,
ProcedureExplosionToProcedureMaster,ProcedureExplosionID,No,,,,
ProcedureExplosionToProcedureMaster,ProcedureMasterID,No,,,,
ProcedureExplosionToProcedureMaster,nd_auto_increment_id,No,,,,
ProcedureModifier,ProcedureModifierID,No,,,,
ProcedureModifier,ProcedureMasterID,No,,,,
ProcedureModifier,ModifierCode,No,,,,
ProcedureModifier,SaveInternally,No,,,,
ProcedureModifier,PrintOnInsuranceClaim,No,,,,
ProcedureModifier,PrintOnPatientStatement,No,,,,
ProcedureModifier,nd_auto_increment_id,No,,,,
ProcedurePlanInfo,ProcedurePlanID,No,,,,
ProcedurePlanInfo,ProcedureMasterID,No,,,,
ProcedurePlanInfo,InsurancePlanID,Yes,MASK,InsurancePlanID,,
ProcedurePlanInfo,AlternateCode,No,,,,
ProcedurePlanInfo,AlternateDescription,No,,,,
ProcedurePlanInfo,AlternatePOS,No,,,,
ProcedurePlanInfo,AlternateTOS,No,,,,
ProcedurePlanInfo,AlternateEPSDT,No,,,,
ProcedurePlanInfo,AlternateEMG,No,,,,
ProcedurePlanInfo,AlternateUnits,No,,,,
ProcedurePlanInfo,CoInsPercentage,No,,,,
ProcedurePlanInfo,SecondOpinionReq,No,,,,
ProcedurePlanInfo,PreCertReq,No,,,,
ProcedurePlanInfo,ExcludedProc,No,,,,
ProcedurePlanInfo,RemoveAllMods,No,,,,
ProcedurePlanInfo,PrintProcDesc,No,,,,
ProcedurePlanInfo,EditType,No,,,,
ProcedurePlanInfo,GlobalPeriod,No,,,,
ProcedurePlanInfo,SendOrderingProviderOnElectronicClaim,No,,,,
ProcedurePlanInfo,nd_auto_increment_id,No,,,,
ProcedurePlanModifier,ProcedurePlanModifierID,No,,,,
ProcedurePlanModifier,InsurancePlanID,Yes,MASK,InsurancePlanID,,
ProcedurePlanModifier,ProcedureMasterID,No,,,,
ProcedurePlanModifier,UseHCFAMod,No,,,,
ProcedurePlanModifier,HCFAModifier,No,,,,
ProcedurePlanModifier,PlanModifier,No,,,,
ProcedurePlanModifier,ModifierRequired,No,,,,
ProcedurePlanModifier,NoModifier,No,,,,
ProcedurePlanModifier,EditType,No,,,,
ProcedurePlanModifier,nd_auto_increment_id,No,,,,
ProcedurePlanPOS,ProcedurePlanPOSID,No,,,,
ProcedurePlanPOS,InsurancePlanID,Yes,MASK,InsurancePlanID,,
ProcedurePlanPOS,ProcedureMasterID,No,,,,
ProcedurePlanPOS,NoPOSCode,No,,,,
ProcedurePlanPOS,IfPOSCode,No,,,,
ProcedurePlanPOS,ThenPOSCode,No,,,,
ProcedurePlanPOS,AlwaysPOSCode,No,,,,
ProcedurePlanPOS,EditType,No,,,,
ProcedurePlanPOS,nd_auto_increment_id,No,,,,
ProcedurePlanTOS,ProcedurePlanTOSID,No,,,,
ProcedurePlanTOS,InsurancePlanID,Yes,MASK,InsurancePlanID,,
ProcedurePlanTOS,ProcedureMasterID,No,,,,
ProcedurePlanTOS,NoTOSCode,No,,,,
ProcedurePlanTOS,IfTOSCode,No,,,,
ProcedurePlanTOS,ThenTOSCode,No,,,,
ProcedurePlanTOS,AlwaysTOSCode,No,,,,
ProcedurePlanTOS,EditType,No,,,,
ProcedurePlanTOS,nd_auto_increment_id,No,,,,
ProcedureRevenueCategory,RevenueCategoryID,No,,,,
ProcedureRevenueCategory,RevenueCategoryName,No,,,,
ProcedureRevenueCategory,RevenueCategoryDesc,No,,,,
ProcedureRevenueCategory,Active,No,,,,
ProcedureRevenueCategory,nd_auto_increment_id,No,,,,
ProcedureUnitType,UnitType,No,,,,
ProcedureUnitType,UnitTypeDesc,No,,,,
ProcedureUnitType,IsDefault,No,,,,
ProcedureUnitType,nd_auto_increment_id,No,,,,
ProcessDurationLog,ProcessID,No,,,,
ProcessDurationLog,ProcessName,No,,,,
ProcessDurationLog,HourofDay,No,,,,
ProcessDurationLog,DayofWeek,No,,,,
ProcessDurationLog,DayofMonth,No,,,,
ProcessDurationLog,StartDateTime,Yes,STATIC_OFFSET,,,
ProcessDurationLog,EndDateTime,Yes,STATIC_OFFSET,,,
ProcessDurationLog,DurationinMinutes,No,,,,
ProcessDurationLog,nd_auto_increment_id,No,,,,
ProcessHistory,Id,No,,,,
ProcessHistory,Client,No,,,,
ProcessHistory,PROGID,No,,,,
ProcessHistory,Method,No,,,,
ProcessHistory,StartTime,Yes,STATIC_OFFSET,,,
ProcessHistory,EndTime,No,,,,
ProcessHistory,Duration,No,,,,
ProcessHistory,nd_auto_increment_id,No,,,,
Program,ProgramID,No,,,,
Program,ProgramDesc,No,,,,
Program,ProgramLongDesc,No,,,,
Program,CreateUser,No,,,,
Program,CreateDate,Yes,STATIC_OFFSET,,,
Program,LastModifiedUser,No,,,,
Program,LastModifiedDate,Yes,STATIC_OFFSET,,,
Program,Enabled,No,,,,
Program,ProgramTypeID,No,,,,
Program,nd_auto_increment_id,No,,,,
ProgramType,ProgramTypeID,No,,,,
ProgramType,ProgramTypeDesc,No,,,,
ProgramType,nd_auto_increment_id,No,,,,
ProgramWork,ProgramWorkID,No,,,,
ProgramWork,ProgramID,No,,,,
ProgramWork,WorkID,No,,,,
ProgramWork,CreateUser,Yes,MASK,CreateUser,,
ProgramWork,CreateDate,Yes,DATE_OFFSET,,,
ProgramWork,LastModifiedUser,No,,,,
ProgramWork,LastModifiedDate,Yes,DATE_OFFSET,,,
ProgramWork,Enabled,No,,,,
ProgramWork,nd_auto_increment_id,No,,,,
ProgramWorkTrigger,ProgramWorkTriggerID,No,,,,
ProgramWorkTrigger,ProgramWorkID,No,,,,
ProgramWorkTrigger,WorkTriggerID,No,,,,
ProgramWorkTrigger,ProgramWorkTriggerStatusID,No,,,,
ProgramWorkTrigger,CreateDate,Yes,STATIC_OFFSET,,,
ProgramWorkTrigger,LastModifiedDate,Yes,STATIC_OFFSET,,,
ProgramWorkTrigger,nd_auto_increment_id,No,,,,
ProgramWorkTriggerKey,ProgramWorkTriggerID,No,,,,
ProgramWorkTriggerKey,PrimeSuiteTriggerKeyID,No,,,,
ProgramWorkTriggerKey,value,No,,,,
ProgramWorkTriggerKey,nd_auto_increment_id,No,,,,
ProgramWorkTriggerStatus,ProgramWorkTriggerStatusID,No,,,,
ProgramWorkTriggerStatus,ProgramWorkTriggerStatusDesc,No,,,,
ProgramWorkTriggerStatus,nd_auto_increment_id,No,,,,
ProviderRoleCodingSystem,CodingSystemId,No,,,,
ProviderRoleCodingSystem,Code,No,,,,
ProviderRoleCodingSystem,CodeDisplayName,No,,,,
ProviderRoleCodingSystem,nd_auto_increment_id,No,,,,
ProviderTypeOrganization,ProviderTypeOrgID,No,,,,
ProviderTypeOrganization,ProviderTypeOrgDesc,No,,,,
ProviderTypeOrganization,nd_auto_increment_id,No,,,,
PSExchangeUserResource,Resourceid,No,,,,
PSExchangeUserResource,PSEID,No,,,,
PSExchangeUserResource,nd_auto_increment_id,No,,,,
PSExchangeUsers,PSEID,No,,,,
PSExchangeUsers,PSEUserName,No,,,,
PSExchangeUsers,LastSyncDate,No,,,,
PSExchangeUsers,Enabled,No,,,,
PSExchangeUsers,nd_auto_increment_id,No,,,,
PSSQLJob,JobName,No,,,,
PSSQLJob,MtnPlanName,No,,,,
PSSQLJob,GMTAlert,No,,,,
PSSQLJob,nd_auto_increment_id,No,,,,
ptActive,ptActiveID,No,,,,
ptActive,PatientID,Yes,PATIENT_ID,,,
ptActive,ptStatusID,Yes,MASK,ptStatusID,,
ptActive,ptAreaID,No,,,,
ptActive,ptResponsibleID,Yes,PATIENT_ID,,,
ptActive,UserID,No,,,,
ptActive,ptEventID,No,,,,
ptActive,StartTimeNumeric,No,,,,
ptActive,ptStatus,No,,,,
ptActive,ptArea,No,,,,
ptActive,ptResponsible,No,,,,
ptActive,HistoryOrder,No,,,,
ptActive,UserName,Yes,MASK,UserName,,
ptActive,PatientName,Yes,MASK,PatientName,,
ptActive,StartTime,Yes,DATE_OFFSET,,,
ptActive,nd_auto_increment_id,No,,,,
ptArea,ptAreaID,No,,,,
ptArea,Description,No,,,,
ptArea,DisplayOrder,No,,,,
ptArea,Enabled,No,,,,
ptArea,CreateDate,Yes,STATIC_OFFSET,,,
ptArea,LastChanged,Yes,STATIC_OFFSET,,,
ptArea,LastChangedUserid,Yes,MASK,LastChangedUserid,,
ptArea,nd_auto_increment_id,No,,,,
PTCCredit,PTCCreditID,No,,,,
PTCCredit,PaymentTransactionID,No,,,,
PTCCredit,CreditID,No,,,,
PTCCredit,Type,No,,,,
PTCCredit,nd_auto_increment_id,No,,,,
ptEvent,ptEventID,No,,,,
ptEvent,Description,No,,,,
ptEvent,CreateDate,Yes,STATIC_OFFSET,,,
ptEvent,LastChanged,Yes,STATIC_OFFSET,,,
ptEvent,LastChangedUserid,No,,,,
ptEvent,nd_auto_increment_id,No,,,,
ptResponsible,ptResponsibleID,Yes,PATIENT_ID,,,
ptResponsible,Description,No,,,,
ptResponsible,DisplayOrder,No,,,,
ptResponsible,Enabled,No,,,,
ptResponsible,CreateDate,Yes,DATE_OFFSET,,,
ptResponsible,LastChanged,Yes,DATE_OFFSET,,,
ptResponsible,LastChangedUserid,Yes,PATIENT_ID,,,
ptResponsible,nd_auto_increment_id,No,,,,
ptStatus,ptStatusID,No,,,,
ptStatus,Description,No,,,,
ptStatus,DisplayOrder,No,,,,
ptStatus,Enabled,No,,,,
ptStatus,CreateDate,Yes,STATIC_OFFSET,,,
ptStatus,LastChanged,Yes,STATIC_OFFSET,,,
ptStatus,LastChangedUserid,No,,,,
ptStatus,nd_auto_increment_id,No,,,,
PublicityCodes,PublicityCodeID,No,,,,
PublicityCodes,CodeDescription,No,,,,
PublicityCodes,nd_auto_increment_id,No,,,,
PubSubConfig,SiteID,No,,,,
PubSubConfig,PartnerID,No,,,,
PubSubConfig,SitePartnerEventNotificationMessageID,No,,,,
PubSubConfig,EventNotificationMessageID,No,,,,
PubSubConfig,EventNotificationID,No,,,,
PubSubConfig,EventNotificationName,No,,,,
PubSubConfig,EventMessageName,No,,,,
PubSubConfig,PubSubURL,No,,,,
PubSubConfig,nd_auto_increment_id,No,,,,
PWKRptTrans,PWKRptTransCode,No,,,,
PWKRptTrans,PWKRptTransDesc,No,,,,
PWKRptTrans,nd_auto_increment_id,No,,,,
PWKRptType,PWKRptTypeCode,No,,,,
PWKRptType,PWKRptTypeDesc,No,,,,
PWKRptType,Is4010,No,,,,
PWKRptType,Is5010,No,,,,
PWKRptType,nd_auto_increment_id,No,,,,
QualityMeasure,QualityMeasureID,No,,,,
QualityMeasure,QualityMeasureDesc,No,,,,
QualityMeasure,nd_auto_increment_id,No,,,,
RCMDataReplication,RCMDataReplicationID,No,,,,
RCMDataReplication,RCMDataReplicationTableID,No,,,,
RCMDataReplication,RecordIdentifier,No,,,,
RCMDataReplication,RecordIdentifier2,No,,,,
RCMDataReplication,RecordIdentifier3,No,,,,
RCMDataReplication,Deleted,No,,,,
RCMDataReplication,ProcessedOn,No,,,,
RCMDataReplication,CreatedOn,Yes,STATIC_OFFSET,,,
RCMDataReplication,CreatedBy_UserID,No,,,,
RCMDataReplication,LastModifiedOn,No,,,,
RCMDataReplication,LastModifiedBy_UserID,Yes,MASK,LastModifiedBy_UserID,,
RCMDataReplication,Active,No,,,,
RCMDataReplication,nd_auto_increment_id,No,,,,
RCMDataReplicationKeyType,RCMDataReplicationKeyTypeID,No,,,,
RCMDataReplicationKeyType,DataType,No,,,,
RCMDataReplicationKeyType,nd_auto_increment_id,No,,,,
RCMDataReplicationTable,RCMDataReplicationTableID,No,,,,
RCMDataReplicationTable,Name,No,,,,
RCMDataReplicationTable,KeyColumn,No,,,,
RCMDataReplicationTable,RCMDataReplicationKeyTypeID,No,,,,
RCMDataReplicationTable,KeyColumn2,Yes,MASK,KeyColumn2,,
RCMDataReplicationTable,RCMDataReplicationKeyTypeID_2,No,,,,
RCMDataReplicationTable,KeyColumn3,Yes,MASK,KeyColumn3,,
RCMDataReplicationTable,RCMDataReplicationKeyTypeID_3,Yes,MASK,RCMDataReplicationKeyTypeID_3,,
RCMDataReplicationTable,CreatedOn,Yes,STATIC_OFFSET,,,
RCMDataReplicationTable,CreatedBy_UserID,No,,,,
RCMDataReplicationTable,LastModifiedOn,Yes,STATIC_OFFSET,,,
RCMDataReplicationTable,LastModifiedBy_UserID,No,,,,
RCMDataReplicationTable,Active,No,,,,
RCMDataReplicationTable,nd_auto_increment_id,No,,,,
Reaction,ReactionID,No,,,,
Reaction,ReactionDesc,No,,,,
Reaction,UserID,No,,,,
Reaction,CreateDate,Yes,STATIC_OFFSET,,,
Reaction,ActiveFlag,No,,,,
Reaction,nd_auto_increment_id,No,,,,
ReasonCodeStage,ReasonCodeStageID,No,,,,
ReasonCodeStage,BatchGUID,No,,,,
ReasonCodeStage,ClaimID,No,,,,
ReasonCodeStage,ServiceDetailID,No,,,,
ReasonCodeStage,AdjustmentTypeID,No,,,,
ReasonCodeStage,AdjustmentSubtypeID,No,,,,
ReasonCodeStage,PRCID,Yes,MASK,PRCID,,
ReasonCodeStage,CodeType,No,,,,
ReasonCodeStage,GroupCode,Yes,MASK,GroupCode,,
ReasonCodeStage,Code,Yes,MASK,Code,,
ReasonCodeStage,ERAProfileCodeID,No,,,,
ReasonCodeStage,AllocationID,No,,,,
ReasonCodeStage,CreateDate,Yes,DATE_OFFSET,,,
ReasonCodeStage,PaymentAdjStageID,No,,,,
ReasonCodeStage,GUID,No,,,,
ReasonCodeStage,nd_auto_increment_id,No,,,,
ReferenceDocumentAcknowledgementHistory,AcknowledgementID,No,,,,
ReferenceDocumentAcknowledgementHistory,DocumentID,No,,,,
ReferenceDocumentAcknowledgementHistory,UserID,No,,,,
ReferenceDocumentAcknowledgementHistory,AcknowledgedDatetime,Yes,DATE_OFFSET,,,
ReferenceDocumentAcknowledgementHistory,VisitID,Yes,ENCOUNTER_ID,,,
ReferenceDocumentAcknowledgementHistory,DeleteFlag,No,,,,
ReferenceDocumentAcknowledgementHistory,VisitUnlinkFlag,No,,,,
ReferenceDocumentAcknowledgementHistory,ActionID,No,,,,
ReferenceDocumentAcknowledgementHistory,nd_auto_increment_id,No,,,,
ReferenceDocumentAction,ReferenceDocumentActionID,No,,,,
ReferenceDocumentAction,Action,No,,,,
ReferenceDocumentAction,ActionDescription,No,,,,
ReferenceDocumentAction,nd_auto_increment_id,No,,,,
ReferenceDocumentHistory,ReferenceDocumentHistoryID,No,,,,
ReferenceDocumentHistory,DocumentID,No,,,,
ReferenceDocumentHistory,UserID,No,,,,
ReferenceDocumentHistory,VisitID,Yes,ENCOUNTER_ID,,,
ReferenceDocumentHistory,HistoryDatetime,Yes,DATE_OFFSET,,,
ReferenceDocumentHistory,ActionID,No,,,,
ReferenceDocumentHistory,DeleteFlag,No,,,,
ReferenceDocumentHistory,VisitUnlinkFlag,No,,,,
ReferenceDocumentHistory,nd_auto_increment_id,No,,,,
ReferralAuthorizationCategory,ReferralAuthorizationCatID,No,,,,
ReferralAuthorizationCategory,Description,No,,,,
ReferralAuthorizationCategory,nd_auto_increment_id,No,,,,
ReferralAuthorizationDefaultForm,DefaultFormID,No,,,,
ReferralAuthorizationDefaultForm,nd_auto_increment_id,No,,,,
ReferralAuthorizationOutOfNetworkReason,ReferralAuthorizationOutOfNetworkReasonID,No,,,,
ReferralAuthorizationOutOfNetworkReason,Description,No,,,,
ReferralAuthorizationOutOfNetworkReason,Active,No,,,,
ReferralAuthorizationOutOfNetworkReason,Editable,Yes,MASK,Editable,,
ReferralAuthorizationOutOfNetworkReason,nd_auto_increment_id,No,,,,
ReferralAuthorizationStatus,ReferralAuthorizationStatusID,No,,,,
ReferralAuthorizationStatus,Description,No,,,,
ReferralAuthorizationStatus,Active,No,,,,
ReferralAuthorizationStatus,Editable,No,,,,
ReferralAuthorizationStatus,PastDueReport,No,,,,
ReferralAuthorizationStatus,nd_auto_increment_id,No,,,,
ReferralAuthorizationSubType,ReferralAuthorizationSubTypeID,No,,,,
ReferralAuthorizationSubType,Description,No,,,,
ReferralAuthorizationSubType,Active,No,,,,
ReferralAuthorizationSubType,Editable,No,,,,
ReferralAuthorizationSubType,nd_auto_increment_id,No,,,,
ReferralAuthorizationType,ReferralAuthorizationTypeID,No,,,,
ReferralAuthorizationType,Description,No,,,,
ReferralAuthorizationType,ReferralType,No,,,,
ReferralAuthorizationType,Active,No,,,,
ReferralAuthorizationType,Editable,No,,,,
ReferralAuthorizationType,nd_auto_increment_id,No,,,,
ReferralCPTSingleCodes,InsurancePreCertID,Yes,MASK,InsurancePreCertID,,
ReferralCPTSingleCodes,CPTCode,No,,,,
ReferralCPTSingleCodes,nd_auto_increment_id,No,,,,
ReferralDiagnosis,ReferralDiagnoseID,No,,,,
ReferralDiagnosis,ReferralID,No,,,,
ReferralDiagnosis,DxCode,No,,,,
ReferralDiagnosis,DxDetail,No,,,,
ReferralDiagnosis,DxCodeICD10,Yes,MASK,DxCodeICD10,,
ReferralDiagnosis,LexicalID,No,,,,
ReferralDiagnosis,nd_auto_increment_id,No,,,,
ReferralDocuments,ReferralDocID,No,,,,
ReferralDocuments,ReferralID,No,,,,
ReferralDocuments,DocumentID,No,,,,
ReferralDocuments,AttachedDate,Yes,DATE_OFFSET,,,
ReferralDocuments,AttachedByUserID,No,,,,
ReferralDocuments,Comment,Yes,NOTES,,,
ReferralDocuments,nd_auto_increment_id,No,,,,
ReferralICD9SingleCodes,InsurancePreCertID,Yes,MASK,InsurancePreCertID,,
ReferralICD9SingleCodes,ICD9code,No,,,,
ReferralICD9SingleCodes,ICD10code,No,,,,
ReferralICD9SingleCodes,LexicalID,No,,,,
ReferralICD9SingleCodes,nd_auto_increment_id,No,,,,
ReferralNotes,ReferralNotesID,No,,,,
ReferralNotes,ReferralID,No,,,,
ReferralNotes,UserID,No,,,,
ReferralNotes,EntryDate,Yes,DATE_OFFSET,,,
ReferralNotes,Note,Yes,NOTES,,,
ReferralNotes,nd_auto_increment_id,No,,,,
ReferralServiceLocationType,ReferralInpatOutpatID,No,,,,
ReferralServiceLocationType,Description,No,,,,
ReferralServiceLocationType,nd_auto_increment_id,No,,,,
ReferralSNOMED,ReferralID,No,,,,
ReferralSNOMED,SNOMEDCode,No,,,,
ReferralSNOMED,nd_auto_increment_id,No,,,,
ReferralsOrganization,ReferralsOrganizationID,No,,,,
ReferralsOrganization,PatientID,Yes,PATIENT_ID,,,
ReferralsOrganization,CreateDate,Yes,STATIC_OFFSET,,,
ReferralsOrganization,ExternalOrganizationID,No,,,,
ReferralsOrganization,OrganizationComments,No,,,,
ReferralsOrganization,ChangeDate,Yes,STATIC_OFFSET,,,
ReferralsOrganization,nd_auto_increment_id,No,,,,
ReferralUrgencyStatus,ReferralUrgencyStatusID,No,,,,
ReferralUrgencyStatus,Description,Yes,MASK,Description,,
ReferralUrgencyStatus,nd_auto_increment_id,No,,,,
RegFlags,RegFlagsID,No,,,,
RegFlags,LocalName,No,,,,
RegFlags,StandardName,Yes,MASK,StandardName,,
RegFlags,Description,Yes,MASK,Description,,
RegFlags,IsDefaultField,No,,,,
RegFlags,Enabled,No,,,,
RegFlags,Criticality,No,,,,
RegFlags,nd_auto_increment_id,No,,,,
RegPhoneNumbers,PhoneNumberID,No,,,,
RegPhoneNumbers,AddressID,No,,,,
RegPhoneNumbers,PersonID,No,,,,
RegPhoneNumbers,Description,No,,,,
RegPhoneNumbers,Number,Yes,MASK,Number,,
RegPhoneNumbers,HomeFlag,No,,,,
RegPhoneNumbers,WorkFlag,No,,,,
RegPhoneNumbers,CellFlag,No,,,,
RegPhoneNumbers,FaxFlag,No,,,,
RegPhoneNumbers,DayFlag,No,,,,
RegPhoneNumbers,NightFlag,No,,,,
RegPhoneNumbers,EmergencyFlag,No,,,,
RegPhoneNumbers,ActiveFlag,No,,,,
RegPhoneNumbers,PrimaryFlag,No,,,,
RegPhoneNumbers,CreatorID,No,,,,
RegPhoneNumbers,CreateDate,No,,,,
RegPhoneNumbers,EditDate,No,,,,
RegPhoneNumbers,nd_auto_increment_id,No,,,,
RelatedPayments,OriginalPaymentID,No,,,,
RelatedPayments,RelatedPaymentID,No,,,,
RelatedPayments,RelationType,No,,,,
RelatedPayments,nd_auto_increment_id,No,,,,
RelationTypes,RelationTypeID,No,,,,
RelationTypes,LocalName,Yes,MASK,LocalName,,
RelationTypes,StandardName,No,,,,
RelationTypes,Description,Yes,MASK,Description,,
RelationTypes,IsDefaultField,No,,,,
RelationTypes,Enabled,No,,,,
RelationTypes,X125010Code,No,,,,
RelationTypes,nd_auto_increment_id,No,,,,
Religion,ReligionID,No,,,,
Religion,LocalName,Yes,MASK,LocalName,,
Religion,StandardName,Yes,MASK,StandardName,,
Religion,Description,Yes,MASK,Description,,
Religion,IsDefaultField,No,,,,
Religion,Enabled,No,,,,
Religion,nd_auto_increment_id,No,,,,
ReportCategory,CategoryID,No,,,,
ReportCategory,Name,No,,,,
ReportCategory,nd_auto_increment_id,No,,,,
ReportDefinition,Type,No,,,,
ReportDefinition,AdjustmentOffsets,No,,,,
ReportDefinition,AppliedAdjustmentOffsets,No,,,,
ReportDefinition,AppliedPaymentOffsets,No,,,,
ReportDefinition,GrossAppliedPayments,No,,,,
ReportDefinition,AppliedVoids,No,,,,
ReportDefinition,NetAppliedPayments,No,,,,
ReportDefinition,nd_auto_increment_id,No,,,,
ReportDocuments,ReportID,No,,,,
ReportDocuments,ReportName,No,,,,
ReportDocuments,ReportLabel,No,,,,
ReportDocuments,ReportDesc,No,,,,
ReportDocuments,ReportType,No,,,,
ReportDocuments,ReportFilename,No,,,,
ReportDocuments,Creation,Yes,STATIC_OFFSET,,,
ReportDocuments,Expiration,Yes,STATIC_OFFSET,,,
ReportDocuments,AccessCount,No,,,,
ReportDocuments,UserID,No,,,,
ReportDocuments,MessageId,No,,,,
ReportDocuments,ReportModule,No,,,,
ReportDocuments,TemplateID,No,,,,
ReportDocuments,TemplateType,No,,,,
ReportDocuments,ShowPrintDialog,No,,,,
ReportDocuments,PrintQuantity,No,,,,
ReportDocuments,AutoPrint,No,,,,
ReportDocuments,FilterCriteria,No,,,,
ReportDocuments,PreferredPrinter,No,,,,
ReportDocuments,Stamp,No,,,,
ReportDocuments,HidePatientID,No,,,,
ReportDocuments,BatchPDF,No,,,,
ReportDocuments,nd_auto_increment_id,No,,,,
ReportNames,ReportName,No,,,,
ReportNames,ModuleNumber,No,,,,
ReportNames,CategoryID,No,,,,
ReportNames,AspPage,No,,,,
ReportNames,ActionName,No,,,,
ReportNames,nd_auto_increment_id,No,,,,
ReportQueue,ReportQueueId,No,,,,
ReportQueue,ReportName,Yes,MASK,ReportName,,
ReportQueue,ReportLabel,No,,,,
ReportQueue,Status,No,,,,
ReportQueue,JobQId,No,,,,
ReportQueue,SpId,No,,,,
ReportQueue,SpProgName,No,,,,
ReportQueue,ReportId,No,,,,
ReportQueue,Submitted,Yes,STATIC_OFFSET,,,
ReportQueue,UserId,No,,,,
ReportQueue,SiteId,No,,,,
ReportQueue,nd_auto_increment_id,No,,,,
ResearchPartner,PartnerID,No,,,,
ResearchPartner,Name,Yes,MASK,Name,,
ResearchPartner,Description,No,,,,
ResearchPartner,nd_auto_increment_id,No,,,,
ResearchRequest,RequestID,No,,,,
ResearchRequest,PartnerID,No,,,,
ResearchRequest,ShortName,No,,,,
ResearchRequest,Description,No,,,,
ResearchRequest,RequestDate,Yes,STATIC_OFFSET,,,
ResearchRequest,DueDate,No,,,,
ResearchRequest,ResultDate,Yes,STATIC_OFFSET,,,
ResearchRequest,ResultCount,No,,,,
ResearchRequest,CreateDate,Yes,STATIC_OFFSET,,,
ResearchRequest,LastModifiedDate,No,,,,
ResearchRequest,nd_auto_increment_id,No,,,,
ResearchRequestCriteriaRule,RequestID,No,,,,
ResearchRequestCriteriaRule,CriteriaBundleID,No,,,,
ResearchRequestCriteriaRule,nd_auto_increment_id,No,,,,
ResearchRequestPatient,RequestID,No,,,,
ResearchRequestPatient,PatientID,Yes,PATIENT_ID,,,
ResearchRequestPatient,nd_auto_increment_id,No,,,,
ResearchRequestQuery,RequestID,No,,,,
ResearchRequestQuery,QueryText,No,,,,
ResearchRequestQuery,nd_auto_increment_id,No,,,,
Role,RoleId,No,,,,
Role,RoleName,No,,,,
Role,RoleDescription,No,,,,
Role,nd_auto_increment_id,No,,,,
RSAKeyStorage,KeyGuid,No,,,,
RSAKeyStorage,KeyData,No,,,,
RSAKeyStorage,ExpirationDate,Yes,STATIC_OFFSET,,,
RSAKeyStorage,nd_auto_increment_id,No,,,,
RXBGroupPatMeds,RXBGroupID,No,,,,
RXBGroupPatMeds,ClinicalPatMedID,No,,,,
RXBGroupPatMeds,CanUseCareProvSig,No,,,,
RXBGroupPatMeds,PrintSigPermission,No,,,,
RXBGroupPatMeds,CareProvSigPrinted,No,,,,
RXBGroupPatMeds,CreatedBySigPrinted,No,,,,
RXBGroupPatMeds,AlertNeeded,No,,,,
RXBGroupPatMeds,AlertSent,No,,,,
RXBGroupPatMeds,nd_auto_increment_id,No,,,,
RXBHeaderInfo,RXBGroupID,No,,,,
RXBHeaderInfo,LocationName,Yes,MASK,LocationName,,
RXBHeaderInfo,LocationAddressLine1,Yes,MASK,LocationAddressLine1,,
RXBHeaderInfo,LocationAddressLine2,No,,,,
RXBHeaderInfo,LocationCity,Yes,MASK,LocationCity,,
RXBHeaderInfo,LocationState,No,,,,
RXBHeaderInfo,LocationZip,No,,,,
RXBHeaderInfo,LocationPhone,Yes,MASK,LocationPhone,,
RXBHeaderInfo,LocationFax,Yes,MASK,LocationFax,,
RXBHeaderInfo,LocationTaxID,Yes,MASK,LocationTaxID,,
RXBHeaderInfo,PracticeName,Yes,MASK,PracticeName,,
RXBHeaderInfo,PracticeAddressLine1,Yes,MASK,PracticeAddressLine1,,
RXBHeaderInfo,PracticeAddressLine2,No,,,,
RXBHeaderInfo,PracticeCity,Yes,MASK,PracticeCity,,
RXBHeaderInfo,PracticeState,No,,,,
RXBHeaderInfo,PracticeZip,No,,,,
RXBHeaderInfo,PracticePhone,Yes,MASK,PracticePhone,,
RXBHeaderInfo,PracticeFax,Yes,MASK,PracticeFax,,
RXBHeaderInfo,PracticeTaxID,Yes,MASK,PracticeTaxID,,
RXBHeaderInfo,PatientFirstName,Yes,MASK,PatientFirstName,,
RXBHeaderInfo,PatientMiddleName,Yes,MASK,PatientMiddleName,,
RXBHeaderInfo,PatientLastName,Yes,MASK,PatientLastName,,
RXBHeaderInfo,PatientAddressLine1,Yes,MASK,PatientAddressLine1,,
RXBHeaderInfo,PatientAddressLine2,Yes,MASK,PatientAddressLine2,,
RXBHeaderInfo,PatientCity,Yes,MASK,PatientCity,,
RXBHeaderInfo,PatientState,No,,,,
RXBHeaderInfo,PatientZip,Yes,ZIP_CODE,,,
RXBHeaderInfo,PatientPhone,Yes,MASK,PatientPhone,,
RXBHeaderInfo,PatientDOB,Yes,PATIENT_DOB,,,
RXBHeaderInfo,PatientSSN,Yes,MASK,PatientSSN,,
RXBHeaderInfo,TransUserFirstName,Yes,MASK,TransUserFirstName,,
RXBHeaderInfo,TransUserMiddleName,Yes,MASK,TransUserMiddleName,,
RXBHeaderInfo,TransUserLastName,Yes,MASK,TransUserLastName,,
RXBHeaderInfo,TransUserID,No,,,,
RXBHeaderInfo,PrimaryInsuranceCategoryID,No,,,,
RXBHeaderInfo,PrimaryInsuranceCompanyID,Yes,MASK,PrimaryInsuranceCompanyID,,
RXBHeaderInfo,PrimaryInsurancePlanID,Yes,MASK,PrimaryInsurancePlanID,,
RXBHeaderInfo,PrimaryInsuranceClassID,Yes,MASK,PrimaryInsuranceClassID,,
RXBHeaderInfo,SecondaryInsuranceCategoryID,No,,,,
RXBHeaderInfo,SecondaryInsuranceCompanyID,Yes,MASK,SecondaryInsuranceCompanyID,,
RXBHeaderInfo,SecondaryInsurancePlanID,Yes,MASK,SecondaryInsurancePlanID,,
RXBHeaderInfo,SecondaryInsuranceClassID,No,,,,
RXBHeaderInfo,TertiaryInsuranceCategoryID,No,,,,
RXBHeaderInfo,TertiaryInsuranceCompanyID,Yes,MASK,TertiaryInsuranceCompanyID,,
RXBHeaderInfo,TertiaryInsurancePlanID,Yes,MASK,TertiaryInsurancePlanID,,
RXBHeaderInfo,TertiaryInsuranceClassID,Yes,MASK,TertiaryInsuranceClassID,,
RXBHeaderInfo,TotalMedsOnPage,No,,,,
RXBHeaderInfo,PreferredProviderFirstName,Yes,MASK,PreferredProviderFirstName,,
RXBHeaderInfo,PreferredProviderMiddleName,Yes,MASK,PreferredProviderMiddleName,,
RXBHeaderInfo,PreferredProviderLastName,Yes,MASK,PreferredProviderLastName,,
RXBHeaderInfo,PreferredProviderCredentials,Yes,MASK,PreferredProviderCredentials,,
RXBHeaderInfo,PrimaryInsuranceCompanyName,Yes,MASK,PrimaryInsuranceCompanyName,,
RXBHeaderInfo,PrimaryInsurancePlanName,Yes,MASK,PrimaryInsurancePlanName,,
RXBHeaderInfo,SecondaryInsuranceCompanyName,Yes,MASK,SecondaryInsuranceCompanyName,,
RXBHeaderInfo,SecondaryInsurancePlanName,Yes,MASK,SecondaryInsurancePlanName,,
RXBHeaderInfo,TertiaryInsuranceCompanyName,Yes,MASK,TertiaryInsuranceCompanyName,,
RXBHeaderInfo,TertiaryInsurancePlanName,Yes,MASK,TertiaryInsurancePlanName,,
RXBHeaderInfo,nd_auto_increment_id,No,,,,
RXFillStatus,RXFillStatusID,No,,,,
RXFillStatus,StatusDescription,No,,,,
RXFillStatus,IsEnabled,No,,,,
RXFillStatus,DisplayOrder,No,,,,
RXFillStatus,nd_auto_increment_id,No,,,,
RXFillStatusReason,RXFillStatusReasonID,No,,,,
RXFillStatusReason,ReasonCode,Yes,MASK,ReasonCode,,
RXFillStatusReason,ReasonDescription,No,,,,
RXFillStatusReason,IsEnabled,No,,,,
RXFillStatusReason,DisplayOrder,No,,,,
RXFillStatusReason,nd_auto_increment_id,No,,,,
SAMLVersion,SAMLVersionID,No,,,,
SAMLVersion,SAMLVersionDesc,No,,,,
SAMLVersion,nd_auto_increment_id,No,,,,
SBDocDetails,DocDetailID,No,,,,
SBDocDetails,DocumentID,No,,,,
SBDocDetails,CodeID,No,,,,
SBDocDetails,CodeType,No,,,,
SBDocDetails,HeadingID,No,,,,
SBDocDetails,DisplayOrder,No,,,,
SBDocDetails,nd_auto_increment_id,No,,,,
SBDocuments,DocumentID,No,,,,
SBDocuments,DocName,Yes,MASK,DocName,,
SBDocuments,ProcCols,No,,,,
SBDocuments,DiagCols,No,,,,
SBDocuments,nd_auto_increment_id,No,,,,
SBHeadingDetails,HeadingDetailID,No,,,,
SBHeadingDetails,HeadingID,No,,,,
SBHeadingDetails,DocumentID,No,,,,
SBHeadingDetails,DisplayOrder,No,,,,
SBHeadingDetails,nd_auto_increment_id,No,,,,
SBHeadings,HeadingID,No,,,,
SBHeadings,HeadingName,No,,,,
SBHeadings,HeadingType,No,,,,
SBHeadings,DefaultDisplayOrder,No,,,,
SBHeadings,nd_auto_increment_id,No,,,,
SBSuperBills,SBSuperBillID,No,,,,
SBSuperBills,VisitID,Yes,ENCOUNTER_ID,,,
SBSuperBills,procDocDetailID,No,,,,
SBSuperBills,ProcedureMasterID,No,,,,
SBSuperBills,DiagDocDetailID,No,,,,
SBSuperBills,DiagID,No,,,,
SBSuperBills,DiagCode,Yes,MASK,DiagCode,,
SBSuperBills,DiagDesc,No,,,,
SBSuperBills,Units,No,,,,
SBSuperBills,DiagPriority,No,,,,
SBSuperBills,Status,No,,,,
SBSuperBills,Disabled,No,,,,
SBSuperBills,Deleted,No,,,,
SBSuperBills,ProcedurePriority,No,,,,
SBSuperBills,nd_auto_increment_id,No,,,,
sbSuperBillsBak,SBSuperBillID,No,,,,
sbSuperBillsBak,VisitID,Yes,ENCOUNTER_ID,,,
sbSuperBillsBak,procDocDetailID,No,,,,
sbSuperBillsBak,ProcedureMasterID,No,,,,
sbSuperBillsBak,DiagDocDetailID,No,,,,
sbSuperBillsBak,DiagID,No,,,,
sbSuperBillsBak,DiagCode,Yes,MASK,DiagCode,,
sbSuperBillsBak,DiagDesc,No,,,,
sbSuperBillsBak,Units,No,,,,
sbSuperBillsBak,DiagPriority,No,,,,
sbSuperBillsBak,Status,No,,,,
sbSuperBillsBak,Disabled,No,,,,
sbSuperBillsBak,Deleted,No,,,,
sbSuperBillsBak,nd_auto_increment_id,No,,,,
SBSuperBillServiceDetail,ServiceDetailID,No,,,,
SBSuperBillServiceDetail,procDocDetailID,No,,,,
SBSuperBillServiceDetail,VisitID,Yes,ENCOUNTER_ID,,,
SBSuperBillServiceDetail,CreateDate,Yes,STATIC_OFFSET,,,
SBSuperBillServiceDetail,nd_auto_increment_id,No,,,,
SchedConverted,ConversionId,No,,,,
SchedConverted,ConversionType,No,,,,
SchedConverted,UserId,No,,,,
SchedConverted,StartDate,Yes,STATIC_OFFSET,,,
SchedConverted,EndDate,Yes,STATIC_OFFSET,,,
SchedConverted,LabelMask,No,,,,
SchedConverted,ReasonMask,No,,,,
SchedConverted,ConversionText,Yes,GENERIC_NOTES,,,
SchedConverted,nd_auto_increment_id,No,,,,
SchedConverted_ScheduleAppointment,Conversionid,No,,,,
SchedConverted_ScheduleAppointment,ApptID,No,,,,
SchedConverted_ScheduleAppointment,StartDate,Yes,DATE_OFFSET,,,
SchedConverted_ScheduleAppointment,PatientName,Yes,MASK,PatientName,,
SchedConverted_ScheduleAppointment,PatientComplaint,Yes,NOTES,,,
SchedConverted_ScheduleAppointment,AdditionalInfo,Yes,MASK,AdditionalInfo,,
SchedConverted_ScheduleAppointment,PatientID,Yes,PATIENT_ID,,,
SchedConverted_ScheduleAppointment,ApptTypeId,No,,,,
SchedConverted_ScheduleAppointment,ApptDescription,No,,,,
SchedConverted_ScheduleAppointment,UserID,No,,,,
SchedConverted_ScheduleAppointment,Disable,No,,,,
SchedConverted_ScheduleAppointment,ChangeId,No,,,,
SchedConverted_ScheduleAppointment,ApptLink,No,,,,
SchedConverted_ScheduleAppointment,StepLink,No,,,,
SchedConverted_ScheduleAppointment,StepId,No,,,,
SchedConverted_ScheduleAppointment,DateMade,Yes,DATE_OFFSET,,,
SchedConverted_ScheduleAppointment,LastModifiedUserID,No,,,,
SchedConverted_ScheduleAppointment,LastModifiedDate,Yes,DATE_OFFSET,,,
SchedConverted_ScheduleAppointment,IsTelehealthAppt,No,,,,
SchedConverted_ScheduleAppointment,TelehealthEventStatus,No,,,,
SchedConverted_ScheduleAppointment,TelehealthEventDatetime,Yes,DATE_OFFSET,,,
SchedConverted_ScheduleAppointment,nd_auto_increment_id,No,,,,
SchedConverted_ScheduleAppointmentResources,Conversionid,No,,,,
SchedConverted_ScheduleAppointmentResources,ApptID,No,,,,
SchedConverted_ScheduleAppointmentResources,ResourceID,Yes,MASK,ResourceID,,
SchedConverted_ScheduleAppointmentResources,ResourceCategoryID,No,,,,
SchedConverted_ScheduleAppointmentResources,StartTime,Yes,DATE_OFFSET,,,
SchedConverted_ScheduleAppointmentResources,EndTime,Yes,DATE_OFFSET,,,
SchedConverted_ScheduleAppointmentResources,DurationMinutes,No,,,,
SchedConverted_ScheduleAppointmentResources,nd_auto_increment_id,No,,,,
SchedConverted_ScheduleBlockedTime,Conversionid,No,,,,
SchedConverted_ScheduleBlockedTime,BlockID,No,,,,
SchedConverted_ScheduleBlockedTime,BlockDate,No,,,,
SchedConverted_ScheduleBlockedTime,StartTime,No,,,,
SchedConverted_ScheduleBlockedTime,EndTime,No,,,,
SchedConverted_ScheduleBlockedTime,Duration,No,,,,
SchedConverted_ScheduleBlockedTime,Reason,No,,,,
SchedConverted_ScheduleBlockedTime,Label,No,,,,
SchedConverted_ScheduleBlockedTime,CreateUserID,No,,,,
SchedConverted_ScheduleBlockedTime,CreateDate,No,,,,
SchedConverted_ScheduleBlockedTime,LastModifiedUserID,No,,,,
SchedConverted_ScheduleBlockedTime,LastModifiedDate,Yes,STATIC_OFFSET,,,
SchedConverted_ScheduleBlockedTime,Disable,No,,,,
SchedConverted_ScheduleBlockedTime,nd_auto_increment_id,No,,,,
SchedConverted_ScheduleLocationAppt,Conversionid,No,,,,
SchedConverted_ScheduleLocationAppt,ScheduleLocationId,No,,,,
SchedConverted_ScheduleLocationAppt,ApptID,No,,,,
SchedConverted_ScheduleLocationAppt,nd_auto_increment_id,No,,,,
SchedConverted_ScheduleLocationBlock,Conversionid,No,,,,
SchedConverted_ScheduleLocationBlock,ScheduleLocationId,No,,,,
SchedConverted_ScheduleLocationBlock,BlockID,No,,,,
SchedConverted_ScheduleLocationBlock,nd_auto_increment_id,No,,,,
SchedConverted_ScheduleResourceBlockedMinute,Conversionid,No,,,,
SchedConverted_ScheduleResourceBlockedMinute,BlockDate,No,,,,
SchedConverted_ScheduleResourceBlockedMinute,ResourceId,No,,,,
SchedConverted_ScheduleResourceBlockedMinute,MinuteOfDay,No,,,,
SchedConverted_ScheduleResourceBlockedMinute,BlockID,No,,,,
SchedConverted_ScheduleResourceBlockedMinute,nd_auto_increment_id,No,,,,
SchedConverted_ScheduleResourceBlockedTime,Conversionid,No,,,,
SchedConverted_ScheduleResourceBlockedTime,BlockID,No,,,,
SchedConverted_ScheduleResourceBlockedTime,ResourceId,No,,,,
SchedConverted_ScheduleResourceBlockedTime,nd_auto_increment_id,No,,,,
SchedConverted_ScheduleResourceMinute,Conversionid,No,,,,
SchedConverted_ScheduleResourceMinute,SchedDate,Yes,DATE_OFFSET,,,
SchedConverted_ScheduleResourceMinute,ResourceID,No,,,,
SchedConverted_ScheduleResourceMinute,MinuteOfDay,No,,,,
SchedConverted_ScheduleResourceMinute,ApptID,No,,,,
SchedConverted_ScheduleResourceMinute,nd_auto_increment_id,No,,,,
SchedConverted_ScheduleSlotToAppt,Conversionid,No,,,,
SchedConverted_ScheduleSlotToAppt,DayId,No,,,,
SchedConverted_ScheduleSlotToAppt,SequenceNumber,No,,,,
SchedConverted_ScheduleSlotToAppt,ResourceId,Yes,PATIENT_ID,,,
SchedConverted_ScheduleSlotToAppt,ApptId,No,,,,
SchedConverted_ScheduleSlotToAppt,ApptTypeId,No,,,,
SchedConverted_ScheduleSlotToAppt,StepId,No,,,,
SchedConverted_ScheduleSlotToAppt,nd_auto_increment_id,No,,,,
SchedConverted_ScheduleSlotToBlock,Conversionid,No,,,,
SchedConverted_ScheduleSlotToBlock,DayId,No,,,,
SchedConverted_ScheduleSlotToBlock,SequenceNumber,No,,,,
SchedConverted_ScheduleSlotToBlock,ResourceId,No,,,,
SchedConverted_ScheduleSlotToBlock,BlockId,No,,,,
SchedConverted_ScheduleSlotToBlock,nd_auto_increment_id,No,,,,
SchedConvertedType,ConversionType,No,,,,
SchedConvertedType,ConversionTypeDescription,No,,,,
SchedConvertedType,nd_auto_increment_id,No,,,,
SchedRuleTemplateLink,RuleId,No,,,,
SchedRuleTemplateLink,TemplateId,No,,,,
SchedRuleTemplateLink,nd_auto_increment_id,No,,,,
ScheduleAppointmentPreReqInfo,ApptID,No,,,,
ScheduleAppointmentPreReqInfo,PreReqID,No,,,,
ScheduleAppointmentPreReqInfo,Value,No,,,,
ScheduleAppointmentPreReqInfo,nd_auto_increment_id,No,,,,
ScheduleAppointmentResources,ApptID,No,,,,
ScheduleAppointmentResources,ResourceID,No,,,,
ScheduleAppointmentResources,ResourceCategoryID,No,,,,
ScheduleAppointmentResources,StartTime,Yes,STATIC_OFFSET,,,
ScheduleAppointmentResources,EndTime,Yes,STATIC_OFFSET,,,
ScheduleAppointmentResources,DurationMinutes,No,,,,
ScheduleAppointmentResources,nd_auto_increment_id,No,,,,
ScheduleApptChangeLookup,ChangeID,No,,,,
ScheduleApptChangeLookup,ChangeReason,No,,,,
ScheduleApptChangeLookup,nd_auto_increment_id,No,,,,
ScheduleApptRequestorTypeList,RequestorTypeId,No,,,,
ScheduleApptRequestorTypeList,RequestorTypeName,No,,,,
ScheduleApptRequestorTypeList,nd_auto_increment_id,No,,,,
ScheduleApptRequestRecallLink,ApptRequestId,No,,,,
ScheduleApptRequestRecallLink,RecallId,No,,,,
ScheduleApptRequestRecallLink,nd_auto_increment_id,No,,,,
ScheduleApptTypeColorSchemeLink,StepId,No,,,,
ScheduleApptTypeColorSchemeLink,ApptColorSchemeId,No,,,,
ScheduleApptTypeColorSchemeLink,nd_auto_increment_id,No,,,,
ScheduleApptTypeColorSchemes,ApptColorSchemeId,No,,,,
ScheduleApptTypeColorSchemes,ApptColorSchemeName,No,,,,
ScheduleApptTypeColorSchemes,ApptText,No,,,,
ScheduleApptTypeColorSchemes,PatientText,No,,,,
ScheduleApptTypeColorSchemes,Background,No,,,,
ScheduleApptTypeColorSchemes,BordersLeftAndTop,No,,,,
ScheduleApptTypeColorSchemes,BordersRightAndBottom,No,,,,
ScheduleApptTypeColorSchemes,IsSystem,No,,,,
ScheduleApptTypeColorSchemes,CreateDate,Yes,STATIC_OFFSET,,,
ScheduleApptTypeColorSchemes,CreateUser,No,,,,
ScheduleApptTypeColorSchemes,LastModifiedDate,Yes,STATIC_OFFSET,,,
ScheduleApptTypeColorSchemes,LastModifiedUser,No,,,,
ScheduleApptTypeColorSchemes,Enabled,No,,,,
ScheduleApptTypeColorSchemes,nd_auto_increment_id,No,,,,
ScheduleApptTypeList,ApptTypeId,No,,,,
ScheduleApptTypeList,ApptTypeName,No,,,,
ScheduleApptTypeList,Disable,No,,,,
ScheduleApptTypeList,VisualId,No,,,,
ScheduleApptTypeList,Description,No,,,,
ScheduleApptTypeList,nd_auto_increment_id,No,,,,
ScheduleApptTypeRules,SchedRuleID,No,,,,
ScheduleApptTypeRules,ResourceID,No,,,,
ScheduleApptTypeRules,RuleDate,No,,,,
ScheduleApptTypeRules,StartTime,No,,,,
ScheduleApptTypeRules,Duration,No,,,,
ScheduleApptTypeRules,Action,No,,,,
ScheduleApptTypeRules,RuleValues,No,,,,
ScheduleApptTypeRules,Disable,No,,,,
ScheduleApptTypeRules,nd_auto_increment_id,No,,,,
ScheduleApptTypeStepLinks,ApptTypeId,No,,,,
ScheduleApptTypeStepLinks,StepId,No,,,,
ScheduleApptTypeStepLinks,StepOrder,No,,,,
ScheduleApptTypeStepLinks,nd_auto_increment_id,No,,,,
ScheduleDurationOverride,StepID,No,,,,
ScheduleDurationOverride,ResourceID,No,,,,
ScheduleDurationOverride,Duration,No,,,,
ScheduleDurationOverride,nd_auto_increment_id,No,,,,
ScheduleIntervals,SlotInterval,No,,,,
ScheduleIntervals,IntervalLabel,No,,,,
ScheduleIntervals,nd_auto_increment_id,No,,,,
ScheduleLocationActions,ActionId,No,,,,
ScheduleLocationActions,ActionName,No,,,,
ScheduleLocationActions,Description,No,,,,
ScheduleLocationActions,nd_auto_increment_id,No,,,,
ScheduleLocationAppt,ScheduleLocationId,No,,,,
ScheduleLocationAppt,ApptID,No,,,,
ScheduleLocationApptRequest,ScheduleLocationId,No,,,,
ScheduleLocationApptRequest,ApptRequestId,No,,,,
ScheduleLocationApptRequest,nd_auto_increment_id,No,,,,
ScheduleLocationApptType,ScheduleLocationId,No,,,,
ScheduleLocationApptType,ApptTypeId,No,,,,
ScheduleLocationApptType,nd_auto_increment_id,No,,,,
ScheduleLocationBlock,ScheduleLocationId,No,,,,
ScheduleLocationBlock,BlockID,No,,,,
ScheduleLocationBlock,nd_auto_increment_id,No,,,,
ScheduleLocationRecall,ScheduleLocationId,No,,,,
ScheduleLocationRecall,RecallId,No,,,,
ScheduleLocationRecall,nd_auto_increment_id,No,,,,
ScheduleLocationResource,ScheduleLocationId,No,,,,
ScheduleLocationResource,ResourceID,No,,,,
ScheduleLocationResource,nd_auto_increment_id,No,,,,
ScheduleLocationResourceCategory,ScheduleLocationId,No,,,,
ScheduleLocationResourceCategory,ResourceCategoryId,No,,,,
ScheduleLocationResourceCategory,nd_auto_increment_id,No,,,,
ScheduleLocationResourceTemplateDay,ResourceID,No,,,,
ScheduleLocationResourceTemplateDay,TemplateDate,Yes,STATIC_OFFSET,,,
ScheduleLocationResourceTemplateDay,DayId,No,,,,
ScheduleLocationResourceTemplateDay,TemplateId,No,,,,
ScheduleLocationResourceTemplateDay,DayOfWeek,No,,,,
ScheduleLocationResourceTemplateDay,CreateUserId,No,,,,
ScheduleLocationResourceTemplateDay,CreateDate,Yes,STATIC_OFFSET,,,
ScheduleLocationResourceTemplateDay,LastModifiedUser,No,,,,
ScheduleLocationResourceTemplateDay,LastModifiedDate,Yes,STATIC_OFFSET,,,
ScheduleLocationResourceTemplateDay,nd_auto_increment_id,No,,,,
ScheduleLocations,ScheduleLocationId,No,,,,
ScheduleLocations,LocationName,Yes,MASK,LocationName,,
ScheduleLocations,LocationAbb,No,,,,
ScheduleLocations,LocationId,No,,,,
ScheduleLocations,Enabled,No,,,,
ScheduleLocationStep,ScheduleLocationId,No,,,,
ScheduleLocationStep,StepId,No,,,,
ScheduleLocationStep,nd_auto_increment_id,No,,,,
ScheduleLocationTemplate,ScheduleLocationId,No,,,,
ScheduleLocationTemplate,ApptTemplateID,No,,,,
ScheduleLocationTemplate,nd_auto_increment_id,No,,,,
ScheduleLocationTemplateLocations,LocationTemplateId,No,,,,
ScheduleLocationTemplateLocations,ScheduleLocationId,No,,,,
ScheduleLocationTemplateLocations,StartTime,Yes,STATIC_OFFSET,,,
ScheduleLocationTemplateLocations,EndTime,Yes,STATIC_OFFSET,,,
ScheduleLocationTemplateLocations,nd_auto_increment_id,No,,,,
ScheduleLocationTemplates,LocationTemplateId,No,,,,
ScheduleLocationTemplates,LocationTemplateName,Yes,MASK,LocationTemplateName,,
ScheduleLocationTemplates,Interval,No,,,,
ScheduleLocationTemplates,CreateDate,Yes,STATIC_OFFSET,,,
ScheduleLocationTemplates,CreateUserId,No,,,,
ScheduleLocationTemplates,LastModifiedDate,Yes,STATIC_OFFSET,,,
ScheduleLocationTemplates,LastModifiedUser,No,,,,
ScheduleLocationTemplates,Enabled,No,,,,
ScheduleLocationTemplates,nd_auto_increment_id,No,,,,
ScheduleLocationUserRight,UserId,No,,,,
ScheduleLocationUserRight,ScheduleLocationId,No,,,,
ScheduleLocationUserRight,ActionId,No,,,,
ScheduleLocationUserRight,nd_auto_increment_id,No,,,,
ScheduleParameterGroupNames,GroupnameID,No,,,,
ScheduleParameterGroupNames,GroupName,No,,,,
ScheduleParameterGroupNames,nd_auto_increment_id,No,,,,
ScheduleParameters,GroupNameID,No,,,,
ScheduleParameters,Link,No,,,,
ScheduleParameters,ParameterNameID,No,,,,
ScheduleParameters,ParameterValue,No,,,,
ScheduleParameters,nd_auto_increment_id,No,,,,
ScheduleParameterTypes,GroupNameID,No,,,,
ScheduleParameterTypes,ParameterNameID,No,,,,
ScheduleParameterTypes,ParameterName,No,,,,
ScheduleParameterTypes,Type,No,,,,
ScheduleParameterTypes,Choices,No,,,,
ScheduleParameterTypes,Minimum,No,,,,
ScheduleParameterTypes,Maximum,No,,,,
ScheduleParameterTypes,Instructions,No,,,,
ScheduleParameterTypes,MinOccurs,No,,,,
ScheduleParameterTypes,MaxOccurs,No,,,,
ScheduleParameterTypes,nd_auto_increment_id,No,,,,
ScheduleRecall,RecallId,No,,,,
ScheduleRecall,PatientId,Yes,PATIENT_ID,,,
ScheduleRecall,ApptTypeId,No,,,,
ScheduleRecall,StepId,No,,,,
ScheduleRecall,AdditionalInfo,Yes,NOTES,,,
ScheduleRecall,ServiceLocationId,No,,,,
ScheduleRecall,bAnyCareProviderWillDo,No,,,,
ScheduleRecall,bAllowOverride,No,,,,
ScheduleRecall,RequestDate,Yes,DATE_OFFSET,,,
ScheduleRecall,DayBuffer,No,,,,
ScheduleRecall,RecallStatusId,No,,,,
ScheduleRecall,UserId,No,,,,
ScheduleRecall,CreateDateTime,Yes,DATE_OFFSET,,,
ScheduleRecall,Enabled,No,,,,
ScheduleRecall,LastModifiedUserId,No,,,,
ScheduleRecall,LastModifiedDate,Yes,DATE_OFFSET,,,
ScheduleRecall,nd_auto_increment_id,No,,,,
ScheduleRecallApptLink,RecallId,No,,,,
ScheduleRecallApptLink,ApptId,No,,,,
ScheduleRecallApptLink,nd_auto_increment_id,No,,,,
ScheduleRecallApptLinkHistory,RecallId,No,,,,
ScheduleRecallApptLinkHistory,ApptId,No,,,,
ScheduleRecallApptLinkHistory,nd_auto_increment_id,No,,,,
ScheduleRecallEntry,RecallId,No,,,,
ScheduleRecallEntry,RecallEntryId,No,,,,
ScheduleRecallEntry,AdditionalInfo,Yes,GENERIC_NOTES,,,
ScheduleRecallEntry,bChangedStatus,No,,,,
ScheduleRecallEntry,RecallStatusId,No,,,,
ScheduleRecallEntry,UserId,No,,,,
ScheduleRecallEntry,CreateDateTime,Yes,STATIC_OFFSET,,,
ScheduleRecallEntry,Enabled,No,,,,
ScheduleRecallEntry,nd_auto_increment_id,No,,,,
ScheduleRecallEntryList,RecallEntryId,No,,,,
ScheduleRecallEntryList,RecallEntryName,No,,,,
ScheduleRecallEntryList,nd_auto_increment_id,No,,,,
ScheduleRecallResources,RecallId,No,,,,
ScheduleRecallResources,ResourceCategoryId,No,,,,
ScheduleRecallResources,ResourceId,No,,,,
ScheduleRecallResources,nd_auto_increment_id,No,,,,
ScheduleRecallStatusList,RecallStatusId,No,,,,
ScheduleRecallStatusList,RecallStatus,No,,,,
ScheduleRecallStatusList,nd_auto_increment_id,No,,,,
ScheduleRecurringAppointment,RecurrenceID,No,,,,
ScheduleRecurringAppointment,ResourceID,No,,,,
ScheduleRecurringAppointment,RecurrenceDescription,No,,,,
ScheduleRecurringAppointment,StartTime,No,,,,
ScheduleRecurringAppointment,DurationMinutes,No,,,,
ScheduleRecurringAppointment,StartDate,Yes,STATIC_OFFSET,,,
ScheduleRecurringAppointment,EndDate,Yes,STATIC_OFFSET,,,
ScheduleRecurringAppointment,OccurenceCount,No,,,,
ScheduleRecurringAppointment,RecurrencePattern,No,,,,
ScheduleRecurringAppointment,DailyNDays,No,,,,
ScheduleRecurringAppointment,DailyWeekdaysOnly,No,,,,
ScheduleRecurringAppointment,WeeklyNWeeks,No,,,,
ScheduleRecurringAppointment,WeeklyWhichDays,No,,,,
ScheduleRecurringAppointment,MonthlyDayNumber,No,,,,
ScheduleRecurringAppointment,MonthlyNMonths,No,,,,
ScheduleRecurringAppointment,MonthlyNth,No,,,,
ScheduleRecurringAppointment,MonthlyDay,No,,,,
ScheduleRecurringAppointment,YearlyMonth,No,,,,
ScheduleRecurringAppointment,YearlyDay,No,,,,
ScheduleRecurringAppointment,OverloadValue,No,,,,
ScheduleRecurringAppointment,ApptTypeId,No,,,,
ScheduleRecurringAppointment,ApptDescription,No,,,,
ScheduleRecurringAppointment,VisualId,No,,,,
ScheduleRecurringAppointment,nd_auto_increment_id,No,,,,
ScheduleReferralLink,ApptId,No,,,,
ScheduleReferralLink,InsPreCertId,Yes,MASK,InsPreCertId,,
ScheduleReferralLink,DecrementCounter,No,,,,
ScheduleReferralLink,nd_auto_increment_id,No,,,,
ScheduleResourceBlockedMinute,BlockDate,Yes,STATIC_OFFSET,,,
ScheduleResourceBlockedMinute,ResourceId,Yes,MASK,ResourceId,,
ScheduleResourceBlockedMinute,MinuteOfDay,No,,,,
ScheduleResourceBlockedMinute,BlockID,No,,,,
ScheduleResourceBlockedTime,BlockID,No,,,,
ScheduleResourceBlockedTime,ResourceId,No,,,,
ScheduleResourceBlockedTime,nd_auto_increment_id,No,,,,
ScheduleResourceCategoryLinks,ResourceCategoryId,No,,,,
ScheduleResourceCategoryLinks,ResourceId,No,,,,
ScheduleResourceCategoryLinks,nd_auto_increment_id,No,,,,
ScheduleResourceCategoryList,ResourceCategoryId,No,,,,
ScheduleResourceCategoryList,ResourceCategoryName,Yes,MASK,ResourceCategoryName,,
ScheduleResourceCategoryList,ResourceCategoryDescription,No,,,,
ScheduleResourceCategoryList,Disable,No,,,,
ScheduleResourceCategoryList,VisualId,No,,,,
ScheduleResourceLocation,DayId,No,,,,
ScheduleResourceLocation,ResourceId,No,,,,
ScheduleResourceLocation,LocationTemplateId,No,,,,
ScheduleResourceLocation,nd_auto_increment_id,No,,,,
ScheduleResourceMinute,SchedDate,Yes,STATIC_OFFSET,,,
ScheduleResourceMinute,ResourceID,Yes,MASK,ResourceID,,
ScheduleResourceMinute,MinuteOfDay,No,,,,
ScheduleResourceMinute,ApptID,No,,,,
ScheduleResourceMinuteHistory,SchedDate,Yes,STATIC_OFFSET,,,
ScheduleResourceMinuteHistory,ResourceID,No,,,,
ScheduleResourceMinuteHistory,MinuteOfDay,No,,,,
ScheduleResourceMinuteHistory,ApptID,No,,,,
ScheduleResourcePrerequisites,ResourceID,No,,,,
ScheduleResourcePrerequisites,PreReqID,No,,,,
ScheduleResourcePrerequisites,PreReqName,No,,,,
ScheduleResourcePrerequisites,PreReqInstructions,No,,,,
ScheduleResourcePrerequisites,PreReqPrompt,No,,,,
ScheduleResourcePrerequisites,PreReqType,No,,,,
ScheduleResourcePrerequisites,PreReqMaxLength,No,,,,
ScheduleResourcePrerequisites,PreReqMinLength,No,,,,
ScheduleResourcePrerequisites,nd_auto_increment_id,No,,,,
ScheduleResourceRescheduleLinks,OriginalApptId,No,,,,
ScheduleResourceRescheduleLinks,RescheduleApptId,No,,,,
ScheduleRuleMinute,RuleDate,No,,,,
ScheduleRuleMinute,SchedRuleID,No,,,,
ScheduleRuleMinute,ResourceID,No,,,,
ScheduleRuleMinute,MinuteOfDay,No,,,,
ScheduleRuleMinute,RuleValue,No,,,,
ScheduleRuleMinute,Action,No,,,,
ScheduleRuleMinute,nd_auto_increment_id,No,,,,
ScheduleRulesActions,ActionId,No,,,,
ScheduleRulesActions,RuleAction,No,,,,
ScheduleRulesActions,RuleActionName,No,,,,
ScheduleRulesActions,nd_auto_increment_id,No,,,,
ScheduleRulesResourceTemplateDay,ResourceID,No,,,,
ScheduleRulesResourceTemplateDay,TemplateDate,Yes,STATIC_OFFSET,,,
ScheduleRulesResourceTemplateDay,DayId,No,,,,
ScheduleRulesResourceTemplateDay,TemplateId,No,,,,
ScheduleRulesResourceTemplateDay,DayOfWeek,No,,,,
ScheduleRulesResourceTemplateDay,CreateUserId,No,,,,
ScheduleRulesResourceTemplateDay,CreateDate,Yes,STATIC_OFFSET,,,
ScheduleRulesResourceTemplateDay,LastModifiedUser,No,,,,
ScheduleRulesResourceTemplateDay,LastModifiedDate,Yes,STATIC_OFFSET,,,
ScheduleRulesResourceTemplateDay,nd_auto_increment_id,No,,,,
ScheduleRulesReusableTemplate,ReusableTemplateId,No,,,,
ScheduleRulesReusableTemplate,TemplateId,No,,,,
ScheduleRulesReusableTemplate,TemplateShortName,Yes,MASK,TemplateShortName,,
ScheduleRulesReusableTemplate,TemplateDescription,Yes,MASK,TemplateDescription,,
ScheduleRulesReusableTemplate,CreateUserId,No,,,,
ScheduleRulesReusableTemplate,CreateDate,Yes,STATIC_OFFSET,,,
ScheduleRulesReusableTemplate,LastModifiedUser,No,,,,
ScheduleRulesReusableTemplate,LastModifiedDate,Yes,STATIC_OFFSET,,,
ScheduleRulesReusableTemplate,Disable,No,,,,
ScheduleRulesReusableTemplate,nd_auto_increment_id,No,,,,
ScheduleRulesTemplate,TemplateId,No,,,,
ScheduleRulesTemplate,CreateUserId,No,,,,
ScheduleRulesTemplate,CreateDate,Yes,STATIC_OFFSET,,,
ScheduleRulesTemplate,LastModifiedUser,No,,,,
ScheduleRulesTemplate,LastModifiedDate,Yes,STATIC_OFFSET,,,
ScheduleRulesTemplate,Disable,No,,,,
ScheduleRulesTemplate,nd_auto_increment_id,No,,,,
ScheduleRulesTemplateApptStepLink,RuleId,No,,,,
ScheduleRulesTemplateApptStepLink,ApptTypeId,No,,,,
ScheduleRulesTemplateApptStepLink,StepId,No,,,,
ScheduleRulesTemplateApptStepLink,ActionId,No,,,,
ScheduleRulesTemplateApptStepLink,MaxCount,No,,,,
ScheduleRulesTemplateApptStepLink,nd_auto_increment_id,No,,,,
ScheduleRulesTemplateApptType,RuleId,No,,,,
ScheduleRulesTemplateApptType,ApptTypeId,No,,,,
ScheduleRulesTemplateApptType,ActionId,No,,,,
ScheduleRulesTemplateApptType,AllSteps,No,,,,
ScheduleRulesTemplateApptType,nd_auto_increment_id,No,,,,
ScheduleRulesTemplateMinutes,TemplateId,No,,,,
ScheduleRulesTemplateMinutes,MinuteOfDay,No,,,,
ScheduleRulesTemplateMinutes,ApptTypeId,No,,,,
ScheduleRulesTemplateMinutes,StepId,No,,,,
ScheduleRulesTemplateMinutes,RuleAction,No,,,,
ScheduleRulesTemplateMinutes,RuleId,No,,,,
ScheduleRulesTemplateMinutes,nd_auto_increment_id,No,,,,
ScheduleRulesTemplateValues,RuleId,No,,,,
ScheduleRulesTemplateValues,StartTime,Yes,STATIC_OFFSET,,,
ScheduleRulesTemplateValues,EndTime,Yes,STATIC_OFFSET,,,
ScheduleRulesTemplateValues,Duration,No,,,,
ScheduleRulesTemplateValues,ActionId,No,,,,
ScheduleRulesTemplateValues,AllApptTypes,No,,,,
ScheduleRulesTemplateValues,MaxCount,No,,,,
ScheduleRulesTemplateValues,RuleLabel,No,,,,
ScheduleRulesTemplateValues,nd_auto_increment_id,No,,,,
ScheduleRulesTemplateWeek,SchedTemplateWeekId,No,,,,
ScheduleRulesTemplateWeek,WeekShortName,Yes,MASK,WeekShortName,,
ScheduleRulesTemplateWeek,WeekDescription,No,,,,
ScheduleRulesTemplateWeek,Sunday,No,,,,
ScheduleRulesTemplateWeek,Monday,No,,,,
ScheduleRulesTemplateWeek,Tuesday,No,,,,
ScheduleRulesTemplateWeek,Wednesday,No,,,,
ScheduleRulesTemplateWeek,Thursday,No,,,,
ScheduleRulesTemplateWeek,Friday,No,,,,
ScheduleRulesTemplateWeek,Saturday,No,,,,
ScheduleRulesTemplateWeek,CreateUserId,No,,,,
ScheduleRulesTemplateWeek,CreateDate,Yes,STATIC_OFFSET,,,
ScheduleRulesTemplateWeek,LastModifiedUser,No,,,,
ScheduleRulesTemplateWeek,LastModifiedDate,Yes,STATIC_OFFSET,,,
ScheduleRulesTemplateWeek,Disable,No,,,,
ScheduleRulesTemplateWeek,Type,No,,,,
ScheduleRulesTemplateWeek,nd_auto_increment_id,No,,,,
ScheduleSlotSequence,SequenceNumber,No,,,,
ScheduleSlotSequence,StartTime,No,,,,
ScheduleSlotSequence,EndTime,No,,,,
ScheduleSlotSequence,Duration,No,,,,
ScheduleSlotSequence,nd_auto_increment_id,No,,,,
ScheduleSlotToAppt,DayId,No,,,,
ScheduleSlotToAppt,SequenceNumber,No,,,,
ScheduleSlotToAppt,ResourceId,No,,,,
ScheduleSlotToAppt,ApptId,No,,,,
ScheduleSlotToAppt,ApptTypeId,No,,,,
ScheduleSlotToAppt,StepId,No,,,,
ScheduleSlotToApptHistory,DayId,No,,,,
ScheduleSlotToApptHistory,SequenceNumber,No,,,,
ScheduleSlotToApptHistory,ResourceId,No,,,,
ScheduleSlotToApptHistory,ApptId,No,,,,
ScheduleSlotToApptHistory,ApptTypeId,No,,,,
ScheduleSlotToApptHistory,StepId,No,,,,
ScheduleSlotToBlock,DayId,No,,,,
ScheduleSlotToBlock,SequenceNumber,No,,,,
ScheduleSlotToBlock,ResourceId,No,,,,
ScheduleSlotToBlock,BlockId,Yes,MASK,BlockId,,
ScheduleSlotToLocation,LocationTemplateId,No,,,,
ScheduleSlotToLocation,ScheduleLocationId,No,,,,
ScheduleSlotToLocation,SequenceNumber,No,,,,
ScheduleSlotToRule,TemplateId,No,,,,
ScheduleSlotToRule,SequenceNumber,No,,,,
ScheduleSlotToRule,RuleId,No,,,,
ScheduleSlotToRule,ApptTypeId,No,,,,
ScheduleSlotToRule,StepId,No,,,,
ScheduleSlotToRule,MaxCount,No,,,,
ScheduleSlotViews,SlotInterval,No,,,,
ScheduleSlotViews,SequenceNumber,No,,,,
ScheduleSlotViews,BaseSequenceNumber,No,,,,
ScheduleSlotViews,StartTime,No,,,,
ScheduleSlotViews,EndTime,No,,,,
ScheduleSpecificResource,ResourceID,No,,,,
ScheduleSpecificResource,ResourceName,Yes,MASK,ResourceName,,
ScheduleSpecificResource,ResourceOwner,No,,,,
ScheduleSpecificResource,OverloadLimit,No,,,,
ScheduleSpecificResource,SchedulingAccessibility,No,,,,
ScheduleSpecificResource,ViewingAccessibility,No,,,,
ScheduleSpecificResource,Disable,No,,,,
ScheduleSpecificResource,ReferenceType,No,,,,
ScheduleSpecificResource,ReferenceID,No,,,,
ScheduleSpecificResource,VisualId,No,,,,
ScheduleSpecificResource,Description,No,,,,
ScheduleSpecificResource,LocationId,No,,,,
ScheduleSpecificResource,AlternateLabel,Yes,MASK,AlternateLabel,,
ScheduleSpecificResource,ConfirmationChoice,No,,,,
ScheduleStepBlocks,StepId,No,,,,
ScheduleStepBlocks,ResourceCategoryId,No,,,,
ScheduleStepList,StepId,No,,,,
ScheduleStepList,StepName,No,,,,
ScheduleStepList,StepDuration,No,,,,
ScheduleStepList,StepPatientInstructions,Yes,GENERIC_NOTES,,,
ScheduleStepList,Disable,No,,,,
ScheduleStepList,Abbreviation,No,,,,
ScheduleStepList,AlternateLabel,No,,,,
ScheduleStepList,AllowExternalAccess,No,,,,
ScheduleStepVisitType,StepID,No,,,,
ScheduleStepVisitType,VisitTypeID,No,,,,
ScheduleTemplate,ApptTemplateID,No,,,,
ScheduleTemplate,ApptTypeID,No,,,,
ScheduleTemplate,StepId,No,,,,
ScheduleTemplate,Description,No,,,,
ScheduleTemplate,TimeLink,No,,,,
ScheduleTemplate,DateSelection,No,,,,
ScheduleTemplate,StartLimit,Yes,STATIC_OFFSET,,,
ScheduleTemplate,EndLimit,Yes,STATIC_OFFSET,,,
ScheduleTemplate,Increment,No,,,,
ScheduleTemplate,CreateUserId,No,,,,
ScheduleTemplate,CreateDate,Yes,STATIC_OFFSET,,,
ScheduleTemplate,LastModifiedUserId,No,,,,
ScheduleTemplate,LastModifiedDate,Yes,STATIC_OFFSET,,,
ScheduleTemplate,Disable,No,,,,
ScheduleTemplateCartesian,ApptTemplateId,No,,,,
ScheduleTemplateCartesian,ResourceId,No,,,,
ScheduleTemplateCartesian,LocationId,No,,,,
ScheduleTemplateCartesian,GroupId,No,,,,
ScheduleTemplateCartesian,DecimalGroupId,No,,,,
ScheduleTemplateGenericTimes,ApptTemplateId,No,,,,
ScheduleTemplateGenericTimes,ScheduleLocationid,No,,,,
ScheduleTemplateGenericTimes,GroupID,No,,,,
ScheduleTemplateGenericTimes,ResourceCategoryID,No,,,,
ScheduleTemplateGenericTimes,ResourceID,No,,,,
ScheduleTemplateGenericTimes,ApptTypeId,No,,,,
ScheduleTemplateGenericTimes,StepId,No,,,,
ScheduleTemplateGenericTimes,StartTime,Yes,STATIC_OFFSET,,,
ScheduleTemplateGenericTimes,EndTime,Yes,STATIC_OFFSET,,,
ScheduleTemplateGenericTimes,Duration,No,,,,
ScheduleTemplateGenericTimes,OffsetStart,No,,,,
ScheduleTemplateGenericTimes,MinuteOfDayStart,No,,,,
ScheduleTemplateGenericTimes,MinuteOfDayEnd,No,,,,
ScheduleTemplateGenericTimes,OverLoad,No,,,,
ScheduleTemplateGenericTimes,SequenceNumber,No,,,,
ScheduleTemplateGroupMaster,ApptTemplateId,No,,,,
ScheduleTemplateGroupMaster,ScheduleLocationid,No,,,,
ScheduleTemplateGroupMaster,GroupId,No,,,,
ScheduleTemplateGroupMaster,GroupCount,No,,,,
ScheduleTemplatePreferedTimes,ApptTemplateID,No,,,,
ScheduleTemplatePreferedTimes,StartTime,No,,,,
ScheduleTemplateResources,ApptTemplateID,No,,,,
ScheduleTemplateResources,ResourceCategoryId,No,,,,
ScheduleTemplateResources,ResourceID,No,,,,
ScheduleTemplateResources,StartTime,Yes,STATIC_OFFSET,,,
ScheduleTemplateResources,EndTime,Yes,STATIC_OFFSET,,,
ScheduleTemplateResources,Duration,No,,,,
ScheduleTemplateResources,Bitwise,No,,,,
ScheduleTemplateResources,OffsetStart,No,,,,
ScheduleTemplateResources,SearchType,No,,,,
ScheduleTemplateResources,Disable,No,,,,
ScheduleTemplateWeekDayList,DayTypeID,No,,,,
ScheduleTemplateWeekDayList,Description,No,,,,
ScheduleTemplateWeekDays,ApptTemplateID,No,,,,
ScheduleTemplateWeekDays,DayTypeID,No,,,,
ScheduleTimeOfDay,TimeLink,No,,,,
ScheduleTimeOfDay,StartTime,Yes,STATIC_OFFSET,,,
ScheduleTimeOfDay,EndTime,Yes,STATIC_OFFSET,,,
ScheduleTimeOfDay,StartInt,No,,,,
ScheduleTimeOfDay,EndInt,No,,,,
ScheduleTimeOfDay,Description,No,,,,
ScheduleTimeOfDay,Disable,No,,,,
ScheduleTotalAppts,ScheduleLocationid,No,,,,
ScheduleTotalAppts,Dayid,No,,,,
ScheduleTotalAppts,SequenceNumber,No,,,,
ScheduleTotalAppts,ResourceId,Yes,MASK,ResourceId,,
ScheduleTotalAppts,TotalAppts,No,,,,
ScheduleTotalApptTypeStep,ScheduleLocationid,No,,,,
ScheduleTotalApptTypeStep,Dayid,No,,,,
ScheduleTotalApptTypeStep,SequenceNumber,No,,,,
ScheduleTotalApptTypeStep,ResourceId,No,,,,
ScheduleTotalApptTypeStep,ApptTypeId,No,,,,
ScheduleTotalApptTypeStep,StepId,No,,,,
ScheduleTotalApptTypeStep,TotalApptTypeStep,No,,,,
ScriptExecutionStatus,ScriptID,No,,,,
ScriptExecutionStatus,ScriptName,No,,,,
ScriptExecutionStatus,Status,No,,,,
ScriptExecutionStatus,PSVersion,No,,,,
ScriptExecutionStatus,BackupTable,No,,,,
ScriptExecutionStatus,ExecCount,No,,,,
ScriptExecutionStatus,CreateDate,Yes,STATIC_OFFSET,,,
ScriptExecutionStatus,LastExecDate,Yes,STATIC_OFFSET,,,
SelectedProviders,CareProviderId,No,,,,
SelectedProviders,PreferredProvider,No,,,,
SelectedProviders,MedicationProvider,No,,,,
SendOrderingProviderOnElectronicClaim,SendOrderingProviderOnElectronicClaim,No,,,,
SerumConcentration,SerumConcentrationID,No,,,,
SerumConcentration,SerumConcentrationDesc,No,,,,
SerumConcentration,ColorCode,No,,,,
SerumConcentration,ActiveFlag,No,,,,
SerumType,SerumTypeID,No,,,,
SerumType,SerumTypeDesc,No,,,,
ServiceAuthorizationException,ServiceAuthorizationExceptionCode,No,,,,
ServiceAuthorizationException,ServiceAuthorizationExceptionDesc,Yes,GENERIC_NOTES,,,
ServiceDetailClaimStage,ServiceDetailID,No,,,,
ServiceDetailClaimStage,LotNumber,No,,,,
ServiceDetailHistory,ServiceDetailID,No,,,,
ServiceDetailHistory,ClaimID,No,,,,
ServiceDetailHistory,ClaimDetailNum,No,,,,
ServiceDetailHistory,ARAcctID,No,,,,
ServiceDetailHistory,ServiceAssignedToClaim,No,,,,
ServiceDetailHistory,IssOrderID,No,,,,
ServiceDetailHistory,FromDate,Yes,DATE_OFFSET,,,
ServiceDetailHistory,ToDate,Yes,DATE_OFFSET,,,
ServiceDetailHistory,PlaceOfServiceID,No,,,,
ServiceDetailHistory,TypeOfService,No,,,,
ServiceDetailHistory,ProcedureMasterID,No,,,,
ServiceDetailHistory,ProcedureCode,No,,,,
ServiceDetailHistory,NumberOfDaysOrUnits,No,,,,
ServiceDetailHistory,EPSDTInd,No,,,,
ServiceDetailHistory,EMGInd,No,,,,
ServiceDetailHistory,COBInd,No,,,,
ServiceDetailHistory,Charge,No,,,,
ServiceDetailHistory,AccountingPeriodID,No,,,,
ServiceDetailHistory,PostingDate,Yes,DATE_OFFSET,,,
ServiceDetailHistory,DeductibleAmount,No,,,,
ServiceDetailHistory,WriteOffAmount,No,,,,
ServiceDetailHistory,IsBilled,No,,,,
ServiceDetailHistory,PatientID,Yes,PATIENT_ID,,,
ServiceDetailHistory,VisitID,Yes,ENCOUNTER_ID,,,
ServiceDetailHistory,EncounterID,No,,,,
ServiceDetailHistory,CareProviderID,No,,,,
ServiceDetailHistory,LocationID,Yes,MASK,LocationID,,
ServiceDetailHistory,InsCoverageID,No,,,,
ServiceDetailHistory,ReferringProvID,No,,,,
ServiceDetailHistory,CreateClaim,No,,,,
ServiceDetailHistory,SuspendAR,No,,,,
ServiceDetailHistory,EOBDenied,No,,,,
ServiceDetailHistory,EOBDeniedDate,Yes,DATE_OFFSET,,,
ServiceDetailHistory,EOBDeniedReason,No,,,,
ServiceDetailHistory,EmplRelatedFlag,No,,,,
ServiceDetailHistory,AutoAccFlag,No,,,,
ServiceDetailHistory,AutoAccidentState,No,,,,
ServiceDetailHistory,AccRespFlag,No,,,,
ServiceDetailHistory,OtherAccident,No,,,,
ServiceDetailHistory,ResubmitClaim,No,,,,
ServiceDetailHistory,SubmissionNumber,No,,,,
ServiceDetailHistory,Reserved24k,No,,,,
ServiceDetailHistory,HospAdmitDate,Yes,DATE_OFFSET,,,
ServiceDetailHistory,HospDischDate,Yes,DATE_OFFSET,,,
ServiceDetailHistory,DisabilityFromDate,Yes,DATE_OFFSET,,,
ServiceDetailHistory,DisabilityToDate,No,,,,
ServiceDetailHistory,SymptomDate,Yes,DATE_OFFSET,,,
ServiceDetailHistory,SimilarDate,No,,,,
ServiceDetailHistory,RevisionNumber,No,,,,
ServiceDetailHistory,RevisionUserID,No,,,,
ServiceDetailHistory,RevisionDateTime,Yes,DATE_OFFSET,,,
ServiceDetailHistory,CurrUserID,No,,,,
ServiceDetailHistory,CurrDateTime,Yes,DATE_OFFSET,,,
ServiceDetailHistory,PatientExpected,No,,,,
ServiceDetailHistory,InsuranceExpected,No,,,,
ServiceDetailHistory,PatientPaid,No,,,,
ServiceDetailHistory,InsurancePaid,No,,,,
ServiceDetailHistory,WriteOffExpected,No,,,,
ServiceDetailHistory,ContractWriteOffPosted,No,,,,
ServiceDetailHistory,VoidServiceDetailID,No,,,,
ServiceDetailHistory,OverridePrintExclusion,No,,,,
ServiceDetailHistory,BillableToPatient,No,,,,
ServiceDetailHistory,AccidentStateID,No,,,,
ServiceDetailHistory,AccidentTypeID,No,,,,
ServiceDetailHistory,AdjustedAmount,No,,,,
ServiceDetailHistory,Amended,No,,,,
ServiceDetailHistory,ServiceDetailStatusID,No,,,,
ServiceDetailHistory,OtherPaid,No,,,,
ServiceDetailHistory,CopayApplied,No,,,,
ServiceDetailHistory,StatementDate,Yes,DATE_OFFSET,,,
ServiceDetailHistory,StatementSuppressionDays,No,,,,
ServiceDetailHistory,ExcludeStatement,No,,,,
ServiceDetailHistory,OtherPaidInsurance,No,,,,
ServiceDetailHistory,CoPayAmtApplied,No,,,,
ServiceDetailHistory,PracticeLocationID,No,,,,
ServiceDetailHistory,RenderingProviderID,Yes,MASK,RenderingProviderID,,
ServiceDetailHistory,PatientBalance,No,,,,
ServiceDetailHistory,InsuranceBalance,No,,,,
ServiceDetailHistory,PatientApplied,No,,,,
ServiceDetailHistory,InsuranceApplied,No,,,,
ServiceDetailHistory,CoInsPct,No,,,,
ServiceDetailHistory,BalanceCalcMethod,No,,,,
ServiceDetailHistory,SecondaryInsurance,Yes,MASK,SecondaryInsurance,,
ServiceDetailHistory,UseExclusion,No,,,,
ServiceDetailHistory,AcceptAssignment,No,,,,
ServiceDetailHistory,PrimaryExpected,No,,,,
ServiceDetailHistory,ResponsibilityDate,Yes,DATE_OFFSET,,,
ServiceDetailHistory,OrderDate,Yes,DATE_OFFSET,,,
ServiceDetailHistory,LastSeen,No,,,,
ServiceDetailHistory,IgnoreRenderingOverride,No,,,,
ServiceDetailHistory,ProcedureAmount,No,,,,
ServiceDetailHistory,GlobalPeriod,No,,,,
ServiceDetailHistory,NDCQty,No,,,,
ServiceDetailHistory,RxNumber,No,,,,
ServiceDetailHistory,InitialTxDate,Yes,DATE_OFFSET,,,
ServiceDetailHistory,NonCoveredCharge,No,,,,
ServiceDetailInsuranceHistory,ServiceDetailID,No,,,,
ServiceDetailInsuranceHistory,InsCovID,Yes,MASK,InsCovID,,
ServiceDetailInsuranceHistory,ClaimID,No,,,,
ServiceDetailInsuranceHistory,Priority,No,,,,
ServiceDetailInsuranceHistory,SubOrder,No,,,,
ServiceDetailInsuranceHistory,PreCertNumber,Yes,MASK,PreCertNumber,,
ServiceDetailInsuranceHistory,Status,No,,,,
ServiceDetailModifiersHistory,ServiceDetailID,No,,,,
ServiceDetailModifiersHistory,ClaimID,No,,,,
ServiceDetailModifiersHistory,Modifier,No,,,,
ServiceDetailResponsibility,ServiceDetailID,No,,,,
ServiceDetailResponsibility,BalanceCalcMethod,No,,,,
ServiceDetailResponsibility,CoPayAmtApplied,No,,,,
ServiceDetailResponsibility,DeductibleAmount,No,,,,
ServiceDetailResponsibility,WriteOffExpected,No,,,,
ServiceDetailResponsibility,CoInsPct,No,,,,
ServiceDetailResponsibility,CreateDate,Yes,STATIC_OFFSET,,,
ServiceDetailStatus,ServiceDetailStatusID,No,,,,
ServiceDetailStatus,StatusShortName,No,,,,
ServiceDetailStatus,StatusDescription,No,,,,
ServiceDetailToDiagnosisHistory,ServiceDetailID,No,,,,
ServiceDetailToDiagnosisHistory,ClaimID,No,,,,
ServiceDetailToDiagnosisHistory,DiagnosisCode,No,,,,
ServiceDetailToDiagnosisHistory,DiagnosisPriority,No,,,,
ServiceFee,ServiceFeeID,No,,,,
ServiceFee,ChargeID,No,,,,
ServiceFee,PatientID,Yes,PATIENT_ID,,,
ServiceFee,BillableCareProviderID,No,,,,
ServiceFee,PracticeLocationID,No,,,,
ServiceFee,UserID,No,,,,
ServiceFee,Type,No,,,,
ServiceFee,PostingDate,No,,,,
ServiceFee,CreateDate,Yes,STATIC_OFFSET,,,
ServiceFee,Amount,No,,,,
ServiceFee,TranDescription,No,,,,
ServiceFee,BatchID,No,,,,
ServiceFee,nd_auto_increment_id,No,,,,
ServiceFeeStage,Sequence,No,,,,
ServiceFeeStage,BatchGUID,No,,,,
ServiceFeeStage,PatientID,Yes,PATIENT_ID,,,
ServiceFeeStage,BillableCareProviderID,No,,,,
ServiceFeeStage,PracticeLocationID,No,,,,
ServiceFeeStage,UserID,No,,,,
ServiceFeeStage,Type,No,,,,
ServiceFeeStage,PostingDate,No,,,,
ServiceFeeStage,Amount,No,,,,
ServiceFeeStage,TranDescription,No,,,,
ServiceFeeStage,BatchID,No,,,,
ServiceFeeStage,nd_auto_increment_id,No,,,,
ServiceGroupCharge,ServiceGroupID,No,,,,
ServiceGroupCharge,ChargeID,No,,,,
ServiceGroupCharge,nd_auto_increment_id,No,,,,
ServiceGroupClaim,ServiceGroupID,No,,,,
ServiceGroupClaim,ClaimID,No,,,,
ServiceGroupClaim,nd_auto_increment_id,No,,,,
ServiceGroupIns,ServiceGroupID,No,,,,
ServiceGroupIns,Priority,No,,,,
ServiceGroupIns,SubOrder,No,,,,
ServiceGroupIns,PlanID,No,,,,
ServiceGroupIns,InsCovID,Yes,MASK,InsCovID,,
ServiceGroupIns,nd_auto_increment_id,No,,,,
ServiceGroupPWKInfo,ServiceGroupPWKID,No,,,,
ServiceGroupPWKInfo,ServiceGroupID,No,,,,
ServiceGroupPWKInfo,PWKRptTypeCode,No,,,,
ServiceGroupPWKInfo,PWKRptTransCode,No,,,,
ServiceGroupPWKInfo,PWKRptIdentCode,No,,,,
ServiceGroupPWKInfo,CreateDate,Yes,DATE_OFFSET,,,
ServiceGroupPWKInfo,nd_auto_increment_id,No,,,,
ServiceGroupPWKInfoHistory,ServiceGroupPWKInfoHistoryID,No,,,,
ServiceGroupPWKInfoHistory,ServiceGroupPWKID,No,,,,
ServiceGroupPWKInfoHistory,ServiceGroupID,No,,,,
ServiceGroupPWKInfoHistory,PWKRptTypeCode,No,,,,
ServiceGroupPWKInfoHistory,PWKRptTransCode,No,,,,
ServiceGroupPWKInfoHistory,PWKRptIdentCode,No,,,,
ServiceGroupPWKInfoHistory,CreateDate,Yes,STATIC_OFFSET,,,
ServiceGroupPWKInfoHistory,Modifydate,Yes,STATIC_OFFSET,,,
ServiceGroupPWKInfoHistory,nd_auto_increment_id,No,,,,
ServiceGroupUBCodeInfo,ServiceGroupUBCodeID,No,,,,
ServiceGroupUBCodeInfo,ServiceGroupID,No,,,,
ServiceGroupUBCodeInfo,InformationCodeType,No,,,,
ServiceGroupUBCodeInfo,InformationCode,No,,,,
ServiceGroupUBCodeInfo,InformationCodeUB,No,,,,
ServiceGroupUBCodeInfo,InformationDateFrom,Yes,STATIC_OFFSET,,,
ServiceGroupUBCodeInfo,InformationDateTo,No,,,,
ServiceGroupUBCodeInfo,InformationAmount,No,,,,
ServiceGroupUBCodeInfo,nd_auto_increment_id,No,,,,
ServiceGroupUBInfo,ServiceGroupUBID,No,,,,
ServiceGroupUBInfo,ServiceGroupID,No,,,,
ServiceGroupUBInfo,TypeOfBill,No,,,,
ServiceGroupUBInfo,PaperEOBRequested,No,,,,
ServiceGroupUBInfo,AdmissionHour,No,,,,
ServiceGroupUBInfo,DischargeHour,No,,,,
ServiceGroupUBInfo,AdmissionTypeCode,No,,,,
ServiceGroupUBInfo,AdmissionSourceCode,No,,,,
ServiceGroupUBInfo,UBFLFreeUse,No,,,,
ServiceGroupUBInfo,Remarks,No,,,,
ServiceGroupUBInfo,PatientStatusCode,No,,,,
ServiceGroupUBInfo,PrincipalDiagnosis,Yes,MASK,PrincipalDiagnosis,,
ServiceGroupUBInfo,AdmittingDiagnosis,Yes,MASK,AdmittingDiagnosis,,
ServiceGroupUBInfo,ReasonForVisitDiagnosis,No,,,,
ServiceGroupUBInfo,ECodeDiagnosis,No,,,,
ServiceGroupUBInfo,CoveredDays,No,,,,
ServiceGroupUBInfo,CoInsuredDays,No,,,,
ServiceGroupUBInfo,LifeTimeReserveDays,No,,,,
ServiceGroupUBInfo,NonCoveredDays,No,,,,
ServiceGroupUBInfo,PropertyCasualtyClaimNumber,No,,,,
ServiceGroupUBInfo,OverrideOperatingFlag,No,,,,
ServiceGroupUBInfo,ClaimFrequencyCode,No,,,,
ServiceGroupUBInfo,DemonstrationProjectID,No,,,,
ServiceGroupUBInfo,PrincipalDiagnosis_ICD10,Yes,MASK,PrincipalDiagnosis_ICD10,,
ServiceGroupUBInfo,AdmittingDiagnosis_ICD10,No,,,,
ServiceGroupUBInfo,ReasonForVisitDiagnosis_ICD10,No,,,,
ServiceGroupUBInfo,InvestigationalDeviceExemption,No,,,,
ServiceGroupUBInfo,nd_auto_increment_id,No,,,,
ServiceGroupUBInfoDiagnosis,ServiceGroupUBID,No,,,,
ServiceGroupUBInfoDiagnosis,DiagnosisCode,No,,,,
ServiceGroupUBInfoDiagnosis,SGUBDiagnosisCategoryID,No,,,,
ServiceGroupUBInfoDiagnosis,CodingSystemID,No,,,,
ServiceGroupUBInfoDiagnosis,nd_auto_increment_id,No,,,,
ServiceGroupUBInfoDiagnosisCategory,SGUBDiagnosisCategoryID,No,,,,
ServiceGroupUBInfoDiagnosisCategory,SGUBDiagnosisCategoryName,No,,,,
ServiceGroupUBInfoDiagnosisCategory,nd_auto_increment_id,No,,,,
ServiceLevels,ServiceLevelID,No,,,,
ServiceLevels,ServiceLevelName,No,,,,
ServiceLevels,BitValue,No,,,,
ServiceLevels,nd_auto_increment_id,No,,,,
ServiceLocationFilingPlans,ServiceLocationFilingPlanID,No,,,,
ServiceLocationFilingPlans,LocationID,No,,,,
ServiceLocationFilingPlans,CompanyID,No,,,,
ServiceLocationFilingPlans,PlanID,No,,,,
ServiceLocationFilingPlans,EFilePlanID,No,,,,
ServiceLocationFilingPlans,PaperFilingPlanID,No,,,,
ServiceLocationFilingPlans,NonPrimaryPaperFilingPlanID,No,,,,
ServiceLocationFilingPlans,FacilityBillIndicator,No,,,,
ServiceLocationFilingPlans,nd_auto_increment_id,No,,,,
SexualOrientation,SexualOrientationID,Yes,MASK,SexualOrientationID,,
SexualOrientation,SexualOrientationDesc,Yes,MASK,SexualOrientationDesc,,
SexualOrientation,IsEnabled,No,,,,
SexualOrientation,nd_auto_increment_id,No,,,,
SexualOrientationCodingSystem,SexualOrientationID,Yes,MASK,SexualOrientationID,,
SexualOrientationCodingSystem,CodingSystemID,No,,,,
SexualOrientationCodingSystem,CodeID,No,,,,
SexualOrientationCodingSystem,nd_auto_increment_id,No,,,,
Shot,ShotID,No,,,,
Shot,PatientID,Yes,PATIENT_ID,,,
Shot,VialID,No,,,,
Shot,CareProviderID,No,,,,
Shot,DoseID,No,,,,
Shot,ShotDate,Yes,STATIC_OFFSET,,,
Shot,ShotLocationID,No,,,,
Shot,InitialReactionID,No,,,,
Shot,ArmCheckUserID,No,,,,
Shot,ArmCheckDate,Yes,STATIC_OFFSET,,,
Shot,ArmCheckOffsetID,No,,,,
Shot,ArmCheckReactionID,No,,,,
Shot,ShotComment,No,,,,
Shot,ArmCheckComment,No,,,,
Shot,TaskListID,No,,,,
Shot,DocumentID,No,,,,
Shot,nd_auto_increment_id,No,,,,
ShotDiag,ShotDiagID,No,,,,
ShotDiag,ShotID,No,,,,
ShotDiag,ICD9Code,No,,,,
ShotDiag,nd_auto_increment_id,No,,,,
ShotFrequency,ShotFrequencyID,No,,,,
ShotFrequency,ShotFrequencyDesc,No,,,,
ShotFrequency,NumDays,No,,,,
ShotFrequency,nd_auto_increment_id,No,,,,
ShotProcedure,ShotProcedureID,No,,,,
ShotProcedure,ShotID,No,,,,
ShotProcedure,CPTCode,Yes,MASK,CPTCode,,
ShotProcedure,Units,No,,,,
ShotProcedure,nd_auto_increment_id,No,,,,
Signatures,DocID,No,,,,
Signatures,TimeSigned,Yes,STATIC_OFFSET,,,
Signatures,UserID,No,,,,
Signatures,BrowserVersion,No,,,,
Signatures,OtherInfo,No,,,,
Signatures,DigitalSignature,No,,,,
Signatures,ValidationKey,No,,,,
Signatures,nd_auto_increment_id,No,,,,
SiteServerInfo,ServerName,No,,,,
SiteServerInfo,IPAddress,Yes,MASK,IPAddress,,
SiteServerInfo,nd_auto_increment_id,No,,,,
SmartOnFhirHistory,SmartID,No,,,,
SmartOnFhirHistory,PatientID,Yes,PATIENT_ID,,,
SmartOnFhirHistory,SmartHubID,No,,,,
SmartOnFhirHistory,Email,Yes,MASK,Email,,
SmartOnFhirHistory,Status,No,,,,
SmartOnFhirHistory,Action,No,,,,
SmartOnFhirHistory,CreatedBy,Yes,MASK,CreatedBy,,
SmartOnFhirHistory,CreatedDate,Yes,STATIC_OFFSET,,,
SmartOnFhirHistory,LastModifiedBy,No,,,,
SmartOnFhirHistory,LastModifiedDate,No,,,,
SmartOnFhirHistory,nd_auto_increment_id,No,,,,
SmartOnFhirRefreshToken,SmartOnFhirRefreshTokenID,No,,,,
SmartOnFhirRefreshToken,UserID,No,,,,
SmartOnFhirRefreshToken,RefreshToken,No,,,,
SmartOnFhirRefreshToken,StartDate,Yes,STATIC_OFFSET,,,
SmartOnFhirRefreshToken,ExpiryDate,Yes,STATIC_OFFSET,,,
SmartOnFhirRefreshToken,nd_auto_increment_id,No,,,,
SpecialProgram,SpecialProgramCode,No,,,,
SpecialProgram,SpecialProgramDesc,Yes,MASK,SpecialProgramDesc,,
SpecialProgram,nd_auto_increment_id,No,,,,
SpecimenInstruction,SpecimenInstructionTypeID,No,,,,
SpecimenInstruction,SpecimenInstructionDescriptionID,No,,,,
SpecimenInstruction,nd_auto_increment_id,No,,,,
SpecimenInstructionDescription,SpecimenInstructionDescriptionID,No,,,,
SpecimenInstructionDescription,Description,No,,,,
SpecimenInstructionDescription,ShortDescription,No,,,,
SpecimenInstructionDescription,nd_auto_increment_id,No,,,,
SpecimenInstructionType,SpecimenInstructionTypeID,No,,,,
SpecimenInstructionType,Description,No,,,,
SpecimenInstructionType,nd_auto_increment_id,No,,,,
StaggeringType,StaggeringType,No,,,,
StaggeringType,Description,Yes,MASK,Description,,
StaggeringType,nd_auto_increment_id,No,,,,
StandingOrder,StandingOrderID,No,,,,
StandingOrder,StandingOrderSeriesID,No,,,,
StandingOrder,OrderID,No,,,,
StandingOrder,SuggestedDate,Yes,STATIC_OFFSET,,,
StandingOrder,PlaceInSeries,No,,,,
StandingOrder,Deleted,No,,,,
StandingOrder,nd_auto_increment_id,No,,,,
StandingOrderConfig,DataSourceFacilityID,No,,,,
StandingOrderConfig,TriggerTypeID,No,,,,
StandingOrderConfig,NumberOfDays,No,,,,
StandingOrderConfig,nd_auto_increment_id,No,,,,
StandingOrderConfigVisitType,DataSourceFacilityID,No,,,,
StandingOrderConfigVisitType,VisitTypeID,No,,,,
StandingOrderConfigVisitType,nd_auto_increment_id,No,,,,
StandingOrderSeries,StandingOrderSeriesID,No,,,,
StandingOrderSeries,OrdConceptID,No,,,,
StandingOrderSeries,OrdSynID,No,,,,
StandingOrderSeries,PatientID,Yes,PATIENT_ID,,,
StandingOrderSeries,CareProviderID,Yes,MASK,CareProviderID,,
StandingOrderSeries,BaseOrderDocumentID,No,,,,
StandingOrderSeries,IntervalNumber,No,,,,
StandingOrderSeries,IntervalUnits,No,,,,
StandingOrderSeries,nd_auto_increment_id,No,,,,
StatementAuditReportData,ReportID,No,,,,
StatementAuditReportData,ReportName,No,,,,
StatementAuditReportData,AccessedDate,Yes,STATIC_OFFSET,,,
StatementAuditReportData,DownloadedDate,Yes,STATIC_OFFSET,,,
StatementAuditReportData,Content,No,,,,
StatementAuditReportData,nd_auto_increment_id,No,,,,
StatementConfigGroup,StatementGroupID,No,,,,
StatementConfigGroup,GroupName,No,,,,
StatementConfigGroup,Description,No,,,,
StatementConfigGroup,ExcludeInsurancePmt,No,,,,
StatementConfigGroup,PrintDiagCode,No,,,,
StatementConfigGroup,ccMC,No,,,,
StatementConfigGroup,ccVISA,No,,,,
StatementConfigGroup,ccAMEX,No,,,,
StatementConfigGroup,ccDISCOVER,No,,,,
StatementConfigGroup,IncludeLastPaymentInfo,No,,,,
StatementConfigGroup,ProcedureDescriptionOption,No,,,,
StatementConfigGroup,ShowProcedureCode,No,,,,
StatementConfigGroup,ShowAging,No,,,,
StatementConfigGroup,CreditStyle,No,,,,
StatementConfigGroup,DetailOrder,No,,,,
StatementConfigGroup,DueType,No,,,,
StatementConfigGroup,PaymentDue,No,,,,
StatementConfigGroup,Message,Yes,MASK,Message,,
StatementConfigGroup,RemitToName,Yes,MASK,RemitToName,,
StatementConfigGroup,RemitToAddress1,Yes,MASK,RemitToAddress1,,
StatementConfigGroup,RemitToAddress2,No,,,,
StatementConfigGroup,RemitToCity,Yes,MASK,RemitToCity,,
StatementConfigGroup,RemitToState,No,,,,
StatementConfigGroup,RemitToZip,No,,,,
StatementConfigGroup,RemitToPhone,Yes,MASK,RemitToPhone,,
StatementConfigGroup,RemitToContactName,No,,,,
StatementConfigGroup,ReturnName,Yes,MASK,ReturnName,,
StatementConfigGroup,ReturnAddress1,Yes,MASK,ReturnAddress1,,
StatementConfigGroup,ReturnAddress2,No,,,,
StatementConfigGroup,ReturnCity,Yes,MASK,ReturnCity,,
StatementConfigGroup,ReturnState,No,,,,
StatementConfigGroup,ReturnZip,No,,,,
StatementConfigGroup,CreateDate,Yes,STATIC_OFFSET,,,
StatementConfigGroup,Enabled,No,,,,
StatementConfigGroup,RemitToUsePracticeAddress,No,,,,
StatementConfigGroup,RemitToUsePracticeName,No,,,,
StatementConfigGroup,ReturnUsePracticeAddress,No,,,,
StatementConfigGroup,ReturnUsePracticeName,No,,,,
StatementConfigGroup,CreditCards,No,,,,
StatementConfigGroup,PatientPhoneNoFlag,Yes,MASK,PatientPhoneNoFlag,,
StatementConfigGroup,InsuranceCompanyFlag,No,,,,
StatementConfigGroup,GroupNumberFlag,No,,,,
StatementConfigGroup,PolicyNumberFlag,No,,,,
StatementConfigGroup,nd_auto_increment_id,No,,,,
StatementConfigGroupBatch,StatementBatchID,No,,,,
StatementConfigGroupBatch,CreateDate,Yes,STATIC_OFFSET,,,
StatementConfigGroupBatch,StatementGroupID,No,,,,
StatementConfigGroupBatch,LocationID,No,,,,
StatementConfigGroupBatch,CareProviderID,No,,,,
StatementConfigGroupBatch,State,No,,,,
StatementConfigGroupBatch,PrintOption,No,,,,
StatementConfigGroupBatch,DivID,No,,,,
StatementConfigGroupBatch,nd_auto_increment_id,No,,,,
StatementConfigGroupContent,StatementGroupID,No,,,,
StatementConfigGroupContent,LocationID,No,,,,
StatementConfigGroupContent,CareProviderID,Yes,MASK,CareProviderID,,
StatementConfigGroupContent,DivID,No,,,,
StatementConfigGroupContent,nd_auto_increment_id,No,,,,
StatementConfigurationOptions,OutputMode,No,,,,
StatementConfigurationOptions,TimeToCreateStatements,Yes,STATIC_OFFSET,,,
StatementConfigurationOptions,DayToCreateStatements,No,,,,
StatementConfigurationOptions,DefaultStatementMessage,No,,,,
StatementConfigurationOptions,DaysBeforeFirstStatement,No,,,,
StatementConfigurationOptions,DaysSinceLastStatement,No,,,,
StatementConfigurationOptions,IsStaggeringAllowed,No,,,,
StatementConfigurationOptions,StaggeringType,No,,,,
StatementConfigurationOptions,MinBalanceForStatementGeneration,No,,,,
StatementConfigurationOptions,MinBalanceOverride,No,,,,
StatementConfigurationOptions,DaysBeforePaymentDue,No,,,,
StatementConfigurationOptions,PrintProcedureCodes,No,,,,
StatementConfigurationOptions,PrintDiagnosisCodes,No,,,,
StatementConfigurationOptions,SendStatementsToInHouseCollections,No,,,,
StatementConfigurationOptions,SendStatementsToOutsideCollections,No,,,,
StatementConfigurationOptions,HoldStatementGeneration,No,,,,
StatementConfigurationOptions,SendZeroBalance,No,,,,
StatementConfigurationOptions,SendCreditBalance,No,,,,
StatementConfigurationOptions,OverrideSendCredit,No,,,,
StatementConfigurationOptions,ApplyFinanceCharges,No,,,,
StatementConfigurationOptions,FinancePercent,No,,,,
StatementConfigurationOptions,FinanceFlatRate,No,,,,
StatementConfigurationOptions,AgeToApplyFinanceCharge,No,,,,
StatementConfigurationOptions,StatementStagingStatus,No,,,,
StatementConfigurationOptions,IntervalToCheckGenerateTime,No,,,,
StatementConfigurationOptions,IntervalToCheckStagingStatus,No,,,,
StatementConfigurationOptions,NumberTimesToCheckStagingStatus,No,,,,
StatementConfigurationOptions,DefaultEFileID,No,,,,
StatementConfigurationOptions,LastEFileTransferDate,Yes,STATIC_OFFSET,,,
StatementConfigurationOptions,EFileSequenceNumber,No,,,,
StatementConfigurationOptions,EFileNamePrefix,Yes,MASK,EFileNamePrefix,,
StatementConfigurationOptions,FileExportMode,No,,,,
StatementConfigurationOptions,DefaultStatementType,No,,,,
StatementConfigurationOptions,AcceptsCreditCard,No,,,,
StatementConfigurationOptions,StaggerDayType,No,,,,
StatementConfigurationOptions,AutoDayType,No,,,,
StatementConfigurationOptions,StatementOrder,No,,,,
StatementConfigurationOptions,SplitType,No,,,,
StatementConfigurationOptions,NotifyUserID,No,,,,
StatementConfigurationOptions,GroupStatementsByAccount,No,,,,
StatementConfigurationOptions,UseVisitStatementRecipient,No,,,,
StatementConfigurationOptions,PrintOption,No,,,,
StatementConfigurationOptions,DaysToKeepPDF,No,,,,
StatementConfigurationOptions,PrinterFormatID,No,,,,
StatementConfigurationOptions,CurrUserId,No,,,,
StatementConfigurationOptions,nd_auto_increment_id,No,,,,
StatementConfigurationOptionsDunning,AgingPeriodID,No,,,,
StatementConfigurationOptionsDunning,PaymentDays,No,,,,
StatementConfigurationOptionsDunning,SuppressOnPayment,No,,,,
StatementConfigurationOptionsDunning,Enabled,No,,,,
StatementConfigurationOptionsDunning,Message,No,,,,
StatementConfigurationOptionsDunning,nd_auto_increment_id,No,,,,
StatementHistoryDetailNotes,StatementHistoryID,No,,,,
StatementHistoryDetailNotes,PatientID,Yes,PATIENT_ID,,,
StatementHistoryDetailNotes,StatementDetailID,No,,,,
StatementHistoryDetailNotes,ServiceDetailID,No,,,,
StatementHistoryDetailNotes,NoteID,No,,,,
StatementHistoryDetailNotes,PaymentTransactionID,No,,,,
StatementHistoryDetailNotes,NoteText,Yes,NOTES,,,
StatementHistoryDetailNotes,CreateDate,Yes,DATE_OFFSET,,,
StatementHistoryDetailNotes,ChargeID,No,,,,
StatementHistoryDetailNotes,nd_auto_increment_id,No,,,,
StatementStageAging,AgingPeriodID,No,,,,
StatementStageAging,PatientID,Yes,PATIENT_ID,,,
StatementStageAging,StatementID,No,,,,
StatementStageAging,TotalBalance,No,,,,
StatementStageAging,PatientExpected,No,,,,
StatementStageAging,InsuraceExpected,No,,,,
StatementStageAging,TotalCredit,No,,,,
StatementStageAging,AgingPeriodDescription,No,,,,
StatementStageAging,nd_auto_increment_id,No,,,,
StatementStageDetail,PatientID,Yes,PATIENT_ID,,,
StatementStageDetail,StatementDetailID,No,,,,
StatementStageDetail,TransactionDate,Yes,STATIC_OFFSET,,,
StatementStageDetail,TransactionType,No,,,,
StatementStageDetail,TransactionDesc,No,,,,
StatementStageDetail,ChargeID,No,,,,
StatementStageDetail,ServiceDetailID,No,,,,
StatementStageDetail,PlanName,No,,,,
StatementStageDetail,PaymentTransactionID,No,,,,
StatementStageDetail,NumberOfDaysOrUnits,No,,,,
StatementStageDetail,Amount,No,,,,
StatementStageDetail,PatientAmount,No,,,,
StatementStageDetail,InsuranceAmount,No,,,,
StatementStageDetail,FinanceCharge,No,,,,
StatementStageDetail,PaymentSourceDesc,No,,,,
StatementStageDetail,PaymentMethodDesc,No,,,,
StatementStageDetail,CheckNumber,No,,,,
StatementStageDetail,RenderingProviderID,No,,,,
StatementStageDetail,CareProviderPrefix,No,,,,
StatementStageDetail,CareProviderFirstName,Yes,MASK,CareProviderFirstName,,
StatementStageDetail,CareProviderMiddleName1,No,,,,
StatementStageDetail,CareProviderMiddleName2,Yes,MASK,CareProviderMiddleName2,,
StatementStageDetail,CareProviderLastName,Yes,MASK,CareProviderLastName,,
StatementStageDetail,CareProviderSuffix,No,,,,
StatementStageDetail,DiagnosisCode,Yes,MASK,DiagnosisCode,,
StatementStageDetail,ProcedureCode,No,,,,
StatementStageDetail,StandardDescription,No,,,,
StatementStageDetail,ClaimFiled,No,,,,
StatementStageDetail,PaymentToChargeNote,No,,,,
StatementStageDetail,TransactionDescription,No,,,,
StatementStageDetail,StatementID,No,,,,
StatementStageDetail,nd_auto_increment_id,No,,,,
StatementStageDetailNotes,PatientID,Yes,PATIENT_ID,,,
StatementStageDetailNotes,StatementDetailID,No,,,,
StatementStageDetailNotes,ServiceDetailID,No,,,,
StatementStageDetailNotes,NoteID,No,,,,
StatementStageDetailNotes,PaymentTransactionID,No,,,,
StatementStageDetailNotes,NoteText,No,,,,
StatementStageDetailNotes,CreateDate,Yes,STATIC_OFFSET,,,
StatementStageDetailNotes,ChargeID,No,,,,
StatementStageDetailNotes,nd_auto_increment_id,No,,,,
StatementStageHeader,PatientID,Yes,PATIENT_ID,,,
StatementStageHeader,StatementDate,Yes,STATIC_OFFSET,,,
StatementStageHeader,StatementPrintDate,Yes,STATIC_OFFSET,,,
StatementStageHeader,PaymentDueDate,Yes,STATIC_OFFSET,,,
StatementStageHeader,PatientPrefix,No,,,,
StatementStageHeader,PatientFirstName,Yes,MASK,PatientFirstName,,
StatementStageHeader,PatientMiddleName1,Yes,MASK,PatientMiddleName1,,
StatementStageHeader,PatientMiddleName2,Yes,MASK,PatientMiddleName2,,
StatementStageHeader,PatientLastName,Yes,MASK,PatientLastName,,
StatementStageHeader,PatientSuffix,No,,,,
StatementStageHeader,ResponsiblePersonPrefix,No,,,,
StatementStageHeader,ResponsiblePersonFirstName,Yes,MASK,ResponsiblePersonFirstName,,
StatementStageHeader,ResponsiblePersonMiddleName1,Yes,MASK,ResponsiblePersonMiddleName1,,
StatementStageHeader,ResponsiblePersonMiddleName2,No,,,,
StatementStageHeader,ResponsiblePersonLastName,Yes,MASK,ResponsiblePersonLastName,,
StatementStageHeader,ResponsiblePersonSuffix,No,,,,
StatementStageHeader,BillingAddressLine1,Yes,MASK,BillingAddressLine1,,
StatementStageHeader,BillingAddressLine2,Yes,MASK,BillingAddressLine2,,
StatementStageHeader,BillingCity,Yes,MASK,BillingCity,,
StatementStageHeader,BillingState,No,,,,
StatementStageHeader,BillingPostalCode,No,,,,
StatementStageHeader,BillingPhoneNum1,Yes,MASK,BillingPhoneNum1,,
StatementStageHeader,BillingPhoneNum2,Yes,MASK,BillingPhoneNum2,,
StatementStageHeader,ResidentialAddressLine1,Yes,MASK,ResidentialAddressLine1,,
StatementStageHeader,ResidentialAddressLine2,No,,,,
StatementStageHeader,ResidentialCity,Yes,MASK,ResidentialCity,,
StatementStageHeader,ResidentialState,No,,,,
StatementStageHeader,ResidentialPostalCode,No,,,,
StatementStageHeader,ResidentialPhoneNum1,Yes,MASK,ResidentialPhoneNum1,,
StatementStageHeader,ResidentialPhoneNum2,Yes,MASK,ResidentialPhoneNum2,,
StatementStageHeader,RemitToName,Yes,MASK,RemitToName,,
StatementStageHeader,RemitToAddressLine1,Yes,MASK,RemitToAddressLine1,,
StatementStageHeader,RemitToAddressLine2,No,,,,
StatementStageHeader,RemitToCity,No,,,,
StatementStageHeader,RemitToState,No,,,,
StatementStageHeader,RemitToPostalCode,No,,,,
StatementStageHeader,RemitToPhoneNum1,Yes,MASK,RemitToPhoneNum1,,
StatementStageHeader,RemitToPhoneNum2,Yes,MASK,RemitToPhoneNum2,,
StatementStageHeader,LastPaymentDate,Yes,STATIC_OFFSET,,,
StatementStageHeader,LastPaymentAmount,No,,,,
StatementStageHeader,LastStatementDate,Yes,STATIC_OFFSET,,,
StatementStageHeader,LastStatementAmount,No,,,,
StatementStageHeader,GlobalStatementMessage,No,,,,
StatementStageHeader,AmountDue,No,,,,
StatementStageHeader,DisclosureStatement,No,,,,
StatementStageHeader,StatementID,No,,,,
StatementStageHeader,StatementBatchID,No,,,,
StatementStageHeader,CreditStyle,No,,,,
StatementStageHeader,RemitToContactName,Yes,MASK,RemitToContactName,,
StatementStageHeader,ReturnName,No,,,,
StatementStageHeader,ReturnAddress1,No,,,,
StatementStageHeader,ReturnAddress2,No,,,,
StatementStageHeader,ReturnCity,Yes,MASK,ReturnCity,,
StatementStageHeader,ReturnState,No,,,,
StatementStageHeader,ReturnZip,No,,,,
StatementStageHeader,DunningMessage,No,,,,
StatementStageHeader,ccMC,No,,,,
StatementStageHeader,ccVISA,No,,,,
StatementStageHeader,ccAMEX,No,,,,
StatementStageHeader,ccDISCOVER,No,,,,
StatementStageHeader,PaymentDueMessage,No,,,,
StatementStageHeader,CreditCards,No,,,,
StatementStageHeader,PatientBalance,No,,,,
StatementStageHeader,InsuranceBalance,No,,,,
StatementStageHeader,PatientCredit,No,,,,
StatementStageHeader,InsuranceCredit,No,,,,
StatementStageHeader,UndeterminedCredit,No,,,,
StatementStageHeader,PrePayCredit,No,,,,
StatementStageHeader,FRPPatientID,No,,,,
StatementStageHeader,StatementGroupID,No,,,,
StatementStageHeader,nd_auto_increment_id,No,,,,
StatementStagePatient,StatementID,No,,,,
StatementStagePatient,PatientID,Yes,PATIENT_ID,,,
StatementStagePatient,PatientPrefix,Yes,MASK,PatientPrefix,,
StatementStagePatient,PatientFirstName,Yes,MASK,PatientFirstName,,
StatementStagePatient,PatientMiddleName1,Yes,MASK,PatientMiddleName1,,
StatementStagePatient,PatientMiddleName2,Yes,MASK,PatientMiddleName2,,
StatementStagePatient,PatientLastName,Yes,MASK,PatientLastName,,
StatementStagePatient,PatientSuffix,No,,,,
StatementStagePatient,nd_auto_increment_id,No,,,,
StatementStaggering,StatementStaggeringID,Yes,PATIENT_ID,,,
StatementStaggering,DayOfTheMonth,No,,,,
StatementStaggering,FromLastNameFirstLetter,Yes,MASK,FromLastNameFirstLetter,,
StatementStaggering,ToLastNameFirstLetter,Yes,MASK,ToLastNameFirstLetter,,
StatementStaggering,FromPatientAccount,No,,,,
StatementStaggering,ToPatientAccount,No,,,,
StatementStaggering,StaggeringType,No,,,,
StatementStaggering,CurrUserID,No,,,,
StatementStaggering,CurrDateTime,Yes,DATE_OFFSET,,,
StatementStaggering,nd_auto_increment_id,No,,,,
SubstanceUseStatus,SubstanceUseStatusID,No,,,,
SubstanceUseStatus,SubstanceUseStatusDesc,No,,,,
SubstanceUseStatus,DisplayOrder,No,,,,
SubstanceUseStatus,IsAlcohol,No,,,,
SubstanceUseStatus,nd_auto_increment_id,No,,,,
SubstanceUseStatusCodingSystem,CodingSystemId,No,,,,
SubstanceUseStatusCodingSystem,PatHistItemID,No,,,,
SubstanceUseStatusCodingSystem,SubstanceUseStatusID,No,,,,
SubstanceUseStatusCodingSystem,Code,No,,,,
SubstanceUseStatusCodingSystem,CodeDisplayName,Yes,MASK,CodeDisplayName,,
SubstanceUseStatusCodingSystem,nd_auto_increment_id,No,,,,
Suffixes,SuffixID,No,,,,
Suffixes,LocalName,Yes,MASK,LocalName,,
Suffixes,StandardName,No,,,,
Suffixes,Description,No,,,,
Suffixes,IsDefaultField,No,,,,
Suffixes,Enabled,No,,,,
Suffixes,nd_auto_increment_id,No,,,,
SuperBillAdmin,SuperbillID,No,,,,
SuperBillAdmin,Filename,No,,,,
SuperBillAdmin,Label,No,,,,
SuperBillAdmin,IsDefaultField,No,,,,
SuperBillAdmin,Inactive,No,,,,
SuperBillAdmin,TemplateID,No,,,,
SuperBillAdmin,nd_auto_increment_id,No,,,,
SureScriptConfig,ServiceLevel,No,,,,
SureScriptConfig,PortalID,No,,,,
SureScriptConfig,AccountID,No,,,,
SureScriptConfig,nd_auto_increment_id,No,,,,
SureScriptDosageForm,DoseFormID,No,,,,
SureScriptDosageForm,ExactMatchCode,No,,,,
SureScriptDosageForm,ExactMatchDescription,No,,,,
SureScriptDosageForm,ClosetMatchCode,No,,,,
SureScriptDosageForm,ClosetMatchDescription,No,,,,
SureScriptDosageForm,nd_auto_increment_id,No,,,,
SureScriptPotencyUnit,PSUnits,No,,,,
SureScriptPotencyUnit,SSExactMatchCode,No,,,,
SureScriptPotencyUnit,SSExactMatchDescription,No,,,,
SureScriptPotencyUnit,SSClosestMatchCode,Yes,MASK,SSClosestMatchCode,,
SureScriptPotencyUnit,SSClosestMatchDescription,No,,,,
SureScriptPotencyUnit,nd_auto_increment_id,No,,,,
SureScriptSpeciality,PSID,No,,,,
SureScriptSpeciality,SSID,No,,,,
SureScriptSpeciality,SSDescription,No,,,,
SureScriptSpeciality,nd_auto_increment_id,No,,,,
SureScriptStrengthUnit,PSUnits,No,,,,
SureScriptStrengthUnit,SSExactMatchCode,No,,,,
SureScriptStrengthUnit,SSExactMatchDescription,No,,,,
SureScriptStrengthUnit,SSClosestMatchCode,No,,,,
SureScriptStrengthUnit,SSClosestMatchDescription,No,,,,
SureScriptStrengthUnit,nd_auto_increment_id,No,,,,
SystemConfig,UseOnlyFingerPrints,No,,,,
SystemConfig,PasswordStrength,No,,,,
SystemConfig,MaxDenialsPerPatient,No,,,,
SystemConfig,DenialRangePerPatient,No,,,,
SystemConfig,MaxAccessDenialsPerUser,No,,,,
SystemConfig,MaxLoginDenialsPerUser,No,,,,
SystemConfig,MaxUserLevel,No,,,,
SystemConfig,ArchiveInactivity,No,,,,
SystemConfig,UserInactivity,No,,,,
SystemConfig,OnlineLogDays,No,,,,
SystemConfig,MinPasswordChars,No,,,,
SystemConfig,DaysPasswordValid,No,,,,
SystemConfig,OrphanStationLife,No,,,,
SystemConfig,DocInputTimeLimit,No,,,,
SystemConfig,MaxDaysInsideStarts,No,,,,
SystemConfig,FormReferenceFlag,No,,,,
SystemConfig,UseConsultOption,No,,,,
SystemConfig,UseGroupBasedReleaseOption,No,,,,
SystemConfig,UseBaseReleaseOption,No,,,,
SystemConfig,AllowEmergencyOverride,No,,,,
SystemConfig,ConsultExpires,No,,,,
SystemConfig,LogTimeBeforeEncounterLocked,No,,,,
SystemConfig,OutstandingBillDays,No,,,,
SystemConfig,ScanningCheckBarcodes,No,,,,
SystemConfig,ExchangeServerIP,Yes,MASK,ExchangeServerIP,,
SystemConfig,LocalSiteID,No,,,,
SystemConfig,PM,No,,,,
SystemConfig,PrimePracticeVersion,No,,,,
SystemConfig,LastModifiedDate,Yes,STATIC_OFFSET,,,
SystemConfig,DBVersion,No,,,,
SystemConfig,SignatureMethod,No,,,,
SystemConfig,MaxRowNum,No,,,,
SystemConfig,Specialty,No,,,,
SystemConfig,AutoLogOutTime,No,,,,
SystemConfig,PxUser,Yes,MASK,PxUser,,
SystemConfig,PxPassword,Yes,MASK,PxPassword,,
SystemConfig,PxURL,Yes,MASK,PxURL,,
SystemConfig,PxActive,No,,,,
SystemConfig,DrugImagePurchase,No,,,,
SystemConfig,PrimePatientActive,No,,,,
SystemConfig,PostUpgradeDBVersion,No,,,,
SystemConfig,MaxEnabledPSUsers,No,,,,
SystemConfig,PSMajorVersion,No,,,,
SystemConfig,HasSavinPrinter,No,,,,
SystemConfig,IsMultiSiteScheduling,No,,,,
SystemConfig,PXImmunization,No,,,,
SystemConfig,DaysBeforePasswordReUse,No,,,,
SystemConfig,CanHaveExternalCareProviders,No,,,,
SystemConfig,CanAccessInterfaceAdmin,No,,,,
SystemConfig,TimeZoneOffset,No,,,,
SystemConfig,UseOrderModalities,No,,,,
SystemConfig,UseOrderPriorities,No,,,,
SystemConfig,AutoLoginDomain,No,,,,
SystemConfig,DayLightSavingsFlag,No,,,,
SystemConfig,DomainName,No,,,,
SystemConfig,DomainUserName,No,,,,
SystemConfig,DomainPassword,Yes,MASK,DomainPassword,,
SystemConfig,NoLicenseExpirationDate,No,,,,
SystemConfig,NoLicenseLogInExtensionDate,No,,,,
SystemConfig,DomainUserPrefix,No,,,,
SystemConfig,UseNewPatientMatch,No,,,,
SystemConfig,PharmacyPrinterPermissionStatus,No,,,,
SystemConfig,VFCRequiredWhenAdministering,No,,,,
SystemConfig,EPCSSharedSecret,No,,,,
SystemConfig,EnableDemographicsAddlProcessing,No,,,,
SystemConfig,AllowDiagnosisEdit,No,,,,
SystemConfig,CheckImportedDiagnoses,No,,,,
SystemConfig,UseLoginEncryption,No,,,,
SystemConfig,PrimeSuiteExpiration,No,,,,
SystemConfig,unityURL,Yes,MASK,unityURL,,
SystemConfig,unityURLPort,No,,,,
SystemConfig,UseAdminGenderCode,No,,,,
SystemConfig,GreenwayAnalyticsAppId,No,,,,
SystemConfig,GreenwayAnalyticsSharedKey,No,,,,
SystemConfig,SaveContainerXML,No,,,,
SystemConfig,isUserPasswordSQLEncrypted,No,,,,
SystemConfig,InternalReferralReporting,No,,,,
SystemConfig,ShowSummaryOfCareProvider,No,,,,
SystemConfig,ExceptionFound,No,,,,
SystemConfig,FDBIssueDate,No,,,,
SystemConfig,FDBVersion,No,,,,
SystemConfig,IsWorkerCompEnabled,No,,,,
SystemConfig,SubmitterID,Yes,MASK,SubmitterID,,
SystemConfig,ClientAppHelpURL,Yes,MASK,ClientAppHelpURL,,
SystemConfig,CanAccessSmartHub,No,,,,
SystemConfig,nd_auto_increment_id,No,,,,
SystemConfig_Backup_106MU,UseOnlyFingerPrints,No,,,,
SystemConfig_Backup_106MU,PasswordStrength,Yes,MASK,PasswordStrength,,
SystemConfig_Backup_106MU,MaxDenialsPerPatient,No,,,,
SystemConfig_Backup_106MU,DenialRangePerPatient,No,,,,
SystemConfig_Backup_106MU,MaxAccessDenialsPerUser,No,,,,
SystemConfig_Backup_106MU,MaxLoginDenialsPerUser,No,,,,
SystemConfig_Backup_106MU,MaxUserLevel,No,,,,
SystemConfig_Backup_106MU,ArchiveInactivity,No,,,,
SystemConfig_Backup_106MU,UserInactivity,No,,,,
SystemConfig_Backup_106MU,OnlineLogDays,No,,,,
SystemConfig_Backup_106MU,MinPasswordChars,No,,,,
SystemConfig_Backup_106MU,DaysPasswordValid,No,,,,
SystemConfig_Backup_106MU,OrphanStationLife,No,,,,
SystemConfig_Backup_106MU,DocInputTimeLimit,No,,,,
SystemConfig_Backup_106MU,MaxDaysInsideStarts,No,,,,
SystemConfig_Backup_106MU,FormReferenceFlag,No,,,,
SystemConfig_Backup_106MU,UseConsultOption,No,,,,
SystemConfig_Backup_106MU,UseGroupBasedReleaseOption,No,,,,
SystemConfig_Backup_106MU,UseBaseReleaseOption,No,,,,
SystemConfig_Backup_106MU,AllowEmergencyOverride,No,,,,
SystemConfig_Backup_106MU,ConsultExpires,No,,,,
SystemConfig_Backup_106MU,LogTimeBeforeEncounterLocked,No,,,,
SystemConfig_Backup_106MU,OutstandingBillDays,No,,,,
SystemConfig_Backup_106MU,ScanningCheckBarcodes,No,,,,
SystemConfig_Backup_106MU,ExchangeServerIP,Yes,MASK,ExchangeServerIP,,
SystemConfig_Backup_106MU,LocalSiteID,No,,,,
SystemConfig_Backup_106MU,PM,No,,,,
SystemConfig_Backup_106MU,PrimePracticeVersion,No,,,,
SystemConfig_Backup_106MU,LastModifiedDate,Yes,STATIC_OFFSET,,,
SystemConfig_Backup_106MU,DBVersion,No,,,,
SystemConfig_Backup_106MU,SignatureMethod,No,,,,
SystemConfig_Backup_106MU,MaxRowNum,No,,,,
SystemConfig_Backup_106MU,Specialty,Yes,MASK,Specialty,,
SystemConfig_Backup_106MU,AutoLogOutTime,No,,,,
SystemConfig_Backup_106MU,PxUser,No,,,,
SystemConfig_Backup_106MU,PxPassword,Yes,MASK,PxPassword,,
SystemConfig_Backup_106MU,PxURL,Yes,MASK,PxURL,,
SystemConfig_Backup_106MU,PxActive,No,,,,
SystemConfig_Backup_106MU,DrugImagePurchase,No,,,,
SystemConfig_Backup_106MU,PrimePatientActive,No,,,,
SystemConfig_Backup_106MU,PostUpgradeDBVersion,No,,,,
SystemConfig_Backup_106MU,MaxEnabledPSUsers,No,,,,
SystemConfig_Backup_106MU,PSMajorVersion,No,,,,
SystemConfig_Backup_106MU,HasSavinPrinter,No,,,,
SystemConfig_Backup_106MU,IsMultiSiteScheduling,No,,,,
SystemConfig_Backup_106MU,PXImmunization,No,,,,
SystemConfig_Backup_106MU,DaysBeforePasswordReUse,No,,,,
SystemConfig_Backup_106MU,CanHaveExternalCareProviders,No,,,,
SystemConfig_Backup_106MU,CanAccessInterfaceAdmin,No,,,,
SystemConfig_Backup_106MU,TimeZoneOffset,No,,,,
SystemConfig_Backup_106MU,UseOrderModalities,No,,,,
SystemConfig_Backup_106MU,UseOrderPriorities,No,,,,
SystemConfig_Backup_106MU,AutoLoginDomain,No,,,,
SystemConfig_Backup_106MU,DayLightSavingsFlag,No,,,,
SystemConfig_Backup_106MU,DomainName,No,,,,
SystemConfig_Backup_106MU,DomainUserName,No,,,,
SystemConfig_Backup_106MU,DomainPassword,Yes,MASK,DomainPassword,,
SystemConfig_Backup_106MU,NoLicenseExpirationDate,No,,,,
SystemConfig_Backup_106MU,NoLicenseLogInExtensionDate,Yes,GENERIC_NOTES,,,
SystemConfig_Backup_106MU,DomainUserPrefix,No,,,,
SystemConfig_Backup_106MU,UseNewPatientMatch,No,,,,
SystemConfig_Backup_106MU,PharmacyPrinterPermissionStatus,No,,,,
SystemConfig_Backup_106MU,VFCRequiredWhenAdministering,No,,,,
SystemConfig_Backup_106MU,EPCSSharedSecret,Yes,MASK,EPCSSharedSecret,,
SystemConfig_Backup_106MU,EnableDemographicsAddlProcessing,No,,,,
SystemConfig_Backup_106MU,AllowDiagnosisEdit,No,,,,
SystemConfig_Backup_106MU,CheckImportedDiagnoses,No,,,,
SystemConfig_Backup_106MU,UseLoginEncryption,No,,,,
SystemConfig_Backup_106MU,PrimeSuiteExpiration,No,,,,
SystemConfig_Backup_106MU,unityURL,Yes,MASK,unityURL,,
SystemConfig_Backup_106MU,unityURLPort,No,,,,
SystemConfig_Backup_106MU,UseAdminGenderCode,No,,,,
SystemConfig_Backup_106MU,GreenwayAnalyticsAppId,No,,,,
SystemConfig_Backup_106MU,GreenwayAnalyticsSharedKey,No,,,,
SystemConfig_Backup_106MU,SaveContainerXML,No,,,,
SystemConfig_Backup_106MU,isUserPasswordSQLEncrypted,No,,,,
SystemConfig_Backup_106MU,InternalReferralReporting,No,,,,
SystemConfig_Backup_106MU,ShowSummaryOfCareProvider,No,,,,
SystemConfig_Backup_106MU,ExceptionFound,No,,,,
SystemConfig_Backup_106MU,FDBIssueDate,No,,,,
SystemConfig_Backup_106MU,FDBVersion,No,,,,
SystemConfig_Backup_106MU,IsWorkerCompEnabled,No,,,,
SystemConfig_Backup_106MU,nd_auto_increment_id,No,,,,
Task,TaskID,No,,,,
Task,DueDate,Yes,DATE_OFFSET,,,
Task,Locked,No,,,,
Task,AssignmentLock,No,,,,
Task,PatientID,Yes,PATIENT_ID,,,
Task,CreateDate,Yes,DATE_OFFSET,,,
Task,LastChanged,Yes,DATE_OFFSET,,,
Task,nd_auto_increment_id,No,,,,
TaskAssignment,UserID,No,,,,
TaskAssignment,TaskID,No,,,,
TaskAssignment,SnoozeCount,No,,,,
TaskAssignment,CreateDate,Yes,STATIC_OFFSET,,,
TaskAssignment,LastChanged,No,,,,
TaskAssignment,nd_auto_increment_id,No,,,,
TaskAssignmentHistory,UserID,No,,,,
TaskAssignmentHistory,TaskID,No,,,,
TaskAssignmentHistory,SnoozeCount,No,,,,
TaskAssignmentHistory,CreateDate,Yes,STATIC_OFFSET,,,
TaskAssignmentHistory,LastChanged,Yes,STATIC_OFFSET,,,
TaskAssignmentHistory,HistoryDate,Yes,STATIC_OFFSET,,,
TaskAssignmentHistory,TaskHistID,No,,,,
TaskAssignmentHistory,nd_auto_increment_id,No,,,,
TaskList_Old,TaskID,No,,,,
TaskList_Old,Subject,No,,,,
TaskList_Old,Note,No,,,,
TaskList_Old,DueDate,No,,,,
TaskList_Old,IssuedBy,No,,,,
TaskList_Old,IssuedTo,No,,,,
TaskList_Old,TaskType,No,,,,
TaskList_Old,ReferenceID,No,,,,
TaskList_Old,Priority,No,,,,
TaskList_Old,Completed,No,,,,
TaskList_Old,Deleted,No,,,,
TaskList_Old,nd_auto_increment_id,No,,,,
TaskListCheckOut,CheckOutID,No,,,,
TaskListCheckOut,TaskListID,No,,,,
TaskListCheckOut,CheckOutUserID,No,,,,
TaskListCheckOut,CheckOutIP,Yes,MASK,CheckOutIP,,
TaskListCheckOut,SessionID,No,,,,
TaskListCheckOut,CheckOutDate,Yes,STATIC_OFFSET,,,
TaskListCheckOut,nd_auto_increment_id,No,,,,
TaskListDocument,TaskListID,No,,,,
TaskListDocument,DocumentID,No,,,,
TaskListDocument,RefType,No,,,,
TaskListDocument,nd_auto_increment_id,No,,,,
TaskListFollowUp,TaskListID,No,,,,
TaskListFollowUp,UserID,Yes,PATIENT_ID,,,
TaskListFollowUp,nd_auto_increment_id,No,,,,
TaskListHistory_Old,TaskID,No,,,,
TaskListHistory_Old,Subject,No,,,,
TaskListHistory_Old,Note,No,,,,
TaskListHistory_Old,DueDate,Yes,STATIC_OFFSET,,,
TaskListHistory_Old,IssuedBy,No,,,,
TaskListHistory_Old,IssuedTo,No,,,,
TaskListHistory_Old,TaskType,No,,,,
TaskListHistory_Old,ReferenceID,No,,,,
TaskListHistory_Old,Priority,No,,,,
TaskListHistory_Old,Completed,No,,,,
TaskListHistory_Old,Deleted,No,,,,
TaskListHistory_Old,HistoryDate,Yes,STATIC_OFFSET,,,
TaskListHistory_Old,TaskListAction,No,,,,
TaskListHistory_Old,nd_auto_increment_id,No,,,,
TaskListIcon,TLIconID,No,,,,
TaskListIcon,TLIconPath,No,,,,
TaskListIcon,nd_auto_increment_id,No,,,,
TaskListNoteDocument,NoteID,No,,,,
TaskListNoteDocument,DocumentID,No,,,,
TaskListNoteDocument,SequenceNumber,No,,,,
TaskListNoteDocument,nd_auto_increment_id,No,,,,
TaskListNotify,TaskListID,No,,,,
TaskListNotify,NotifyTaskListID,No,,,,
TaskListNotify,nd_auto_increment_id,No,,,,
TaskListOrder,TaskListID,No,,,,
TaskListOrder,OrderID,No,,,,
TaskListOrder,TaskKey,No,,,,
TaskListOrder,nd_auto_increment_id,No,,,,
TaskListPriorityLU,TLPriorityID,No,,,,
TaskListPriorityLU,TLPriorityName,No,,,,
TaskListPriorityLU,nd_auto_increment_id,No,,,,
TaskListRecipient,TaskListID,No,,,,
TaskListRecipient,RecipientID,No,,,,
TaskListRecipient,RecipientTypeID,No,,,,
TaskListRecipient,ReceivedDate,Yes,STATIC_OFFSET,,,
TaskListRecipient,nd_auto_increment_id,No,,,,
TaskListRecipientHistory,HistoryID,No,,,,
TaskListRecipientHistory,TLHistoryID,No,,,,
TaskListRecipientHistory,TaskListID,No,,,,
TaskListRecipientHistory,RecipientID,No,,,,
TaskListRecipientHistory,RecipientTypeID,No,,,,
TaskListRecipientHistory,ReceivedDate,Yes,STATIC_OFFSET,,,
TaskListRecipientHistory,HistoryDate,Yes,STATIC_OFFSET,,,
TaskListRecipientHistory,nd_auto_increment_id,No,,,,
TaskListRecipientType,RecipientTypeID,No,,,,
TaskListRecipientType,RecipientTypeDesc,No,,,,
TaskListRecipientType,nd_auto_increment_id,No,,,,
TaskListRouteDocument,TaskListID,No,,,,
TaskListRouteDocument,DocumentID,No,,,,
TaskListRouteDocument,nd_auto_increment_id,No,,,,
TaskListStatus,TLStatusID,No,,,,
TaskListStatus,StatusName,No,,,,
TaskListStatus,Enabled,No,,,,
TaskListStatus,nd_auto_increment_id,No,,,,
TaskListType,TLTypeID,No,,,,
TaskListType,TypeShortName,No,,,,
TaskListType,TypeDesc,No,,,,
TaskListType,TLTypeLUID,No,,,,
TaskListType,TLIconID,No,,,,
TaskListType,TLPriorityID,No,,,,
TaskListType,Enabled,No,,,,
TaskListType,DisplayOrder,No,,,,
TaskListType,AddToFacesheet,No,,,,
TaskListType,DefaultFollowUp,No,,,,
TaskListType,nd_auto_increment_id,No,,,,
TaskListTypeLU,TLTypeLUID,No,,,,
TaskListTypeLU,TypeLUShortName,No,,,,
TaskListTypeLU,TypeLUDesc,No,,,,
TaskListTypeLU,nd_auto_increment_id,No,,,,
TaskListTypeNotify,TLTypeID,No,,,,
TaskListTypeNotify,TLPriorityID,No,,,,
TaskListTypeNotify,NotifyPeriod,No,,,,
TaskListTypeNotify,NotifyUnit,No,,,,
TaskListTypeNotify,nd_auto_increment_id,No,,,,
TaskListTypeNotifyRecipient,TLTypeID,No,,,,
TaskListTypeNotifyRecipient,RecipientID,No,,,,
TaskListTypeNotifyRecipient,RecipientTypeID,No,,,,
TaskListTypeNotifyRecipient,nd_auto_increment_id,No,,,,
TaskListTypeNotifyRecipient_DisabledUser,TLTypeID,No,,,,
TaskListTypeNotifyRecipient_DisabledUser,RecipientID,No,,,,
TaskListTypeNotifyRecipient_DisabledUser,RecipientTypeID,No,,,,
TaskListTypeNotifyRecipient_DisabledUser,nd_auto_increment_id,No,,,,
TaskListTypeRecipient,TLTypeID,No,,,,
TaskListTypeRecipient,CareProviderID,No,,,,
TaskListTypeRecipient,RecipientID,No,,,,
TaskListTypeRecipient,RecipientTypeID,No,,,,
TaskListTypeRecipient,nd_auto_increment_id,No,,,,
TaskListTypeRecipient_DisabledUser,TLTypeID,No,,,,
TaskListTypeRecipient_DisabledUser,CareProviderID,No,,,,
TaskListTypeRecipient_DisabledUser,RecipientID,No,,,,
TaskListTypeRecipient_DisabledUser,RecipientTypeID,No,,,,
TaskListTypeRecipient_DisabledUser,nd_auto_increment_id,No,,,,
TaskListTypeStatus,TLTypeID,No,,,,
TaskListTypeStatus,TLStatusID,No,,,,
TaskListTypeStatus,TLTypeStatusID,No,,,,
TaskListTypeStatus,Enabled,No,,,,
TaskListTypeStatus,DisplayOrder,No,,,,
TaskListTypeStatus,nd_auto_increment_id,No,,,,
TaskListUnopen,TaskListID,No,,,,
TaskListUnopen,UserID,No,,,,
TaskListUnopen,nd_auto_increment_id,No,,,,
TaskListUserSetting,UserID,No,,,,
TaskListUserSetting,UserSettingType,No,,,,
TaskListUserSetting,TLUserSettingID,No,,,,
TaskListUserSetting,CreateDate,Yes,STATIC_OFFSET,,,
TaskListUserSetting,Setting,Yes,GENERIC_NOTES,,,
TaskListUserSetting,LastModifiedDate,Yes,STATIC_OFFSET,,,
TaskListUserSetting,LastModifiedBy,No,,,,
TaskListUserSetting,nd_auto_increment_id,No,,,,
TaskPatientCollection,PatientID,Yes,PATIENT_ID,,,
TaskPatientCollection,TaskID,No,,,,
TaskPatientCollection,ColWorkListID,No,,,,
TaskPatientCollection,NextActionID,No,,,,
TaskPatientCollection,LastChangedDate,Yes,DATE_OFFSET,,,
TaskPatientCollection,LastChangedBy,No,,,,
TaskPatientCollection,WorkListLock,No,,,,
TaskPatientCollection,LastActionDate,Yes,DATE_OFFSET,,,
TaskPatientCollection,LastActionID,No,,,,
TaskPatientCollection,LastActionDeviated,No,,,,
TaskPatientCollection,LastActionLogID,No,,,,
TaskPatientCollection,SnoozeCount,No,,,,
TaskPatientCollection,nd_auto_increment_id,No,,,,
TaskPatientCollectionFlag,TaskPatientColActionLogID,No,,,,
TaskPatientCollectionFlag,FlagID,No,,,,
TaskPatientCollectionFlag,Direction,No,,,,
TaskPatientCollectionFlag,nd_auto_increment_id,No,,,,
TaskPatientCollectionFlagBatch,LogFlagID,No,,,,
TaskPatientCollectionFlagBatch,LogID,No,,,,
TaskPatientCollectionFlagBatch,FlagID,No,,,,
TaskPatientCollectionFlagBatch,Direction,No,,,,
TaskPatientCollectionFlagBatch,nd_auto_increment_id,No,,,,
TaskTypeLU,Tasktype,No,,,,
TaskTypeLU,Description,No,,,,
TaskTypeLU,nd_auto_increment_id,No,,,,
TaskTypeTemplate,TaskTypeTemplateId,No,,,,
TaskTypeTemplate,TaskTypeTemplateVersion,No,,,,
TaskTypeTemplate,TaskTypeName,No,,,,
TaskTypeTemplate,TaskTypeDescription,No,,,,
TaskTypeTemplate,TaskTypeTemplateSerialized,Yes,GENERIC_NOTES,,,
TaskTypeTemplate,PrimeSuiteTLTypeID,No,,,,
TaskTypeTemplate,nd_auto_increment_id,No,,,,
TemplateLibraryDataTypes,TypeId,No,,,,
TemplateLibraryDataTypes,TypeName,No,,,,
TemplateLibraryDataTypes,nd_auto_increment_id,No,,,,
TemplateLibraryTemplateTypes,TypeId,No,,,,
TemplateLibraryTemplateTypes,TemplateTypeId,No,,,,
TemplateLibraryTemplateTypes,TemplateTypeName,No,,,,
TemplateLibraryTemplateTypes,TemplateTypeShortName,No,,,,
TemplateLibraryTemplateTypes,nd_auto_increment_id,No,,,,
TemplateMigrationLog,Timestamp,Yes,STATIC_OFFSET,,,
TemplateMigrationLog,TemplateID,No,,,,
TemplateMigrationLog,Subject,No,,,,
TemplateMigrationLog,Message,No,,,,
TemplateMigrationLog,Status,No,,,,
TemplateMigrationLog,nd_auto_increment_id,No,,,,
TempRestrictedSensitiveAccess,UserID,No,,,,
TempRestrictedSensitiveAccess,PatientID,Yes,PATIENT_ID,,,
TempRestrictedSensitiveAccess,nd_auto_increment_id,No,,,,
tmpPDCRepl,TableId,No,,,,
tmpPDCRepl,CRUD,No,,,,
tmpPDCRepl,KCol1,No,,,,
tmpPDCRepl,KCol2,No,,,,
tmpPDCRepl,KCol3,No,,,,
tmpPDCRepl,KCol4,No,,,,
tmpPDCRepl,KCol5,No,,,,
tmpPDCRepl,nd_auto_increment_id,No,,,,
tmpServFeeConv,id,No,,,,
tmpServFeeConv,ChargeID,No,,,,
tmpServFeeConv,ServiceDetailID,No,,,,
tmpServFeeConv,nd_auto_increment_id,No,,,,
TransferProtocol,ProtocolID,No,,,,
TransferProtocol,ProtocolName,No,,,,
TransferProtocol,nd_auto_increment_id,No,,,,
TravelHistoryInformation,TravelHistoryID,No,,,,
TravelHistoryInformation,PatientID,Yes,PATIENT_ID,,,
TravelHistoryInformation,CollectionDate,Yes,STATIC_OFFSET,,,
TravelHistoryInformation,TravelLocationOutsideOfUS,No,,,,
TravelHistoryInformation,TravelLocationInsideOfUS,No,,,,
TravelHistoryInformation,TravelPurpose,No,,,,
TravelHistoryInformation,TravelArrivalDate,Yes,STATIC_OFFSET,,,
TravelHistoryInformation,TravelDepartureDate,Yes,STATIC_OFFSET,,,
TravelHistoryInformation,TravelLocationAddress,Yes,MASK,TravelLocationAddress,,
TravelHistoryInformation,OBRID,No,,,,
TravelHistoryInformation,nd_auto_increment_id,No,,,,
TravelMaster,SerialId,No,,,,
TravelMaster,ConceptCode,Yes,MASK,ConceptCode,,
TravelMaster,ConceptName,No,,,,
TravelMaster,PreferredConceptName,Yes,MASK,PreferredConceptName,,
TravelMaster,OBXPickListId,No,,,,
TravelMaster,PreferredAlternateCode,No,,,,
TravelMaster,OBXConceptId,No,,,,
TravelMaster,CodeSystemOID,Yes,MASK,CodeSystemOID,,
TravelMaster,CodeSystemName,No,,,,
TravelMaster,CodeSystemCode,No,,,,
TravelMaster,CodeSystemVersion,No,,,,
TravelMaster,HL7Table0396CodeA,No,,,,
TravelMaster,ValueSetCode,No,,,,
TravelMaster,ValueSetVersion,No,,,,
TravelMaster,nd_auto_increment_id,No,,,,
TriggerAssembly,TriggerAssemblyID,No,,,,
TriggerAssembly,TriggerAssemblyDesc,No,,,,
TriggerAssembly,AssemblyName,No,,,,
TriggerAssembly,TypeName,No,,,,
TriggerAssembly,FunctionName,No,,,,
TriggerAssembly,ContrainsTrigger,No,,,,
TriggerAssembly,CriteriaBundleID,No,,,,
TriggerAssembly,CriteriaBundleConstrainsTrigger,No,,,,
TriggerAssembly,CriteriaBundleContainsXMLOutput,No,,,,
TriggerAssembly,Enabled,No,,,,
TriggerAssembly,nd_auto_increment_id,No,,,,
TriggerPrimeSuiteEvent,TriggerPrimeSuiteEventID,No,,,,
TriggerPrimeSuiteEvent,PrimeSuiteTriggerID,No,,,,
TriggerPrimeSuiteEvent,PrimeSuiteEventID,No,,,,
TriggerPrimeSuiteEvent,EndStep,No,,,,
TriggerPrimeSuiteEvent,RealTimeAlertEnabled,No,,,,
TriggerPrimeSuiteEvent,AddToProgramWorkTrigger,No,,,,
TriggerPrimeSuiteEvent,CreateUser,No,,,,
TriggerPrimeSuiteEvent,CreateDate,Yes,DATE_OFFSET,,,
TriggerPrimeSuiteEvent,LastModifiedUser,No,,,,
TriggerPrimeSuiteEvent,LastModifiedDate,Yes,DATE_OFFSET,,,
TriggerPrimeSuiteEvent,Enabled,No,,,,
TriggerPrimeSuiteEvent,nd_auto_increment_id,No,,,,
TriggerPrimeSuiteEventTriggerAssembly,TriggerPrimeSuiteEventID,No,,,,
TriggerPrimeSuiteEventTriggerAssembly,TriggerAssemblyID,No,,,,
TriggerPrimeSuiteEventTriggerAssembly,nd_auto_increment_id,No,,,,
TriggerType,TriggerTypeID,No,,,,
TriggerType,TriggerTypeDesc,No,,,,
TriggerType,nd_auto_increment_id,No,,,,
TypeOfDelivery,TypeOfDeliveryID,No,,,,
TypeOfDelivery,TypeOfDeliveryDescription,No,,,,
TypeOfDelivery,nd_auto_increment_id,No,,,,
UBCodeTable,UBCodeTableId,No,,,,
UBCodeTable,Description,No,,,,
UBCodeTable,TableOrder,No,,,,
UBCodeTable,nd_auto_increment_id,No,,,,
UBCodeTypes,UBCodeId,No,,,,
UBCodeTypes,UBCodeTableId,No,,,,
UBCodeTypes,DisplayName,No,,,,
UBCodeTypes,Description,No,,,,
UBCodeTypes,BillingCode,No,,,,
UBCodeTypes,Enabled,No,,,,
UBCodeTypes,nd_auto_increment_id,No,,,,
UDS3BDetail,UDS3bCode,No,,,,
UDS3BDetail,Description,Yes,MASK,Description,,
UDS3BDetail,Sequence,No,,,,
UDS3BDetail,nd_auto_increment_id,No,,,,
UDS3bMap,RaceId,No,,,,
UDS3bMap,UDS3bCode,No,,,,
UDS3bMap,nd_auto_increment_id,No,,,,
UDS3bMap_Backup_D55549,RaceId,Yes,MASK,RaceId,,
UDS3bMap_Backup_D55549,UDS3bCode,No,,,,
UDS3bMap_Backup_D55549,nd_auto_increment_id,No,,,,
UDS6Detail,DiagnosisPrefix,Yes,MASK,DiagnosisPrefix,,
UDS6Detail,LineNumber,No,,,,
UDS6Detail,Description,Yes,GENERIC_NOTES,,,
UDS6Detail,CPTPrefix,No,,,,
UDS6Detail,ReportYear,Yes,STATIC_OFFSET,,,
UDS6Detail,nd_auto_increment_id,No,,,,
UDSDateFilters,DateType,No,,,,
UDSDateFilters,Description,No,,,,
UDSDateFilters,IsActive,No,,,,
UDSDateFilters,SortOrder,No,,,,
UDSDateFilters,nd_auto_increment_id,No,,,,
UnsavedClinicalDocumentVitalGroup,DocumentToken,No,,,,
UnsavedClinicalDocumentVitalGroup,ClinicalVitalGroupID,No,,,,
UnsavedClinicalDocumentVitalGroup,nd_auto_increment_id,No,,,,
UOMAdmin,UOMConceptId,No,,,,
UOMAdmin,ShortName,No,,,,
UOMAdmin,UOMBaseConceptId,No,,,,
UOMAdmin,UOMConversionValue,No,,,,
UOMAdmin,UOMConversionOffset,No,,,,
UOMAdmin,Enabled,No,,,,
UOMAdmin,Description,No,,,,
UOMAdmin,nd_auto_increment_id,No,,,,
UOMAdminCategory,UOMCategoryID,No,,,,
UOMAdminCategory,UOMConceptId,No,,,,
UOMAdminCategory,nd_auto_increment_id,No,,,,
UOMAdminCategoryHistory,ConceptHistoryID,No,,,,
UOMAdminCategoryHistory,UOMCategoryID,No,,,,
UOMAdminCategoryHistory,UOMConceptId,No,,,,
UOMAdminCategoryHistory,HistoryAction,No,,,,
UOMAdminCategoryHistory,nd_auto_increment_id,No,,,,
UOMAdminHistory,ConceptHistoryID,No,,,,
UOMAdminHistory,UOMConceptId,No,,,,
UOMAdminHistory,UOMBaseConceptId,No,,,,
UOMAdminHistory,UOMConversionValue,No,,,,
UOMAdminHistory,UOMConversionOffset,No,,,,
UOMAdminHistory,HistoryAction,No,,,,
UOMAdminHistory,nd_auto_increment_id,No,,,,
UOMBaseConcept,UOMBaseConceptId,No,,,,
UOMBaseConcept,Enabled,No,,,,
UOMBaseConcept,nd_auto_increment_id,No,,,,
UOMBaseConceptHistory,ConceptHistoryID,No,,,,
UOMBaseConceptHistory,UOMBaseConceptId,No,,,,
UOMBaseConceptHistory,Enabled,No,,,,
UOMBaseConceptHistory,HistoryAction,No,,,,
UOMBaseConceptHistory,nd_auto_increment_id,No,,,,
UOMCategory,UOMCategoryID,No,,,,
UOMCategory,Description,No,,,,
UOMCategory,Enabled,No,,,,
UOMCategory,nd_auto_increment_id,No,,,,
UOMCategoryHistory,ConceptHistoryID,No,,,,
UOMCategoryHistory,UOMCategoryID,No,,,,
UOMCategoryHistory,Description,No,,,,
UOMCategoryHistory,Enabled,No,,,,
UOMCategoryHistory,HistoryAction,No,,,,
UOMCategoryHistory,nd_auto_increment_id,No,,,,
UOMSyn,UOMSynID,No,,,,
UOMSyn,UOMConceptId,No,,,,
UOMSyn,UOMSynonymText,No,,,,
UOMSyn,Enabled,No,,,,
UOMSyn,nd_auto_increment_id,No,,,,
UOMSynHistory,ConceptHistoryID,No,,,,
UOMSynHistory,UOMSynID,No,,,,
UOMSynHistory,UOMConceptId,No,,,,
UOMSynHistory,UOMSynonymText,No,,,,
UOMSynHistory,Enabled,No,,,,
UOMSynHistory,HistoryAction,No,,,,
UOMSynHistory,nd_auto_increment_id,No,,,,
UpgradeDatabaseDetailsHistory,UpgradeDatabaseDetailsHistoryID,No,,,,
UpgradeDatabaseDetailsHistory,UpgradeHistoryID,No,,,,
UpgradeDatabaseDetailsHistory,ExecutionStart,Yes,STATIC_OFFSET,,,
UpgradeDatabaseDetailsHistory,ExecutionEnd,Yes,STATIC_OFFSET,,,
UpgradeDatabaseDetailsHistory,ScriptFileName,No,,,,
UpgradeDatabaseDetailsHistory,FullScriptPath,Yes,MASK,FullScriptPath,,
UpgradeDatabaseDetailsHistory,DatabaseName,No,,,,
UpgradeDatabaseDetailsHistory,ExecutionStatus,No,,,,
UpgradeDatabaseDetailsHistory,Note,No,,,,
UpgradeDatabaseDetailsHistory,ScriptGroup,No,,,,
UpgradeDatabaseDetailsHistory,FileFailCount,No,,,,
UpgradeDatabaseDetailsHistory,nd_auto_increment_id,No,,,,
UpgradeHistory,UpgradeHistoryID,No,,,,
UpgradeHistory,UpgradeDate,Yes,STATIC_OFFSET,,,
UpgradeHistory,FinalDBVersion,No,,,,
UpgradeHistory,DBVersion,No,,,,
UpgradeHistory,PrimePracticeVersion,No,,,,
UpgradeHistory,UpgradeStatus,No,,,,
UpgradeHistory,DBServerName,Yes,MASK,DBServerName,,
UpgradeHistory,SiteID,No,,,,
UpgradeHistory,Note,No,,,,
UpgradeHistory,nd_auto_increment_id,No,,,,
UserBinBackup,UserID,No,,,,
UserBinBackup,BinCategoryID,No,,,,
UserBinBackup,CreateDate,Yes,STATIC_OFFSET,,,
UserBinBackup,LastChanged,Yes,STATIC_OFFSET,,,
UserBinBackup,UserImage,Yes,GENERIC_NOTES,,,
UserBinBackup,BackupDate,Yes,STATIC_OFFSET,,,
UserBinBackup,nd_auto_increment_id,No,,,,
UserCurrentFilter,UserCurrentFilterID,No,,,,
UserCurrentFilter,UserID,No,,,,
UserCurrentFilter,PatientID,Yes,PATIENT_ID,,,
UserCurrentFilter,DateType,No,,,,
UserCurrentFilter,DateFrom,Yes,DATE_OFFSET,,,
UserCurrentFilter,DateTo,Yes,DATE_OFFSET,,,
UserCurrentFilter,eRxStatus,No,,,,
UserCurrentFilter,RenewalRequest,No,,,,
UserCurrentFilter,ServiceLocation,No,,,,
UserCurrentFilter,PrescribingProvider,No,,,,
UserCurrentFilter,Users,No,,,,
UserCurrentFilter,Status,No,,,,
UserCurrentFilter,FilterTypeID,No,,,,
UserCurrentFilter,TransactionType,No,,,,
UserCurrentFilter,Action,No,,,,
UserCurrentFilter,nd_auto_increment_id,No,,,,
UserGUIDForSAMLToken,UserID,No,,,,
UserGUIDForSAMLToken,SessionID,No,,,,
UserGUIDForSAMLToken,UserGUID,No,,,,
UserGUIDForSAMLToken,CreateDate,Yes,STATIC_OFFSET,,,
UserGUIDForSAMLToken,ExpirationDate,Yes,STATIC_OFFSET,,,
UserGUIDForSAMLToken,nd_auto_increment_id,No,,,,
UserPasswordHistory,UserID,No,,,,
UserPasswordHistory,Password,Yes,MASK,Password,,
UserPasswordHistory,StartDate,Yes,STATIC_OFFSET,,,
UserPasswordHistory,UserPasswordHistoryID,No,,,,
UserPasswordHistory,nd_auto_increment_id,No,,,,
UserPasswords,UserID,No,,,,
UserPasswords,Password,Yes,MASK,Password,,
UserPasswords,PasswordChangeDate,Yes,STATIC_OFFSET,,,
UserPasswords,nd_auto_increment_id,No,,,,
UserRights,ActionID,No,,,,
UserRights,UserID,No,,,,
UserRights,Permission,No,,,,
UserRights,nd_auto_increment_id,No,,,,
Users,SiteID,No,,,,
Users,UserID,No,,,,
Users,Username,No,,,,
Users,RoleID,No,,,,
Users,FingerprintChangeDate,Yes,STATIC_OFFSET,,,
Users,UserDeactivated,No,,,,
Users,SiteUserID,No,,,,
Users,SSN,Yes,MASK,SSN,,
Users,Prefix,No,,,,
Users,Firstname,Yes,MASK,Firstname,,
Users,Middlename,Yes,MASK,Middlename,,
Users,Lastname,Yes,MASK,Lastname,,
Users,Suffix,No,,,,
Users,Address,Yes,MASK,Address,,
Users,Address2,Yes,MASK,Address2,,
Users,City,Yes,MASK,City,,
Users,State,No,,,,
Users,Zip,No,,,,
Users,Zip2,No,,,,
Users,Country,No,,,,
Users,WorkPhone,Yes,MASK,WorkPhone,,
Users,FaxNumber,Yes,MASK,FaxNumber,,
Users,HomePhone,Yes,MASK,HomePhone,,
Users,HomePhone2,Yes,MASK,HomePhone2,,
Users,CellPhone,Yes,MASK,CellPhone,,
Users,CellPhone2,Yes,MASK,CellPhone2,,
Users,EmailAddress,Yes,MASK,EmailAddress,,
Users,PagerNumber,Yes,MASK,PagerNumber,,
Users,DateOfBirth,Yes,PATIENT_DOB,,,
Users,GenderID,Yes,MASK,GenderID,,
Users,HireDate,Yes,STATIC_OFFSET,,,
Users,Enabled,No,,,,
Users,LoginDenials,No,,,,
Users,AKA,Yes,MASK,AKA,,
Users,Title,No,,,,
Users,ContactNumber,Yes,MASK,ContactNumber,,
Users,ResetPassword,No,,,,
Users,UserTypeID,No,,,,
Users,NotifyEmergChartAccess,No,,,,
Users,DomainUserSID,No,,,,
Users,DefaultFilterID,No,,,,
Users,PharmacyPrinterWarningAccepted,No,,,,
Users,nd_auto_increment_id,No,,,,
UserSettings,UserSettingsId,No,,,,
UserSettings,UserId,No,,,,
UserSettings,ModuleListId,No,,,,
UserSettings,SubKeyId,No,,,,
UserSettings,Enabled,No,,,,
UserSettings,Setting,No,,,,
UserSettings,nd_auto_increment_id,No,,,,
UserSettingSubKeys,SubKeyID,Yes,MASK,SubKeyID,,
UserSettingSubKeys,SubKeyName,No,,,,
UserSettingSubKeys,SubKeyDesc,No,,,,
UserSettingSubKeys,nd_auto_increment_id,No,,,,
UserType,UserTypeID,No,,,,
UserType,UserTypeName,No,,,,
UserType,Enabled,No,,,,
UserType,nd_auto_increment_id,No,,,,
USStates,Abbrev,No,,,,
USStates,Name,No,,,,
USStates,CountryID,No,,,,
USStates,IsDefaultField,No,,,,
USStates,USStateID,No,,,,
USStates,IsState,No,,,,
USStates,FIPSNumericCode,No,,,,
USStates,nd_auto_increment_id,No,,,,
VacAntigenGroup,VacCVXCodeID,No,,,,
VacAntigenGroup,AntigenCVXCodeID,No,,,,
VacAntigenGroup,nd_auto_increment_id,No,,,,
Vaccine,VaccineID,No,,,,
Vaccine,VaccineName,No,,,,
Vaccine,VaccineDescription,No,,,,
Vaccine,DisplayOrder,No,,,,
Vaccine,CreateDate,Yes,STATIC_OFFSET,,,
Vaccine,Enabled,No,,,,
Vaccine,LastChangedBy,No,,,,
Vaccine,ShowForAllPatients,No,,,,
Vaccine,GenderID,Yes,MASK,GenderID,,
Vaccine,nd_auto_increment_id,No,,,,
VaccineGroup,VaccineGroupID,No,,,,
VaccineGroup,VaccineGroupName,No,,,,
VaccineGroup,VacCVXCodeID,No,,,,
VaccineGroup,IsEnabled,No,,,,
VaccineGroup,nd_auto_increment_id,No,,,,
VaccineGroupVacCVXCode,VaccineGroupID,No,,,,
VaccineGroupVacCVXCode,VacCVXCodeID,No,,,,
VaccineGroupVacCVXCode,nd_auto_increment_id,No,,,,
VaccineGroupVacSeries,VaccineGroupID,No,,,,
VaccineGroupVacSeries,VacSeriesID,No,,,,
VaccineGroupVacSeries,nd_auto_increment_id,No,,,,
VaccineHistory,VaccineHistoryID,No,,,,
VaccineHistory,HistoryDate,Yes,STATIC_OFFSET,,,
VaccineHistory,Action,No,,,,
VaccineHistory,VaccineID,No,,,,
VaccineHistory,VaccineName,No,,,,
VaccineHistory,VaccineDescription,No,,,,
VaccineHistory,DisplayOrder,No,,,,
VaccineHistory,CreateDate,Yes,STATIC_OFFSET,,,
VaccineHistory,Enabled,No,,,,
VaccineHistory,LastChangedBy,No,,,,
VaccineHistory,ShowForAllPatients,No,,,,
VaccineHistory,GenderID,Yes,MASK,GenderID,,
VaccineHistory,nd_auto_increment_id,No,,,,
VaccineManufacturer,VaccineManufacturerID,No,,,,
VaccineManufacturer,VaccineManufacturerCode,No,,,,
VaccineManufacturer,VaccineManufacturer,No,,,,
VaccineManufacturer,IsEnabled,No,,,,
VaccineManufacturer,nd_auto_increment_id,No,,,,
VaccineManufacturerMaster,VaccineManufacturerID,No,,,,
VaccineManufacturerMaster,VaccineManufacturerCode,No,,,,
VaccineManufacturerMaster,VaccineManufacturer,No,,,,
VaccineManufacturerMaster,nd_auto_increment_id,No,,,,
VaccineTradeName,VaccineTradeNameID,No,,,,
VaccineTradeName,VaccineTradeName,No,,,,
VaccineTradeName,VacCVXCodeID,No,,,,
VaccineTradeName,IsEnabled,No,,,,
VaccineTradeName,nd_auto_increment_id,No,,,,
VaccineTradeNameMaster_BAK,VaccineTradeNameID,No,,,,
VaccineTradeNameMaster_BAK,VaccineTradeName,No,,,,
VaccineTradeNameMaster_BAK,nd_auto_increment_id,No,,,,
VacCVXCode,VacCVXCodeID,No,,,,
VacCVXCode,CVXCode,No,,,,
VacCVXCode,CVXDescription,No,,,,
VacCVXCode,Enabled,No,,,,
VacCVXCode,LastChangedBy,No,,,,
VacCVXCode,LastChangedDate,Yes,STATIC_OFFSET,,,
VacCVXCode,nd_auto_increment_id,No,,,,
VacCVXCodeCPTCode,VacCVXCodeID,No,,,,
VacCVXCodeCPTCode,CPTCode,No,,,,
VacCVXCodeCPTCode,nd_auto_increment_id,No,,,,
VacCVXCodeVacVISCode,VacCVXCodeID,No,,,,
VacCVXCodeVacVISCode,VacVISCodeID,Yes,MASK,VacVISCodeID,,
VacCVXCodeVacVISCode,VaccineGroupID,No,,,,
VacCVXCodeVacVISCode,nd_auto_increment_id,No,,,,
VacDeciderStatus,VacDeciderStatusID,No,,,,
VacDeciderStatus,DESCRIPTION,Yes,MASK,DESCRIPTION,,
VacDeciderStatus,nd_auto_increment_id,No,,,,
VacDeciderType,VacDeciderTypeID,No,,,,
VacDeciderType,VacDeciderTypeDescription,Yes,MASK,VacDeciderTypeDescription,,
VacDeciderType,nd_auto_increment_id,No,,,,
VacFundingSource,VacFundingSourceID,No,,,,
VacFundingSource,VacFundingCode,No,,,,
VacFundingSource,VacFundingDescription,No,,,,
VacFundingSource,IsEnabled,No,,,,
VacFundingSource,nd_auto_increment_id,No,,,,
VacHistoricalVaccineSrc,VacHistoricalVaccineSrcID,No,,,,
VacHistoricalVaccineSrc,HistoricalVaccineSrcDescription,No,,,,
VacHistoricalVaccineSrc,IsEnabled,No,,,,
VacHistoricalVaccineSrc,nd_auto_increment_id,No,,,,
VacNotGivenReason,VacNotGivenReasonID,No,,,,
VacNotGivenReason,DESCRIPTION,Yes,GENERIC_NOTES,,,
VacNotGivenReason,nd_auto_increment_id,No,,,,
VacPat,VacPatID,No,,,,
VacPat,PatientID,Yes,PATIENT_ID,,,
VacPat,VacSeriesVersionDoseID,No,,,,
VacPat,VacSeriesVersionID,No,,,,
VacPat,VaccineID,No,,,,
VacPat,VacSeriesID,No,,,,
VacPat,DateGiven,Yes,STATIC_OFFSET,,,
VacPat,AgeGiven,No,,,,
VacPat,AgeGivenUOM,No,,,,
VacPat,DoseNo,No,,,,
VacPat,UserID,No,,,,
VacPat,CareProviderID,Yes,MASK,CareProviderID,,
VacPat,DoseRouteID,No,,,,
VacPat,LotNum,No,,,,
VacPat,VaccineManufacturerID,No,,,,
VacPat,VaccineTradeNameID,No,,,,
VacPat,InjectionSiteID,No,,,,
VacPat,VISDateGiven,No,,,,
VacPat,VISPubDate,No,,,,
VacPat,CreateDate,Yes,STATIC_OFFSET,,,
VacPat,Notes,No,,,,
VacPat,OrderID,No,,,,
VacPat,IsExternal,No,,,,
VacPat,VaccineEligibleFlag,No,,,,
VacPat,VaccineCombinationCount,No,,,,
VacPat,TimeGiven,Yes,STATIC_OFFSET,,,
VacPat,DoseAmount,No,,,,
VacPat,VacExpDate,No,,,,
VacPat,VacVFCCodeID,No,,,,
VacPat,VacCVXCodeID,No,,,,
VacPat,OrigIsExternal,No,,,,
VacPat,ImmunizationVersion,No,,,,
VacPat,IISConsentGiven,No,,,,
VacPat,SubmissionStatusID,No,,,,
VacPat,DoseAmountUoMID,No,,,,
VacPat,VacFundingSourceID,No,,,,
VacPat,DoseCompletionStatusID,No,,,,
VacPat,VacHistoricalVaccineSrcID,No,,,,
VacPat,MessageID,No,,,,
VacPat,FromRegistry,No,,,,
VacPat,ServiceLocationID,No,,,,
VacPat,VISEditionID,No,,,,
VacPat,ProcedureCode,No,,,,
VacPat,RegistryCVXCode,No,,,,
VacPat,LastModifiedBy,No,,,,
VacPat,LastModifiedDateTime,Yes,STATIC_OFFSET,,,
VacPatBack,VacPatID,No,,,,
VacPatBack,PatientID,Yes,PATIENT_ID,,,
VacPatBack,VacSeriesVersionDoseID,No,,,,
VacPatBack,VacSeriesVersionID,No,,,,
VacPatBack,VaccineID,No,,,,
VacPatBack,VacSeriesID,No,,,,
VacPatBack,DateGiven,Yes,STATIC_OFFSET,,,
VacPatBack,AgeGiven,No,,,,
VacPatBack,AgeGivenUOM,No,,,,
VacPatBack,DoseNo,No,,,,
VacPatBack,UserID,No,,,,
VacPatBack,CareProviderID,Yes,MASK,CareProviderID,,
VacPatBack,DoseRouteID,No,,,,
VacPatBack,LotNum,No,,,,
VacPatBack,VaccineManufacturerID,No,,,,
VacPatBack,VaccineTradeNameID,Yes,MASK,VaccineTradeNameID,,
VacPatBack,InjectionSiteID,No,,,,
VacPatBack,VISDateGiven,Yes,STATIC_OFFSET,,,
VacPatBack,VISPubDate,No,,,,
VacPatBack,CreateDate,Yes,STATIC_OFFSET,,,
VacPatBack,Notes,No,,,,
VacPatBack,OrderID,No,,,,
VacPatBack,IsExternal,No,,,,
VacPatBack,VaccineEligibleFlag,No,,,,
VacPatBack,VaccineCombinationCount,No,,,,
VacPatBack,TimeGiven,No,,,,
VacPatBack,DoseAmount,No,,,,
VacPatBack,VacExpDate,No,,,,
VacPatBack,nd_auto_increment_id,No,,,,
VacPatGroup,VacPatGroupID,No,,,,
VacPatGroup,VacPatQID,No,,,,
VacPatGroup,VacPatID,No,,,,
VacPatGroup,nd_auto_increment_id,No,,,,
VacPatHistory,VacPatHistoryID,No,,,,
VacPatHistory,HistoryDate,Yes,STATIC_OFFSET,,,
VacPatHistory,Action,No,,,,
VacPatHistory,VacPatID,No,,,,
VacPatHistory,PatientID,Yes,PATIENT_ID,,,
VacPatHistory,VacSeriesVersionDoseID,No,,,,
VacPatHistory,VacSeriesVersionID,No,,,,
VacPatHistory,VaccineID,No,,,,
VacPatHistory,VacSeriesID,No,,,,
VacPatHistory,DateGiven,Yes,STATIC_OFFSET,,,
VacPatHistory,AgeGiven,No,,,,
VacPatHistory,AgeGivenUOM,No,,,,
VacPatHistory,DoseNo,No,,,,
VacPatHistory,UserID,No,,,,
VacPatHistory,CareProviderID,Yes,MASK,CareProviderID,,
VacPatHistory,DoseRouteID,No,,,,
VacPatHistory,LotNum,No,,,,
VacPatHistory,VaccineManufacturerID,No,,,,
VacPatHistory,VaccineTradeNameID,No,,,,
VacPatHistory,InjectionSiteID,No,,,,
VacPatHistory,VISDateGiven,No,,,,
VacPatHistory,VISPubDate,No,,,,
VacPatHistory,CreateDate,No,,,,
VacPatHistory,Notes,No,,,,
VacPatHistory,OrderID,No,,,,
VacPatHistory,IsExternal,No,,,,
VacPatHistory,VaccineEligibleFlag,No,,,,
VacPatHistory,VaccineCombinationCount,No,,,,
VacPatHistory,TimeGiven,No,,,,
VacPatHistory,DoseAmount,No,,,,
VacPatHistory,VacExpDate,No,,,,
VacPatHistory,VacVFCCodeID,No,,,,
VacPatHistory,VacCVXCodeID,No,,,,
VacPatHistory,OrigIsExternal,No,,,,
VacPatHistory,ImmunizationVersion,No,,,,
VacPatHistory,IISConsentGiven,No,,,,
VacPatHistory,SubmissionStatusID,No,,,,
VacPatHistory,DoseAmountUoMID,No,,,,
VacPatHistory,VacFundingSourceID,No,,,,
VacPatHistory,DoseCompletionStatusID,No,,,,
VacPatHistory,VacHistoricalVaccineSrcID,No,,,,
VacPatHistory,ServiceLocationID,No,,,,
VacPatHistory,VISEditionID,No,,,,
VacPatHistory,ProcedureCode,No,,,,
VacPatHistory,nd_auto_increment_id,No,,,,
VacPatHistory_78684,VacPatHistoryID,No,,,,
VacPatHistory_78684,HistoryDate,No,,,,
VacPatHistory_78684,Action,No,,,,
VacPatHistory_78684,VacPatID,No,,,,
VacPatHistory_78684,PatientID,Yes,PATIENT_ID,,,
VacPatHistory_78684,VacSeriesVersionDoseID,No,,,,
VacPatHistory_78684,VacSeriesVersionID,No,,,,
VacPatHistory_78684,VaccineID,No,,,,
VacPatHistory_78684,VacSeriesID,No,,,,
VacPatHistory_78684,DateGiven,Yes,STATIC_OFFSET,,,
VacPatHistory_78684,AgeGiven,No,,,,
VacPatHistory_78684,AgeGivenUOM,No,,,,
VacPatHistory_78684,DoseNo,No,,,,
VacPatHistory_78684,UserID,No,,,,
VacPatHistory_78684,CareProviderID,No,,,,
VacPatHistory_78684,DoseRouteID,No,,,,
VacPatHistory_78684,LotNum,No,,,,
VacPatHistory_78684,VaccineManufacturerID,No,,,,
VacPatHistory_78684,VaccineTradeNameID,No,,,,
VacPatHistory_78684,InjectionSiteID,No,,,,
VacPatHistory_78684,VISDateGiven,No,,,,
VacPatHistory_78684,VISPubDate,No,,,,
VacPatHistory_78684,CreateDate,No,,,,
VacPatHistory_78684,Notes,No,,,,
VacPatHistory_78684,OrderID,No,,,,
VacPatHistory_78684,IsExternal,No,,,,
VacPatHistory_78684,VaccineEligibleFlag,No,,,,
VacPatHistory_78684,VaccineCombinationCount,No,,,,
VacPatHistory_78684,TimeGiven,No,,,,
VacPatHistory_78684,DoseAmount,No,,,,
VacPatHistory_78684,VacExpDate,No,,,,
VacPatHistory_78684,VacVFCCodeID,No,,,,
VacPatHistory_78684,VacCVXCodeID,No,,,,
VacPatHistory_78684,OrigIsExternal,No,,,,
VacPatHistory_78684,ImmunizationVersion,No,,,,
VacPatHistory_78684,nd_auto_increment_id,No,,,,
VacPatHistoryImmSub,ImmSubID,No,,,,
VacPatHistoryImmSub,VacPatHistoryID,No,,,,
VacPatHistoryImmSub,nd_auto_increment_id,No,,,,
VacPatientEvent,PatientID,Yes,PATIENT_ID,,,
VacPatientEvent,EventDateTime,Yes,STATIC_OFFSET,,,
VacPatientEvent,InterfaceEventTypeID,No,,,,
VacPatientEvent,UserID,No,,,,
VacPatientEvent,nd_auto_increment_id,No,,,,
VacPatImmSeriesDoseNotGiven,VacSeriesVersionDoseID,No,,,,
VacPatImmSeriesDoseNotGiven,PatientID,Yes,PATIENT_ID,,,
VacPatImmSeriesDoseNotGiven,Reason,No,,,,
VacPatImmSeriesDoseNotGiven,CreateDate,Yes,STATIC_OFFSET,,,
VacPatImmSeriesDoseNotGiven,nd_auto_increment_id,No,,,,
VacPatNotGiven,VacPatNotGivenID,No,,,,
VacPatNotGiven,VacPatHistoryID,No,,,,
VacPatNotGiven,DateDeclined,Yes,STATIC_OFFSET,,,
VacPatNotGiven,VacNotGivenReasonID,No,,,,
VacPatNotGiven,DecisionMakerPersonID,No,,,,
VacPatNotGiven,VacDeciderStatusID,No,,,,
VacPatNotGiven,Notes,No,,,,
VacPatNotGiven,VacPatID,No,,,,
VacPatNotGiven,OtherDecisionMakerName,Yes,MASK,OtherDecisionMakerName,,
VacPatNotGiven,PreviousDiseaseMonth,No,,,,
VacPatNotGiven,PreviousDiseaseDay,No,,,,
VacPatNotGiven,PreviousDiseaseYear,No,,,,
VacPatNotGiven,VacDeciderTypeID,No,,,,
VacPatNotGiven,VacOtherRefusalReason,No,,,,
VacPatNotGiven,VacRefusalReasonID,No,,,,
VacPatNotGiven,ImmReactionName,No,,,,
VacPatNotGiven,nd_auto_increment_id,No,,,,
VacPatNotGivenHistory,VacPatNotGivenHistoryID,No,,,,
VacPatNotGivenHistory,VacPatNotGivenID,No,,,,
VacPatNotGivenHistory,VacPatID,No,,,,
VacPatNotGivenHistory,VacPatHistoryID,No,,,,
VacPatNotGivenHistory,DateDeclined,Yes,STATIC_OFFSET,,,
VacPatNotGivenHistory,VacNotGivenReasonID,No,,,,
VacPatNotGivenHistory,DecisionMakerPersonID,No,,,,
VacPatNotGivenHistory,VacDeciderStatusID,No,,,,
VacPatNotGivenHistory,Notes,No,,,,
VacPatNotGivenHistory,HistoryAction,No,,,,
VacPatNotGivenHistory,HistoryUserID,No,,,,
VacPatNotGivenHistory,OtherDecisionMakerName,No,,,,
VacPatNotGivenHistory,PreviousDiseaseMonth,No,,,,
VacPatNotGivenHistory,PreviousDiseaseDay,No,,,,
VacPatNotGivenHistory,PreviousDiseaseYear,No,,,,
VacPatNotGivenHistory,VacDeciderTypeID,No,,,,
VacPatNotGivenHistory,VacOtherRefusalReason,No,,,,
VacPatNotGivenHistory,VacRefusalReasonID,No,,,,
VacPatNotGivenHistory,nd_auto_increment_id,No,,,,
VacPatNotTracked,PatientID,Yes,PATIENT_ID,,,
VacPatNotTracked,nd_auto_increment_id,No,,,,
VacPatOverrideDefault,VaccineID,No,,,,
VacPatOverrideDefault,VacSeriesID,No,,,,
VacPatOverrideDefault,PatientID,Yes,PATIENT_ID,,,
VacPatOverrideDefault,VacSeriesType,No,,,,
VacPatOverrideDefault,nd_auto_increment_id,No,,,,
VacPatOverrideDefaultHistory,VacPatOverrideDefaultHistoryID,No,,,,
VacPatOverrideDefaultHistory,HistoryDate,No,,,,
VacPatOverrideDefaultHistory,Action,No,,,,
VacPatOverrideDefaultHistory,VaccineID,No,,,,
VacPatOverrideDefaultHistory,VacSeriesID,No,,,,
VacPatOverrideDefaultHistory,PatientID,Yes,PATIENT_ID,,,
VacPatOverrideDefaultHistory,LastChangedBy,No,,,,
VacPatOverrideDefaultHistory,nd_auto_increment_id,No,,,,
VacPatQ,VacPatQID,No,,,,
VacPatQ,CreateDate,No,,,,
VacPatQ,TryCount,No,,,,
VacPatQ,Consent,No,,,,
VacPatQ,nd_auto_increment_id,No,,,,
VacPatSubmissionStatus,VacPatSubmissionStatusID,No,,,,
VacPatSubmissionStatus,VacPatSubmissionStatusDesc,No,,,,
VacPatSubmissionStatus,nd_auto_increment_id,No,,,,
VacPatVaccineAgeTypeOverride,VaccineID,No,,,,
VacPatVaccineAgeTypeOverride,PatientID,Yes,PATIENT_ID,,,
VacPatVaccineAgeTypeOverride,AdultOrChild,No,,,,
VacPatVaccineAgeTypeOverride,Show,No,,,,
VacPatVaccineAgeTypeOverride,nd_auto_increment_id,No,,,,
VacPatVaccineAgeTypeOverrideHistory,VacPatVaccineAgeTypeOverrideHistoryID,No,,,,
VacPatVaccineAgeTypeOverrideHistory,HistoryDate,Yes,STATIC_OFFSET,,,
VacPatVaccineAgeTypeOverrideHistory,Action,No,,,,
VacPatVaccineAgeTypeOverrideHistory,VaccineID,No,,,,
VacPatVaccineAgeTypeOverrideHistory,PatientID,Yes,PATIENT_ID,,,
VacPatVaccineAgeTypeOverrideHistory,AdultOrChild,No,,,,
VacPatVaccineAgeTypeOverrideHistory,Show,No,,,,
VacPatVaccineAgeTypeOverrideHistory,LastChangedBy,No,,,,
VacPatVaccineAgeTypeOverrideHistory,nd_auto_increment_id,No,,,,
VacRefusalReason,VacRefusalReasonID,No,,,,
VacRefusalReason,VacRefusalReasonCode,No,,,,
VacRefusalReason,VacRefusalReasonDescription,No,,,,
VacRefusalReason,nd_auto_increment_id,No,,,,
VacSeries,VacSeriesID,No,,,,
VacSeries,VacSeriesName,No,,,,
VacSeries,SeriesDefault,No,,,,
VacSeries,VaccineID,Yes,MASK,VaccineID,,
VacSeries,AdultOrChild,Yes,MASK,AdultOrChild,,
VacSeries,CreateDate,Yes,STATIC_OFFSET,,,
VacSeries,Enabled,No,,,,
VacSeries,LastChangedBy,No,,,,
VacSeries,nd_auto_increment_id,No,,,,
VacSeriesHistory,VacSeriesHistoryID,No,,,,
VacSeriesHistory,HistoryDate,Yes,STATIC_OFFSET,,,
VacSeriesHistory,Action,No,,,,
VacSeriesHistory,VacSeriesID,No,,,,
VacSeriesHistory,VacSeriesName,No,,,,
VacSeriesHistory,SeriesDefault,No,,,,
VacSeriesHistory,VaccineID,Yes,MASK,VaccineID,,
VacSeriesHistory,AdultOrChild,No,,,,
VacSeriesHistory,CreateDate,Yes,STATIC_OFFSET,,,
VacSeriesHistory,Enabled,No,,,,
VacSeriesHistory,LastChangedBy,No,,,,
VacSeriesHistory,nd_auto_increment_id,No,,,,
VacSeriesLocationDefault,VacSeriesID,No,,,,
VacSeriesLocationDefault,PracticeLocationID,No,,,,
VacSeriesLocationDefault,VaccineManufacturerID,No,,,,
VacSeriesLocationDefault,DoseRouteID,No,,,,
VacSeriesLocationDefault,InjectionSiteID,No,,,,
VacSeriesLocationDefault,DoseAmount,No,,,,
VacSeriesLocationDefault,LotNum,No,,,,
VacSeriesLocationDefault,VacExpDate,No,,,,
VacSeriesLocationDefault,VisPubDate,No,,,,
VacSeriesLocationDefault,VaccineTradeNameID,No,,,,
VacSeriesLocationDefault,LastChangedBy,No,,,,
VacSeriesLocationDefault,LastChangedDate,Yes,STATIC_OFFSET,,,
VacSeriesLocationDefault,SequenceNo,No,,,,
VacSeriesLocationDefault,CPT,No,,,,
VacSeriesLocationDefault,DoseAmountUoMID,No,,,,
VacSeriesLocationDefault,VISEditionID,No,,,,
VacSeriesLocationDefault,nd_auto_increment_id,No,,,,
VacSeriesLocationDefaultHistory,VacSeriesLocationDefaultHistoryID,No,,,,
VacSeriesLocationDefaultHistory,HistoryDate,Yes,STATIC_OFFSET,,,
VacSeriesLocationDefaultHistory,Action,No,,,,
VacSeriesLocationDefaultHistory,VacSeriesID,No,,,,
VacSeriesLocationDefaultHistory,PracticeLocationID,No,,,,
VacSeriesLocationDefaultHistory,VaccineManufacturerID,No,,,,
VacSeriesLocationDefaultHistory,DoseRouteID,No,,,,
VacSeriesLocationDefaultHistory,InjectionSiteID,No,,,,
VacSeriesLocationDefaultHistory,DoseAmount,No,,,,
VacSeriesLocationDefaultHistory,LotNum,No,,,,
VacSeriesLocationDefaultHistory,VacExpDate,No,,,,
VacSeriesLocationDefaultHistory,VisPubDate,No,,,,
VacSeriesLocationDefaultHistory,VaccineTradeNameID,No,,,,
VacSeriesLocationDefaultHistory,LastChangedBy,No,,,,
VacSeriesLocationDefaultHistory,LastChangedDate,Yes,STATIC_OFFSET,,,
VacSeriesLocationDefaultHistory,SequenceNo,No,,,,
VacSeriesLocationDefaultHistory,CPT,No,,,,
VacSeriesLocationDefaultHistory,DoseAmountUoMID,No,,,,
VacSeriesLocationDefaultHistory,VISEditionID,No,,,,
VacSeriesLocationDefaultHistory,nd_auto_increment_id,No,,,,
VacSeriesVersion,VacSeriesVersionID,No,,,,
VacSeriesVersion,VacSeriesID,No,,,,
VacSeriesVersion,nd_auto_increment_id,No,,,,
VacSeriesVersionDose,VacSeriesVersionDoseID,No,,,,
VacSeriesVersionDose,VacSeriesVersionID,No,,,,
VacSeriesVersionDose,DoseTypeID,No,,,,
VacSeriesVersionDose,DoseNo,No,,,,
VacSeriesVersionDose,RecommendedAge,No,,,,
VacSeriesVersionDose,RecommendedAgeUOM,No,,,,
VacSeriesVersionDose,OverdueAge,No,,,,
VacSeriesVersionDose,OverdueAgeUOM,No,,,,
VacSeriesVersionDose,CatchUpInterval,No,,,,
VacSeriesVersionDose,CatchUpIntervalUOM,No,,,,
VacSeriesVersionDose,CatchUpOverdue,No,,,,
VacSeriesVersionDose,CatchUpOverdueUOM,No,,,,
VacSeriesVersionDose,Note,Yes,GENERIC_NOTES,,,
VacSeriesVersionDose,CreateDate,Yes,STATIC_OFFSET,,,
VacSeriesVersionDose,Frequency,No,,,,
VacSeriesVersionDose,FrequencyUOM,No,,,,
VacSeriesVersionDose,LastChangedBy,No,,,,
VacSeriesVersionDose,MaxAge,No,,,,
VacSeriesVersionDose,MaxAgeUOM,No,,,,
VacSeriesVersionDose,nd_auto_increment_id,No,,,,
VacSeriesVersionDoseCPT,VacSeriesVersionDoseID,No,,,,
VacSeriesVersionDoseCPT,DoseNo,No,,,,
VacSeriesVersionDoseCPT,AltCPT,No,,,,
VacSeriesVersionDoseCPT,CPT,No,,,,
VacSeriesVersionDoseCPT,LastChangedBy,No,,,,
VacSeriesVersionDoseCPT,nd_auto_increment_id,No,,,,
VacSeriesVersionDoseCPTHistory,VacSeriesVersionDoseCPTHistoryID,No,,,,
VacSeriesVersionDoseCPTHistory,HistoryDate,Yes,STATIC_OFFSET,,,
VacSeriesVersionDoseCPTHistory,Action,No,,,,
VacSeriesVersionDoseCPTHistory,VacSeriesVersionDoseID,No,,,,
VacSeriesVersionDoseCPTHistory,DoseNo,No,,,,
VacSeriesVersionDoseCPTHistory,AltCPT,No,,,,
VacSeriesVersionDoseCPTHistory,CPT,No,,,,
VacSeriesVersionDoseCPTHistory,CreateDate,Yes,STATIC_OFFSET,,,
VacSeriesVersionDoseCPTHistory,LastChangedBy,No,,,,
VacSeriesVersionDoseCPTHistory,VacSeriesVersionID,No,,,,
VacSeriesVersionDoseCPTHistory,VacSeriesName,No,,,,
VacSeriesVersionDoseCPTHistory,nd_auto_increment_id,No,,,,
VacSeriesVersionDoseCVXCode,VacSeriesVersionDoseID,No,,,,
VacSeriesVersionDoseCVXCode,VacCVXCodeID,No,,,,
VacSeriesVersionDoseCVXCode,nd_auto_increment_id,No,,,,
VacSeriesVersionDoseHistory,VacSeriesVersionDoseHistoryID,No,,,,
VacSeriesVersionDoseHistory,HistoryDate,Yes,STATIC_OFFSET,,,
VacSeriesVersionDoseHistory,Action,No,,,,
VacSeriesVersionDoseHistory,VacSeriesVersionDoseID,No,,,,
VacSeriesVersionDoseHistory,DoseTypeID,No,,,,
VacSeriesVersionDoseHistory,DoseNo,No,,,,
VacSeriesVersionDoseHistory,RecommendedAge,No,,,,
VacSeriesVersionDoseHistory,RecommendedAgeUOM,No,,,,
VacSeriesVersionDoseHistory,OverdueAge,No,,,,
VacSeriesVersionDoseHistory,OverdueAgeUOM,No,,,,
VacSeriesVersionDoseHistory,CatchUpInterval,No,,,,
VacSeriesVersionDoseHistory,CatchUpIntervalUOM,No,,,,
VacSeriesVersionDoseHistory,CatchUpOverdue,No,,,,
VacSeriesVersionDoseHistory,CatchUpOverdueUOM,No,,,,
VacSeriesVersionDoseHistory,Note,No,,,,
VacSeriesVersionDoseHistory,CreateDate,Yes,STATIC_OFFSET,,,
VacSeriesVersionDoseHistory,Frequency,No,,,,
VacSeriesVersionDoseHistory,FrequencyUOM,No,,,,
VacSeriesVersionDoseHistory,LastChangedBy,No,,,,
VacSeriesVersionDoseHistory,VacSeriesVersionID,No,,,,
VacSeriesVersionDoseHistory,VacSeriesName,No,,,,
VacSeriesVersionDoseHistory,MaxAge,No,,,,
VacSeriesVersionDoseHistory,MaxAgeUOM,No,,,,
VacSeriesVersionDoseHistory,nd_auto_increment_id,No,,,,
VacVFCCode,VacVFCCodeID,No,,,,
VacVFCCode,VFCCode,No,,,,
VacVFCCode,VFCDescription,Yes,MASK,VFCDescription,,
VacVFCCode,Enabled,No,,,,
VacVFCCode,LastChangedBy,No,,,,
VacVFCCode,LastChangedDate,Yes,STATIC_OFFSET,,,
VacVFCCode,nd_auto_increment_id,No,,,,
VacVISCode,VacVISCodeID,No,,,,
VacVISCode,VISCode,No,,,,
VacVISCode,VISDate,Yes,STATIC_OFFSET,,,
VacVISCode,VISDescription,No,,,,
VacVISCode,EncodedText,No,,,,
VacVISCode,IsCurrent,No,,,,
VacVISCode,IsEnabled,No,,,,
VacVISCode,nd_auto_increment_id,No,,,,
versionHistory,Id,No,,,,
versionHistory,Description,No,,,,
versionHistory,Applied,No,,,,
versionHistory,nd_auto_increment_id,No,,,,
VersionUpgrade,UpgradeSID,No,,,,
VersionUpgrade,PSRelease,No,,,,
VersionUpgrade,UpgradeStatus,No,,,,
VersionUpgrade,UpgradeTime,Yes,STATIC_OFFSET,,,
VersionUpgrade,PathLocation,No,,,,
VersionUpgrade,UpgradeType,No,,,,
VersionUpgrade,UserUpgradable,No,,,,
VersionUpgrade,LastUpdated,Yes,STATIC_OFFSET,,,
VersionUpgrade,LastUserID,No,,,,
VersionUpgrade,CreateDate,Yes,STATIC_OFFSET,,,
VersionUpgrade,CreateUserID,No,,,,
VersionUpgrade,RMSBinaryID,No,,,,
VersionUpgrade,BuildNumber,No,,,,
VersionUpgrade,nd_auto_increment_id,No,,,,
VersionUpgradeUserNotification,UserID,No,,,,
VersionUpgradeUserNotification,Status,No,,,,
VersionUpgradeUserNotification,nd_auto_increment_id,No,,,,
Vial,VialID,No,,,,
Vial,PatientSerumID,No,,,,
Vial,PatientID,Yes,PATIENT_ID,,,
Vial,TechCareProviderID,No,,,,
Vial,MaxShotCount,No,,,,
Vial,ReminderAfterShot,No,,,,
Vial,OrderDate,Yes,STATIC_OFFSET,,,
Vial,MadeDate,No,,,,
Vial,ActiveFlag,No,,,,
Vial,VialInstructionID,No,,,,
Vial,VialStatusID,No,,,,
Vial,PatientSignFlag,No,,,,
Vial,OrderReasonID,No,,,,
Vial,TaskListID,No,,,,
Vial,DocumentID,No,,,,
Vial,DiscontinueReasonID,No,,,,
Vial,DiscontinueReasonComment,No,,,,
Vial,LocationID,No,,,,
Vial,BillableCareProviderID,No,,,,
Vial,nd_auto_increment_id,No,,,,
VialAntigenLotNum,VialID,No,,,,
VialAntigenLotNum,AllergenConceptID,No,,,,
VialAntigenLotNum,LotNum,No,,,,
VialAntigenLotNum,nd_auto_increment_id,No,,,,
VialInstruction,VialInstructionID,No,,,,
VialInstruction,VialInstructionDesc,No,,,,
VialInstruction,nd_auto_increment_id,No,,,,
VialSize,VialSizeID,No,,,,
VialSize,VialSizeDesc,No,,,,
VialSize,UOMConceptID,No,,,,
VialSize,UOMSynID,No,,,,
VialSize,nd_auto_increment_id,No,,,,
VialStatus,VialStatusID,No,,,,
VialStatus,VialStatusDesc,No,,,,
VialStatus,nd_auto_increment_id,No,,,,
VisitProviderRecordFix,VisitID,Yes,ENCOUNTER_ID,,,
VisitProviderRecordFix,PatientID,Yes,PATIENT_ID,,,
VisitProviderRecordFix,PatientFNameLName,Yes,MASK,PatientFNameLName,,
VisitProviderRecordFix,OldProviderOnVisit,No,,,,
VisitProviderRecordFix,NewProviderOnVisit,No,,,,
VisitProviderRecordFix,OldBillableProviderOnVisit,No,,,,
VisitProviderRecordFix,NewBillableProviderOnVisit,No,,,,
VisitProviderRecordFix,UpdateRule,No,,,,
VisitProviderRecordFix,DateCreated,Yes,STATIC_OFFSET,,,
VisitProviderRecordFix,nd_auto_increment_id,No,,,,
VitalSetStandardNormals,VitalSetStandardNormalsID,No,,,,
VitalSetStandardNormals,AttributeX,No,,,,
VitalSetStandardNormals,AttributeY,No,,,,
VitalSetStandardNormals,Percentile,No,,,,
VitalSetStandardNormals,nd_auto_increment_id,No,,,,
VocabAnswerAdmin,VocabAnswerAdminID,No,,,,
VocabAnswerAdmin,VocabQuestionAnswerCategoryID,No,,,,
VocabAnswerAdmin,AnswerName,Yes,MASK,AnswerName,,
VocabAnswerAdmin,CreatedBy,No,,,,
VocabAnswerAdmin,CreateDate,Yes,STATIC_OFFSET,,,
VocabAnswerAdmin,LastChangedBy,No,,,,
VocabAnswerAdmin,LastChangedDate,Yes,STATIC_OFFSET,,,
VocabAnswerAdmin,Enabled,No,,,,
VocabAnswerAdmin,nd_auto_increment_id,No,,,,
VocabAnswerAdminDataSource,VocabAnswerAdminID,No,,,,
VocabAnswerAdminDataSource,Code,No,,,,
VocabAnswerAdminDataSource,DataSourceFacilityID,Yes,MASK,DataSourceFacilityID,,
VocabAnswerAdminDataSource,nd_auto_increment_id,No,,,,
VocabAnswerSet,VocabAnswerSetID,No,,,,
VocabAnswerSet,AnswerSetName,No,,,,
VocabAnswerSet,AnswerSetDefinition,No,,,,
VocabAnswerSet,CreatedBy,No,,,,
VocabAnswerSet,CreateDate,Yes,STATIC_OFFSET,,,
VocabAnswerSet,LastChangedBy,No,,,,
VocabAnswerSet,LastChangedDate,Yes,STATIC_OFFSET,,,
VocabAnswerSet,Enabled,No,,,,
VocabAnswerSet,nd_auto_increment_id,No,,,,
VocabAnswerSetVocabAnswerAdmin,VocabAnswerSetVocabAnswerAdminID,No,,,,
VocabAnswerSetVocabAnswerAdmin,VocabAnswerAdminID,No,,,,
VocabAnswerSetVocabAnswerAdmin,VocabAnswerSetID,No,,,,
VocabAnswerSetVocabAnswerAdmin,Sequence,No,,,,
VocabAnswerSetVocabAnswerAdmin,nd_auto_increment_id,No,,,,
VocabConceptStaging,ConceptID,No,,,,
VocabConceptStaging,LongName,No,,,,
VocabConceptStaging,CreatedBy,No,,,,
VocabConceptStaging,CreateDate,No,,,,
VocabConceptStaging,LastChangedBy,No,,,,
VocabConceptStaging,LastChangedDate,Yes,STATIC_OFFSET,,,
VocabConceptStaging,Enabled,No,,,,
VocabConceptStaging,SystemConcept,No,,,,
VocabConceptStaging,nd_auto_increment_id,No,,,,
VocabOBXAdminCategoryStaging,OBXCategoryID,No,,,,
VocabOBXAdminCategoryStaging,OBXConceptID,No,,,,
VocabOBXAdminCategoryStaging,nd_auto_increment_id,No,,,,
VocabOBXAdminPickListCodingSystemStaging,OBXAdminPickListID,No,,,,
VocabOBXAdminPickListCodingSystemStaging,CodingSystemID,No,,,,
VocabOBXAdminPickListCodingSystemStaging,CodeId,No,,,,
VocabOBXAdminPickListCodingSystemStaging,nd_auto_increment_id,No,,,,
VocabOBXAdminPickListStaging,OBXConceptID,No,,,,
VocabOBXAdminPickListStaging,ListIndex,No,,,,
VocabOBXAdminPickListStaging,ListText,No,,,,
VocabOBXAdminPickListStaging,OBXAdminPickListID,No,,,,
VocabOBXAdminPickListStaging,nd_auto_increment_id,No,,,,
VocabOBXAdminStaging,OBXConceptID,No,,,,
VocabOBXAdminStaging,ShortName,No,,,,
VocabOBXAdminStaging,DataType,No,,,,
VocabOBXAdminStaging,UOMConceptId,No,,,,
VocabOBXAdminStaging,GMTUOMConceptId,No,,,,
VocabOBXAdminStaging,GenderPickerId,No,,,,
VocabOBXAdminStaging,CreatedBy,No,,,,
VocabOBXAdminStaging,CreateDate,Yes,STATIC_OFFSET,,,
VocabOBXAdminStaging,LastChangedBy,No,,,,
VocabOBXAdminStaging,LastChangedDate,Yes,STATIC_OFFSET,,,
VocabOBXAdminStaging,Enabled,No,,,,
VocabOBXAdminStaging,nd_auto_increment_id,No,,,,
VocabOBXCategoryStaging,OBXCategoryID,No,,,,
VocabOBXCategoryStaging,Description,No,,,,
VocabOBXCategoryStaging,Enabled,No,,,,
VocabOBXCategoryStaging,nd_auto_increment_id,No,,,,
VocabOBXCodingSystemStaging,CodingSystemId,No,,,,
VocabOBXCodingSystemStaging,OBXConceptID,No,,,,
VocabOBXCodingSystemStaging,CodeId,No,,,,
VocabOBXCodingSystemStaging,nd_auto_increment_id,No,,,,
VocabOrdAdminCategoryStaging,OrdCategoryID,No,,,,
VocabOrdAdminCategoryStaging,OrdConceptID,No,,,,
VocabOrdAdminCategoryStaging,nd_auto_increment_id,No,,,,
VocabOrdAdminConfigStaging,OrdConceptID,No,,,,
VocabOrdAdminConfigStaging,Orderable,No,,,,
VocabOrdAdminConfigStaging,Performable,No,,,,
VocabOrdAdminConfigStaging,Historical,No,,,,
VocabOrdAdminConfigStaging,Resultable,No,,,,
VocabOrdAdminConfigStaging,Chargeable,No,,,,
VocabOrdAdminConfigStaging,nd_auto_increment_id,No,,,,
VocabOrdAdminStaging,OrdConceptID,No,,,,
VocabOrdAdminStaging,ShortName,No,,,,
VocabOrdAdminStaging,InOfficeDefault,No,,,,
VocabOrdAdminStaging,DefaultOrderStatus,No,,,,
VocabOrdAdminStaging,BillableDefault,No,,,,
VocabOrdAdminStaging,CreatedBy,No,,,,
VocabOrdAdminStaging,CreateDate,No,,,,
VocabOrdAdminStaging,LastChangedBy,No,,,,
VocabOrdAdminStaging,LastChangedDate,Yes,STATIC_OFFSET,,,
VocabOrdAdminStaging,Enabled,No,,,,
VocabOrdAdminStaging,VocabQuestionSetID,No,,,,
VocabOrdAdminStaging,nd_auto_increment_id,No,,,,
VocabOrdCategoryStaging,OrdCategoryID,No,,,,
VocabOrdCategoryStaging,Description,No,,,,
VocabOrdCategoryStaging,Enabled,No,,,,
VocabOrdCategoryStaging,nd_auto_increment_id,No,,,,
VocabOrdCodingSystemStaging,CodingSystemId,No,,,,
VocabOrdCodingSystemStaging,OrdConceptID,No,,,,
VocabOrdCodingSystemStaging,CodeId,No,,,,
VocabOrdCodingSystemStaging,Preferred,No,,,,
VocabOrdCodingSystemStaging,nd_auto_increment_id,No,,,,
VocabOrdSynCodingSystemStaging,CodingSystemId,No,,,,
VocabOrdSynCodingSystemStaging,OrdSynID,No,,,,
VocabOrdSynCodingSystemStaging,CodeId,No,,,,
VocabOrdSynCodingSystemStaging,nd_auto_increment_id,No,,,,
VocabOrdSynStaging,OrdSynID,No,,,,
VocabOrdSynStaging,OrdConceptID,No,,,,
VocabOrdSynStaging,OrdSynonymText,No,,,,
VocabOrdSynStaging,Enabled,No,,,,
VocabOrdSynStaging,IsSystemSynonym,No,,,,
VocabOrdSynStaging,nd_auto_increment_id,No,,,,
VocabQuestionAdmin,VocabQuestionAdminID,No,,,,
VocabQuestionAdmin,VocabQuestionAnswerCategoryID,No,,,,
VocabQuestionAdmin,VocabAnswerSetID,No,,,,
VocabQuestionAdmin,VocabQuestionAdminResponseTypeID,No,,,,
VocabQuestionAdmin,QuestionName,No,,,,
VocabQuestionAdmin,CreatedBy,No,,,,
VocabQuestionAdmin,CreateDate,Yes,STATIC_OFFSET,,,
VocabQuestionAdmin,LastChangedBy,No,,,,
VocabQuestionAdmin,LastChangedDate,Yes,STATIC_OFFSET,,,
VocabQuestionAdmin,Enabled,No,,,,
VocabQuestionAdmin,DbField,No,,,,
VocabQuestionAdmin,nd_auto_increment_id,No,,,,
VocabQuestionAdminDataSource_Backup,VocabQuestionAdminID,No,,,,
VocabQuestionAdminDataSource_Backup,Code,No,,,,
VocabQuestionAdminDataSource_Backup,DataSourceFacilityID,Yes,MASK,DataSourceFacilityID,,
VocabQuestionAdminDataSource_Backup,nd_auto_increment_id,No,,,,
VocabQuestionAdminDefault,VocabQuestionAdminDefaultID,No,,,,
VocabQuestionAdminDefault,VocabQuestionAdminID,No,,,,
VocabQuestionAdminDefault,VocabAnswerAdminID,No,,,,
VocabQuestionAdminDefault,DefaultDescription,No,,,,
VocabQuestionAdminDefault,CreatedBy,No,,,,
VocabQuestionAdminDefault,CreateDate,Yes,STATIC_OFFSET,,,
VocabQuestionAdminDefault,LastChangedBy,No,,,,
VocabQuestionAdminDefault,LastChangedDate,Yes,STATIC_OFFSET,,,
VocabQuestionAdminDefault,nd_auto_increment_id,No,,,,
VocabQuestionAdminDSOverrideImport,DataSourceFacilityID,No,,,,
VocabQuestionAdminDSOverrideImport,DataSourceFacilityName,Yes,MASK,DataSourceFacilityName,,
VocabQuestionAdminDSOverrideImport,OrdConceptID,No,,,,
VocabQuestionAdminDSOverrideImport,OrdConceptShortName,No,,,,
VocabQuestionAdminDSOverrideImport,DSFOrderCode,No,,,,
VocabQuestionAdminDSOverrideImport,VocabQuestionAdminID,No,,,,
VocabQuestionAdminDSOverrideImport,VocabQuestionName,No,,,,
VocabQuestionAdminDSOverrideImport,DSFQuestionCode,No,,,,
VocabQuestionAdminDSOverrideImport,DSFOverrideCode,No,,,,
VocabQuestionAdminDSOverrideImport,nd_auto_increment_id,No,,,,
VocabQuestionAdminOrderCode,VocabQuestionAdminID,No,,,,
VocabQuestionAdminOrderCode,DataSourceFacilityID,No,,,,
VocabQuestionAdminOrderCode,OrderCode,No,,,,
VocabQuestionAdminOrderCode,QuestionSequenceNo,No,,,,
VocabQuestionAdminOrderCode,nd_auto_increment_id,No,,,,
VocabQuestionAdminQuestionCode,VocabQuestionAdminID,No,,,,
VocabQuestionAdminQuestionCode,QuestionCode,No,,,,
VocabQuestionAdminQuestionCode,DataSourceFacilityID,Yes,MASK,DataSourceFacilityID,,
VocabQuestionAdminQuestionCode,nd_auto_increment_id,No,,,,
VocabQuestionAnswerCategory,VocabQuestionAnswerCategoryID,No,,,,
VocabQuestionAnswerCategory,VocabQuestionAnswerCategoryDesc,No,,,,
VocabQuestionAnswerCategory,Enabled,No,,,,
VocabQuestionAnswerCategory,nd_auto_increment_id,No,,,,
VocabQuestionResponseType,VocabQuestionResponseTypeID,No,,,,
VocabQuestionResponseType,ResponseType,No,,,,
VocabQuestionResponseType,nd_auto_increment_id,No,,,,
VocabQuestionSet,VocabQuestionSetID,No,,,,
VocabQuestionSet,QuestionSetName,No,,,,
VocabQuestionSet,QuestionSetDefinition,No,,,,
VocabQuestionSet,CreatedBy,No,,,,
VocabQuestionSet,CreateDate,Yes,STATIC_OFFSET,,,
VocabQuestionSet,LastChangedBy,No,,,,
VocabQuestionSet,LastChangedDate,Yes,STATIC_OFFSET,,,
VocabQuestionSet,Enabled,No,,,,
VocabQuestionSet,nd_auto_increment_id,No,,,,
VocabQuestionSetVocabQuestionAdmin,VocabQuestionSetVocabQuestionAdminID,No,,,,
VocabQuestionSetVocabQuestionAdmin,VocabQuestionAdminID,No,,,,
VocabQuestionSetVocabQuestionAdmin,VocabQuestionSetID,No,,,,
VocabQuestionSetVocabQuestionAdmin,Sequence,No,,,,
VocabQuestionSetVocabQuestionAdmin,nd_auto_increment_id,No,,,,
VocabUOMAdminCategoryStaging,UOMCategoryID,No,,,,
VocabUOMAdminCategoryStaging,UOMConceptId,No,,,,
VocabUOMAdminCategoryStaging,nd_auto_increment_id,No,,,,
VocabUOMAdminStaging,UOMConceptId,No,,,,
VocabUOMAdminStaging,ShortName,No,,,,
VocabUOMAdminStaging,UOMBaseConceptId,No,,,,
VocabUOMAdminStaging,UOMConversionValue,No,,,,
VocabUOMAdminStaging,UOMConversionOffset,No,,,,
VocabUOMAdminStaging,Enabled,No,,,,
VocabUOMAdminStaging,nd_auto_increment_id,No,,,,
VocabUOMBaseConceptStaging,UOMBaseConceptId,No,,,,
VocabUOMBaseConceptStaging,Enabled,No,,,,
VocabUOMBaseConceptStaging,nd_auto_increment_id,No,,,,
VocabUOMCategoryStaging,UOMCategoryID,No,,,,
VocabUOMCategoryStaging,Description,No,,,,
VocabUOMCategoryStaging,Enabled,No,,,,
VocabUOMCategoryStaging,nd_auto_increment_id,No,,,,
Work,WorkID,No,,,,
Work,WorkDesc,No,,,,
Work,WorkLongDesc,No,,,,
Work,CreateUser,No,,,,
Work,CreateDate,Yes,STATIC_OFFSET,,,
Work,LastModifiedUser,No,,,,
Work,LastModifiedDate,Yes,STATIC_OFFSET,,,
Work,Enabled,No,,,,
Work,nd_auto_increment_id,No,,,,
WorkStatus,WorkStatusID,No,,,,
WorkStatus,LocalName,Yes,MASK,LocalName,,
WorkStatus,SystemName,No,,,,
WorkStatus,Description,No,,,,
WorkStatus,IsDefaultField,No,,,,
WorkStatus,Enabled,No,,,,
WorkStatus,nd_auto_increment_id,No,,,,
WorkTrigger,WorkTriggerID,No,,,,
WorkTrigger,WorkID,No,,,,
WorkTrigger,PrimeSuiteTriggerID,No,,,,
WorkTrigger,CreateUser,No,,,,
WorkTrigger,CreateDate,Yes,STATIC_OFFSET,,,
WorkTrigger,LastModifiedUser,No,,,,
WorkTrigger,LastModifiedDate,Yes,STATIC_OFFSET,,,
WorkTrigger,Enabled,No,,,,
WorkTrigger,nd_auto_increment_id,No,,,,
WorkTriggerInterface,WorkTriggerInterfaceID,No,,,,
WorkTriggerInterface,WorkTriggerID,No,,,,
WorkTriggerInterface,InterfaceDistributorID,No,,,,
WorkTriggerInterface,InterfaceEventTypeID,No,,,,
WorkTriggerInterface,InterfaceGroupID,No,,,,
WorkTriggerInterface,CreateUser,No,,,,
WorkTriggerInterface,CreateDate,Yes,STATIC_OFFSET,,,
WorkTriggerInterface,LastModifiedUser,No,,,,
WorkTriggerInterface,LastModifiedDate,Yes,STATIC_OFFSET,,,
WorkTriggerInterface,Enabled,No,,,,
WorkTriggerInterface,nd_auto_increment_id,No,,,,
zz_ClinicalDiagProcedureLinkExport_D33423_Backup,ProcedureID,No,,,,
zz_ClinicalDiagProcedureLinkExport_D33423_Backup,DiagID,No,,,,
zz_ClinicalDiagProcedureLinkExport_D33423_Backup,Sequence,No,,,,
zz_ClinicalDiagProcedureLinkExport_D33423_Backup,nd_auto_increment_id,No,,,,
zz_ClinicalProcedureExport_D33423_Backup,ProcedureID,No,,,,
zz_ClinicalProcedureExport_D33423_Backup,DocumentID,No,,,,
zz_ClinicalProcedureExport_D33423_Backup,Unit,No,,,,
zz_ClinicalProcedureExport_D33423_Backup,Description,No,,,,
zz_ClinicalProcedureExport_D33423_Backup,DocumentVersion,No,,,,
zz_ClinicalProcedureExport_D33423_Backup,Disabled,No,,,,
zz_ClinicalProcedureExport_D33423_Backup,Processed,No,,,,
zz_ClinicalProcedureExport_D33423_Backup,Billable,No,,,,
zz_ClinicalProcedureExport_D33423_Backup,Mod4,No,,,,
zz_ClinicalProcedureExport_D33423_Backup,Mod3,No,,,,
zz_ClinicalProcedureExport_D33423_Backup,Mod2,No,,,,
zz_ClinicalProcedureExport_D33423_Backup,Mod1,No,,,,
zz_ClinicalProcedureExport_D33423_Backup,OrdersTrackingOrderID,No,,,,
zz_ClinicalProcedureExport_D33423_Backup,nd_auto_increment_id,No,,,,
zz_ClinicalProcedureMasterExport_D33423_Backup,ID,No,,,,
zz_ClinicalProcedureMasterExport_D33423_Backup,ProcedureID,No,,,,
zz_ClinicalProcedureMasterExport_D33423_Backup,ProcedureMasterID,No,,,,
zz_ClinicalProcedureMasterExport_D33423_Backup,ProcedureCode,No,,,,
zz_ClinicalProcedureMasterExport_D33423_Backup,nd_auto_increment_id,No,,,,
