TABLE_NAME,COLUMN_NAME,IS_PHI,DE_IDENTIFICATION_RULE,MASK_VALUE,REFERENCE_PATIENT_ID,REFERENCE_ENCOUNTER_ID
x12ebs,id,No,,,,
x12ebs,SubmissionId,Yes,MASK,SubmissionId,,
x12ebs,TnsRowId,No,,,,
x12ebs,ClearingHouseId,No,,,,
x12ebs,ProviderId,No,,,,
x12ebs,PatientId,Yes,PATIENT_ID,,,
x12ebs,EncounterId,Yes,ENCOUNTER_ID,,,
x12ebs,TnsType,No,,,,
x12ebs,LoopId,No,,,,
x12ebs,ElementId,No,,,,
x12ebs,EBInfo,No,,,,
x12ebs,CoverageLevelCode,No,,,,
x12ebs,ServiceTypeCode,No,,,,
x12ebs,InsuranceTypeCode,No,,,,
x12ebs,PlanCoverageDescription,No,,,,
x12ebs,TimePeriodQualifier,No,,,,
x12ebs,BenefitAmount,Yes,MASK,BenefitAmount,,
x12ebs,BenefitPercent,No,,,,
x12ebs,QuantityQualifier,No,,,,
x12ebs,BenefitQuantity,No,,,,
x12ebs,AuthOrCertIndicator,No,,,,
x12ebs,InPlanNetworkIndicator,No,,,,
x12ebs,ProductOrServiceIDQualifier,No,,,,
x12ebs,ProcedureCode,No,,,,
x12ebs,ProcedureModifier1,No,,,,
x12ebs,ProcedureModifier2,No,,,,
x12ebs,ProcedureModifier3,No,,,,
x12ebs,ProcedureModifier4,No,,,,
x12ebs,TimeStamp,Yes,DATE_OFFSET,,,
vitalshistory,Id,No,,,,
vitalshistory,encounterID,Yes,ENCOUNTER_ID,,,
vitalshistory,vitalID,No,,,,
vitalshistory,propID,No,,,,
vitalshistory,Value,No,,,,
vitalshistory,UpdatedBy,No,,,,
vitalshistory,UpdatedTime,Yes,DATE_OFFSET,,,
vitalshistory,displayorder,No,,,,
vitalshistory,deleteflag,No,,,,
vitalshistory,value2,Yes,NOTES,,,
vitalshistory,nottaken,No,,,,
vitalshistory,exceptionid,No,,,,
vitalshistory,updatedTimeinUTC,Yes,DATE_OFFSET,,,
vitals,encounterID,Yes,ENCOUNTER_ID,,,
vitals,vitalID,No,,,,
vitals,propID,No,,,,
vitals,value,No,,,,
vitals,Id,No,,,,
vitals,UpdatedBy,No,,,,
vitals,UpdatedTime,Yes,DATE_OFFSET,,,
vitals,defaultValue,No,,,,
vitals,valueHtm,Yes,NOTES,,,
vitals,value2,Yes,NOTES,,,
vitals,nottaken,No,,,,
vitals,exceptionid,No,,,,
users_additionalinfo,users_addl_uid,No,,,,
users_additionalinfo,users_uid,Yes,PATIENT_ID,,,
users_additionalinfo,users_addl_address3,Yes,MASK,users_addl_address3,,
users_additionalinfo,users_addl_district,Yes,MASK,users_addl_district,,
users_additionalinfo,users_addl_workphone,Yes,MASK,users_addl_workphone,,
users_additionalinfo,users_addl_phoneext,Yes,MASK,users_addl_phoneext,,
users_additionalinfo,users_addl_PreferredName,Yes,MASK,users_addl_PreferredName,,
users_additionalinfo,users_addl_PreferredPhoneMethod,Yes,MASK,users_addl_PreferredPhoneMethod,,
users_additionalinfo,users_addl_preferredContactPhone,Yes,MASK,users_addl_preferredContactPhone,,
users_additionalinfo,users_addl_preferredContactWrkPhone,Yes,MASK,users_addl_preferredContactWrkPhone,,
users_additionalinfo,users_addl_preferredContactMobPhone,Yes,MASK,users_addl_preferredContactMobPhone,,
users_additionalinfo,users_addl_preferredContactEmail,Yes,MASK,users_addl_preferredContactEmail,,
users_additionalinfo,users_addl_preferredContactElectronic,Yes,MASK,users_addl_preferredContactElectronic,,
users_additionalinfo,users_addl_preferredContactMail,Yes,MASK,users_addl_preferredContactMail,,
users_additionalinfo,users_addl_preferredContactSMS,Yes,MASK,users_addl_preferredContactSMS,,
users_additionalinfo,users_addl_status,No,,,,
users_additionalinfo,users_addl_homephone,Yes,MASK,users_addl_homephone,,
users_additionalinfo,users_addl_deleteflag,No,,,,
users_additionalinfo,users_addl_countyname,No,,,,
users_additionalinfo,users_addl_countycode,No,,,,
users,uid,Yes,PATIENT_ID,,,
users,uname,Yes,MASK,uname,,
users,upwd,Yes,MASK,upwd,,
users,udesc,No,,,,
users,uroomno,Yes,MASK,uroomno,,
users,umobileno,Yes,MASK,umobileno,,
users,upagerno,Yes,MASK,upagerno,,
users,ufname,Yes,MASK,ufname,,
users,uminitial,Yes,MASK,uminitial,,
users,ulname,Yes,MASK,ulname,,
users,uemail,Yes,MASK,uemail,,
users,uwebpage,Yes,MASK,uwebpage,,
users,upaddress,Yes,MASK,upaddress,,
users,upcity,Yes,MASK,upcity,,
users,upstate,No,,,,
users,upPhone,Yes,MASK,upPhone,,
users,UserType,No,,,,
users,zipcode,Yes,ZIP_CODE,,,
users,dob,Yes,PATIENT_DOB,,,
users,ssn,Yes,MASK,ssn,,
users,mflag,No,,,,
users,updid,No,,,,
users,cdate,Yes,DATE_OFFSET,,,
users,mdate,Yes,DATE_OFFSET,,,
users,sex,No,,,,
users,upaddress2,Yes,MASK,upaddress2,,
users,suffix,Yes,MASK,suffix,,
users,prefix,Yes,MASK,prefix,,
users,initials,Yes,MASK,initials,,
users,ptDob,Yes,PATIENT_DOB,,,
users,delFlag,No,,,,
users,vmid,Yes,MASK,vmid,,
users,status,No,,,,
users,webenabled,No,,,,
users,websync,No,,,,
users,changePass,No,,,,
users,primaryservicelocation,No,,,,
users,upreviousname,Yes,MASK,upreviousname,,
users,IsResource,No,,,,
users,EligibilityStatus,No,,,,
users,OSUUserType,No,,,,
users,DefApptProvForResource,No,,,,
users,locked,No,,,,
users,AllFacilities,No,,,,
users,Emrsex,No,,,,
users,CountryCode,No,,,,
users,transgender,No,,,,
users,EncEligibilityStatus2,No,,,,
users,EligibilityMessage2,No,,,,
users,EncEligibilityStatus3,No,,,,
users,EligibilityMessage3,No,,,,
users,EncEligibilityStatus,No,,,,
users,EligibilityMessage,No,,,,
users,EnterpriseId,No,,,,
users,gestationalAge,Yes,NOTES,,,
users,timeofbirth,No,,,,
users,LANGUAGE,No,,,,
users,county,No,,,,
users,isCredentialed,No,,,,
users,EncEligibilityStatus4,No,,,,
users,EligibilityMessage4,No,,,,
users,ACOUserType,No,,,,
users,credentialschange,No,,,,
users,scheduling_placeholder,No,,,,
users,JobTitle,No,,,,
users,IsFreshScan,No,,,,
users,empcode,No,,,,
users,isBMHashed,No,,,,
users,displayresourcenameonpn,No,,,,
users,RxSuffix,No,,,,
users,RxJobTitle,No,,,,
users,epcsPassword,Yes,MASK,epcsPassword,,
users,newUserFlag,No,,,,
users,Effectivestartdate,Yes,DATE_OFFSET,,,
users,Effectiveenddate,Yes,DATE_OFFSET,,,
users,countycode,No,,,,
users,userAccess,No,,,,
users,is_patientsafetyofficer,No,,,,
users,healowPlusAccess,No,,,,
treatmentnotes,EncounterId,Yes,ENCOUNTER_ID,,,
treatmentnotes,AsmtId,No,,,,
treatmentnotes,Notes,Yes,NOTES,,,
treatmentnotes,NotesHTML,Yes,NOTES,,,
telenc,TicketID,No,,,,
telenc,encounterId,Yes,ENCOUNTER_ID,,,
telenc,uid,Yes,PATIENT_ID,,,
telenc,Caller,Yes,NOTES,,,
telenc,message,Yes,NOTES,,,
telenc,actiontaken,Yes,NOTES,,,
telenc,priority,No,,,,
telenc,assignedTo,No,,,,
telenc,assignedToId,No,,,,
telenc,pmcid,Yes,MASK,pmcid,,
telenc,virtualflag,No,,,,
telenc,WebStatus,No,,,,
telenc,TimeTaken,No,,,,
telenc,telencLock,No,,,,
telenc,teldeleteflag,No,,,,
telenc,telencType,No,,,,
telenc,inpatientflag,No,,,,
telenc,refReqId,No,,,,
telenc,source,No,,,,
tblwebmsg,MsgId,No,,,,
tblwebmsg,uid,Yes,PATIENT_ID,,,
tblwebmsg,RefMsgId,No,,,,
tblwebmsg,MsgFrom,Yes,MASK,MsgFrom,,
tblwebmsg,MsgTo,Yes,MASK,MsgTo,,
tblwebmsg,MsgType,No,,,,
tblwebmsg,Priority,No,,,,
tblwebmsg,FolderId,No,,,,
tblwebmsg,SUBJECT,Yes,NOTES,,,
tblwebmsg,Body,Yes,NOTES,,,
tblwebmsg,dtSent,Yes,DATE_OFFSET,,,
tblwebmsg,dtReceived,Yes,DATE_OFFSET,,,
tblwebmsg,dtRead,Yes,DATE_OFFSET,,,
tblwebmsg,dtArchived,Yes,DATE_OFFSET,,,
tblwebmsg,dtDeleted,Yes,DATE_OFFSET,,,
tblwebmsg,encounterId,Yes,ENCOUNTER_ID,,,
tblwebmsg,delflag,No,,,,
tblwebmsg,healthMaintainenceMsg,No,,,,
tblwebmsg,facilityid,No,,,,
tblwebmsg,hasAttachment,No,,,,
tblwebmsg,docId,No,,,,
tblwebmsg,attempts,No,,,,
tblwebmsg,echeckin_details,No,,,,
tblwebmsg,appmessagebody,Yes,NOTES,,,
tblportalcontactsdecrypted,id,No,,,,
tblportalcontactsdecrypted,contactId,Yes,PATIENT_ID,,,
tblportalcontactsdecrypted,pid,Yes,PATIENT_ID,,,
tblportalcontactsdecrypted,name,Yes,MASK,name,,
tblportalcontactsdecrypted,relation,No,,,,
tblportalcontactsdecrypted,address,Yes,MASK,address,,
tblportalcontactsdecrypted,address2,Yes,MASK,address2,,
tblportalcontactsdecrypted,city,Yes,MASK,city,,
tblportalcontactsdecrypted,state,No,,,,
tblportalcontactsdecrypted,zipcode,Yes,ZIP_CODE,,,
tblportalcontactsdecrypted,homePhone,Yes,MASK,homePhone,,
tblportalcontactsdecrypted,workPhone,Yes,MASK,workPhone,,
tblportalcontactsdecrypted,delflag,No,,,,
tblportalcontactsdecrypted,contactType,No,,,,
tblportalcontactsdecrypted,timeVal,Yes,DATE_OFFSET,,,
tblportalcontactsdecrypted,isFamilyMember,No,,,,
tblportalcontactsdecrypted,isEmergencyContact,Yes,MASK,isEmergencyContact,,
tblportalcontactsdecrypted,dob,Yes,PATIENT_DOB,,,
tblportalcontactsdecrypted,doi,No,,,,
tblportalcontactsdecrypted,cellPhone,Yes,MASK,cellPhone,,
surgicalhistory,encounterID,Yes,ENCOUNTER_ID,,,
surgicalhistory,reason,Yes,NOTES,,,
surgicalhistory,date,Yes,NOTES,,,
surgicalhistory,displayIndex,No,,,,
surgicalhistory,cptcode,No,,,,
surgicalhistory,occsurgflag,No,,,,
surescript_reqotherinfo,ReqInfoID,No,,,,
surescript_reqotherinfo,RxType,No,,,,
surescript_reqotherinfo,MessageID,No,,,,
surescript_reqotherinfo,RelatedMessageID,No,,,,
surescript_reqotherinfo,Supvr_SPI,No,,,,
surescript_reqotherinfo,Supvr_PriorAuth,No,,,,
surescript_reqotherinfo,Supvr_Prefix,No,,,,
surescript_reqotherinfo,Supvr_FName,No,,,,
surescript_reqotherinfo,Supvr_MName,No,,,,
surescript_reqotherinfo,Supvr_LName,No,,,,
surescript_reqotherinfo,Supvr_Suffix,No,,,,
surescript_reqotherinfo,Supvr_AddressLine1,Yes,MASK,Supvr_AddressLine1,,
surescript_reqotherinfo,Supvr_AddressLine2,Yes,MASK,Supvr_AddressLine2,,
surescript_reqotherinfo,Supvr_City,Yes,MASK,Supvr_City,,
surescript_reqotherinfo,Supvr_State,No,,,,
surescript_reqotherinfo,Supvr_ZipCode,Yes,ZIP_CODE,,,
surescript_reqotherinfo,Supvr_Tel,Yes,MASK,Supvr_Tel,,
surescript_reqotherinfo,Supvr_Mobile,Yes,MASK,Supvr_Mobile,,
surescript_reqotherinfo,Supvr_Pager,Yes,MASK,Supvr_Pager,,
surescript_reqotherinfo,PriRxDiagnosisQualifier,No,,,,
surescript_reqotherinfo,PriRxDiagnosisValue,No,,,,
surescript_reqotherinfo,ClinicalInformationQualifier,No,,,,
surescript_reqotherinfo,PriorAuthQualifier,No,,,,
surescript_reqotherinfo,PriorAuthValue,No,,,,
surescript_reqotherinfo,MD_PriRxDiagnosisQualifier,No,,,,
surescript_reqotherinfo,MD_PriRxDiagnosisValue,No,,,,
surescript_reqotherinfo,MD_ClinicalInformationQualifier,No,,,,
surescript_reqotherinfo,MD_PriorAuthQualifier,No,,,,
surescript_reqotherinfo,MD_PriorAuthValuevar,No,,,,
surescript_reqotherinfo,MD_PriorAuthValue,No,,,,
surescript_reqotherinfo,changeReasonText,Yes,NOTES,,,
surescript_reqotherinfo,messageRequestSubCodes,No,,,,
surescript_eprescription,ReqID,No,,,,
surescript_eprescription,RxType,No,,,,
surescript_eprescription,MessageID,No,,,,
surescript_eprescription,RelatedMessageID,No,,,,
surescript_eprescription,SentTo,Yes,MASK,SentTo,,
surescript_eprescription,SentFrom,Yes,MASK,SentFrom,,
surescript_eprescription,SentTime,Yes,DATE_OFFSET,,,
surescript_eprescription,MessageText,Yes,NOTES,,,
surescript_eprescription,StatusDesc,No,,,,
surescript_eprescription,AttemptNo,No,,,,
surescript_eprescription,LastAttemptTimeStamp,Yes,DATE_OFFSET,,,
surescript_eprescription,PatientID,Yes,PATIENT_ID,,,
surescript_eprescription,encounterID,Yes,ENCOUNTER_ID,,,
surescript_eprescription,Patient_FName,Yes,MASK,Patient_FName,,
surescript_eprescription,Patient_LName,Yes,MASK,Patient_LName,,
surescript_eprescription,Patient_MName,Yes,MASK,Patient_MName,,
surescript_eprescription,DateOfBirth,Yes,PATIENT_DOB,,,
surescript_eprescription,Sex,No,,,,
surescript_eprescription,Ssn,Yes,MASK,Ssn,,
surescript_eprescription,AddressLine1,Yes,MASK,AddressLine1,,
surescript_eprescription,AddressLine2,Yes,MASK,AddressLine2,,
surescript_eprescription,City,Yes,MASK,City,,
surescript_eprescription,State,No,,,,
surescript_eprescription,ZipCode,Yes,ZIP_CODE,,,
surescript_eprescription,patient_primaryphone,Yes,MASK,patient_primaryphone,,
surescript_eprescription,Patient_CellPhone,Yes,MASK,Patient_CellPhone,,
surescript_eprescription,Patient_Fax,Yes,MASK,Patient_Fax,,
surescript_eprescription,Patient_Email,Yes,MASK,Patient_Email,,
surescript_eprescription,DoctorID,No,,,,
surescript_eprescription,SPI,Yes,MASK,SPI,,
surescript_eprescription,StateLicenseNumber,Yes,MASK,StateLicenseNumber,,
surescript_eprescription,doc_ssn,Yes,MASK,doc_ssn,,
surescript_eprescription,DEANo,No,,,,
surescript_eprescription,doc_FName,No,,,,
surescript_eprescription,doc_LName,No,,,,
surescript_eprescription,doc_MName,No,,,,
surescript_eprescription,doc_suffix,No,,,,
surescript_eprescription,Speciality,No,,,,
surescript_eprescription,SpecialityCode,No,,,,
surescript_eprescription,doc_AddressLine1,Yes,MASK,doc_AddressLine1,,
surescript_eprescription,doc_AddressLine2,Yes,MASK,doc_AddressLine2,,
surescript_eprescription,doc_City,Yes,MASK,doc_City,,
surescript_eprescription,doc_State,No,,,,
surescript_eprescription,doc_Zipcode,Yes,ZIP_CODE,,,
surescript_eprescription,doc_Primaryphone,Yes,MASK,doc_Primaryphone,,
surescript_eprescription,doc_Pagerno,Yes,MASK,doc_Pagerno,,
surescript_eprescription,doc_Mobilephone,Yes,MASK,doc_Mobilephone,,
surescript_eprescription,PharmacyID,Yes,MASK,PharmacyID,,
surescript_eprescription,NCPDPID,Yes,MASK,NCPDPID,,
surescript_eprescription,PharmacyName,Yes,MASK,PharmacyName,,
surescript_eprescription,Pharmacy_AddressLine1,Yes,MASK,Pharmacy_AddressLine1,,
surescript_eprescription,Pharmacy_City,Yes,MASK,Pharmacy_City,,
surescript_eprescription,Pharmacy_State,No,,,,
surescript_eprescription,Pharmacy_Zipcode,Yes,ZIP_CODE,,,
surescript_eprescription,Pharmacy_Phone,Yes,MASK,Pharmacy_Phone,,
surescript_eprescription,Pharmacy_Fax,Yes,MASK,Pharmacy_Fax,,
surescript_eprescription,Pharmacy_Email,Yes,MASK,Pharmacy_Email,,
surescript_eprescription,DrugDescription,No,,,,
surescript_eprescription,ProductCode,No,,,,
surescript_eprescription,ProductCodeQualifier,No,,,,
surescript_eprescription,DosageForm,No,,,,
surescript_eprescription,Strength,No,,,,
surescript_eprescription,StrengthUnits,No,,,,
surescript_eprescription,DrugDBCode,No,,,,
surescript_eprescription,DrugDBCodeQualifier,No,,,,
surescript_eprescription,Frequency,No,,,,
surescript_eprescription,duration,No,,,,
surescript_eprescription,Quantity,No,,,,
surescript_eprescription,Take,No,,,,
surescript_eprescription,Refills,No,,,,
surescript_eprescription,SubsMedAllowed,No,,,,
surescript_eprescription,comments,Yes,NOTES,,,
surescript_eprescription,XMLData,Yes,MASK,XMLData,,
surescript_eprescription,XMLResponseData,Yes,MASK,XMLResponseData,,
surescript_eprescription,RefillsQualifier,No,,,,
surescript_eprescription,bAsynMsgPostedToDoc,No,,,,
surescript_eprescription,bVerified,No,,,,
surescript_eprescription,ScriptVersion,No,,,,
surescript_eprescription,SentBy,No,,,,
surescript_eprescription,RxhubId,No,,,,
surescript_eprescription,RouteSource,No,,,,
surescript_eprescription,Addressed,No,,,,
surescript_eprescription,AddressedBy,No,,,,
surescript_eprescription,PrescriberOrderNo,No,,,,
surescript_eprescription,SentById,No,,,,
surescript_eprescription,IpAddress,Yes,MASK,IpAddress,,
surescript_eprescription,isVoiceMsgSent,No,,,,
surescript_eprescription,isTextMsgSent,No,,,,
surescript_eprescription,rxOrderNo,No,,,,
surescript_eprescription,DEASchedule,No,,,,
surescript_eprescription,TxMode,No,,,,
surescript_eprescription,structuredCodifiedSigSent,No,,,,
surescript_eprescription,StatusCode,No,,,,
surescript_changerxoptions,ReqID,No,,,,
surescript_changerxoptions,SeqID,No,,,,
surescript_changerxoptions,MessageID,No,,,,
surescript_changerxoptions,ChangeRxType,No,,,,
surescript_changerxoptions,DrugDescription,No,,,,
surescript_changerxoptions,ProductCode,No,,,,
surescript_changerxoptions,ProductCodeQualifier,No,,,,
surescript_changerxoptions,DosageForm,No,,,,
surescript_changerxoptions,Strength,No,,,,
surescript_changerxoptions,StrengthUnits,No,,,,
surescript_changerxoptions,DrugDBCode,No,,,,
surescript_changerxoptions,DrugDBCodeQualifier,No,,,,
surescript_changerxoptions,duration,No,,,,
surescript_changerxoptions,Quantity,No,,,,
surescript_changerxoptions,QuantityQualifier,No,,,,
surescript_changerxoptions,Take,No,,,,
surescript_changerxoptions,Refills,No,,,,
surescript_changerxoptions,RefillsQualifier,No,,,,
surescript_changerxoptions,SubsMedAllowed,No,,,,
surescript_changerxoptions,Comments,No,,,,
surescript_changerxoptions,WrittenDate,Yes,DATE_OFFSET,,,
surescript_changerxoptions,LastFillDate,Yes,DATE_OFFSET,,,
surescript_changerxoptions,PriRxDiagnosisQualifier,No,,,,
surescript_changerxoptions,PriRxDiagnosisValue,No,,,,
surescript_changerxoptions,ClinicalInformationQualifier,No,,,,
surescript_changerxoptions,PriorAuthQualifier,No,,,,
surescript_changerxoptions,PriorAuthValue,No,,,,
surescript_changerxoptions,DEASchedule,No,,,,
surescript_changerxoptions,PayerName,No,,,,
surescript_changerxoptions,CardholderID,Yes,MASK,CardholderID,,
surescript_changerxoptions,GroupID,No,,,,
surescript_changerxoptions,CardholderName,Yes,MASK,CardholderName,,
surescript_changerxoptions,PayorId,Yes,MASK,PayorId,,
surescript_changerxoptions,PlanNetIdNo,Yes,MASK,PlanNetIdNo,,
surescript_changerxoptions,EffectiveDate,Yes,DATE_OFFSET,,,
structured_data,id,No,,,,
structured_data,DATA,Yes,NOTES,,,
structured_data,encounterid,Yes,ENCOUNTER_ID,,,
structured_data,deleteflag,No,,,,
structured_data,filename,Yes,NOTES,,,
structured_data,userId,No,,,,
structured_data,device,No,,,,
structured_data,lastupdated,Yes,DATE_OFFSET,,,
structured_data,scriberesponse,No,,,,
structsocialhistory,encounterId,Yes,ENCOUNTER_ID,,,
structsocialhistory,catId,No,,,,
structsocialhistory,itemId,No,,,,
structsocialhistory,detailId,No,,,,
structsocialhistory,value,Yes,NOTES,,,
structsocialhistory,valueId,No,,,,
structsocialhistory,notes,Yes,NOTES,,,
structsocialhistory,chartdisplay,No,,,,
structsocialhistory,displayindex,No,,,,
structsocialhistory,id,No,,,,
structsocialhistory,importFromPortal,No,,,,
structpreventive,encounterId,Yes,ENCOUNTER_ID,,,
structpreventive,catId,No,,,,
structpreventive,itemId,No,,,,
structpreventive,detailId,No,,,,
structpreventive,value,Yes,NOTES,,,
structpreventive,valueId,No,,,,
structpreventive,notes,Yes,NOTES,,,
structpreventive,chartdisplay,No,,,,
structpreventive,displayIndex,No,,,,
structpreventive,id,No,,,,
structdemographics,patientId,Yes,PATIENT_ID,,,
structdemographics,catId,No,,,,
structdemographics,itemId,No,,,,
structdemographics,detailId,No,,,,
structdemographics,value,No,NOTES,,,
structdemographics,valueId,No,,,,
structdemographics,notes,Yes,NOTES,,,
structdemographics,chartdisplay,No,,,,
structdemographics,displayIndex,No,,,,
structdemographics,Id,No,,,,
structdemographics,deleteflag,No,,,,
structdemographics,lastUpdate,Yes,DATE_OFFSET,,,
structdemographics,websync,No,,,,
social,encounterID,Yes,ENCOUNTER_ID,,,
social,catID,No,,,,
social,itemID,No,,,,
social,propID,No,,,,
social,value,Yes,NOTES,,,
social,displayIndex,No,,,,
rxhub_rxhistory,RxHubRxHistoryId,No,,,,
rxhub_rxhistory,PatientId,Yes,PATIENT_ID,,,
rxhub_rxhistory,EncounterId,Yes,ENCOUNTER_ID,,,
rxhub_rxhistory,PvdFirstName,No,,,,
rxhub_rxhistory,PvdMiddleName,No,,,,
rxhub_rxhistory,PvdLastName,No,,,,
rxhub_rxhistory,PvdSuffix,No,,,,
rxhub_rxhistory,PvdPrefix,No,,,,
rxhub_rxhistory,NDCCode,No,,,,
rxhub_rxhistory,DrugName,No,,,,
rxhub_rxhistory,Strength,No,,,,
rxhub_rxhistory,StrengthUnits,No,,,,
rxhub_rxhistory,Formulation,No,,,,
rxhub_rxhistory,Quantity1,No,,,,
rxhub_rxhistory,Quantity2,No,,,,
rxhub_rxhistory,QuantityUnit1,No,,,,
rxhub_rxhistory,QuantityUnit2,No,,,,
rxhub_rxhistory,QuantityCode1,No,,,,
rxhub_rxhistory,QuantityCode2,No,,,,
rxhub_rxhistory,Refills,No,,,,
rxhub_rxhistory,Direction,No,,,,
rxhub_rxhistory,LongDrugName1,No,,,,
rxhub_rxhistory,LongDrugName2,No,,,,
rxhub_rxhistory,LongDrugName3,No,,,,
rxhub_rxhistory,LastFillDate,Yes,DATE_OFFSET,,,
rxhub_rxhistory,MoreHistoryAvailable,No,,,,
rxhub_rxhistory,RxHistoryReqDate,Yes,DATE_OFFSET,,,
rxhub_rxhistory,NCPDPID,Yes,MASK,NCPDPID,,
rxhub_rxhistory,PharmacyName,Yes,MASK,PharmacyName,,
rxhub_rxhistory,PharmacyCity,Yes,MASK,PharmacyCity,,
rxhub_rxhistory,DaysSupply,No,,,,
rxhub_rxhistory,SourceName,Yes,NOTES,,,
rxhub_rxhistory,writtendate,Yes,DATE_OFFSET,,,
rxhub_rxhistory,primaryDiagnosisCode,No,,,,
rxhub_rxhistory,primaryDiagnosisQualifier,No,,,,
rxhub_rxhistory,primaryDiagnosisDescription,No,,,,
rxhub_rxhistory,secondaryDiagnosisCode,No,,,,
rxhub_rxhistory,secondaryDiagnosisQualifier,No,,,,
rxhub_rxhistory,secondaryDiagnosisDescription,No,,,,
rxhub_rxhistory,refillRemaining,No,,,,
rxhub_rxhistory,pvdFacility,Yes,MASK,pvdFacility,,
rxhub_rxhistory,pharmacyaddress,Yes,MASK,pharmacyaddress,,
rxhub_rxhistory,pharmacystate,No,,,,
rxhub_rxhistory,pharmacyzip,Yes,ZIP_CODE,,,
rx_medication_alert,id,No,,,,
rx_medication_alert,itemid,No,,,,
rx_medication_alert,encounterid,Yes,ENCOUNTER_ID,,,
rx_medication_alert,rxOrderNo,No,,,,
rx_medication_alert,NDCCode,No,,,,
rx_medication_alert,medName,No,,,,
rx_medication_alert,userid,No,,,,
rx_medication_alert,encDate,Yes,DATE_OFFSET,,,
rx_medication_alert,encTime,No,,,,
rx_medication_alert,addedDateTime,Yes,DATE_OFFSET,,,
rx_medication_alert,isAlertActive,No,,,,
rx_medication_alert,patientid,Yes,PATIENT_ID,,,
rx_medication_alert,rxComment,Yes,NOTES,,,
rx_medication_alert,userName,No,MASK,userName,,
rx_medication_alert,oldrxid,No,,,,
rx_medication_alert,TYPE,No,,,,
review,encounterID,Yes,ENCOUNTER_ID,,,
review,catID,No,,,,
review,itemID,No,,,,
review,propID,No,,,,
review,value,Yes,NOTES,,,
review,value2,Yes ,NOTES,,,
review,displayIndex,No,,,,
registry_currentmeds,Id,No,,,,
registry_currentmeds,PatientId,Yes,PATIENT_ID,,,
registry_currentmeds,ItemId,No,,,,
registry_currentmeds,encounterid,Yes,ENCOUNTER_ID,,,
referral,ReferralId,No,,,,
referral,patientID,Yes,PATIENT_ID,,,
referral,insId,Yes,MASK,insId,,
referral,refFrom,No,,,,
referral,authNo,No,,,,
referral,date,Yes,DATE_OFFSET,,,
referral,reason,Yes,NOTES,,,
referral,diagnosis,No,,,,
referral,refStDate,Yes,DATE_OFFSET,,,
referral,refEnddate,Yes,DATE_OFFSET,,,
referral,visitsAllowed,No,,,,
referral,visitsUsed,No,,,,
referral,RefTo,No,,,,
referral,notes,Yes,NOTES,,,
referral,deleteFlag,No,,,,
referral,referralType,No,,,,
referral,priority,No,,,,
referral,assignedto,No,,,,
referral,assignedToId,No,,,,
referral,status,No,,,,
referral,authtype,No,,,,
referral,procedures,No,,,,
referral,fromfacility,No,,,,
referral,ToFacility,No,,,,
referral,speciality,No,,,,
referral,POS,No,,,,
referral,UnitType,No,,,,
referral,FrontOfficeAuth,No,,,,
referral,ReferralNumber,No,,,,
referral,apptDate,Yes,DATE_OFFSET,,,
referral,clinicalNotes,Yes,NOTES,,,
referral,ReceivedDate,Yes,DATE_OFFSET,,,
referral,refEncId,Yes,ENCOUNTER_ID,,,
referral,ApptTime,No,DATE_OFFSET,,,
referral,extNHXApptBlockId,No,,,,
referral,extNHXRefTxId,No,,,,
referral,refReqId,No,,,,
referral,refFromP2pNPI,Yes ,MASK,refFromP2pNPI,,
referral,refFromName,Yes,MASK,refFromName,,
referral,refToP2pNPI,Yes,MASK,refToP2pNPI,,
referral,refToName,Yes,MASK,refToName,,
referral,uploadedToPtDocs,No,,,,
referral,modifiedDate,Yes,MASK,modifiedDate,,
referral,refToCCNameList,Yes,MASK,refToCCNameList,,
referral,refToCCNPIList,Yes,MASK,refToCCNPIList,,
referral,p2pDeliveryStatus,No,,,,
referral,statusUpdateDate,Yes,DATE_OFFSET,,,
referral,ccdaValidationStatus,No,,,,
referral,fromDirectAddress,Yes,MASK,fromDirectAddress,,
referral,toDirectAddress,Yes,MASK,toDirectAddress,,
referral,isVoiceMsgSent,No,,,,
referral,isTextMsgSent,No,,,,
referral,quesAnsGuid,No,,,,
referral,innetwork,No,,,,
referral,faxreferralxml,Yes,MASK,faxreferralxml,,
referral,isHealowAppt,No,,,,
referral,transportationRequired,No,,,,
referral,approvalReq,No,,,,
referral,approvalstatus,No,,,,
referral,EMCodes,No,,,,
referral,subStatus,No,,,,
referral,subStatusId,No,,,,
referral,isHISPTxCapable,No,,,,
referral,isReceiverFTPEnabled,No,,,,
referral,totalAttSize,No,,,,
referral,PMReferralId,No,,,,
referral,referralsubType,No,,,,
referral,cptunitsallowed,No,,,,
referral,cptunitsused,No,,,,
referral,transmissionMethod,No,,,,
referral,isConsultNoteAttached,No,,,,
referral,notify_portal,No,,,,
referral,referral360id,No,,,,
recelectroniclabresults,MessageId,No,,,,
recelectroniclabresults,processedResult,Yes,NOTES,,,
recelectroniclabresults,comments,Yes,NOTES,,,
recelectroniclabresults,ReviewerId,No,,,,
recelectroniclabresults,actiontaken,No,,,,
recelectroniclabresults,ModifiedDateTime,Yes,MASK,ModifiedDateTime,,
recelectroniclabresults,facilityId,No,,,,
raceothers,Id,No,,,,
raceothers,pid,Yes,PATIENT_ID,,,
raceothers,name,No,,,,
raceothers,code,No,,,,
questionnairemaster,Id,No,,,,
questionnairemaster,NAME,No,,,,
questionnairemaster,description,No,,,,
questionnairemaster,TYPE,No,,,,
questionnairemaster,noOfPages,No,,,,
questionnairemaster,delFlag,No,,,,
questionnairemaster,responseCount,No,,,,
questionnairemaster,createdBy,No,,,,
questionnairemaster,createdDateTime,No,,,,
questionnairemaster,modifiedBy,No,,,,
questionnairemaster,modifiedDateTime,No,,,,
questionnairemaster,webSync,No,,,,
questionnairemaster,deletedBy,No,,,,
questionnairemaster,deletedDateTime,No,,,,
questionnairemaster,genderid,No,,,,
questionnairemaster,frommonth,No,,,,
questionnairemaster,tomonth,No,,,,
questionnairemaster,fromyear,No,,,,
questionnairemaster,toyear,No,,,,
questionnairedata,id,No,,,,
questionnairedata,Id,No,,,,
questionnairedata,Uid,Yes,PATIENT_ID,,,
questionnairedata,DocName,No,,,,
questionnairedata,value,Yes,NOTES,,,
questionnairedata,pagenum,No,,,,
questionnairedata,dataImported,No,,,,
questionnairedata,tempuid,No,,,,
questionnairedata,dtStatusChanged,Yes,DATE_OFFSET,,,
questionnairedata,encId,Yes,ENCOUNTER_ID,,,
questionnairedata,completed,No,,,,
questionnairedata,lastSubmittedQuestion,No,,,,
questionnairedata,uploadDateTime,Yes,DATE_OFFSET,,,
questionnairedata,source,No,,,,
questionnairedata,logTimeStamp,Yes,DATE_OFFSET,,,
questionnairedata,importedBy,No,,,,
questionnairedata,dtimported,Yes,DATE_OFFSET,,,
questionnairedata,actionTaken,No,,,,
questionnairedata,proxyuid,Yes,PATIENT_ID,,,
questionnairedata,ptSubmitTimestamp,Yes,DATE_OFFSET,,,
questionnairedata,msgguid,No,,,,
questionnairedata,questType,No,,,,
ptinstruction,EncounterId,Yes,ENCOUNTER_ID,,,
ptinstruction,AsmtId,No,,,,
ptinstruction,Notes,Yes,NOTES,,,
ptinstruction,NotesHTML,Yes,NOTES,,,
providermobilesettings,id,No,,,,
providermobilesettings,MsgTypeId,No,,,,
providermobilesettings,providerid,No,,,,
providermobilesettings,fieldvalue,No,,,,
providermobilesettings,datemodified,No,,,,
providermobilesettings,portalsync,No,,,,
progressnotes,encounterID,Yes,ENCOUNTER_ID,,,
progressnotes,summary,Yes,NOTES,,,
progressnotes,xslId,No,,,,
progressnotes,unlocked,No,,,,
progressnotes,ModifyDate,Yes,DATE_OFFSET,,,
progressnotes,ModifyDate2,Yes,DATE_OFFSET,,,
progressnotes,regionName,No,,,,
procedurespl,encounterId,Yes,ENCOUNTER_ID,,,
procedurespl,catID,No,,,,
procedurespl,itemID,No,,,,
procedurespl,propID,No,,,,
procedurespl,value,Yes,NOTES,,,
procedurespl,displayIndex,No,,,,
procedurespl,VALUE2,Yes,NOTES,,,
procedurespl,noofwounds,No,,,,
problemlist,patientId,Yes,PATIENT_ID,,,
problemlist,encounterId,Yes,ENCOUNTER_ID,,,
problemlist,asmtId,No,,,,
problemlist,specify,Yes,NOTES,,,
problemlist,notes,Yes,NOTES,,,
problemlist,deleteFlag,No,,,,
problemlist,onsetdate,Yes,DATE_OFFSET,,,
problemlist,userid,No,,,,
problemlist,logdate,Yes,DATE_OFFSET,,,
problemlist,inactiveFlag,No,,,,
problemlist,WUStatus,No,,,,
problemlist,condition,No,,,,
problemlist,SlNo,No,,,,
problemlist,displayIndex,No,,,,
problemlist,Risk,No,,,,
problemlist,AddedDate,Yes,DATE_OFFSET,,,
problemlist,problemtype,No,,,,
problemlist,Resolved,No,,,,
problemlist,resolvedon,Yes,DATE_OFFSET,,,
problemlist,SNOMED,No,,,,
problemlist,SNOMEDDesc,No,,,,
problemlist,SNOMEDDescID,No,,,,
problemlist,synonymid,No,,,,
prisma_vital_values,id,No,,,,
prisma_vital_values,vitalBatchId,Yes,NOTES,,,
prisma_vital_values,vitalId,No,,,,
prisma_vital_values,vitalSignCode,No,,,,
prisma_vital_values,vitalSign,No,,,,
prisma_vital_values,vitalvalue,No,,,,
prisma_vital_values,vitalUnit,No,,,,
prisma_vital_values,valueText,No,,,,
prisma_vital_values,measurementTime,Yes,DATE_OFFSET,,,
prisma_vital_values,interpretationCode,No,,,,
prisma_vital_values,interpretation,No,,,,
prisma_vital_values,authorId,No,,,,
prisma_vital_values,authorName,No,,,,
prisma_vital_values,authorAddressLine1,Yes,MASK,authorAddressLine1,,
prisma_vital_values,authorAddressLine2,Yes,MASK,authorAddressLine2,,
prisma_vital_values,authorCity,Yes,MASK,authorCity,,
prisma_vital_values,authorState,No,,,,
prisma_vital_values,authorPostalCode,Yes,ZIP_CODE,,,
prisma_vital_values,authorCountry,No,,,,
prisma_vital_values,isException,No,,,,
prisma_vital_values,exceptionMessage,No,,,,
prisma_vital_values,sourcePriority,No,,,,
prisma_vital_values,codeSystemPriority,No,,,,
prisma_vital_values,duplicatedBy,No,,,,
prisma_vital_values,status,No,,,,
prisma_vital_values,noteTxt,Yes,NOTES,,,
prisma_vital_values,issuedDateTime,Yes,DATE_OFFSET,,,
prisma_vital_values,endDateTime,Yes,DATE_OFFSET,,,
prisma_vital_values,encounterId,Yes,ENCOUNTER_ID,,,
prisma_vital_values,practitionerId,No,,,,
prisma_vital_values,standardVitalSign,No,,,,
prisma_socialhistory_details,id,No,,,,
prisma_socialhistory_details,sectionId,No,,,,
prisma_socialhistory_details,obsId,Yes,NOTES,,,
prisma_socialhistory_details,categoryname,No,,,,
prisma_socialhistory_details,starttime,Yes,DATE_OFFSET,,,
prisma_socialhistory_details,endtime,Yes,DATE_OFFSET,,,
prisma_socialhistory_details,code,No,,,,
prisma_socialhistory_details,codename,Yes,NOTES,,,
prisma_socialhistory_details,value,Yes,NOTES,,,
prisma_socialhistory_details,valuename,Yes,NOTES,,,
prisma_socialhistory_details,valuetype,No,,,,
prisma_socialhistory_details,unit,No,,,,
prisma_socialhistory_details,codeSystem,Yes,MASK,codeSystem,,
prisma_socialhistory_details,valueCodeSystem,Yes,MASK,valueCodeSystem,,
prisma_socialhistory_details,externalSystemId,Yes,MASK,externalSystemId,,
prisma_socialhistory_details,status,No,,,,
prisma_socialhistory_details,issuedDate,Yes,DATE_OFFSET,,,
prisma_socialhistory_details,encounterId,Yes,ENCOUNTER_ID,,,
prisma_socialhistory_details,isException,No,,,,
prisma_socialhistory_details,exceptionMessage,No,,,,
prisma_socialhistory_details,sourcePriority,No,,,,
prisma_socialhistory_details,codeSystemPriority,No,,,,
prisma_socialhistory_details,duplicatedBy,No,,,,
prisma_providers,id,No,,,,
prisma_providers,name,No,,,,
prisma_providers,speciality,No,,,,
prisma_providers,npi,No,,,,
prisma_providers,providerType,No,,,,
prisma_providers,addressLine1,Yes,MASK,addressLine1,,
prisma_providers,addressLine2,Yes,MASK,addressLine2,,
prisma_providers,addressCity,Yes,MASK,addressCity,,
prisma_providers,addressState,No,,,,
prisma_providers,addressCountry,No,,,,
prisma_providers,addressPostalCode,Yes,ZIP_CODE,,,
prisma_providers,createdDate,No,,,,
prisma_providers,deleteFlag,No,,,,
prisma_providers,prismaEncounterId,Yes,MASK,prismaEncounterId,,
prisma_procedure_details,id,No,,,,
prisma_procedure_details,sectionId,No,,,,
prisma_procedure_details,procedureId,No,,,,
prisma_procedure_details,codeid,No,,,,
prisma_procedure_details,codeValue,No,,,,
prisma_procedure_details,statusCode,No,,,,
prisma_procedure_details,recordedDate,No,,,,
prisma_procedure_details,TargetSiteCode,No,,,,
prisma_procedure_details,TargetSiteValue,No,,,,
prisma_procedure_details,deviceCode,No,,,,
prisma_procedure_details,deviceName,No,,,,
prisma_procedure_details,referenceText,No,,,,
prisma_procedure_details,authorId,No,,,,
prisma_procedure_details,authorName,No,,,,
prisma_procedure_details,outcome,No,,,,
prisma_procedure_details,procedureCode,No,,,,
prisma_procedure_details,procedureCodingSystem,No,,,,
prisma_procedure_details,encounterReference,No,,,,
prisma_procedure_details,isException,No,,,,
prisma_procedure_details,exceptionMessage,No,,,,
prisma_procedure_details,sourcePriority,No,,,,
prisma_procedure_details,codeSystemPriority,No,,,,
prisma_procedure_details,duplicatedBy,No,,,,
prisma_patient_data,id,No,,,,
prisma_patient_data,sectionId,No,,,,
prisma_patient_data,patientId,Yes,PATIENT_ID,,,
prisma_patient_data,firstName,Yes,MASK,firstName,,
prisma_patient_data,lastName,Yes,MASK,lastName,,
prisma_patient_data,middleName,Yes,MASK,middleName,,
prisma_patient_data,previousName,Yes,MASK,previousName,,
prisma_patient_data,suffix,Yes,MASK,suffix,,
prisma_patient_data,dateOfBirth,Yes,PATIENT_DOB,,,
prisma_patient_data,dateOfDeath,Yes,DATE_OFFSET,,,
prisma_patient_data,raceCodes,No,,,,
prisma_patient_data,raceName,No,,,,
prisma_patient_data,genderCode,No,,,,
prisma_patient_data,genderName,No,,,,
prisma_patient_data,maritalStatusCode,No,,,,
prisma_patient_data,maritalStatusName,No,,,,
prisma_patient_data,ethnicityCode,No,,,,
prisma_patient_data,ethnicityName,No,,,,
prisma_patient_data,religiousAffiliationCode,No,,,,
prisma_patient_data,religiousAffiliationName,No,,,,
prisma_patient_data,sex,No,,,,
prisma_patient_data,birthPlace,No,,,,
prisma_patient_data,homephone,Yes,MASK,homephone,,
prisma_patient_data,workphone,Yes,MASK,workphone,,
prisma_patient_data,mobilephone,Yes,MASK,mobilephone,,
prisma_patient_data,fax,Yes,MASK,fax,,
prisma_patient_data,lastModifiedTime,Yes,DATE_OFFSET,,,
prisma_patient_data,patient_prefix,Yes,MASK,patient_prefix,,
prisma_patient_data,deceasedFlag,No,,,,
prisma_medication_details,id,No,,,,
prisma_medication_details,sectionId,No,,,,
prisma_medication_details,medicationName,No,,,,
prisma_medication_details,moodCode,No,,,,
prisma_medication_details,startDate,Yes,DATE_OFFSET,,,
prisma_medication_details,enddate,Yes,DATE_OFFSET,,,
prisma_medication_details,frequencyValue,No,,,,
prisma_medication_details,frequencyUnit,No,,,,
prisma_medication_details,operator,No,,,,
prisma_medication_details,institutionSpecified,No,,,,
prisma_medication_details,routeCode,No,,,,
prisma_medication_details,routeName,No,,,,
prisma_medication_details,siteCode,No,,,,
prisma_medication_details,siteName,No,,,,
prisma_medication_details,doseQuantity,No,,,,
prisma_medication_details,doseUnit,No,,,,
prisma_medication_details,rateQuantity,No,,,,
prisma_medication_details,rateUnit,No,,,,
prisma_medication_details,instruction,Yes,NOTES,,,
prisma_medication_details,ndcCode,No,,,,
prisma_medication_details,ndcName,No,,,,
prisma_medication_details,mfgCompany,No,,,,
prisma_medication_details,statusCode,No,,,,
prisma_medication_details,rxNormCode,No,,,,
prisma_medication_details,rxNormName,No,,,,
prisma_medication_details,isException,No,,,,
prisma_medication_details,productNameText,No,,,,
prisma_medication_details,titleMedsName,No,,,,
prisma_medication_details,strengthValue,No,,,,
prisma_medication_details,strengthFromText,No,,,,
prisma_medication_details,lastFill,No,,,,
prisma_medication_details,sourcePriority,No,,,,
prisma_medication_details,codeSystemPriority,No,,,,
prisma_medication_details,duplicatedBy,No,,,,
prisma_medication_details,exceptionMessage,No,,,,
prisma_medication_details,prescriberFName,No,,,,
prisma_medication_details,prescriberLName,No,,,,
prisma_medication_details,Encounterid,Yes,ENCOUNTER_ID,,,
prisma_medication_details,requesterId,No,,,,
prisma_labresult_details,id,No,,,,
prisma_labresult_details,sectionId,No,,,,
prisma_labresult_details,entryId,Yes,MASK,entryId,,
prisma_labresult_details,currentStatus,No,,,,
prisma_labresult_details,procedureActivityCode,No,,,,
prisma_labresult_details,procedureActivityCodeName,No,,,,
prisma_labresult_details,resultObtainedOn,Yes,DATE_OFFSET,,,
prisma_labresult_details,documentationTime,Yes,DATE_OFFSET,,,
prisma_labresult_details,organizationName,No,,,,
prisma_labresult_details,referenceText,No,,,,
prisma_labresult_details,collectionTime,Yes ,DATE_OFFSET,,,
prisma_labresult_details,sourceSiteCode,No,,,,
prisma_labresult_details,sourceSiteName,No,,,,
prisma_labresult_details,entityCode,No,,,,
prisma_labresult_details,entityname,No,,,,
prisma_labresult_details,collectionEndTime,Yes,DATE_OFFSET,,,
prisma_labresult_details,reviewedTime,Yes ,DATE_OFFSET,,,
prisma_labresult_details,externalEncounterId,Yes,ENCOUNTER_ID,,,
prisma_labresult_details,diagnosticReportId,No,,,,
prisma_immunization_details,id,No,,,,
prisma_immunization_details,sectionId,No,,,,
prisma_immunization_details,entryId,No,,,,
prisma_immunization_details,vaccineName,No,,,,
prisma_immunization_details,administrationTime,Yes,DATE_OFFSET,,,
prisma_immunization_details,statusCode,No,,,,
prisma_immunization_details,cvxCode,No,,,,
prisma_immunization_details,cvxName,No,,,,
prisma_immunization_details,routeCode,No,,,,
prisma_immunization_details,routeName,No,,,,
prisma_immunization_details,lotNumber,No,,,,
prisma_immunization_details,manufacturedOrgName,No,,,,
prisma_immunization_details,rejectionReasonCode,No,,,,
prisma_immunization_details,rejectionReason,No,,,,
prisma_immunization_details,productNameCodingSystem,No,,,,
prisma_immunization_details,productNameCodeVersion,No,,,,
prisma_immunization_details,productNameCodeValue,No,,,,
prisma_immunization_details,productNameCvxCodingSystem,No,,,,
prisma_immunization_details,productNameCvxCodeVersion,No,,,,
prisma_immunization_details,productNameBrandName,No,,,,
prisma_immunization_details,notAdminReasonOther,No,,,,
prisma_immunization_details,notAdminReasonDescription,No,,,,
prisma_immunization_details,notAdminReasonCodingSystem,No,,,,
prisma_immunization_details,notAdminReasonCoding,No,,,,
prisma_immunization_details,sourcePriority,No,,,,
prisma_immunization_details,codeSystemPriority,No,,,,
prisma_immunization_details,duplicatedBy,No,,,,
prisma_immunization_details,statusReason,No,,,,
prisma_immunization_details,statusReasonText,No,,,,
prisma_immunization_details,administrationTimeString,No,,,,
prisma_immunization_details,doseQuantityValue,No,,,,
prisma_immunization_details,doseQuantityUnit,No,,,,
prisma_immunization_details,encounterId,Yes,ENCOUNTER_ID,,,
prisma_immunization_details,expirationDate,Yes,DATE_OFFSET,,,
prisma_immunization_details,additionalNotes,Yes,NOTES,,,
prisma_immunization_details,siteCode,No,,,,
prisma_immunization_details,siteSystem,No,,,,
prisma_immunization_details,siteDisplay,No,,,,
prisma_immunization_details,isException,No,,,,
prisma_immunization_details,exceptionMessage,No,,,,
prisma_encounters,id,No,,,,
prisma_encounters,recordId,No,,,,
prisma_encounters,serviceDate,Yes,DATE_OFFSET,,,
prisma_encounters,serviceDateType,No,,,,
prisma_encounters,admissionDate,Yes,DATE_OFFSET,,,
prisma_encounters,dischargeDate,Yes,DATE_OFFSET,,,
prisma_encounters,titleId,No,,,,
prisma_encounters,source,Yes,MASK,source,,
prisma_encounters,sourceAddress,Yes,MASK,sourceAddress,,
prisma_encounters,facilityName,Yes,MASK,facilityName,,
prisma_encounters,facilityAddress,Yes,MASK,facilityAddress,,
prisma_encounters,subTitle,Yes,NOTES,,,
prisma_encounters,principalDiagnosis,No,,,,
prisma_encounters,deleteFlag,No,,,,
prisma_encounters,xslId,No,,,,
prisma_encounters,sectionOrder,No,,,,
prisma_encounters,reasonForAppt,Yes,NOTES,,,
prisma_encounters,recordType,No,,,,
prisma_encounters,sourceRecordType,No,,,,
prisma_encounters,encType,No,,,,
prisma_encounters,admittingProvider,No,,,,
prisma_encounters,appointmentProvider,No,,,,
prisma_encounters,isException,No,,,,
prisma_encounters,exceptionMessage,No,,,,
prisma_encounters,duplicatedBy,No,,,,
prisma_encounters,pid,Yes,PATIENT_ID,,,
prisma_encounters,documentName,No,,,,
prisma_encounters,documentPath,Yes,NOTES,,,
prisma_allergy_reaction,id,No,,,,
prisma_allergy_reaction,allergyId,No,,,,
prisma_allergy_reaction,reactionCode,No,,,,
prisma_allergy_reaction,reactionName,No,,,,
prisma_allergy_reaction,reactionText,No,,,,
prisma_allergy_reaction,severityCode,No,,,,
prisma_allergy_reaction,severityname,No,,,,
prisma_allergy_reaction,severityText,No,,,,
prisma_allergy_reaction,sourcePriority,No,,,,
prisma_allergy_reaction,codeSystemPriority,No,,,,
prisma_allergy_reaction,duplicatedBy,No,,,,
prisma_allergy_reaction,allergen,No,,,,
prisma_allergy_reaction,isException,No,,,,
prisma_allergy_reaction,exceptionMessage,No,,,,
pnattachments,id,No,,,,
pnattachments,encounterid,Yes,ENCOUNTER_ID,,,
pnattachments,catid,No,,,,
pnattachments,itemid,No,,,,
pnattachments,document,Yes,NOTES,,,
pnattachments,filename,Yes,NOTES,,,
pnattachments,docid,No,,,,
pnattachments,displayindex,No,,,,
pnattachments,deleteflag,No,,,,
pmorders,MessageId,No,,,,
pmorders,PMId,No,,,,
pmorders,MessageContent,Yes,NOTES,,,
pmorders,MessageStatus,No,,,,
pmorders,TransmittedOn,Yes,DATE_OFFSET,,,
pmorders,patientid,Yes,PATIENT_ID,,,
pmorders,encounterid,Yes,ENCOUNTER_ID,,,
pmorders,WSResponse,No,,,,
pmorders,UpdatedBy,No,,,,
pmorders,messagetype,No,,,,
pmorders,dateModified,Yes,DATE_OFFSET,,,
pmorders,patlogid,No,,,,
pmorders,AckReceived,Yes,NOTES,,,
pmorders,ptspecificAlertId,No,,,,
pmorders,HubOrderId,No,,,,
pmorders,ErrorMessage,No,,,,
pmorders,retrycnt,No,,,,
pmorders,ackMessage,No,,,,
physicalexam,encounterID,Yes,ENCOUNTER_ID,,,
physicalexam,catID,No,,,,
physicalexam,itemID,No,,,,
physicalexam,propID,No,,,,
physicalexam,value,Yes,NOTES,,,
physicalexam,value2,Yes,NOTES,,,
physicalexam,displayIndex,No,,,,
patients,pid,Yes,PATIENT_ID,,,
patients,ControlNo,Yes,PATIENT_ID,,,
patients,employername,Yes,MASK,employername,,
patients,employeraddress,Yes,MASK,employeraddress,,
patients,employeraddress2,Yes,MASK,employeraddress2,,
patients,employercity,Yes,MASK,employercity,,
patients,employerstate,No,,,,
patients,employerzip,Yes,ZIP_CODE,,,
patients,employerPhone,Yes,MASK,employerPhone,,
patients,msgflag,No,,,,
patients,insname,Yes,MASK,insname,,
patients,insgroupno,Yes,MASK,insgroupno,,
patients,inssubscriberno,Yes,MASK,inssubscriberno,,
patients,inscopay,No,,,,
patients,pastHistory,No,,,,
patients,pharmacyname,Yes,MASK,pharmacyname,,
patients,pharmacyno,Yes,MASK,pharmacyno,,
patients,surgicalHistory,No,,,,
patients,hospitalization,No,,,,
patients,medications,No,,,,
patients,insname2,Yes,MASK,insname2,,
patients,insgroupno2,Yes,MASK,insgroupno2,,
patients,inssubscriberno2,Yes,MASK,inssubscriberno2,,
patients,inscopay2,No,,,,
patients,straddress,Yes,MASK,straddress,,
patients,city,Yes,MASK,city,,
patients,state,No,,,,
patients,zip,Yes,ZIP_CODE,,,
patients,doctorId,No,,,,
patients,AttendingDoctorId,No,,,,
patients,pharmacyFax,Yes,MASK,pharmacyFax,,
patients,pmcId,Yes,MASK,pmcId,,
patients,insId,Yes,MASK,insId,,
patients,insId2,Yes,MASK,insId2,,
patients,maritalstatus,No,,,,
patients,strAddress2,Yes,MASK,strAddress2,,
patients,notes,Yes,NOTES,,,
patients,deceased,No,,,,
patients,deceasedDate,Yes,DATE_OFFSET,,,
patients,deceasedNotes,Yes,NOTES,,,
patients,language,No,,,,
patients,GrId,No,,,,
patients,GrRel,No,,,,
patients,IsGrPt,No,,,,
patients,GrType,No,,,,
patients,PrimIns,No,,,,
patients,ResType,No,,,,
patients,StudentStatus,No,,,,
patients,EmpStatus,No,,,,
patients,picFileName,Yes,MASK,picFileName,,
patients,RelInfo,No,,,,
patients,RelInfoDate,Yes,DATE_OFFSET,,,
patients,PayorType,No,,,,
patients,SelfPay,No,,,,
patients,hl7Id,No,,,,
patients,BillingAlert,No,,,,
patients,BillingAlertNotes,Yes,NOTES,,,
patients,givenToColl,No,,,,
patients,givenDate,Yes,DATE_OFFSET,,,
patients,DefFeeSchId,No,,,,
patients,race,No,,,,
patients,PtStatus,No,,,,
patients,ptStmtDate,Yes,DATE_OFFSET,,,
patients,refPrId,No,,,,
patients,rendPrId,No,,,,
patients,nostatements,No,,,,
patients,CurrentCollectionStatus,No,,,,
patients,CollectionTimestamp,Yes,DATE_OFFSET,,,
patients,interpretSvc,No,,,,
patients,GlobalAlert,No,,,,
patients,characterestic,No,,,,
patients,CollectionStageDate,Yes,DATE_OFFSET,,,
patients,regdate,Yes,DATE_OFFSET,,,
patients,ethnicity,No,,,,
patients,vfc,No,,,,
patients,empId,Yes,MASK,empId,,
patients,irisenroll,No,,,,
patients,CollectionAgencyStatus,No,,,,
patients,RxConsent,No,,,,
patients,TeamMember,No,,,,
patients,MailOrderPharmacyId,Yes,MASK,MailOrderPharmacyId,,
patients,MOMemberId,Yes,NOTES,,,
patients,bTranslator,No,,,,
patients,Address2Country,No,,,,
patients,acctbal,Yes,MASK,acctbal,,
patients,CollStartStopDt,No,,,,
patients,VoiceEnabled,No,,,,
patients,assignedtoId,No,,,,
patients,assignedto,No,,,,
patients,UseStreetAddressForRxFlag,No,,,,
patients,textenabled,No,,,,
patients,GrStmtDate,Yes,DATE_OFFSET,,,
patients,msgCellflag,No,,,,
patients,enableEmail,No,,,,
patients,enableLetters,No,,,,
patients,webEnabledDate,Yes,DATE_OFFSET,,,
patients,preset,No,,,,
patients,encpwd,Yes,MASK,,,
patients,lognotes,No,,,,
patients,optout,No,,,,
patients,optreasonId,No,,,,
patients,IsMigratedRecord,No,,,,
patients,DefaultLab,No,,,,
patients,DefaultDI,No,,,,
patients,emailreasonId,No,,,,
patients,isKioskConsentReceived,No,,,,
patients,isPtOptsOut,No,,,,
patients,secureMsgKey,No,,,,
patients,claimresponsibilitybyage,No,,,,
patients,isproxyeligible,No,,,,
patients,duration,Yes,DATE_OFFSET,,,
patients,access_type,No,,,,
patients,relationship,No,,,,
patients,healowWebEnabled,No,,,,
patients,expiry,Yes,DATE_OFFSET,,,
patients,CauseOfDeath,No,,,,
patients,OptOutOfPtStmt,No,,,,
patients,prevDemandType,No,,,,
patients,collectiondemanddt,Yes,DATE_OFFSET,,,
patients,DemandType,No,,,,
patients,collectionhold,No,,,,
patients,preferred_name,Yes,MASK,preferred_name,,
patients,preferred_sex,No,,,,
patients,isActXEnabled,No,,,,
patients,isNative,No,,,,
patients,default_growthchart,No,,,,
patients,isPartiallyMerged,No,,,,
patients,stCountry,No,,,,
patients,Effectivestartdate,Yes,DATE_OFFSET,,,
patients,Effectiveenddate,Yes,DATE_OFFSET,,,
patients,textvoicewebsync,No,,,,
patients,emailverified,No,,,,
patientpharmacylist,id,No,,,,
patientpharmacylist,PatientId,Yes,PATIENT_ID,,,
patientpharmacylist,PharmacyId,Yes,MASK,PharmacyId,,
patientpharmacylist,IsPrimary,No,,,,
patientpharmacylist,DisplayIndex,No,,,,
patientinfo,pid,Yes,PATIENT_ID,,,
patientinfo,birthOrder,No,,,,
patientinfo,advdirective,No,,,,
patientinfo,RegistryEnabled,No,,,,
patientinfo,deceaseddate,Yes,DATE_OFFSET,,,
patientinfo,registryenableddate,Yes,DATE_OFFSET,,,
patientinfo,inactivedate,Yes,DATE_OFFSET,,,
patientinfo,ImmConsent,No,,,,
patientinfo,FinanceChrgAddedDate,Yes,DATE_OFFSET,,,
patientinfo,IgnoreFinanceChrg,No,,,,
patientinfo,pcpStartDate,Yes,DATE_OFFSET,,,
patientinfo,createdbymobile,No,,,,
patientinfo,datemobilecreated,Yes,DATE_OFFSET,,,
patientinfo,homemsgtype,No,,,,
patientinfo,cellmsgtype,No,,,,
patientinfo,workmsgtype,No,,,,
patientinfo,createdby,No,,,,
patientinfo,publicityCode,No,,,,
patientinfo,PublicityCode_UpdatedTime,No,,,,
patientinfo,phytherapynotes,Yes,NOTES,,,
patientinfo,ssnReason,No,,,,
patientinfo,ssnReasonNotes,Yes,NOTES,,,
oldrxmain_addlinfo,OldRxId,No,,,,
oldrxmain_addlinfo,EncounterId,Yes,ENCOUNTER_ID,,,
oldrxmain_addlinfo,Rxorderno,No,,,,
oldrxmain_addlinfo,DoctorsFlag,No,,,,
oldrxmain_addlinfo,PharmacyNCPDP,Yes,MASK,PharmacyNCPDP,,
oldrxmain_addlinfo,DURMsg,No,,,,
oldrxmain_addlinfo,DURServiceCode,No,,,,
oldrxmain_addlinfo,Deleteflag,No,,,,
oldrxmain_addlinfo,DAW,No,,,,
oldrxmain_addlinfo,AdditionalInstructions,Yes,NOTES,,,
oldrxmain_addlinfo,RxNotes,Yes,NOTES,,,
oldrxmain_addlinfo,pharmacyId,Yes,MASK,pharmacyId,,
oldrxmain,OldRxId,No,,,,
oldrxmain,ItemId,No,,,,
oldrxmain,MedicineName,No,,,,
oldrxmain,encounterId,Yes,ENCOUNTER_ID,,,
oldrxmain,PatientsFlag,No,,,,
oldrxmain,DoctorsFlag,No,,,,
oldrxmain,Refill,No,,,,
oldrxmain,AssessId,Yes,MASK,AssessId,,
oldrxmain,ndc_code,No,,,,
oldrxmain,FollowUpId,No,,,,
oldrxmain,StartDate,Yes,DATE_OFFSET,,,
oldrxmain,PreparedBy,Yes,NOTES,,,
oldrxmain,DaysLeftAdjustNumber,No,,,,
oldrxmain,awp,No,,,,
oldrxmain,awup,No,,,,
oldrxmain,RightPane_DLAN,No,,,,
oldrxmain,StopDate,Yes,DATE_OFFSET,,,
oldrxmain,rxNotes,Yes,NOTES,,,
oldrxmain,rxSource,No,,,,
oldrxmain,rxSourceId,No,,,,
oldrxmain,rxkop,No,,,,
oldrxmain,rxDrugSource,No,,,,
oldrxmain,rxorderno,No,,,,
oldrxmain,PreparedById,No,,,,
oldrxmain,reviewflag,No,,,,
oldrxmain,reviewedby,No,,,,
oldrxmain,reviewdate,Yes,DATE_OFFSET,,,
oldrxmain,disconorstopnotes,Yes,NOTES,,,
oldrxmain,LastTaken,Yes,DATE_OFFSET,,,
oldrxmain,isLongTerm,No,,,,
oldrxmain,FillDate,Yes,DATE_OFFSET,,,
oldrxmain,FillReason,Yes,NOTES,,,
oldrxmain,FillStatus,No,,,,
oldrxformularydetails,OldRxMainId,No,,,,
oldrxformularydetails,EncounterId,Yes,ENCOUNTER_ID,,,
oldrxformularydetails,NDCCode,No,,,,
oldrxformularydetails,MMDCode,No,,,,
oldrxformularydetails,SynonymId,No,,,,
oldrxformularydetails,BrandCode,No,,,,
oldrxformularydetails,GBO,No,,,,
oldrxformularydetails,FormularyStatus,No,,,,
oldrxformularydetails,FormularyId,No,,,,
oldrxformularydetails,PayerSourceName,No,,,,
oldrxdetail,OldRxId,No,,,,
oldrxdetail,Prop,No,,,,
oldrxdetail,VALUE,Yes,NOTES,,,
oa_enc_fu,encounterID,Yes,ENCOUNTER_ID,,,
oa_enc_fu,followupdate,Yes,DATE_OFFSET,,,
oa_enc_fu,PatientID,Yes,PATIENT_ID,,,
oa_enc_fu,doctorID,No,,,,
oa_enc_fu,date,Yes,DATE_OFFSET,,,
oa_enc_fu,facilityID,No,,,,
notes,encounterId,Yes,ENCOUNTER_ID,,,
notes,catId,No,,,,
notes,notes,Yes,NOTES,,,
notes,type,No,,,,
notes,notesHTML,Yes,NOTES,,,
notes,displaycatseq,No,,,,
nhxreferral,ReqId,No,,,,
nhxreferral,refFrom,No,,,,
nhxreferral,authNo,No,,,,
nhxreferral,authtype,No,,,,
nhxreferral,date,Yes,DATE_OFFSET,,,
nhxreferral,reason,Yes,NOTES,,,
nhxreferral,diagnosis,No,,,,
nhxreferral,refStDate,Yes,DATE_OFFSET,,,
nhxreferral,refEnddate,Yes,DATE_OFFSET,,,
nhxreferral,visitsAllowed,No,,,,
nhxreferral,visitsUsed,No,,,,
nhxreferral,RefTo,Yes,MASK,RefTo,,
nhxreferral,notes,Yes,NOTES,,,
nhxreferral,referralType,No,,,,
nhxreferral,priority,No,,,,
nhxreferral,assignedTo,No,,,,
nhxreferral,assignedToId,No,,,,
nhxreferral,status,No,,,,
nhxreferral,fromfacility,Yes,MASK,fromfacility,,
nhxreferral,ToFacility,Yes,MASK,ToFacility,,
nhxreferral,speciality,No,,,,
nhxreferral,ReferralNumber,Yes,MASK,ReferralNumber,,
nhxreferral,clinicalNotes,Yes,NOTES,,,
nhxreferral,refEncId,Yes,ENCOUNTER_ID,,,
nhxreferral,extRefId,No,,,,
nhxreferral,apptdate,Yes,DATE_OFFSET,,,
nhxreferral,ReceivedDate,Yes,DATE_OFFSET,,,
nhxreferral,procedures,No,,,,
nhxreferral,apptTime,Yes,DATE_OFFSET,,,
nhxreferral,referralXml,Yes,NOTES,,,
nhxreferral,nhxPatientId,Yes,PATIENT_ID,,,
nhxreferral,refFromP2pNPI,Yes,MASK,refFromP2pNPI,,
nhxreferral,Reffromname,Yes,MASK,Reffromname,,
nhxreferral,refToP2pNPI,Yes,MASK,refToP2pNPI,,
nhxreferral,Reftoname,Yes,MASK,Reftoname,,
nhxreferral,apuId,Yes,MASK,apuId,,
nhxreferral,srcregistrationid,No,,,,
nhxreferral,refCCP2PNPIs,Yes,MASK,refCCP2PNPIs,,
nhxreferral,Refccp2pnames,Yes,MASK,Refccp2pnames,,
nhxreferral,nhxMsgTxId,No,,,,
nhxreferral,requeststatus,No,,,,
nhxreferral,p2pDeliveryStatus,No,,,,
nhxreferral,referral360id,No,,,,
nhxpatient,Id,No,,,,
nhxpatient,nhxmpi,Yes,MASK,nhxmpi,,
nhxpatient,lastname,Yes,MASK,lastname,,
nhxpatient,firstname,Yes,MASK,firstname,,
nhxpatient,minitial,Yes,MASK,minitial,,
nhxpatient,sex,No,,,,
nhxpatient,dob,Yes,PATIENT_DOB,,,
nhxpatient,addressline1,Yes,MASK,addressline1,,
nhxpatient,addressline2,Yes,MASK,addressline2,,
nhxpatient,city,Yes,MASK,city,,
nhxpatient,state,No,,,,
nhxpatient,zipcode,Yes,ZIP_CODE,,,
nhxpatient,modifieddate,Yes,MASK,modifieddate,,
nhxpatient,localpid,Yes,PATIENT_ID,,,
nhxpatient,blockId,Yes,MASK,blockId,,
nhxpatient,hometel,Yes,MASK,hometel,,
nhxpatient,refReqId,No,,,,
nhxpatient,insname,Yes,MASK,insname,,
nhxpatient,insaddress,Yes,MASK,insaddress,,
nhxpatient,insaddress2,Yes,MASK,insaddress2,,
nhxpatient,inscity,Yes,MASK,inscity,,
nhxpatient,insstate,No,,,,
nhxpatient,inszip,Yes,MASK,inszip,,
nhxpatient,insphone,Yes,MASK,insphone,,
nhxpatient,subscriberNO,Yes,MASK,subscriberNO,,
nhxpatient,patienttype,No,,,,
nhxpatient,email,Yes,MASK,email,,
nhxpatient,LANGUAGE,No,,,,
nhxpatient,race,No,,,,
nhxpatient,ethnicity,No,,,,
nhxpatient,ethnicityCode,No,,,,
nhxpatient,umobileno,Yes,MASK,umobileno,,
nhxp2precordstatus,Id,No,,,,
nhxp2precordstatus,refid,Yes,MASK,refid,,
nhxp2precordstatus,msgTxId,No,,,,
nhxp2precordstatus,STATUS,No,,,,
nhxp2precordstatus,RecordType,No,,,,
nhxp2precordstatus,toPrName,Yes,MASK,toPrName,,
nhxp2precordstatus,modifiedDate,Yes,MASK,modifiedDate,,
nhxp2precordstatus,recipientReferralStatus,No,,,,
nhxp2precordstatus,ccrparsedtags,No,,,,
nhxp2precordstatus,ccrparsedtagvalues,No,,,,
nhxp2precordstatus,ccrparsedflag,No,,,,
nhxp2precordstatus,ccrparsedmiscinfo,Yes,MASK,ccrparsedmiscinfo,,
nhxp2precordstatus,txsenttimestamp,Yes,MASK,txsenttimestamp,,
nhxp2precordstatus,synccount,No,,,,
nhxp2precordstatus,PAMSSyncCount,No,,,,
msgsyncrefattachftp,id,No,,,,
msgsyncrefattachftp,refReqId,Yes,PATIENT_ID,,,
msgsyncrefattachftp,remoteparentdirectory,Yes,NOTES,,,
msgsyncrefattachftp,remoteuserdirectory,No,,,,
msgsyncrefattachftp,medicalsummary,No,,,,
msgsyncrefattachftp,progressnotes,Yes,NOTES,,,
msgsyncrefattachftp,labreports,Yes,MASK,labreports,,
msgsyncrefattachftp,xrays,No,,,,
msgsyncrefattachftp,documents,Yes,MASK,documents,,
msgsyncrefattachftp,progressnoteImages,Yes,MASK,progressnoteImages,,
msgsyncrefattachftp,labattachments,No,,,,
msgsyncrefattachftp,xrayattachments,Yes,MASK,xrayattachments,,
msgsyncrefattachftp,ccr,Yes,MASK,,,
msgsyncrefattachftp,c32doc,Yes ,,,,
msgsyncrefattachftp,injuries,No,,,,
msgsyncrefattachftp,careplans,No,,,,
msgsyncrefattachftp,specialtyforms,No,,,,
msgsyncrefattachftp,reqAPUID,Yes,MASK,reqAPUID,,
msgsyncrefattachftp,attachmentscount,No,,,,
msgsyncrefattachftp,sourceccdaid,No,,,,
labordersdetails,id,No,,,,
labordersdetails,OrderID,No,,,,
labordersdetails,reportId,No,,,,
labordersdetails,testName,No,,,,
labordersdetails,testcode,No,,,,
labordersdetails,itemId,No,,,,
labordersdetails,reviewerId,No,,,,
labordersdetails,modifiedDateTime,Yes,DATE_OFFSET,,,
laborders,MessageId,No,,,,
laborders,LabId,No,,,,
laborders,ReportIds,No,,,,
laborders,MessageContent,Yes,NOTES,,,
laborders,messagestatus,No,,,,
laborders,TransmittedOn,Yes,DATE_OFFSET,,,
laborders,TransmittedBy,No,,,,
laborders,SentOutReqNo,Yes,MASK,SentOutReqNo,,
laborders,HubOrderId,No,,,,
laborders,ptlname,Yes,MASK,ptlname,,
laborders,ptfname,Yes,MASK,ptfname,,
laborders,ptDOB,Yes,PATIENT_DOB,,,
laborders,type,No,,,,
laborders,pid,Yes,PATIENT_ID,,,
laborders,ecwmpi,No,,,,
laborders,practiceCode,No,,,,
laborders,ControlNo,Yes,MASK,ControlNo,,
laborders,PtHL7Id,No,,,,
laborders,SentCount,No,,,,
laborders,BookAndCaseNo,Yes,MASK,BookAndCaseNo,,
laborders,nycid,No,,,,
laborders,acknowledgement,Yes,NOTES,,,
laborders,errorLogs,No,,,,
laborders,actionTakenNotes,Yes,NOTES,,,
laborders,actionTaken,No,,,,
laborders,faultStatus,No,,,,
laborders,count,No,,,,
labdataex,reportId,No,,,,
labdataex,HL7ResultDate,Yes,DATE_OFFSET,,,
labdataex,HL7ResultTime,No,,,,
labdataex,urllink,Yes,MASK,urllink,,
labdataex,processedresult,Yes,MASK,processedresult,,
labdataex,VisitType,No,,,,
labdataex,DateReceived,Yes,DATE_OFFSET,,,
labdataex,resultrcvddatetime,Yes,DATE_OFFSET,,,
labdataex,MigrateFlag,No,,,,
labdataex,SentOutReqNo,Yes,MASK,SentOutReqNo,,
labdataex,interfacestatus,No,,,,
labdataex,facilityId,No,,,,
labdataex,specimenReceiveTime,No,,,,
labdataex,specimenReceiveDate,Yes,DATE_OFFSET,,,
labdataex,isPACSLinkEnabled,No,,,,
labdataex,observationDate,Yes,DATE_OFFSET,,,
labdataex,observationTime,No,,,,
labdataex,SpecimenActionCode,No,,,,
labdataex,PlacerGroupNumberID,No,,,,
labdataex,PatientAltRace,No,,,,
labdataex,bodysitecode,No,,,,
labdataex,ABNPrompted,No,,,,
labdataex,ABNOption,No,,,,
labdataex,AQRejectionReason,Yes,NOTES,,,
labdataex,exceptionReasonId,No,,,,
labdataex,exceptionReasonComment,Yes,NOTES,,,
labdataex,movedOrderFlag,No,,,,
labdataex,SentOutReqNoOrdNum,Yes,MASK,SentOutReqNoOrdNum,,
labdataex,printlabid,No,,,,
labdataex,SendToMode,No,,,,
labdataex,SendToName,Yes,MASK,SendToName,,
labdataex,SendToFaxNumber,Yes,MASK,SendToFaxNumber,,
labdataex,FaxLogId,Yes,MASK,FaxLogId,,
labdataex,TransmitLabId,No,,,,
labdataex,SendToStatus,No,,,,
labdataex,sendToAddressDetails,Yes,MASK,sendToAddressDetails,,
labdatadetail,ReportId,No,,,,
labdatadetail,PropId,No,,,,
labdatadetail,Value,Yes,NOTES,,,
labdatadetail,importFlag,No,,,,
labdatadetail,Id,No,,,,
labdatadetail,UpdatedBy,No,,,,
labdatadetail,UpdatedTime,Yes,DATE_OFFSET,,,
labdatadetail,TestID,No,,,,
labdatadetail,flag,No,,,,
labdatadetail,resultEntrySource,No,,,,
labdata,ReportId,No,,,,
labdata,EncounterId,Yes,ENCOUNTER_ID,,,
labdata,ItemId,No,,,,
labdata,reason,Yes,NOTES,,,
labdata,received,No,,,,
labdata,result,Yes,NOTES,,,
labdata,ResultDate,Yes,DATE_OFFSET,,,
labdata,Notes,Yes,NOTES,,,
labdata,status,No,,,,
labdata,Addendum,No,,,,
labdata,priority,No,,,,
labdata,assignedToId,No,,,,
labdata,deleteFlag,No,,,,
labdata,vmid,Yes,MASK,vmid,,
labdata,Type,No,,,,
labdata,Billable,No,,,,
labdata,displayIndex,No,,,,
labdata,fromLabId,No,,,,
labdata,collDate,Yes,DATE_OFFSET,,,
labdata,collTime,No,,,,
labdata,tolabid,No,,,,
labdata,billClient,No,,,,
labdata,collSource,Yes,NOTES,,,
labdata,collVolume,No,,,,
labdata,collUnits,No,,,,
labdata,clinicalinfo,Yes,NOTES,,,
labdata,fasting,No,,,,
labdata,billType,No,,,,
labdata,PregId,No,,,,
labdata,OBFLabType,No,,,,
labdata,publishToPortal,No,,,,
labdata,commonNotesFlag,No,,,,
labdata,futureflag,No,,,,
labdata,prevencounterid,Yes,MASK,prevencounterid,,
labdata,ordencounterid,Yes,MASK,ordencounterid,,
labdata,FutureOrderDate,Yes,DATE_OFFSET,,,
labdata,ReviewedBy,No,,,,
labdata,ReviewedDate,Yes,DATE_OFFSET,,,
labdata,ReviewedTime,Yes,DATE_OFFSET,,,
labdata,transDate,Yes,DATE_OFFSET,,,
labdata,transTime,No,,,,
labdata,profileID,No,,,,
labdata,IntNotes,Yes,NOTES,,,
labdata,HMFlag,No,,,,
labdata,ccresulttolist,No,,,,
labdata,ccResultToListIds,No,,,,
labdata,HasACopy,No,,,,
labdata,ResultStatus,No,,,,
labdata,collDescription,Yes,NOTES,,,
labdata,ordPhyName,No,,,,
labdata,ordPhyId,No,,,,
labdata,refPhyFlag,No,,,,
labdata,labrefid,No,,,,
labdata,resultime,No,,,,
labdata,PSEHold,No,,,,
labdata,emailSent,No,,,,
labdata,dtEmailSent,Yes,DATE_OFFSET,,,
labdata,performedby,No,,,,
labdata,ActualFasting,No,,,,
labdata,OrderInstructions,Yes,NOTES,,,
labdata,cancelled,No,,,,
labdata,hl7id1,No,,,,
labdata,hl7id2,No,,,,
labdata,hl7id3,No,,,,
labdata,newcol,No,,,,
labdata,resultSentStatus,No,,,,
labdata,approvalstatus,No,,,,
labdata,SendVmsg,No,,,,
labdata,websync,No,,,,
labdata,patientIdentifier,Yes,NOTES,,,
labdata,portalViewTime,Yes,DATE_OFFSET,,,
labattachment_archive,Id,No,,,,
labattachment_archive,ProcessedResult,Yes,NOTES,,,
labattachment_archive,SeqNo,No,,,,
labattachment_archive,DateArchived,Yes,DATE_OFFSET,,,
labattachment_archive,DateReceived,Yes,DATE_OFFSET,,,
labattachment_archive,ReportId,No,,,,
itemkeys,name,No,,,,
itemkeys,itemID,No,,,,
itemkeys,value,Yes,NOTES,,,
itemkeys,supportRemarks,Yes,NOTES,,,
itemkeys,displayname,Yes,NOTES,,,
itemkeys,Type,No,,,,
itemkeys,GroupID,No,,,,
itemkeys,cache_value,No,,,,
itemkeys,cache_itemid,No,,,,
itemkeys,clientaccess,No,,,,
itemkeys,securitykey,Yes,NOTES,,,
itemkeys,saveaccess,No,,,,
interopccrcache,id,No,,,,
interopccrcache,doctorid,No,,,,
interopccrcache,patientid,Yes,PATIENT_ID,,,
interopccrcache,ecwmpi,No,,,,
interopccrcache,mergedccr,No,,,,
interopccrcache,timestamp,Yes,DATE_OFFSET,,,
interopccrcache,delflag,No,,,,
interactionnotes,Id,No,,,,
interactionnotes,EncounterId,Yes,ENCOUNTER_ID,,,
interactionnotes,Notes,Yes,NOTES,,,
interactionnotes,ProviderAction,No,,,,
interactionnotes,patient_id,Yes,PATIENT_ID,,,
interactionnotes,erx_req_id,No,,,,
imagingstudies,id,No,,,,
imagingstudies,encounterId,Yes,ENCOUNTER_ID,,,
imagingstudies,notes,Yes,NOTES,,,
imagingstudies,notesHtml,Yes,NOTES,,,
ihe_document,id,No,,,,
ihe_document,isCCD,No,,,,
ihe_document,ecwPid,Yes,PATIENT_ID,,,
ihe_document,lastRetrievalTime,Yes,DATE_OFFSET,,,
ihe_document,deleteFlag,No,,,,
ihe_document,ihePatientId,Yes,MASK,ihePatientId,,
ihe_document,DocumentName,Yes,NOTES,,,
ihe_document,source,Yes,NOTES,,,
ihe_document,UniqueId,Yes,MASK,UniqueId,,
ihe_document,RepositoryUniqueId,Yes,MASK,RepositoryUniqueId,,
ihe_document,URI,No,,,,
ihe_document,UUID,Yes,MASK,UUID,,
ihe_document,DocumentType,No,,,,
ihe_document,LanguageCode,No,,,,
ihe_document,CreationTime,Yes,DATE_OFFSET,,,
ihe_document,ServiceStartTime,Yes,DATE_OFFSET,,,
ihe_document,ServiceStopTime,Yes,DATE_OFFSET,,,
ihe_document,AssigningAuthorityId,Yes,MASK,AssigningAuthorityId,,
ihe_document,AssigningAuthorityName,No,,,,
ihe_document,contenttype,Yes,MASK,contenttype,,
ihe_document,homeCommunityID,Yes,MASK,homeCommunityID,,
ihe_document,CacheContextID,No,,,,
ihe_document,EndUserDispName,Yes,NOTES,,,
ihe_document,CreationDate,Yes,DATE_OFFSET,,,
ihe_document,outboundID,No,,,,
ihe_document,mergedCCRID,No,,,,
ihe_document,contentlocation,No,,,,
ihe_document,contentlocationTableName,No,,,,
ihe_document,contentlocationTableId,No,,,,
ihe_document,filename,Yes,NOTES,,,
ihe_document,contentFtpdirPath,Yes,NOTES,,,
ihe_document,iscompressed,No,,,,
ihe_document,isencrypted,No,,,,
ihe_document,providername,No,,,,
ihe_document,restrictInPrisma,No,,,,
icd9_synonyms,Id,No,,,,
icd9_synonyms,code,No,,,,
icd9_synonyms,externallength,No,,,,
icd9_synonyms,title,No,,,,
icd9_synonyms,kndg_code,No,,,,
icd9_synonyms,kndg_title,No,,,,
icd9_synonyms,NON_SPECIFIC_CODE,No,,,,
icd9_synonyms,NON_PRIMARY_CODE,No,,,,
icd9_synonyms,GENDER_FLAG,No,,,,
icd9_synonyms,AGE_FLAG,No,,,,
icd9_synonyms,MCC_FLAG,No,,,,
icd9_synonyms,CC_FLAG,No,,,,
icd9_synonyms,HCC_MODEL_CAT,No,,,,
icd9_synonyms,HCC_COMMUNITY_FACTORS,No,,,,
icd9_synonyms,HCC_INSTITUTION_FACTORS,No,,,,
icd9_synonyms,RXHCC_MODEL_CAT,No,,,,
icd9_synonyms,RXHCC_RELATIVE_FACTORS,No,,,,
icd9_synonyms,RXHCC_DOLLAR_COEFFICIENTS,No,,,,
icd9_synonyms,HCC_MODEL_CAT_NEXT,No,,,,
icd9_synonyms,HCC_COMMUNITY_FACTORS_NEXT,No,,,,
icd9_synonyms,HCC_INSTITUTION_FACTORS_NEXT,No,,,,
icd9_synonyms,SECONDARY_ICD9_CODE1,No,,,,
icd9_synonyms,SECONDARY_ICD9_TEXT1,No,,,,
icd9_synonyms,SECONDARY_ICD9_CODE2,No,,,,
icd9_synonyms,SECONDARY_ICD9_TEXT2,No,,,,
icd9_synonyms,SCT_CONCEPT_ID,No,,,,
icd9_synonyms,SNOMED_DESCRIPTION,No,,,,
icd9_synonyms,RELATIONSHIP_TYPE,No,,,,
icd9_synonyms,vendorcode,No,,,,
icd9_synonyms,ItemId,No,,,,
icd9_synonyms,icd10,No,,,,
icd9_synonyms,SECONDARY_ICD9_CODE3,No,,,,
icd9_synonyms,SECONDARY_ICD9_TEXT3,No,,,,
icd9_synonyms,SECONDARY_ICD9_CODE4,No,,,,
icd9_synonyms,SECONDARY_ICD9_TEXT4,No,,,,
icd9_synonyms,SECONDARY_ICD10_CODE1,No,,,,
icd9_synonyms,SECONDARY_ICD10_TEXT1,No,,,,
icd9_synonyms,SECONDARY_ICD10_CODE2,No,,,,
icd9_synonyms,SECONDARY_ICD10_TEXT2,No,,,,
icd9_synonyms,SECONDARY_ICD10_CODE3,No,,,,
icd9_synonyms,SECONDARY_ICD10_TEXT3,No,,,,
icd9_synonyms,SECONDARY_ICD10_CODE4,No,,,,
icd9_synonyms,SECONDARY_ICD10_TEXT4,No,,,,
icd9_synonyms,baseicd9_code,No,,,,
icd9_synonyms,baseicd9_desc,No,,,,
icd9_synonyms,baseicd10_code,No,,,,
icd9_synonyms,baseicd10_desc,No,,,,
icd9_synonyms,PreferredLexicalID,No,,,,
icd9_synonyms,PreferredSNOMEDCode,No,,,,
icd9_synonyms,PreferredSNOMEDCodeDesc,No,,,,
icd9_synonyms,lexicaldesc,No,,,,
icd9_synonyms,icd_data,No,,,,
icd9_synonyms,SCT_US_CONCEPT_ID,No,,,,
icd9_synonyms,SNOMED_US_DESCRIPTION,No,,,,
icd9_synonyms,hassec,No,,,,
hpi,EncounterId,Yes,ENCOUNTER_ID,,,
hpi,hpiid,No,,,,
hpi,PropId,No,,,,
hpi,Selected,No,,,,
hpi,Notes,Yes,NOTES,,,
hpi,Duration,No,,,,
hpi,createDate,Yes,DATE_OFFSET,,,
hpi,displayseq,No,,,,
hpi,notes2,Yes,NOTES,,,
hpi,displayIndex,No,,,,
hospitalization,encounterID,Yes,ENCOUNTER_ID,,,
hospitalization,reason,Yes,NOTES,,,
hospitalization,date,Yes,DATE_OFFSET,,,
hospitalization,displayIndex,No,,,,
hl7labnotes,reportid,No,,,,
hl7labnotes,notes,Yes,NOTES,,,
hl7labnotes,serialNo,No,,,,
hl7labnotes,obrcode,No,,,,
hl7labnotes,hl7id,No,,,,
hl7labnotes,CorrReportNo,No,,,,
hl7labnotes,hl7itemid,No,,,,
hl7labnotes,hl7SrNo,No,,,,
hl7labdatadetail,ReportId,No,,,,
hl7labdatadetail,NAME,No,,,,
hl7labdatadetail,value,Yes,NOTES,,,
hl7labdatadetail,units,No,,,,
hl7labdatadetail,range,No,,,,
hl7labdatadetail,flag,No,,,,
hl7labdatadetail,notes,Yes,NOTES,,,
hl7labdatadetail,resultStatus,No,,,,
hl7labdatadetail,labId,No,,,,
hl7labdatadetail,hl7id,No,,,,
hl7labdatadetail,profileid,No,,,,
hl7labdatadetail,serialno,No,,,,
hl7labdatadetail,obrcode,No,,,,
hl7labdatadetail,performingSiteId,No,,,,
hl7labdatadetail,prevvalue,No,,,,
hl7labdatadetail,CorrReportNo,No,,,,
hl7labdatadetail,AttrResultDate,Yes,DATE_OFFSET,,,
hl7labdatadetail,AttrResultTime,No,,,,
hl7labdatadetail,obsubid,No,,,,
hl7labdatadetail,hl7itemid,No,,,,
hl7labdatadetail,itemId,No,,,,
familyhxdetails,encounterId,Yes,ENCOUNTER_ID,,,
familyhxdetails,itemId,No,,,,
familyhxdetails,icdItemid,No,,,,
familyhxdetails,icdCode,No,,,,
familyhxdetails,icdDesc,No,,,,
familyhxdetails,snomedCode,No,,,,
familyhxdetails,diagnosedyear,No,,,,
familyhxdetails,diagnosedAge,No,,,,
familyhxdetails,name,No,,,,
familydetail,encounterID,Yes,ENCOUNTER_ID,,,
familydetail,brothers,No,,,,
familydetail,sisters,No,,,,
familydetail,SibHealth,No,,,,
familydetail,sons,No,,,,
familydetail,daughters,No,,,,
familydetail,ChiHealth,No,,,,
familydata,encounterID,Yes,ENCOUNTER_ID,,,
familydata,itemID,No,,,,
familydata,NAME,No,,,,
familydata,STATUS,No ,,,,
familydata,age,No,,,,
familydata,dob,Yes,PATIENT_DOB,,,
family,encounterID,Yes,ENCOUNTER_ID,,,
family,itemID,No,,,,
family,NAME,No,,,,
family,propID,No,,,,
family,selected,No,,,,
family,Notes,Yes,NOTES,,,
encounters,Id,No,,,,
encounters,EncounterId,Yes,ENCOUNTER_ID,,,
encounters,ExamId,No,,,,
encounters,PropId,No,,,,
encounters,PropDetailId,No,,,,
encounters,Selection,No,,,,
encounters,Notes,Yes,NOTES,,,
encounters,createDate,Yes,DATE_OFFSET,,,
encounters,displayseq,No,,,,
encounters,notes2,Yes,NOTES,,,
encounters,displaycatseq,No,,,,
encounters,drawingnotes,Yes,NOTES,,,
encounterdata,encounterID,Yes,ENCOUNTER_ID,,,
encounterdata,chiefComplaint,No,,,,
encounterdata,currentMedication,No,,,,
encounterdata,HPINotes,Yes,NOTES,,,
encounterdata,ExamNotes,Yes,NOTES,,,
encounterdata,AsmtNotes,Yes,NOTES,,,
encounterdata,TreatNotes,Yes,NOTES,,,
encounterdata,NextAppt,Yes,NOTES,,,
encounterdata,NextApptOpt,No,,,,
encounterdata,LockEnc,No,,,,
encounterdata,AddtlNotes,Yes,NOTES,,,
encounterdata,pastHistory,Yes,NOTES,,,
encounterdata,AllergiesFlag,No,,,,
encounterdata,complaintsFlag,No,,,,
encounterdata,historyFlag,No,,,,
encounterdata,vitalsFlag,No,,,,
encounterdata,medicationFlag,No,,,,
encounterdata,copay,Yes,MASK,copay,,
encounterdata,paymentType,No,,,,
encounterdata,checkNo,Yes,MASK,checkNo,,
encounterdata,notesstatus,No,,,,
encounterdata,displayIndex,No,,,,
encounterdata,HospitalizationFlag,No,,,,
encounterdata,SurgicalFlag,No,,,,
encounterdata,PregnantFlag,No,,,,
encounterdata,BreastFeedingFlag,No,,,,
encounterdata,NonContributoryFlag,No,,,,
encounterdata,SurgicalHistoryFlag,No,,,,
encounterdata,HospitalizationHistoryFlag,No,,,,
encounterdata,chieficds,No,,,,
encounterdata,historyicds,No,,,,
encounterdata,AsmtNotesHeader,No,,,,
encounterdata,NextApptReason,Yes,NOTES,,,
encounterdata,doneBy,No,,,,
encounterdata,doneDate,Yes,DATE_OFFSET,,,
encounterdata,FollowUpNA,No,,,,
encounterdata,LockOrDoneDate,Yes,DATE_OFFSET,,,
encounterdata,SocialHistoryFlag,No,,,,
encounterdata,FamilyHistoryFlag,No,,,,
encounterdata,historyicdids,No,,,,
encounterdata,ImmunizationsVerified,No,,,,
encounterdata,medreconciliationinternalflag,No,,,,
encounterdata,mddatelastseen,Yes,DATE_OFFSET,,,
encounterdata,cancellationReason,No,,,,
encounterdata,transportationRequired,No,,,,
encounterdata,transportationStatus,No,,,,
encounterdata,occHealthType,No,,,,
encounterdata,trackingBoardNotes_status,No,,,,
encounterdata,NoReportedMedHx,No,,,,
encounterdata,NKDAFlag,No,,,,
encounterdata,InitialTreatmentDate,Yes,DATE_OFFSET,,,
encounterdata,ImplantsFlag,No,,,,
encounterdata,InvRespPartyId,No,,,,
encounterdata,InvRespPartyRelId,No,,,,
encounterdata,InvIsGrPt,No,,,,
encounterdata,PLVerifiedBy,No,,,,
encounterdata,PLVerified,No,,,,
encounterdata,PLVerifiedOn,Yes,DATE_OFFSET,,,
encounterdata,behavioralHistoryVerified,No,,,,
encaddendums,Id,No,,,,
encaddendums,encounterId,Yes,ENCOUNTER_ID,,,
encaddendums,userId,No,,,,
encaddendums,date,Yes,DATE_OFFSET,,,
encaddendums,time,No,,,,
encaddendums,addendum,Yes,NOTES,,,
encaddendums,regionName,No,,,,
enc_visitsubtype_mapping,id,No,,,,
enc_visitsubtype_mapping,encounterId,Yes,ENCOUNTER_ID,,,
enc_visitsubtype_mapping,visitSubTypeId,No,,,,
enc_visitsubtype_mapping,visitType,No,,,,
enc_visitsubtype_mapping,deleteflag,No,,,,
enc_utctimes,id,No,,,,
enc_utctimes,encounterID,Yes,ENCOUNTER_ID,,,
enc_utctimes,UTCTimeOut,Yes,DATE_OFFSET,,,
enc_utctimes,UTCDepTime,Yes,DATE_OFFSET,,,
enc_utctimes,UTCArrTime,Yes,DATE_OFFSET,,,
enc_utctimes,UTCTimeIn,Yes,DATE_OFFSET,,,
enc,encounterID,Yes,ENCOUNTER_ID,,,
enc,patientID,Yes,PATIENT_ID,,,
enc,doctorID,No,,,,
enc,date,Yes,DATE_OFFSET,,,
enc,time,No,,,,
enc,startTime,No,,,,
enc,endTime,No,,,,
enc,reason,No,,,,
enc,VisitType,No,,,,
enc,roomno,Yes,MASK,roomno,,
enc,STATUS,No,,,,
enc,deleteFlag,No,,,,
enc,encType,No,,,,
enc,encLock,No,,,,
enc,Notes,Yes,NOTES,,,
enc,generalNotes,Yes,NOTES,,,
enc,vmid,Yes,MASK,vmid,,
enc,facilityId,No,,,,
enc,POS,No,,,,
enc,arrivedTime,No,,,,
enc,timeIn,No,,,,
enc,timeOut,No,,,,
enc,stsAfterArr,No,,,,
enc,depTime,No,,,,
enc,stsAfterChkIn,Yes,NOTES,,,
enc,HL7Id,No,,,,
enc,newPt,No,,,,
enc,Dx,Yes,NOTES,,,
enc,reminded,No,,,,
enc,remindedDate,Yes,DATE_OFFSET,,,
enc,VisitCopay,Yes,MASK,VisitCopay,,
enc,CopayChanged,No,,,,
enc,ClaimRequired,No,,,,
enc,ClaimReq,No,,,,
enc,VisitTypeOverriden,No,,,,
enc,refPrName,No,,,,
enc,refPrId,No,,,,
enc,PSACGroup,No,,,,
enc,deptid,No,,,,
enc,ResourceId,No,,,,
enc,EncEligibilityStatus,No,,,,
enc,EligibilityMessage,Yes,NOTES,,,
enc,InvoiceId,No,,,,
enc,EligSubId,No,,,,
enc,trans_dictation,No,,,,
enc,waitTime,No,,,,
enc,EncEligibilityStatus2,No,,,,
enc,EligibilityMessage2,Yes,NOTES,,,
enc,EncEligibilityStatus3,No,,,,
enc,EligibilityMessage3,Yes,NOTES,,,
enc,websync,No,,,,
enc,dateIn,Yes,DATE_OFFSET,,,
enc,dateOut,Yes,DATE_OFFSET,,,
enc,notesDoneTime,No,,,,
enc,notesLoginId,No,,,,
enc,notesLogOutId,No,,,,
enc,immnotessendstatus,No,,,,
enc,visittypeid,No,,,,
enc,UTCStartTime,Yes,DATE_OFFSET,,,
enc,UTCEndTime,Yes,DATE_OFFSET,,,
enc,visitstscodeid,No,,,,
enc,practiceId,No,,,,
enc,transitionofcare,No,,,,
enc,prNotesSendStatus,No,,,,
enc,readytobill,No,,,,
enc,reviewbeforebill,No,,,,
enc,EncEligibilityStatus4,Yes,NOTES,,,
enc,EligibilityMessage4,Yes,NOTES,,,
enc,guId,No,,,,
enc,afterCareStatus,No,,,,
enc,callbackHistory,No,,,,
enc,waittime_minutes,No,,,,
enc,medicalmodifieddate,Yes,DATE_OFFSET,,,
enc,surgicalmodifieddate,Yes,DATE_OFFSET,,,
enc,hospmodifieddate,Yes,DATE_OFFSET,,,
enc,familymodifieddate,Yes,DATE_OFFSET,,,
enc,socialmodifieddate,Yes,DATE_OFFSET,,,
enc,allergymodifieddate,Yes,DATE_OFFSET,,,
enc,aftercareSubStatus,No,,,,
enc,ApptStatusReasonRequired,No,,,,
enc,supproviderid,No,,,,
enc,implantmodifieddate,Yes,DATE_OFFSET,,,
enc,dentalmodifieddate,Yes,DATE_OFFSET,,,
enc,ocularhistmodifieddt,Yes,DATE_OFFSET,,,
enc,ocularsurgmodifieddt,Yes,DATE_OFFSET,,,
enc,isShared,No,,,,
enc,gynmodifieddate,Yes,DATE_OFFSET,,,
enc,obmodifieddate,Yes,DATE_OFFSET,,,
enc,qmbflag,No,,,,
enc,bhhistorymodifieddate,Yes,DATE_OFFSET,,,
edi_inv_cpt,Id,No,,,,
edi_inv_cpt,InvoiceId,No,,,,
edi_inv_cpt,ItemId,No,,,,
edi_inv_cpt,Code,No,,,,
edi_inv_cpt,PrimaryCode,No,,,,
edi_inv_cpt,Mod1,No,,,,
edi_inv_cpt,Mod2,No,,,,
edi_inv_cpt,Mod3,No,,,,
edi_inv_cpt,Mod4,No,,,,
edi_inv_cpt,SDOS,Yes,DATE_OFFSET,,,
edi_inv_cpt,FromTime,No,,,,
edi_inv_cpt,EDOS,Yes,DATE_OFFSET,,,
edi_inv_cpt,ToTime,No,,,,
edi_inv_cpt,TOS,No,,,,
edi_inv_cpt,pos,No,,,,
edi_inv_cpt,UnitType,No,,,,
edi_inv_cpt,BilledUnitFee,Yes,MASK,BilledUnitFee,,
edi_inv_cpt,Units,No,,,,
edi_inv_cpt,BilledFee,Yes,MASK,BilledFee,,
edi_inv_cpt,NonCoveredCharges,Yes,MASK,NonCoveredCharges,,
edi_inv_cpt,ICD1,No,,,,
edi_inv_cpt,ICD2,No,,,,
edi_inv_cpt,ICD3,No,,,,
edi_inv_cpt,ICD4,No,,,,
edi_inv_cpt,AllowedUnitFee,Yes,MASK,AllowedUnitFee,,
edi_inv_cpt,AllowedFee,Yes,MASK,AllowedFee,,
edi_inv_cpt,PtPortion,Yes,MASK,PtPortion,,
edi_inv_cpt,TotalPtPortion,Yes,MASK,TotalPtPortion,,
edi_inv_cpt,EPSDT,No,,,,
edi_inv_cpt,EMG,No,,,,
edi_inv_cpt,COB,No,,,,
edi_inv_cpt,ReviewByCode,No,,,,
edi_inv_cpt,OrdPrUserId,No,,,,
edi_inv_cpt,OrdPrNPI,No,,,,
edi_inv_cpt,RefPrUserId,No,,,,
edi_inv_cpt,RefPrNPI,No,,,,
edi_inv_cpt,FacilityId,No,,,,
edi_inv_cpt,RendPrUserId,No,,,,
edi_inv_cpt,RendPrNPI,No,,,,
edi_inv_cpt,SupPrUserId,No,,,,
edi_inv_cpt,SupPrNPI,No,,,,
edi_inv_cpt,CliaID,No,,,,
edi_inv_cpt,MammographCertNo,No,,,,
edi_inv_cpt,AnesOxMinutes,No,,,,
edi_inv_cpt,Notes,Yes,NOTES,,,
edi_inv_cpt,BillToIns,Yes,MASK,BillToIns,,
edi_inv_cpt,BillToPt,Yes,MASK,BillToPt,,
edi_inv_cpt,RevCodeID,No,,,,
edi_inv_cpt,RevCode,No,,,,
edi_inv_cpt,PrescriptionNumber,No,,,,
edi_inv_cpt,ServiceCodeSlNo,No,,,,
edi_inv_cpt,ServiceIDType,No,,,,
edi_inv_cpt,ServiceCode,No,,,,
edi_inv_cpt,cptOrder,No,,,,
edi_inv_cpt,deleteFlag,No,,,,
edi_inv_cpt,displayIndex,No,,,,
edi_inv_cpt,NDCCode,No,,,,
edi_inv_cpt,NDCUnits,No,,,,
edi_inv_cpt,InitialTreatmentDate,Yes,DATE_OFFSET,,,
edi_inv_cpt,HospiceProvInd,No,,,,
edi_inv_cpt,BilledToIdType,No,,,,
edi_inv_cpt,BilledToId,No,MASK,BilledToId,,
edi_inv_cpt,BilledToIdSeqNo,No,,,,
edi_inv_cpt,FileStatus,No,,,,
edi_inv_cpt,OrgBillToIns,Yes,MASK,OrgBillToIns,,
edi_inv_cpt,OrgOrdPrNPI,No,,,,
edi_inv_cpt,OrgRefPrNPI,No,,,,
edi_inv_cpt,OrgRendPrNPI,No,,,,
edi_inv_cpt,OrgSupPrNPI,No,,,,
edi_inv_cpt,ToothNumber,No,,,,
edi_inv_cpt,Surface,No,,,,
edi_inv_cpt,closingId,No,,,,
edi_inv_cpt,NdcUnitPrice,Yes,MASK,NdcUnitPrice,,
edi_inv_cpt,NdcUom,No,,,,
edi_inv_cpt,RxOrderNumber,No,,,,
edi_inv_cpt,cptBalance,Yes,MASK,cptBalance,,
edi_inv_cpt,AnesthesiaStartTime,No,,,,
edi_inv_cpt,AnesthesiaEndTime,No,,,,
edi_inv_cpt,AnesthesiaBaseUnitVal,Yes,MASK,AnesthesiaBaseUnitVal,,
edi_inv_cpt,AnesBaseUnitVal,Yes,MASK,AnesBaseUnitVal,,
edi_inv_cpt,OrgItemId,No,,,,
edi_inv_cpt,OrgCode,No,,,,
edi_inv_cpt,OrgBilledUnitFee,Yes,MASK,OrgBilledUnitFee,,
edi_inv_cpt,OrgUnits,No,,,,
edi_inv_cpt,OrgBilledFee,Yes,MASK,OrgBilledFee,,
edi_inv_cpt,CPTReplacementStage,No,,,,
edi_inv_cpt,OrgDispIndex,No,,,,
edi_inv_cpt,T1015TransitionStage,No,,,,
edi_inv_cpt,HPSAModifierAddedColumn,No,,,,
edi_inv_cpt,OrgBillToInsT1015,No,,,,
edi_inv_cpt,IsSedationBilling,No,,,,
edi_inv_cpt,NOCDescription,No,,,,
edi_inv_cpt,vinvcptid,No,,,,
edi_inv_cpt,dmerccertificationtypecode,No,,,,
edi_inv_cpt,dmercdurationmonths,No,,,,
edi_inv_cpt,dmerccertificationindicator,No,,,,
edi_inv_cpt,dmercconditionindicator1,No,,,,
edi_inv_cpt,dmercconditionindicator2,No,,,,
edi_inv_cpt,referringcliaid,No,,,,
edi_inv_cpt,cmnflag,No,,,,
edi_inv_cpt,documentedTime,No,,,,
edi_inv_cpt,OperatingProviderId,No,,,,
edi_inv_cpt,OperatingProviderNPI,No,,,,
edi_inv_cpt,OtherOperatingProviderId,No,,,,
edi_inv_cpt,OtherOperatingProviderNPI,No,,,,
edi_inv_cpt,timeCaptureType,No,,,,
edi_inspayments,paymentId,No,,,,
edi_inspayments,PayorType,No,,,,
edi_inspayments,payorId,Yes,PATIENT_ID,,,
edi_inspayments,providerId,No,,,,
edi_inspayments,amount,Yes,MASK,amount,,
edi_inspayments,checkNo,Yes,MASK,checkNo,,
edi_inspayments,type,No,,,,
edi_inspayments,date,Yes,DATE_OFFSET,,,
edi_inspayments,checkDate,Yes,DATE_OFFSET,,,
edi_inspayments,memo,Yes,NOTES,,,
edi_inspayments,PostedBy,No,,,,
edi_inspayments,PostedDt,Yes,DATE_OFFSET,,,
edi_inspayments,PostedTime,No,,,,
edi_inspayments,modifiedDate,Yes,DATE_OFFSET,,,
edi_inspayments,facilityId,No,,,,
edi_inspayments,paymentLock,No,,,,
edi_inspayments,lockedBy,No,,,,
edi_inspayments,deleteFlag,No,,,,
edi_inspayments,UnpostedAmount,Yes,MASK,UnpostedAmount,,
edi_inspayments,PaymentCode,No,,,,
edi_inspayments,EOMB1,No,,,,
edi_inspayments,creditCardType,No,,,,
edi_inspayments,closingId,No,,,,
edi_inspayments,UnpostedCPT,Yes,MASK,UnpostedCPT,,
edi_inspayments,checkTaxAmt,Yes,MASK,checkTaxAmt,,
edi_inspayments,checkTotalAmt,Yes,MASK,checkTotalAmt,,
edi_inspayments,eraDetailId,No,,,,
edi_inspayments,BatchId,Yes,NOTES,,,
edi_inspayments,VoidFlag,No,,,,
edi_inspayments,RecreatedFlag,No,,,,
edi_inspayments,ParentPaymentId,No,,,,
edi_inspayments,PracticeId,No,,,,
edi_inspayments,transid,No,,,,
edi_inspayments,depositDate,Yes,DATE_OFFSET,,,
edi_inspayments,voidId,No,,,,
edi_inspayments,isCollectionPayment,No,,,,
edi_inspayments,isreviewed,No,,,,
edi_inspayments,encid,Yes,ENCOUNTER_ID,,,
edi_inspayments,isexception,No,,,,
edi_inspayments,voidPayment,No,,,,
edi_inspayments,createdFromAppt,No,,,,
docsrefdata,id,No,,,,
docsrefdata,refID,Yes,MASK,refID,,
docsrefdata,source,No,,,,
docsrefdata,docType,No,,,,
docsrefdata,patientID,Yes,PATIENT_ID,,,
docsrefdata,updatedOn,Yes,DATE_OFFSET,,,
docsrefdata,name,Yes,NOTES,,,
docsrefdata,addInfo,Yes,NOTES,,,
diagnosis,EncounterId,Yes,ENCOUNTER_ID,,,
diagnosis,ItemId,No,,,,
diagnosis,PrimaryAsmt,No,,,,
diagnosis,Specify,Yes,NOTES,,,
diagnosis,Notes,Yes,NOTES,,,
diagnosis,displayIndex,No,,,,
diagnosis,axis,No,,,,
diagnosis,AsmtOnsetDate,Yes,DATE_OFFSET,,,
diagnosis,SlNo,No,,,,
diagnosis,websync,No,,,,
diagnosis,Risk,No,,,,
diagnosis,SNOMED,No,,,,
diagnosis,synonymid,No,,,,
diagnosis,SNOMEDDesc,No,,,,
diagnosis,specifyHtml,No,,,,
diagnosis,notesHtml,Yes,NOTES,,,
dashboard_sticky_notes,PtId,Yes,PATIENT_ID,,,
dashboard_sticky_notes,PtNotes,Yes,NOTES,,,
dashboard_sticky_notes,securenotes,Yes,NOTES,,,
cre_preview_event,Id,No,,,,
cre_preview_event,RuleId,No,,,,
cre_preview_event,EventId,No,,,,
cre_preview_event,RuleName,No,,,,
cre_preview_event,EventType,No,,,,
cre_preview_event,AssignedTo,No,,,,
cre_preview_event,DueDate,Yes,DATE_OFFSET,,,
cre_preview_event,EncounterId,Yes,ENCOUNTER_ID,,,
cre_preview_event,PatientId,Yes,PATIENT_ID,,,
cre_preview_event,Notes,Yes,NOTES,,,
cre_preview_event,PopupNotes,Yes,NOTES,,,
cre_preview_event,DeleteFlag,No,,,,
cre_preview_event,Vital_Itemname,No,,,,
cre_preview_event,Vital_ItemId,No,,,,
cre_preview_event,triggered,No,,,,
cre_preview_event,cancelReason,Yes,NOTES,,,
cre_preview_event,reason,Yes,NOTES,,,
cre_preview_event,EventNotes,Yes,NOTES,,,
cre_preview_event,deleteflagCDSS,No,,,,
cre_events_execution_report,id,No,,,,
cre_events_execution_report,previewId,No,,,,
cre_events_execution_report,ruleId,No,,,,
cre_events_execution_report,eventId,No,,,,
cre_events_execution_report,EncounterId,Yes,ENCOUNTER_ID,,,
cre_events_execution_report,patientId,Yes,PATIENT_ID,,,
cre_events_execution_report,eventTypeId,No,,,,
cre_events_execution_report,eventdata,Yes,DATE_OFFSET,,,
cre_events_execution_report,executedOn,Yes,DATE_OFFSET,,,
cre_events_execution_report,executionStatus,No,,,,
contacts,contactId,No,,,,
contacts,pid,Yes,PATIENT_ID,,,
contacts,name,Yes,MASK,name,,
contacts,relation,No,,,,
contacts,address,Yes,MASK,address,,
contacts,address2,Yes,MASK,address2,,
contacts,city,Yes,MASK,city,,
contacts,state,No,,,,
contacts,zipcode,Yes,ZIP_CODE,,,
contacts,homePhone,Yes,MASK,homePhone,,
contacts,workPhone,Yes,MASK,workPhone,,
contacts,vmid,Yes,MASK,vmid,,
contacts,delflag,No,,,,
contacts,Lname,Yes,MASK,Lname,,
contacts,Fname,Yes,MASK,Fname,,
contacts,MI,Yes,MASK,MI,,
contacts,Guardian,No,,,,
contacts,RelatedPtId,Yes,PATIENT_ID,,,
contacts,HExt,No,,,,
contacts,WExt,No,,,,
contacts,Type1,No,,,,
contacts,Type2,No,,,,
contacts,Fax,Yes,MASK,Fax,,
contacts,Email,Yes,MASK,Email,,
contacts,Notes,Yes,NOTES,,,
contacts,Hippa,No,,,,
contacts,displayorder,No,,,,
contacts,maidenname,Yes,MASK,maidenname,,
contacts,CountryCode,No,,,,
contacts,CellPhone,Yes,MASK,CellPhone,,
contacts,isFamilyMember,No,,,,
contacts,ECOrder,No,,,,
contacts,isEmergencyContact,No,,,,
contacts,preferredPhone,Yes,MASK,preferredPhone,,
coc,id,No,,,,
coc,name,No,,,,
coc,createdby,No,,,,
coc,createdon,Yes,DATE_OFFSET,,,
coc,patientid,Yes,PATIENT_ID,,,
coc,description,Yes,NOTES,,,
coc,primarycontactid,No,,,,
coc,delflag,No,,,,
coc,isccmrcontact,No,,,,
coc,hasCareManager,No,,,,
coc,ccmrdispname,No,,,,
coc,ccmrprogid,No,,,,
coc,activeFlag,No,,,,
billingdata,Id,No,,,,
billingdata,EncounterId,Yes,ENCOUNTER_ID,,,
billingdata,itemID,No,,,,
billingdata,date,Yes,DATE_OFFSET,,,
billingdata,endDate,Yes,DATE_OFFSET,,,
billingdata,endData,Yes,DATE_OFFSET,,,
billingdata,providerId,No,,,,
billingdata,Notes,Yes,NOTES,,,
billingdata,displayIndex,No,,,,
billingdata,deleteFlag,No,,,,
billingdata,Mod1,No,,,,
billingdata,Mod2,No,,,,
billingdata,Mod3,No,,,,
billingdata,units,No,,,,
billingdata,codeFlag,No,,,,
billingdata,Icd1,No,,,,
billingdata,Icd2,No,,,,
billingdata,Icd3,No,,,,
billingdata,Icd4,No,,,,
billingdata,icdcode1,No,,,,
billingdata,icdcode2,No,,,,
billingdata,icdcode3,No,,,,
billingdata,icdcode4,No,,,,
billingdata,vitalCpt,No,,,,
billingdata,Mod4,No,,,,
billingdata,ToothNumber,No,,,,
billingdata,Surface,No,,,,
billingdata,documentedTime,No,,,,
billingdata,ndccode,No,,,,
assignedpnenc,id,No,,,,
assignedpnenc,EncounterID,Yes,ENCOUNTER_ID,,,
assignedpnenc,AssignedToId,No,,,,
assignedpnenc,LockStatus,No,,,,
assignedpnenc,Notes,Yes,NOTES,,,
assignedpnenc,randomselection,No,,,,
assignedpnenc,assigntosupprid,No,,,,
annualnotes,encounterId,Yes,ENCOUNTER_ID,,,
annualnotes,notes,Yes,NOTES,,,
annualnotes,type,No,,,,
annualnotes,notesHTML,Yes,NOTES,,,
allergies,patientID,Yes,PATIENT_ID,,,
allergies,drug,No,,,,
allergies,allergy,No,,,,
allergies,encounterId,Yes,ENCOUNTER_ID,,,
allergies,itemID,No,,,,
allergies,displayIndex,No,,,,
allergies,SMDamConceptID,No,,,,
allergies,SMDamConceptIDDesc,No,,,,
allergies,ndc_code,No,,,,
allergies,allergytype,No,,,,
allergies,type,No,,,,
allergies,status,No,,,,
allergies,criticality,No,,,,
allergies,onsetdate,Yes,DATE_OFFSET,,,
alertdata,Id,No,,,,
alertdata,PatientId,Yes,PATIENT_ID,,,
alertdata,MeasureId,No,,,,
alertdata,MeasureName,No,,,,
alertdata,ItemId,No,,,,
alertdata,Frequency,No,,,,
alertdata,LastDone,Yes,DATE_OFFSET,,,
alertdata,DueDate,Yes,DATE_OFFSET,,,
alertdata,Value,No,,,,
alertdata,controlstatus,No,,,,
alertdata,RegistryAlert,No,,,,
alertdata,labReceived,No,,,,
alertdata,mdate,Yes,DATE_OFFSET,,,
alertdata,isExternalAlert,No,,,,
alertdata,isMergedToCdssAlert,No,,,,
addressmanager,id,No,,,,
addressmanager,patientId,Yes,PATIENT_ID,,,
addressmanager,AddressStatus,No,,,,
addressmanager,Address_type_id,No,,,,
addressmanager,addressline1,Yes,MASK,addressline1,,
addressmanager,addressline2,Yes,MASK,addressline2,,
addressmanager,Effectivedatefrom,Yes,DATE_OFFSET,,,
addressmanager,Effectivedateto,Yes,DATE_OFFSET,,,
addressmanager,city,Yes,MASK,city,,
addressmanager,County,No,,,,
addressmanager,state,No,,,,
addressmanager,zip,Yes,ZIP_CODE,,,
addressmanager,Country,No,,,,
addressmanager,countycode,No,,,,
addressmanager,deleteflag,No,,,,
userprofile,Id,No,,,,
userprofile,UserId,No,,,,
userprofile,FacilityId,No,,,,
userprofile,PatientHub,No,,,,
userprofile,DefaultPmtDateOption,No,,,,
userprofile,FutureOrderChecked,No,,,,
userprofile,DefaultPmtMaxCount,No,,,,
userprofile,DefaultPmtMethod,No,,,,
userprofile,AllergyPopupLevel,No,,,,
userprofile,FutureOrderCheckedXRays,No,,,,
userprofile,UseComputerSpecificFaiclity,No,,,,
userprofile,ShowEcliniFormsInPN,No,,,,
userprofile,ClaimNoLabs,No,,,,
userprofile,ClaimNoAutomaticChecks,No,,,,
userprofile,ProgressNotesRightPanel,No,,,,
userprofile,ProgressNotesTopPanel,No,,,,
userprofile,ProgressNotesInitials,No,,,,
userprofile,MultiPVDSelection,No,,,,
userprofile,PerformanceRptMsg,No,,,,
userprofile,OutlookBar,No,,,,
userprofile,ShowDiscontinuedDrugs,No,,,,
userprofile,DefaultOfficevisitMaxCount,No,,,,
userprofile,ShowSignature,No,,,,
userprofile,ShowOutlookTreeview,No,,,,
userprofile,OutlookBarLeftPanel,No,,,,
userprofile,UseNewLabReview,No,,,,
userprofile,UseNewDocReview,No,,,,
userprofile,TelEncTopPanel,No,,,,
userprofile,TelEncRightPanel,No,,,,
userprofile,LabTopPanel,No,,,,
userprofile,LabRightPanel,No,,,,
userprofile,DocTopPanel,No,,,,
userprofile,DocRightPanel,No,,,,
userprofile,UseNewTelEnc,No,,,,
userprofile,LookupPagesStyle,No,,,,
userprofile,DefaultOutOfOfficeDateOption,No,,,,
userprofile,PerformanceRptMsgPmt,No,,,,
userprofile,ApptNonBillableWarning,No,,,,
userprofile,DisplayPayInsGrp,No,,,,
userprofile,ClaimsLookUp,No,,,,
userprofile,PatientHubRightPanel,No,,,,
userprofile,DefaultLibraryForAssessment,No,,,,
userprofile,DefaultLibraryForChiefComplaint,No,,,,
userprofile,DefaultLibraryForMedicalHistory,No,,,,
userprofile,DefaultLibraryForTreatmentRx,No,,,,
userprofile,DefaultLibraryForTreatmentDx,No,,,,
userprofile,AllLotsScreen,No,,,,
userprofile,AllLotsImmScreen,No,,,,
userprofile,OnlySelectedVaccine,No,,,,
userprofile,ShowDDR,No,,,,
userprofile,DefaultSearchPtBy,No,,,,
userprofile,CentralizedScheduling,No,,,,
userprofile,ShowInvalidCpt,No,,,,
userprofile,DefaultPrintLogMaxCount,No,,,,
userprofile,EnableProactiveDrugInteraction,No,,,,
userprofile,DefaultFaxLogMaxCount,No,,,,
userprofile,ShowLineBal,No,,,,
userprofile,DefaultOutOfOfficeFacilityId,No,,,,
userprofile,DefaultIcdAssignment,No,,,,
userprofile,ClaimsDupCptSelOption,No,,,,
userprofile,RptPMTByFacility,No,,,,
userprofile,DoNotShowPostingDateMessage,No,,,,
userprofile,Default_Referral_visits,No,,,,
userprofile,DefaultProgressNoteTemplates,No,,,,
userprofile,ShowMultumDosesForCustomDrugs,No,,,,
userprofile,DefaultSuperBill,Yes,MASK,DefaultSuperBill,,
userprofile,DefaultLabReqForm,No,,,,
userprofile,DefaultImagingReqForm,No,,,,
userprofile,EnableFacilityBasedFilter,No,,,,
userprofile,RxListViewPrintFax,No,,,,
userprofile,ShowMessageForFutureVisit,No,,,,
userprofile,CopyTreatmentNotesForDx,No,,,,
userprofile,HideAliasColumn,No,,,,
userprofile,ImmunLockPop,No,,,,
userprofile,DefaultUomInGrowthCharts,No,,,,
userprofile,DefaultLabCompany,No,,,,
userprofile,DefaultStyleInProgressNotes,No,,,,
userprofile,faxInboxSortAsc,No,,,,
userprofile,ExportERAFolder,Yes,MASK,ExportERAFolder,,
userprofile,faxInboxRefreshRate,Yes,MASK,faxInboxRefreshRate,,
userprofile,xmlhttptimeout_send,Yes,MASK,xmlhttptimeout_send,,
userprofile,xmlhttptimeout_receive,Yes,MASK,xmlhttptimeout_receive,,
userprofile,ServerXMLHTTPObject,Yes,MASK,ServerXMLHTTPObject,,
userprofile,EnableTabletSignaturePad,Yes,MASK,EnableTabletSignaturePad,,
userprofile,DefaultLookup_LabComReport,No,,,,
userprofile,DefaultSortBy_LabComReport,No,,,,
userprofile,DefaultFormat_LabComReport,No,,,,
userprofile,Default_EMR_IcdAssignments,No,,,,
userprofile,PopDgRefAuto,No,,,,
userprofile,referrelPop,No,,,,
userprofile,DefaultCoPayMethod,No,,,,
userprofile,ShowSpecify,No,,,,
userprofile,HideReasonColumn,No,,,,
userprofile,alertstype,No,,,,
userprofile,LotsLabInventory,No,,,,
userprofile,LotsLabReview,No,,,,
userprofile,LotsOnlySelectedLab,No,,,,
userprofile,ClaimRightPanel,No,,,,
userprofile,ShowSingleButtonForRx,No,,,,
userprofile,EnableLabInstruction,No,,,,
userprofile,ShowLabDICategories,No,,,,
userprofile,ShowUpToDate,No,,,,
userprofile,DefaultSignaturePad,No,,,,
userprofile,RPaneTabs,No,,,,
userprofile,CDSSOption,No,,,,
userprofile,DoNotShowDymoDialog,No,,,,
userprofile,ManageRx,No,,,,
userprofile,ShowAdjustment,No,,,,
userprofile,ShowWithHeld,No,,,,
userprofile,picklistbyfacility,No,,,,
userprofile,ContactLensFav,No,,,,
userprofile,GetMyHomePage,No,,,,
userprofile,ShowExamTree,No,,,,
userprofile,ShowCptCopyRight,No,,,,
userprofile,ShowRxEditModern,No,,,,
userprofile,DefaultLookupFee,Yes,MASK,DefaultLookupFee,,
userprofile,DefaultFeeFilter,No,,,,
userprofile,ShowFeeSchAllowed,No,,,,
userprofile,AccountInquiryRightPanel,No,,,,
userprofile,MedicalRecordPrint,No,,,,
userprofile,DefaultDICompany,No,,,,
userprofile,PatientDefaultPrimaryServiceLocation,No,,,,
userprofile,jellybeans,No,,,,
userprofile,DoNotShowDigitalInkWarn,No,,,,
userprofile,DigitalInk,No,,,,
userprofile,PtLabsViewMode,No,,,,
userprofile,ShowTransferDays,No,,,,
userprofile,UseClaimFacilityAsDefaultFacOnSingleInsPmt,No,,,,
userprofile,ShowMyFavLabs,No,,,,
userprofile,ShowMyFavDI,No,,,,
userprofile,ShowMyFavProcedures,No,,,,
userprofile,VisionExamDefaultAcuties,No,,,,
userprofile,ShowOSFormularies,No,,,,
userprofile,DefaultViewAllReportBy,No,,,,
userprofile,DefaultViewReportLookupBy,No,,,,
userprofile,DefaultViewReportSortBy,No,,,,
userprofile,CumLabsViewMode,No,,,,
userprofile,DisplayStyleForStructDataPN,No,,,,
userprofile,DefaultRightPanel,No,,,,
userprofile,DefFacilityForVirtLabs,No,,,,
userprofile,OutofOfficeFrmDate,No,,,,
userprofile,OutofOfficeToDate,No,,,,
userprofile,FormularyManageRx,No,,,,
userprofile,selectSingleAssessment,No,,,,
userprofile,ShowOnlyProvidersWithSelectedFacility,No,,,,
userprofile,excludeBookedSlot,No,,,,
userprofile,SearchBeginsWith,No,,,,
userprofile,MUParticipate,No,,,,
userprofile,countForDeleteMsg,No,,,,
userprofile,DaysForDeleteMsg,No,,,,
userprofile,date_archiveMsg,No,,,,
userprofile,isSmartSearchEnabled,No,,,,
userprofile,isSmartSearchSetToDefault,No,,,,
userprofile,LabDIOrderScreenView,No,,,,
userprofile,ShowMedSummaryinPNCurrMed,No,,,,
userprofile,ShowMedSummaryinPNTrtCurrMed,No,,,,
userprofile,ShowMedSummaryinPtHubCurrMed,No,,,,
userprofile,ShowMedSummaryinPNRPCurrMed,No,,,,
userprofile,ShowMedSummaryinTelEncCurMed,No,,,,
userprofile,CustomRxEditSetting,No,,,,
userprofile,EnableAddAsmtwhenaddingRx,No,,,,
userprofile,PtDemo_ProperCase,No,,,,
userprofile,modiInstallLocation,Yes,MASK,modiInstallLocation,,
userprofile,ScribeExamNotes,Yes,MASK,ScribeExamNotes,,
userprofile,ScribeHPINotes,Yes,MASK,ScribeHPINotes,,
userprofile,ScribeProcedureNotes,Yes,MASK,ScribeProcedureNotes,,
userprofile,ScribeROSNotes,Yes,MASK,ScribeROSNotes,,
userprofile,ScribePrevMedNotes,Yes,MASK,ScribePrevMedNotes,,
userprofile,ScribePhyExamNotes,Yes,MASK,ScribePhyExamNotes,,
userprofile,ScribeSocialNotes,Yes,MASK,ScribeSocialNotes,,
userprofile,ShowMyFavOSnotes,Yes,MASK,ShowMyFavOSnotes,,
userprofile,isScribeVisible,No,,,,
userprofile,ShowTemplateOption,No,,,,
userprofile,DefaultFolderForIPadCameraFiles,No,,,,
userprofile,DefaultInteractionOption,No,,,,
userprofile,HardResetPwdEnabled,No,,,,
userprofile,VisionExamDefaultSPH,No,,,,
userprofile,prNotesScreenWidth,No,,,,
userprofile,OfficeVisitProviderList,No,,,,
userprofile,DefaultLookupPositionDI,No,,,,
userprofile,DefaultLookupTypeDI,No,,,,
userprofile,DefaultLookupPositionLabs,No,,,,
userprofile,DefaultLookupTypeLabs,No,,,,
userprofile,DefaultLookupPositionProc,No,,,,
userprofile,DefaultLookupTypeProc,No,,,,
userprofile,FutureOrderCheckedProcedures,No,,,,
userprofile,ShowPreview,No,,,,
userprofile,MyPreviewLinks,No,,,,
userprofile,confirmNote,No,,,,
userprofile,expandNotesSectionForHPI,No,,,,
userprofile,expandNotesSectionForTreatment,No,,,,
userprofile,expandNotesSectionForAssessment,No,,,,
userprofile,ImmunizationViewMode,No,,,,
userprofile,DefViewImmunizations,No,,,,
userprofile,browseSurgicalByKeyword,No,,,,
userprofile,browseMedicalByKeyword,No,,,,
userprofile,ConfigMiddGraph,No,,,,
userprofile,MultiApptSrchAllFacilities,No,,,,
userprofile,DefaultRxSearchOptions,No,,,,
userprofile,ERAColumnDisplay,No,,,,
userprofile,IsScribeDefault,No,,,,
userprofile,ScribeActiveUsers,No,,,,
userprofile,browseFamilyHxByICD,No,,,,
userprofile,ExcludeTakingFromRxHIcon,No,,,,
userprofile,ShowTRF,No,,,,
userprofile,ShowFormularyinModernMedScreen,No,,,,
userprofile,DefaultRefill30,No,,,,
userprofile,DefaultRefill90,No,,,,
userprofile,ImmunizationDtScreenView,No,,,,
userprofile,NoPopupMessageDeleteICDs,No,,,,
userprofile,ShowDxOnVisitSummary,No,,,,
userprofile,DevicesDIViewScreen,No,,,,
userprofile,AlertTemplateFavorites,No,,,,
userprofile,immInjMyFavorites,No,,,,
userprofile,IsEPCSEnabled,No,,,,
userprofile,FavSurgicalNotes,No,,,,
userprofile,FavHospitalizationNotes,No,,,,
userprofile,FavMedicalHxNotes,No,,,,
userprofile,FaxChiefComplaintsNotes,No,,,,
userprofile,LJellyBeanOrderbyPatient,No,,,,
userprofile,showUnreviewedOrders,No,,,,
userprofile,RxDosagesOption,No,,,,
userprofile,RPaneTabsSequence,No,,,,
userprofile,AutoHidePNPanels,No,,,,
userprofile,showPNInScribe,No,,,,
userprofile,showpnheader,No,,,,
userprofile,ApptRightPanel,No,,,,
userprofile,AutoHideTRPanelsInProgressNotes,No,,,,
userprofile,AutoHideTRPanelsInScribe,No,,,,
userprofile,AutoHideTRPanelsInCarePlan,No,,,,
userprofile,AutoHideTRPanelsInOB,No,,,,
userprofile,ChargesRightPanel,No,,,,
userprofile,CommonSendScreen,No,,,,
userprofile,templatecategory,No,,,,
userprofile,templatefacility,No,,,,
userprofile,templatelistcategory,No,,,,
userprofile,templatelistfacility,No,,,,
userprofile,FavROSOption,No,,,,
userprofile,officevisitviewscreen,No,,,,
userprofile,StopAutoExtractROS,No,,,,
userprofile,StopAutoHPICODenies,No,,,,
userprofile,ReconcileMenuFromLJellyBean,No,,,,
userprofile,RPNDefaultProvID,No,,,,
userprofile,patientDocTreeExpand,No,,,,
userprofile,viewAllReportsAssignedToMe,No,,,,
userprofile,ClinicalNotesTabInTreatment,No,,,,
userprofile,quickSearchFavoriteOrders,No,,,,
userprofile,quickSearchRxOrders,No,,,,
userprofile,quickSearchLabOrders,No,,,,
userprofile,quickSearchDIOrders,No,,,,
userprofile,quickSearchProcedureOrders,No,,,,
userprofile,quickSearchImmInjOrders,No,,,,
userprofile,forwardtoid,No,,,,
userprofile,quickSearchALLLabDICompanies,No,,,,
userprofile,ccmrcareplanview,No,,,,
userprofile,patientDocSortAsc,No,,,,
userprofile,defaultRxCategoryinQuickSearch,No,,,,
userprofile,refreshptdocstree,No,,,,
userprofile,TeleVisitActiveUser,No,,,,
userprofile,allowepcs,Yes,MASK,allowepcs,,
userprofile,timeUnits,No,,,,
userprofile,CCMRPtHubActiveTab,No,,,,
userprofile,PrePostOpFilter,No,,,,
userprofile,CCMRDefaultTab,No,,,,
userprofile,EnableCCMRDocumentationScreen,No,,,,
userprofile,ViewCommentSection,No,,,,
userprofile,careplanfavques,No,,,,
userprofile,imofilterresults,No,,,,
userprofile,PNICDConvConfirmDisplay,No,,,,
userprofile,CCMPrePostOpFilter,No,,,,
userprofile,DefaultMedSummaryGroupBy,No,,,,
userprofile,ePrescriptionScreenFromTreatment,No,,,,
userprofile,panelid,No,,,,
userprofile,FavRx,No,,,,
userprofile,DefaultInteractionGrpByOpt,No,,,,
userprofile,filteralertsviewnot,No,,,,
userprofile,PhysicalTherapyFavouritesList,No,,,,
userprofile,enablePathologyScreen,No,,,,
userprofile,InjuriesDefaultGame,No,,,,
userprofile,defaultApptVisitFromTime,No,,,,
userprofile,defaultApptVisitToTime,No,,,,
userprofile,userchoice,No,,,,
userprofile,alertschoice,No,,,,
userprofile,defaultApptAdvanceOption,No,,,,
userprofile,defaultApptMaxWaitTime,Yes,MASK,defaultApptMaxWaitTime,,
userprofile,rcmnotification,No,,,,
userprofile,defaultFacilityProvider,No,,,,
userprofile,quickSearchInHouseDIFilter,No,,,,
userprofile,quickSearchInHouseLabFilter,No,,,,
userprofile,eclinisensevisitoption,No,,,,
userprofile,defaultreviewlabletter,No,,,,
userprofile,eclinisensegroupflag,No,,,,
userprofile,eclinisensepatspecific,No,,,,
userprofile,eclinisensefullwidthview,No,,,,
userprofile,eclinisensedefaultprovider,No,,,,
userprofile,PatientDocsTreeWidth,No,,,,
userprofile,cpreviewdaterange,No,,,,
userprofile,chkCouselingByDefaultForImmInj,No,,,,
userprofile,claimautomaticchecksasync,No,,,,
userprofile,DefaultOutOfOfficeProviderId,No,,,,
userprofile,DefaultOutOfOfficeResourceId,No,,,,
userprofile,DefaultOutOfOfficePOS,No,,,,
userprofile,caseFilter,No,,,,
userprofile,currRxDisplayIndex,No,,,,
userprofile,SoundfieldFreqData,No,,,,
userprofile,FreqSettingsData,No,,,,
userprofile,DefaultPtSearchFacilityName,No,,,,
userprofile,DefaultPtSearchFacilityId,No,,,,
userprofile,ordersetfullwidthview,No,,,,
userprofile,dxCategoryNotchFlag,No,,,,
userprofile,DefaultSearchPtByExt,No,,,,
userprofile,DeaultProcedureReqForm,No,,,,
userprofile,rxNameOnly,No,,,,
userprofile,expandNotesSectionForExam,No,,,,
userprofile,dxCategoryItemId,No,,,,
userprofile,structureddataview,No,,,,
userprofile,stafflookupmyfavourites,No,,,,
userprofile,stafflookupdefaultlocationid,No,,,,
userprofile,stafflookupdefaultlocation,Yes,MASK,stafflookupdefaultlocation,,
userprofile,DefaultVisitTypeId,No,,,,
userprofile,closeCommonSendAfterProgress,No,,,,
userprofile,isHelpIntroduced,No,,,,
userprofile,RightPanelInPNPopup,No,,,,
userprofile,isHelpReviewed,No,,,,
userprofile,DocumentNames,No,,,,
userprofile,DocumentDescription,No,,,,
userprofile,dxIMOPatientAgeFlag,No,,,,
userprofile,DefaultPtSearchAllFacilities,No,,,,
userprofile,dxFavoriteFlag,No,,,,
userprofile,showOnlyBillableApptsOnSchedule,No,,,,
userprofile,ShowReconciliationWarningInPastEnc,No,,,,
userprofile,superbillview,No,,,,
userprofile,v10eBrowserURL,No,,,,
userprofile,remindPluginPopUp,No,,,,
userprofile,ICD_starts_with,No,,,,
userprofile,ICD_FindIn,No,,,,
userprofile,icdtype_sticky,No,,,,
userprofile,DefaultDrugDBLookUp,No,,,,
userprofile,FavRxItemNotes,No,,,,
userprofile,ShowDefaltEncounterSetting,No,,,,
userprofile,ShowVisitType,No,,,,
userprofile,quickSearchRxFormularyFilter,No,,,,
userprofile,ShowFavoritesLeftMenu,No,,,,
userprofile,CodeCorrectEditsForEMR,No,,,,
userprofile,ccmrPrintStyle,No,,,,
userprofile,ccmrCareTeamShowEmailAddress,No,,,,
userprofile,defaultsuperbill_outofoffice,Yes,MASK,defaultsuperbill_outofoffice,,
userprofile,ShowGuarantorName,No,,,,
userprofile,ShowClaimResponsibleParty,No,,,,
userprofile,OtherPmtDefault,No,,,,
userprofile,ccmDisclaimerAcceptDt,No,,,,
userprofile,ccmDisclaimerStatus,No,,,,
userprofile,CpcDashboardPtPrePostOpFilter,No,,,,
userprofile,PrePostOpFilterTask,No,,,,
userprofile,donotshowUnReconciledWarning,No,,,,
userprofile,defaulthpicategory,No,,,,
userprofile,defaultexamcategory,No,,,,
userprofile,CCMRSignaturePad,No,,,,
userprofile,EMCoderVersionType,No,,,,
userprofile,CarryForwardSocialPopup,No,,,,
userprofile,CPOCertPtPrePostOpFilter,No,,,,
userprofile,CPOIncompleteCertPtPrePostOpFilter,No,,,,
userprofile,CPOClosedCertPtPrePostOpFilter,No,,,,
userprofile,cpoDisclaimerStatus,No,,,,
userprofile,cpoDisclaimerAcceptDt,No,,,,
userprofile,isTemplateConsent,No,,,,
userprofile,PatientDocsShowEmptyFolder,No,,,,
userprofile,PatientDocsView,No,,,,
userprofile,RCPOSLabOrdersExpandCollapse,No,,,,
userprofile,RCPResultedLabOrdersExpandCollapse,No,,,,
userprofile,RCPOSLabOrdersSorting,No,,,,
userprofile,RCPResultedLabOrdersSorting,No,,,,
userprofile,RCPResultedLabOrdersDateFilter,No,,,,
userprofile,showprismadisclaimer,No,,,,
userprofile,showAllRace,No,,,,
userprofile,showAllLanguage,No,,,,
userprofile,showAllEthnicity,No,,,,
userprofile,dxShowHCCDetailsChkbx,No,,,,
userprofile,CollapseExpandCCMBand,No,,,,
userprofile,CarryForwardPreviousDiagnosis,No,,,,
userprofile,AllergyPopupLevelFoCommonSend,No,,,,
userprofile,RPMEnrollmentQueueFilter,No,,,,
userprofile,RPMEnrolledPatientQueueFilter,No,,,,
userprofile,genericimmformalertdate,No,,,,
userprofile,enableWorkQueCount,No,,,,
userprofile,enableRegistrationRuleCount,No,,,,
userprofile,DefaultFlowsheetDateRange,No,,,,
userprofile,receiveTCNAlerts,No,,,,
userprofile,includeTCNCountOnTJellyBean,No,,,,
userprofile,TreatmentNotesRightPanel,No,,,,
userprofile,outofofficefrmtime,No,,,,
userprofile,outofofficetotime,No,,,,
userprofile,outofofficedelegateduserid,No,,,,
userprofile,outofofficedelegatedcaregrpid,No,,,,
userprofile,outofofficereassigneduserid,No,,,,
userprofile,outofofficesetbyuserid,No,,,,
userprofile,outOfOfficeNotificationSent,No,,,,
userprofile,TreatmentNotesRightPanelDefaultTab,No,,,,
userprofile,frameSearchOptionInDispense,No,,,,
userprofile,showHideDeaPrintMessagePopup,No,,,,
userprofile,cancelRxAlert,No,,,,
userprofile,chromiumZoomSetting,No,,,,
userprofile,documentAttachToReviewedOrderPopup,No,,,,
userprofile,showHideDeaPrintMessagePopupDate,No,,,,
userprofile,multidocument,No,,,,
userprofile,showHidePrintLockedControlledRx,No,,,,
userprofile,ContactLensSearchOptionInVision,No,,,,
userprofile,quickSearchRxDrugSearchType,No,,,,
userprofile,CcmPcmEnrollmentQueueFilter,No,,,,
userprofile,CcmPcmEnrolledPatientQueueFilter,No,,,,
userprofile,CcmPcmEnrolledPatientQueueLastVisit,No,,,,
userprofile,CcmPcmEnrollmentQueueLastVisit,No,,,,
userprofile,UseEnhancedMedicationSearch,No,,,,
userprofile,UseStartsWithContainsSearch,No,,,,
userprofile,UseFuzzySearch,No,,,,
userprofile,UseMnemonicSearch,No,,,,
userprofile,UseProximitySearch,No,,,,
userprofile,UseGenericWithBrandSearch,No,,,,
userprofile,UseTrendingSearch,No,,,,
userprofile,ScribePTADefCatId,No,,,,
userprofile,actionTypeFav,No,,,,
userprofile,PhmCMDBEQFilter,No,,,,
userprofile,PhmCMDBEPFilter,No,,,,
userprofile,indicateEligibilityDataMismatch,No,,,,
userprofile,showTreatmentNotesInTreatmentTimeline,No,,,,
userprofile,showClinicalNotesInTreatmentTimeline,No,,,,
userprofile,showMedicationsInTreatmentTimeline,No,,,,
userprofile,showLabsInTreatmentTimeline,No,,,,
userprofile,showDIInTreatmentTimeline,No,,,,
userprofile,showProcedureInTreatmentTimeline,No,,,,
userprofile,showImmInTreatmentTimeline,No,,,,
userprofile,showInjInTreatmentTimeline,No,,,,
userprofile,showReferralInTreatmentTimeline,No,,,,
userprofile,AgentVersion,No,,,,
userprofile,documentAssociationPopup,No,,,,
userprofile,hideOOOAlert,Yes,MASK,hideOOOAlert,,
userprofile,showNotification,No,,,,
userprofile,showToDoDisclaimer,No,,,,
userprofile,quickSearchAssessments,No,,,,
userprofile,quickSearchGenericTemplates,No,,,,
userprofile,quickSearchOrderSets,No,,,,
userprofile,SpectacleProcessorDropdownInVision,No,,,,
userprofile,ContactLensProcessorDropdownInVision,No,,,,
userprofile,verticalExpandNotesSectionForExam,No,,,,
userprofile,displayAssessmentNotesRightPanel,No,,,,
userprofile,autofitoption,No,,,,
userprofile,verticalExpandNotesSectionForProcedures,No,,,,
userprofile,EnableClosedEpaNotification,No,,,,
userprofile,ordersprogressconfig,No,,,,
userprofile,PNResponsiveScreenPercentage,No,,,,
userprofile,RxSearchTypeSearch,No,,,,
userprofile,printFaxSaveAsPdfPopup,No,,,,
userprofile,AllergyPopupLevelAdministeringDrug,No,,,,
userprofile,DefaultePaymentDevice,No,,,,
userprofile,selectAssessmentPaginationCount,No,,,,
userprofile,eyeExamDefaultCategory,No,,,,
userprofile,verticalExpandNotesSectionForSocial,No,,,,
userprofile,verticalExpandNotesSectionForRos,No,,,,
userprofile,verticalExpandNotesSectionForPreventive,No,,,,
userprofile,verticalExpandNotesSectionForPhysicalExam,No,,,,
userprofile,verticalExpandNotesSectionForFamilyHistory,No,,,,
userprofile,RPMEnrollmentQueueNoOfRecords,No,,,,
userprofile,RPMEnrolledQueueNoOfRecords,No,,,,
userprofile,periodmacroconfig,No,,,,
userprofile,EnablePDMPNotesOnEncounter,No,,,,
userprofile,RPMEligibleQueueFilter,No,,,,
userprofile,phmpgoifav,No,,,,
userprofile,phmAssessmentSortBy,No,,,,
userprofile,phmHealthAssessmentDocView,No,,,,
userprofile,carePlanVisitDocView,No,,,,
userprofile,phmCPVisitPrintCareTeamShowEmailAdd,No,,,,
userprofile,phmCPVisitPrintCareTeamShowPhoneNum,No,,,,
userprofile,phmCPReviewPrintShowNotes,No,,,,
userprofile,phmCPReviewPrintShowName,No,,,,
userprofile,phmCPPrintthisvisitVisitType,No,,,,
userprofile,phmCPViewthisvisitVisitType,No,,,,
userprofile,showElectronicSign,No,,,,
userprofile,myorallfacilities,No,,,,
userprofile,RtbcSettings,No,,,,
userprofile,commonsendexpandflag,No,,,,
userprofile,csendexpandCompletedRxflag,No,,,,
userprofile,Results_DoNotSuggestForDetailedResultEntry,No,,,,
userprofile,showEPASaveDetailsPopup,No,,,,
userprofile,phmproblemsortoption,No,,,,
userprofile,donotshowCPVisitPastEncounterWarning,No,,,,
userprofile,showHideMismatchRxPopup,No,,,,
userprofile,evaFloatingIconRequiredOnLogin,No,,,,
userprofile,RenewalDefaultRightPanel,No,,,,
userprofile,showFloatingButton,No,,,,
userprofile,RPMEligibleQueueNoOfRecords,No,,,,
prisma_kpi_info,kpiNumber,No,,,,
prisma_kpi_info,frequencyInMinute,No,,,,
prisma_kpi_info,lastSentDateTime,No,,,,
prisma_kpi_info,kpiName,No,,,,
prisma_kpi_info,supportRemarks,Yes,NOTES,,,
prisma_kpi_info,deleteFlag,No,,,,
idslistdetail,keyid,No,,,,
idslistdetail,id,No,,,,
dl_cube_psms,Id,No,,,,
dl_cube_psms,KPI_Id,No,,,,
dl_cube_psms,KPI_Name,No,,,,
dl_cube_psms,KPI_Category,No,,,,
dl_cube_psms,kpi_value,No,,,,
dl_cube_psms,UoM,No,,,,
dl_cube_psms,Calc_TS,No,,,,
dl_cube_psms,Frequency,No,,,,
dl_cube_psms,batch_identifier,Yes,MASK,batch_identifier,,
dl_cube_psms,ReadStatus,No,,,,
dl_cube_kpis_practice,Id,No,,,,
dl_cube_kpis_practice,KPI_Id,No,,,,
dl_cube_kpis_practice,kpi_value,No,,,,
dl_cube_kpis_practice,Calc_TS,No,,,,
dl_cube_kpis_practice,Frequency,No,,,,
dl_cube_kpis_practice,batch_identifier,Yes,NOTES,,,
dl_cube_kpis_op_medication,ReqId,No,,,,
dl_cube_kpis_op_medication,SentById,No,,,,
dl_cube_kpis_op_medication,StatusDesc,No,,,,
dl_cube_kpis_op_medication,LastAttemptTimestamp,Yes,DATE_OFFSET,,,
dl_cube_kpis_op_medication,SentTime,Yes,DATE_OFFSET,,,
dl_cube_kpis_op_medication,XmlResponseData,Yes,MASK,XmlResponseData,,
dl_cube_kpis_op_medication,PatientId,Yes,PATIENT_ID,,,
dl_cube_kpis_op_medication,RxType,No,,,,
dl_cube_kpis_op_medication,DrugDescription,Yes,NOTES,,,
dl_cube_kpis_op_medication,PharmacyId,Yes,MASK,PharmacyId,,
dl_cube_kpis_op_medication,DoctorId,No,,,,
dl_cube_kpis_op_medication,ItemId,No,,,,
dl_cube_kpis_op_medication,FacilityId,No,,,,
dl_cube_kpis_op_encdata,enc_encounterid,Yes,ENCOUNTER_ID,,,
dl_cube_kpis_op_encdata,enc_date,Yes,DATE_OFFSET,,,
dl_cube_kpis_op_encdata,enc_status,No,,,,
dl_cube_kpis_op_encdata,enc_lock,No,,,,
dl_cube_kpis_op_encdata,enc_starttime,Yes,DATE_OFFSET,,,
dl_cube_kpis_op_encdata,enc_endtime,Yes,DATE_OFFSET,,,
dl_cube_kpis_op_encdata,enc_arrivedtime,Yes,DATE_OFFSET,,,
dl_cube_kpis_op_encdata,enc_claimreq,No,,,,
dl_cube_kpis_op_encdata,enc_enctype,No,,,,
dl_cube_kpis_op_encdata,enc_visittype,No,,,,
dl_cube_kpis_op_encdata,enc_practiceid,No,,,,
dl_cube_kpis_op_encdata,enc_facilityid,No,,,,
dl_cube_kpis_op_encdata,enc_doctorid,No,,,,
dl_cube_kpis_op_encdata,enc_patientid,Yes,PATIENT_ID,,,
dl_cube_kpis_op_encdata,vsts_nonbillable,No,,,,
dl_cube_kpis_op_encdata,telenc_encounterid,Yes,ENCOUNTER_ID,,,
dl_cube_kpis_op_encdata,telenc_priority,No,,,,
dl_cube_kpis_op_encdata,telenc_telenclock,No,,,,
dl_cube_kpis_op_encdata,telenc_telenctype,No,,,,
dl_cube_kpis_op_encdata,telenc_assignedtoid,No,,,,
dl_cube_kpis_op_encdata,pn_id,Yes,MASK,pn_id,,
dl_cube_kpis_op_encdata,pn_lockstatus,No,,,,
dl_cube_kpis_op_encdata,pn_assignedtoid,No,,,,
dl_cube_kpis_op_encdata,users_status,No,,,,
dl_cube_kpis_op_encdata,m_frompatientid,Yes,PATIENT_ID,,,
dl_cube_kpis_op_encdata,up_outofofficefrmdate,Yes,DATE_OFFSET,,,
dl_cube_kpis_op_encdata,up_outofofficetodate,Yes,DATE_OFFSET,,,
dl_cube_kpis_facility,Id,No,,,,
dl_cube_kpis_facility,KPI_Id,No,,,,
dl_cube_kpis_facility,Facility_id,No,,,,
dl_cube_kpis_facility,kpi_value,No,,,,
dl_cube_kpis_facility,Calc_TS,No,,,,
dl_cube_kpis_facility,Frequency,No,,,,
dl_cube_kpis_facility,batch_identifier,Yes,NOTES,,,
dl_cube_kpis_facility,sumvalue,No,,,,
dl_cube_kpis_facility,count,No,,,,
edi_invoice,Id,No,,,,
edi_invoice,EncounterId,Yes,ENCOUNTER_ID,,,
edi_invoice,PatientId,Yes,PATIENT_ID,,,
edi_invoice,InvoiceDt,Yes,DATE_OFFSET,,,
edi_invoice,ServiceDt,Yes,DATE_OFFSET,,,
edi_invoice,InvoiceNo,Yes,MASK,InvoiceNo,,
edi_invoice,InvoiceAmount,Yes,MASK,InvoiceAmount,,
edi_invoice,Payment,Yes,MASK,Payment,,
edi_invoice,copay,Yes,MASK,copay,,
edi_invoice,uncoveredAmount,Yes,MASK,uncoveredAmount,,
edi_invoice,PtResp,Yes,MASK,PtResp,,
edi_invoice,PtPayment,Yes,MASK,PtPayment,,
edi_invoice,PtBalance,Yes,MASK,PtBalance,,
edi_invoice,Balance,Yes,MASK,Balance,,
edi_invoice,SuperBillNo,Yes,MASK,SuperBillNo,,
edi_invoice,DOSProviderId,Yes,MASK,DOSProviderId,,
edi_invoice,PayToProviderId,Yes,MASK,PayToProviderId,,
edi_invoice,RenProviderId,Yes,MASK,RenProviderId,,
edi_invoice,SupervisorId,Yes,MASK,SupervisorId,,
edi_invoice,GuarantorId,Yes,MASK,GuarantorId,,
edi_invoice,FileStatus,Yes,MASK,FileStatus,,
edi_invoice,SubmissionId,Yes,MASK,SubmissionId,,
edi_invoice,BilledToId,Yes,MASK,BilledToId,,
edi_invoice,BilledToIdType,Yes,MASK,BilledToIdType,,
edi_invoice,PtStmtMsg,Yes,MASK,PtStmtMsg,,
edi_invoice,PayorType,Yes,MASK,PayorType,,
edi_invoice,FeeSchId,Yes,MASK,FeeSchId,,
edi_invoice,DeleteFlag,No,,,,
edi_invoice,vmid,Yes,MASK,vmid,,
edi_invoice,ModifyDate,Yes,MASK,ModifyDate,,
edi_invoice,Type,Yes,MASK,Type,,
edi_invoice,ClaimLock,Yes,MASK,ClaimLock,,
edi_invoice,IncidentTo,Yes,MASK,IncidentTo,,
edi_invoice,InvFacilityId,No,,,,
edi_invoice,AddlProvider1,Yes,MASK,AddlProvider1,,
edi_invoice,AddlProvider2,Yes,MASK,AddlProvider2,,
edi_invoice,GivenToCollection,Yes,MASK,GivenToCollection,,
edi_invoice,CollectionCode,Yes,MASK,CollectionCode,,
edi_invoice,TransferDate,Yes,MASK,TransferDate,,
edi_invoice,SubmittedToId,Yes,MASK,SubmittedToId,,
edi_invoice,SubmittedToIdType,Yes,MASK,SubmittedToIdType,,
edi_invoice,SubmittedDate,Yes,MASK,SubmittedDate,,
edi_invoice,CurrentCollectionStatus,Yes,MASK,CurrentCollectionStatus,,
edi_invoice,MovedToCollectionDate,Yes,MASK,MovedToCollectionDate,,
edi_invoice,RemovedFromCollectionDate,Yes,MASK,RemovedFromCollectionDate,,
edi_invoice,FirstSubmittedDate,Yes,MASK,FirstSubmittedDate,,
edi_invoice,CreatedBy,Yes,MASK,CreatedBy,,
edi_invoice,SplitClaimId,Yes,MASK,SplitClaimId,,
edi_invoice,NetPayment,Yes,MASK,NetPayment,,
edi_invoice,LineItemPayersEnabled,Yes,MASK,LineItemPayersEnabled,,
edi_invoice,LineItemTransitionStage,Yes,MASK,LineItemTransitionStage,,
edi_invoice,OrgBilledToId,Yes,MASK,OrgBilledToId,,
edi_invoice,OrgBilledToIdType,Yes,MASK,OrgBilledToIdType,,
edi_invoice,OrgFileStatus,Yes,MASK,OrgFileStatus,,
edi_invoice,AllowedFee,Yes,MASK,AllowedFee,,
edi_invoice,invoicedeptid,Yes,MASK,invoicedeptid,,
edi_invoice,closingId,Yes,MASK,closingId,,
edi_invoice,collectionstatus,Yes,MASK,collectionstatus,,
edi_invoice,collcodechgdate,Yes,MASK,collcodechgdate,,
edi_invoice,collcode,Yes,MASK,collcode,,
edi_invoice,ApptStartTime,Yes,MASK,ApptStartTime,,
edi_invoice,InvPOS,No,,,,
edi_invoice,PrTransitionStage,Yes,MASK,PrTransitionStage,,
edi_invoice,TransformProviderType,Yes,MASK,TransformProviderType,,
edi_invoice,PayToProviderIdOrg,Yes,MASK,PayToProviderIdOrg,,
edi_invoice,RenProviderIdOrg,Yes,MASK,RenProviderIdOrg,,
edi_invoice,SupervisorIdOrg,Yes,MASK,SupervisorIdOrg,,
edi_invoice,payrejectionstatus,Yes,MASK,payrejectionstatus,,
edi_invoice,assignedToId,Yes,MASK,assignedToId,,
edi_invoice,assignedTo,Yes,MASK,assignedTo,,
edi_invoice,FinanceChrgFlag,Yes,MASK,FinanceChrgFlag,,
edi_invoice,FinanceChrgAddedDt,Yes,MASK,FinanceChrgAddedDt,,
edi_invoice,AnesthesiaFlag,No,,,,
edi_invoice,AssignmentType,No,,,,
edi_invoice,VoidFlag,Yes,MASK,VoidFlag,,
edi_invoice,queueId,Yes,MASK,queueId,,
edi_invoice,queueName,Yes,MASK,queueName,,
edi_invoice,ChargeFeeSchId,Yes,MASK,ChargeFeeSchId,,
edi_invoice,PrimaryInsId,Yes,MASK,PrimaryInsId,,
edi_invoice,SecondaryInsId,Yes,MASK,SecondaryInsId,,
edi_invoice,TertiaryInsId,Yes,MASK,TertiaryInsId,,
edi_invoice,PracticeId,Yes,MASK,PracticeId,,
edi_invoice,InvRespPartyId,Yes,MASK,InvRespPartyId,,
edi_invoice,InvRespPartyRel,Yes,MASK,InvRespPartyRel,,
edi_invoice,InvResourceId,Yes,MASK,InvResourceId,,
edi_invoice,IsGrPt,Yes,MASK,IsGrPt,,
edi_invoice,neano,Yes,MASK,neano,,
edi_invoice,episode_id,Yes,MASK,episode_id,,
edi_invoice,collbalance,Yes,MASK,collbalance,,
edi_invoice,demandtype,Yes,MASK,demandtype,,
edi_invoice,collectiondemanddt,Yes,MASK,collectiondemanddt,,
edi_invoice,stmtholdtype,Yes,MASK,stmtholdtype,,
edi_invoice,ExcludeFromStmt,Yes,MASK,ExcludeFromStmt,,
edi_invoice,clmstmtholdreasonid,Yes,MASK,clmstmtholdreasonid,,
edi_invoice,clmstmthelddate,Yes,MASK,clmstmthelddate,,
edi_invoice,collectionstagedate,Yes,MASK,collectionstagedate,,
edi_invoice,isClaimAppealed,Yes,MASK,isClaimAppealed,,
edi_invoice,OperatingProviderId,Yes,MASK,OperatingProviderId,,
edi_invoice,OtherOperatingProviderId,Yes,MASK,OtherOperatingProviderId,,
edi_invoice,AttendingProviderId,Yes,MASK,AttendingProviderId,,
edi_invoice,isopticalclaim,Yes,MASK,isopticalclaim,,
edi_inv_diagnosis,Id,No,,,,
edi_inv_diagnosis,InvoiceId,No,,,,
edi_inv_diagnosis,ItemId,No,,,,
edi_inv_diagnosis,Code,No,,,,
edi_inv_diagnosis,PrimaryCode,No,,,,
edi_inv_diagnosis,Specify,Yes,NOTES,,,
edi_inv_diagnosis,Notes,Yes,NOTES,,,
edi_inv_diagnosis,icdOrder,No,,,,
edi_inv_diagnosis,snomed,No,,,,
edi_inv_diagnosis,POA,No,,,,
edi_inv_diagnosis,diagnosisType,No,,,,
edi_inv_diagnosis,RFV,No,,,,
adjustmentposting,Id,No,,,,
adjustmentposting,AdjustmentId,No,,,,
adjustmentposting,InvId,No,,,,
adjustmentposting,LineItemId,No,,,,
adjustmentposting,amount,No,,,,
adjustmentposting,DeleteFlag,No,,,,
adjustmentposting,AddedBy,No,,,,
adjustmentposting,AddedTime,Yes,STATIC_OFFSET,,,
adjustmentposting,UpdatedBy,No,,,,
adjustmentposting,UpdatedTime,Yes,STATIC_OFFSET,,,
adjustmentposting,closingId,No,,,,
adjustmentposting,discountType,No,,,,
batchfaxing,id,No,,,,
batchfaxing,encounterid,Yes,ENCOUNTER_ID,,,
batchfaxing,encounterdate,Yes,DATE_OFFSET,,,
batchfaxing,processeddate,Yes,DATE_OFFSET,,,
batchfaxing,deleted,No,,,,
batchfaxing,faxLogIds,No,,,,
batchfaxing,ruleId,No,,,,
batchfaxing,description,Yes,NOTES,,,
batchfaxing,faxes,No,,,,
billinglogs,Id,No,,,,
billinglogs,EntityType,No,,,,
billinglogs,EntityId,Yes,PATIENT_ID,,,
billinglogs,LogType,No,,,,
billinglogs,action,No,,,,
billinglogs,LogCategory,No,,,,
billinglogs,LogNotes,Yes,NOTES,,,
billinglogs,logDate,Yes,DATE_OFFSET,,,
billinglogs,LogTime,No,,,,
billinglogs,UserId,Yes,PATIENT_ID,,,
billinglogs,UserName,Yes,MASK,UserName,,
billinglogs,InterfaceUniqueId,No,,,,
billinglogs,InterfaceReceived,No,,,,
billinglogs,RedirectURL,Yes,MASK,RedirectURL,,
carryforwardlogs,id,No,,,,
carryforwardlogs,encounterId,Yes,ENCOUNTER_ID,,,
carryforwardlogs,tableName,No,,,,
carryforwardlogs,logData,Yes,NOTES,,,
carryforwardlogs,createdTimestamp,Yes,DATE_OFFSET,,,
ccda_code_translation_log,ccda_code_translation_log_id,No,,,,
ccda_code_translation_log,correlation_id,No,,,,
ccda_code_translation_log,translation_type,No,,,,
ccda_code_translation_log,status,No,,,,
ccda_code_translation_log,requested_at,Yes,STATIC_OFFSET,,,
ccda_code_translation_log,finished_at,Yes,STATIC_OFFSET,,,
ccda_code_translation_log,error_message,Yes,NOTES,,,
claimviewhistory,id,No,,,,
claimviewhistory,userID,No,,,,
claimviewhistory,claimId,No,,,,
claimviewhistory,createdDatetime,Yes,STATIC_OFFSET,,,
edi_inv_adjustments,Id,No,,,,
edi_inv_adjustments,InvId,No,,,,
edi_inv_adjustments,date,Yes,STATIC_OFFSET,,,
edi_inv_adjustments,code,No,,,,
edi_inv_adjustments,amount,Yes,MASK,amount,,
edi_inv_adjustments,UserId,No,,,,
edi_inv_adjustments,modifiedDate,Yes,STATIC_OFFSET,,,
edi_inv_adjustments,CreatedBy,No,,,,
edi_inv_adjustments,closingId,No,,,,
edi_inv_adjustments,unpostedCPT,Yes,MASK,unpostedCPT,,
edi_inv_adjustments,UnpostedAmount,Yes,MASK,UnpostedAmount,,
edi_inv_adjustments,adjlock,No,,,,
edi_inv_claimheader,InvId,No,,,,
edi_inv_claimheader,ResType,No,,,,
edi_inv_claimheader,StudentStatus,No,,,,
edi_inv_claimheader,EmpStatus,No,,,,
edi_inv_claimheader,PlanType,No,,,,
edi_inv_claimheader,ClaimType,No,,,,
edi_inv_claimheader,FacilityIdIns,No,,,,
edi_inv_claimheader,FacilityIdInsType,No,,,,
edi_inv_claimheader,Resubmittal,No,,,,
edi_inv_claimheader,ResubmitRefNo,No,,,,
edi_inv_claimheader,HCFA19,Yes,NOTES,,,
edi_inv_claimheader,PrAssignInd,No,,,,
edi_inv_claimheader,HealthyKidsService,No,,,,
edi_inv_claimheader,FamilyPlanning,No,,,,
edi_inv_claimheader,SterlizationAbortion,No,,,,
edi_inv_claimheader,HCFA10d,Yes,NOTES,,,
edi_inv_claimheader,DelayReason,No,,,,
edi_inv_claimheader,ResubmissionCode,No,,,,
edi_inv_claimheader,TransControlNo,No,,,,
edi_inv_claimheader,EPSDT,No,,,,
edi_inv_claimheader,PossDisability,No,,,,
edi_inv_claimheader,SterilizationAbortionCode,No,,,,
edi_inv_claimheader,StatusCode,No,,,,
edi_inv_claimheader,PaySrcCode,No,,,,
edi_inv_claimheader,EmergencyRel,No,,,,
edi_inv_claimheader,ClaimNote,Yes,NOTES,,,
edi_inv_claimheader,LocatorCd,No,,,,
edi_inv_claimheader,PrescriptionNumber,No,,,,
edi_inv_claimheader,isInvoiced,No,,,,
edi_inv_claimstatus_log,Id,No,,,,
edi_inv_claimstatus_log,InvId,No,,,,
edi_inv_claimstatus_log,FromStatus,No,,,,
edi_inv_claimstatus_log,ToStatus,No,,,,
edi_inv_claimstatus_log,TrUserId,No,,,,
edi_inv_claimstatus_log,date,Yes,STATIC_OFFSET,,,
edi_inv_claimstatus_log,time,Yes,STATIC_OFFSET,,,
edi_inv_eob,Id,No,,,,
edi_inv_eob,PaymentDetailId,No,,,,
edi_inv_eob,InvCptId,No,,,,
edi_inv_eob,Allowed,Yes,MASK,Allowed,,
edi_inv_eob,deduct,Yes,MASK,deduct,,
edi_inv_eob,coins,Yes,MASK,coins,,
edi_inv_eob,MemResp,Yes,MASK,MemResp,,
edi_inv_eob,Paid,Yes,MASK,Paid,,
edi_inv_eob,Adjustment,Yes,MASK,Adjustment,,
edi_inv_eob,WithHeld,Yes,MASK,WithHeld,,
edi_inv_eob,MsgCode,No,,,,
edi_inv_eob,eraAdjustment,Yes,MASK,eraAdjustment,,
edi_inv_eob,closingId,No,,,,
edi_inv_eob,lineTaxAmt,Yes,MASK,lineTaxAmt,,
edi_inv_eob,CalculatedAdjustment,Yes,MASK,CalculatedAdjustment,,
edi_inv_eob,createdBy,No,,,,
edi_inv_eob,createdDateTime,Yes,STATIC_OFFSET,,,
edi_inv_eob,modifiedBy,No,,,,
edi_inv_eob,modifiedDateTime,Yes,STATIC_OFFSET,,,
edi_inv_eob,timestamp,Yes,STATIC_OFFSET,,,
edi_inv_eob,RecreatedFlag,No,,,,
edi_inv_insurance,Id,No,,,,
edi_inv_insurance,InvoiceId,No,,,,
edi_inv_insurance,SeqNo,No,,,,
edi_inv_insurance,PayorId,Yes,PATIENT_ID,,,
edi_inv_insurance,InsId,No,,,,
edi_inv_insurance,groupNo,No,,,,
edi_inv_insurance,subscriberNo,No,,,,
edi_inv_insurance,InsType,No,,,,
edi_inv_insurance,FileStatus,No,,,,
edi_inv_insurance,InsOrder,No,,,,
edi_inv_insurance,ClaimIndicator,No,,,,
edi_inv_insurance,PaymentSource,No,,,,
edi_inv_insurance,PayerClaimOfficeNo,No,,,,
edi_inv_insurance,PPOIndex,No,,,,
edi_inv_insurance,PPOId,No,,,,
edi_inv_insurance,PriorAuthNo,No,,,,
edi_inv_insurance,PtSigSource,No,,,,
edi_inv_insurance,groupName,No,,,,
edi_inv_insurance,AssignBenefits,No,,,,
edi_inv_insurance,GrId,Yes,MASK,GrId,,
edi_inv_insurance,GrRel,No,,,,
edi_inv_insurance,IsGrPt,No,,,,
edi_inv_insurance,deleteFlag,No,,,,
edi_inv_insurance,displayIndex,No,,,,
edi_inv_insurance,SuppInsInd,No,,,,
edi_inv_insurance,MedicaidId,No,,,,
edi_inv_insurance,patSubscriberNo,No,,,,
edi_inv_insurance,KenPAC,No,,,,
edi_inv_insurance,InsuranceClass,No,,,,
edi_inv_insurance,ReferralNumber,No,,,,
edi_inv_insurance,ServAuthExCode,No,,,,
edi_inv_insurance,OrgClaimIndicator,No,,,,
edi_inv_insurance,InsTypeOrg,No,,,,
edi_inv_insurance,InsTypeTransitionStage,No,,,,
edi_inv_insurance,SubscriberSecondaryInvRef,No,,,,
edi_inv_insurance,SubscriberSecondaryInvRefQualifier,No,,,,
edi_inv_insurance,InsuredAltLName,Yes,MASK,PATIENT_NAME,,
edi_inv_insurance,InsuredAltFName,Yes,MASK,PATIENT_NAME,,
edi_inv_insurance,InsuredAltMiddleInitial,Yes,MASK,PATIENT_NAME,,
edi_inv_insurance,SubscriberSecondaryIdentifier,Yes,NOTES,,,
edi_inv_insurance,SubscriberIdentificationQualifier,No,,,,
edi_inv_insurance,PatientAltLName,Yes,MASK,PATIENT_NAME,,
edi_inv_insurance,PatientAltFName,Yes,MASK,PATIENT_NAME,,
edi_inv_insurance,PatientAltMiddleInitial,Yes,MASK,PATIENT_NAME,,
edi_inv_insurance,SecondaryInsuranceTransitionDelete,No,,,,
edi_inv_insurance,EAFAmt,Yes,MASK,Amount,,
edi_inv_insurance,PropertyCasualtyClaimNumber,Yes,MASK,PropertyCasualtyClaimNumber,,
edi_inv_insurance,cobamt_totalnoncovered,No,,,,
edi_inv_insurance,casualtycontactname,Yes,MASK,casualtycontactname,,
edi_inv_insurance,casualtyphoneno,Yes,MASK,casualtyphoneno,,
edi_inv_insurance,casualtyextn,No,,,,
edi_online_requests,Id,No,,,,
edi_online_requests,date,Yes,DATE_OFFSET,,,
edi_online_requests,NSF,No,,,,
edi_online_requests,SubFlag,No,,,,
edi_online_requests,deleteFlag,No,,,,
edi_online_requests,vmid,No,,,,
edi_online_requests,Description,Yes,NOTES,,,
edi_online_requests,Amount,Yes,MASK,Amount,,
edi_online_requests,ReceiverID,No,,,,
edi_online_requests,NumClaims,No,,,,
edi_online_requests,BHT03,No,,,,
edi_online_requests,ST02,No,,,,
edi_online_requests,GS06,No,,,,
edi_online_requests,ISA15,No,,,,
edi_online_requests,ISA13,No,,,,
edi_online_requests,ISA08,No,,,,
edi_online_requests,ISA06,No,,,,
edi_online_requests,fileType,No,,,,
edi_online_requests,updateFlag,No,,,,
edi_online_requests,TimeStamp,Yes,STATIC_OFFSET,,,
edi_online_requests,InsId,No,,,,
edi_online_requests,ProviderId,No,,,,
edi_online_requests,PatientId,Yes,PATIENT_ID,,,
edi_online_requests,EncId,Yes,ENCOUNTER_ID,,,
edi_online_requests,FacilityId,No,,,,
edi_online_requests,Response,Yes,NOTES,,,
edi_online_requests,Received,No,,,,
edi_online_requests,RemoteErr,No,,,,
edi_online_requests,LocalErr,No,,,,
edi_online_requests,Submitted,No,,,,
edi_online_requests,ErrorMessage,Yes,NOTES,,,
edi_online_requests,InsSeqNo,No,,,,
edi_online_requests,RespEligibilityStatus,No,,,,
edi_online_requests,InvoiceId,No,,,,
edi_online_requests,PCPMatchStatus,No,,,,
edi_online_requests,isManualVerified,No,,,,
edi_paymentbatch,Id,No,,,,
edi_paymentbatch,BatchName,No,,,,
edi_paymentbatch,batchDate,Yes,STATIC_OFFSET,,,
edi_paymentbatch,userId,No,,,,
edi_paymentbatch,createdDate,Yes,STATIC_OFFSET,,,
edi_paymentbatch,deleteflag,No,,,,
edi_paymentbatch,BatchStatus,No,,,,
edi_paymentbatch,BatchAmt,Yes,MASK,BatchAmt,,
edi_paymentbatch,reconcileStatus,No,,,,
edi_paymentbatch,notes,Yes,NOTES,,,
edi_paymentbatch,depositStatus,No,,,,
edi_paymentbatch,depositedBy,No,,,,
edi_paymentbatch,amountOnHand,No,,,,
edi_paymentbatch,depositSlipId,No,,,,
edi_paymentbatch,facilityId,No,,,,
edi_paymentbatch,depositDate,Yes,STATIC_OFFSET,,,
edi_paymentbatch,deleteby,No,,,,
edi_paymentdetail,PmtDetailId,No,,,,
edi_paymentdetail,paymentId,No,,,,
edi_paymentdetail,encounterId,Yes,ENCOUNTER_ID,,,
edi_paymentdetail,invoiceId,No,,,,
edi_paymentdetail,adjustment,Yes,MASK,adjustment,,
edi_paymentdetail,allowed,Yes,MASK,allowed,,
edi_paymentdetail,deduct,Yes,MASK,deduct,,
edi_paymentdetail,coins,Yes,MASK,coins,,
edi_paymentdetail,memberBalance,Yes,MASK,memberBalance,,
edi_paymentdetail,paid,Yes,MASK,paid,,
edi_paymentdetail,withheld,Yes,MASK,withheld,,
edi_paymentdetail,MsgCode,No,,,,
edi_paymentdetail,timestamp,Yes,DATE_OFFSET,,,
edi_paymentdetail,eraAdjustment,Yes,MASK,eraAdjustment,,
edi_paymentdetail,closingId,No,,,,
edi_paymentdetail,claimTaxAmt,Yes,MASK,claimTaxAmt,,
edi_paymentdetail,CalculatedAdjustment,Yes,MASK,CalculatedAdjustment,,
edi_paymentdetail,createdBy,No,,,,
edi_paymentdetail,createdDateTime,Yes,DATE_OFFSET,,,
edi_paymentdetail,modifiedBy,No,,,,
edi_paymentdetail,modifiedDateTime,Yes,DATE_OFFSET,,,
edi_paymentdetail,ClaimInsId,No,,,,
edi_paymentdetail,seqno,No,,,,
edi_paymentdetail,RecreatedFlag,No,,,,
edi_paymentdetail,ERACASPostedAsIs,No,,,,
edi_paymentdetail,ERAClaimStatusCLP02,No,,,,
edi_paymentdetail,hl7id,No,,,,
edi_paymentdetail,isreviewed,No,,,,
edi_paymentdetail,isexception,No,,,,
edi_paymentdetail,SubscriberSecondaryInvRef,No,,,,
claim_assignedto_history,Id,No,,,,
claim_assignedto_history,ClaimNo,No,,,,
claim_assignedto_history,assignedById,No,,,,
claim_assignedto_history,assignedToId,No,,,,
claim_assignedto_history,assignedTo,No,,,,
claim_assignedto_history,Date,Yes,STATIC_OFFSET,,,
claim_assignedto_history,Time,No,,,,
claim_assignedto_history,startDate,Yes,STATIC_OFFSET,,,
claim_assignedto_history,status,No,,,,
claim_assignedto_history,DueDate,Yes,STATIC_OFFSET,,,
claim_assignedto_history,completedDt,Yes,STATIC_OFFSET,,,
claim_assignedto_history,priority,No,,,,
claim_assignedto_history,startTime,No,,,,
claim_assignedto_history,endTime,No,,,,
claim_assignedto_history,totalTime,No,,,,
claim_assignedto_history,queueId,No,,,,
claim_assignedto_history,isactive,No,,,,
claim_assignedto_historydetail,detailId,Yes,PATIENT_ID,,,
claim_assignedto_historydetail,ClmHistoryId,Yes,PATIENT_ID,,,
claim_assignedto_historydetail,actionId,No,,,,
claim_assignedto_historydetail,Notes,Yes,NOTES,,,
claim_assignedto_historydetail,ModifiedDate,Yes,DATE_OFFSET,,,
claim_assignedto_historydetail,EnteredBy,No,,,,
claim_assignedto_historydetail,resultCodeId,No,,,,
claim_assignedto_historydetail,notetype,No,,,,
claim_assignedto_historydetail,fromAppeal,No,,,,
claim_transfer_history,Id,No,,,,
claim_transfer_history,ClaimNo,No,,,,
claim_transfer_history,BilledToId,Yes,PATIENT_ID,,,
claim_transfer_history,BilledToIdType,No,,,,
claim_transfer_history,Date,Yes,DATE_OFFSET,,,
claim_transfer_history,Time,Yes,DATE_OFFSET,,,
claim_transfer_history,UserId,No,,,,
claim_transfer_history,ModifiedDate,Yes,DATE_OFFSET,,,
document,docID,No,,,,
document,encId,Yes,ENCOUNTER_ID,,,
document,fileName,Yes,NOTES,,,
document,customName,Yes,NOTES,,,
document,doc_Type,No,,,,
document,scanDate,Yes,DATE_OFFSET,,,
document,refId,No,,,,
document,ScannedBy,No,,,,
document,Description,Yes,NOTES,,,
document,PatientId,Yes,PATIENT_ID,,,
document,Review,No,,,,
document,ReviewerId,No,,,,
document,ReviewerName,No,,,,
document,Priority,No,,,,
document,attachTo,Yes,NOTES,,,
document,delFlag,No,,,,
document,folderName,No,,,,
document,oldfilename,No,,,,
document,migrateflag,No,,,,
document,uniqueDocId,No,,,,
document,publishToEHX,No,,,,
document,eHXSentStatus,No,,,,
document,FacilityId,No,,,,
document,ftpserver,No,,,,
document,refReqId,No,,,,
document,dirpath,Yes,NOTES,,,
document,TempDocId,No,,,,
document,pnCatId,No,,,,
document,pnItemId,No,,,,
document,injuryId,No,,,,
document,consentDocEHX,No,,,,
document,insuranceid,Yes,MASK,insuranceid,,
document,modifieddatetime,Yes,DATE_OFFSET,,,
document,refType,No,,,,
document,claimRef,No,,,,
document,expirydate,Yes,DATE_OFFSET,,,
document,servicedate,Yes,DATE_OFFSET,,,
document,expiresuppress,No,,,,
document,suggestedpatients,No,,,,
document,pagecount,No,,,,
document,sizeinbytes,No,,,,
document,fileformat,No,,,,
document,drawingid,No,,,,
document,documentheight,No,,,,
document,documentwidth,No,,,,
document,resolution,No,,,,
document,websync,No,,,,
document,portalboxUpload,No,,,,
document,scanbyid,No,,,,
document,source,No,,,,
document,wcReportTypeCode,No,,,,
document,proxyuid,No,,,,
document,tocId,No,,,,
document,isCorrupt,No,,,,
document,publishToEmployerPortal,No,,,,
document,needtraining,No,,,,
document,faxInboxLogId,No,,,,
insurancedetail,Id,No,,,,
insurancedetail,pid,Yes,PATIENT_ID,,,
insurancedetail,insid,No,,,,
insurancedetail,startDate,Yes,DATE_OFFSET,,,
insurancedetail,endDate,Yes,DATE_OFFSET,,,
insurancedetail,groupNo,Yes,MASK,groupNo,,
insurancedetail,subscriberNo,Yes,MASK,subscriberNo,,
insurancedetail,copays,Yes,NOTES,,,
insurancedetail,copayType,No,,,,
insurancedetail,insOrder,No,,,,
insurancedetail,DeleteFlag,No,,,,
insurancedetail,GrId,Yes,MASK,GrId,,
insurancedetail,GrRel,No,,,,
insurancedetail,IsGrPt,No,,,,
insurancedetail,PaymentSource,No,,,,
insurancedetail,groupName,Yes,NOTES,,,
insurancedetail,InsType,No,,,,
insurancedetail,AssignBenefits,No,,,,
insurancedetail,SeqNo,No,,,,
insurancedetail,PtSigSource,No,,,,
insurancedetail,PPOIndex,No,,,,
insurancedetail,PPOId,No,,,,
insurancedetail,PayerClaimOfficeNo,No,,,,
insurancedetail,SuppInsInd,No,,,,
insurancedetail,MedicaidId,No,,,,
insurancedetail,patSubscriberNo,No,,,,
insurancedetail,KenPAC,No,,,,
insurancedetail,InsuranceClass,No,,,,
insurancedetail,MedicaidSeqNo,No,,,,
insurancedetail,EncEligibilityStatus,No,,,,
insurancedetail,EligibilityMessage,Yes,NOTES,,,
insurancedetail,InsuredAltLName,Yes,MASK,InsuredAltLName,,
insurancedetail,InsuredAltFName,Yes,MASK,InsuredAltFName,,
insurancedetail,InsuredAltMiddleInitial,Yes,MASK,InsuredAltMiddleInitial,,
insurancedetail,notes,Yes,NOTES,,,
insurancedetail,PatientAltLName,Yes,MASK,PatientAltLName,,
insurancedetail,PatientAltFName,Yes,MASK,PatientAltFName,,
insurancedetail,PatientAltMiddleInitial,Yes,MASK,PatientAltMiddleInitial,,
insurancedetail,SubscriberSecondaryIdentifier,No,,,,
insurancedetail,SubscriberIdentificationQualifier,No,,,,
insurancedetail,DentalIns,No,,,,
insurancedetail,MedicaidSubId,No,,,,
insurancedetail,SubscriberSecondaryInvRef,No,,,,
insurancedetail,SubscriberSecondaryInvRefQualifier,No,,,,
insurancedetail,InsuranceImgName,No,,,,
insurancedetail,MultipleCoPay,No,,,,
insurancedetail,PCPCoPay,No,,,,
insurancedetail,SpecialistCoPay,No,,,,
insurancedetail,OtherCoPay,No,,,,
insurancedetail,CoInsurance,No,,,,
insurancedetail,hl7id,No,,,,
insurancedetail,FtpDirPath,No,,,,
insurancedetail,ScannedInsName,No,,,,
insurancedetail,IsFreshScan,No,,,,
insurancedetail,ptInsStartDate,Yes,DATE_OFFSET,,,
insurancedetail,ptInsEndDate,Yes,DATE_OFFSET,,,
insurancedetail,ptInsmodifiedDatetime,Yes,DATE_OFFSET,,,
lab_sync,Id,No,,,,
lab_sync,LabId,No,,,,
lab_sync,websync,No,,,,
lab_sync,delFlag,No,,,,
lab_sync,LastUpdateTime,Yes,STATIC_OFFSET,,,
lab_sync,last_sync_time,Yes,STATIC_OFFSET,,,
labassessments,Id,No,,,,
labassessments,LabId,No,,,,
labassessments,AssessmentId,No,,,,
labassessments,displayIndex,No,,,,
dl_cube_kpis_current_ar,ServiceBucket,No,,,,
dl_cube_kpis_current_ar,invoice_InvoiceDt,Yes,STATIC_OFFSET,,,
dl_cube_kpis_current_ar,PayerID,No,,,,
dl_cube_kpis_current_ar,invoice_claim_count,No,,,,
dl_cube_kpis_current_ar,ClaimBucket,No,,,,
dl_cube_kpis_current_ar,invoice_PracticeID,No,,,,
dl_cube_kpis_current_ar,invoice_ServiceDt,Yes,STATIC_OFFSET,,,
dl_cube_kpis_current_ar,invoice_FacilityID,No,,,,
dl_cube_kpis_current_ar,invoice_balance_sum,Yes,MASK,invoice_balance_sum,,
dl_cube_kpis_current_ar,invoice_BilledToIdType,No,,,,
dl_cube_kpis_current_ar,id,No,,,,
rxhub_eligibilityvalidationlogs,patientId,Yes,PATIENT_ID,,,
rxhub_eligibilityvalidationlogs,encId,Yes,ENCOUNTER_ID,,,
rxhub_eligibilityvalidationlogs,id,No,,,,
rxhub_eligibilityvalidationlogs,failurereason,Yes,NOTES,,,
rxhub_eligibilityvalidationlogs,SubmissionId,No,,,,
rxhub_eligibilityvalidationlogs,datelogged,Yes,DATE_OFFSET,,,
rxhub_formulary,encID,Yes,ENCOUNTER_ID,,,
rxhub_formulary,FormularyName,No,,,,
rxhub_formulary,CoverageId,?,,,,
rxhub_formulary,FormularySourceCode,No,,,,
rxhub_formulary,FormularyID,No,,,,
rxhub_formulary,PatientRxHistoryViewed,No,,,,
rxhub_formulary,TimeEligibiltyCheckPerformed,Yes,DATE_OFFSET,,,
rxhub_formulary,MemberId,?,,,,
rxhub_formulary,PBMId,?,,,,
rxhub_formulary,GroupId,?,,,,
rxhub_formulary,CardHolderName,Yes,MASK,CardHolderName,,
rxhub_formulary,CopayId,?,,,,
rxhub_formulary,TimeEligibiltyChecked,Yes,DATE_OFFSET,,,
rxhub_formulary,PlanNetIdNo,?,,,,
rxhub_formulary,isaControlNo,?,,,,
rxhub_formulary,AlternativeId,?,,,,
rxhub_formulary,FormularySourceType,No,,,,
rxhub_formulary,patientid,Yes,ENCOUNTER_ID,,,
rxhub_rxhistoryrequestlog,ErrorCode,No,,,,
rxhub_rxhistoryrequestlog,SentTime,No,,,,
rxhub_rxhistoryrequestlog,ResponseString,Yes,NOTES,,,
rxhub_rxhistoryrequestlog,RequestString,Yes,NOTES,,,
rxhub_rxhistoryrequestlog,PatientId,Yes,PATIENT_ID,,,
rxhub_rxhistoryrequestlog,StatusDesc,No,,,,
rxhub_rxhistoryrequestlog,EncId,Yes,ENCOUNTER_ID,,,
rxhub_rxhistoryrequestlog,TransactionId,No,,,,
rxhub_rxhistoryrequestlog,ReqType,No,,,,
rxhub_rxhistoryrequestlog,RelatedTransactionId,No,,,,
rxhub_rxhistoryrequestlog,ReqId,No,,,,
rxhub_rxhistoryrequestlog,SentDate,Yes,DATE_OFFSET,,,
rxhub_rxhistoryrequestlog,ErrorDesc,No,,,,
rxhub_rxhistoryrequestlog,bMoreHistoryAvailable,No,,,,
rxhub_scriptlog,CSASchedule,No,,,,
rxhub_scriptlog,sendToRxLogId,No,,,,
rxhub_scriptlog,LogStatus,No,,,,
rxhub_scriptlog,Freq,No,,,,
rxhub_scriptlog,Take,No,,,,
rxhub_scriptlog,TransactionTime,Yes,DATE_OFFSET,,,
rxhub_scriptlog,LoginUserId,No,,,,
rxhub_scriptlog,Route,No,,,,
rxhub_scriptlog,IpAddress,Yes,MASK,IpAddress,,
rxhub_scriptlog,RxOrderNo,No,,,,
rxhub_scriptlog,SuprPrId,No,,,,
rxhub_scriptlog,EncounterId,Yes,ENCOUNTER_ID,,,
rxhub_scriptlog,LogBatchId,No,,,,
rxhub_scriptlog,encType,No,,,,
rxhub_scriptlog,ItemId,No,,,,
rxhub_scriptlog,HealthPlanId,No,,,,
rxhub_scriptlog,XMLReceived,No,,,,
rxhub_scriptlog,PatientId,Yes,PATIENT_ID,,,
rxhub_scriptlog,doctorId,No,,,,
rxhub_scriptlog,MailOrderPharmacy,No,,,,
rxhub_scriptlog,OriginalScript,No,,,,
rxhub_scriptlog,Refills,No,,,,
rxhub_scriptlog,DAW,No,,,,
rxhub_scriptlog,CoverageId,No,,,,
rxhub_scriptlog,NCPDPID,No,,,,
rxhub_scriptlog,AlternativeId,No,,,,
rxhub_scriptlog,NPI,No,,,,
rxhub_scriptlog,CopayId,No,,,,
rxhub_scriptlog,PayorSourceCode,No,,,,
rxhub_scriptlog,HealthPlanGroupId,No,,,,
rxhub_scriptlog,Doc_FName,No,,,,
rxhub_scriptlog,Doc_LName,No,,,,
rxhub_scriptlog,Dosage,No,,,,
rxhub_scriptlog,DrugName,No,,,,
rxhub_scriptlog,NDCCode,No,,,,
rxhub_scriptlog,FormularyStatus,No,,,,
rxhub_scriptlog,PDHViewed,No,,,,
rxhub_scriptlog,ESIMail,No,,,,
rxhub_scriptlog,ScriptId,No,,,,
rxhub_scriptlog,FormularyId,No,,,,
rxhub_scriptlog,PayorSourceName,Yes,NOTES,,,
rxhub_scriptlog,Formulation,No,,,,
rxhub_scriptlog,Quantity,No,,,,
rxhub_scriptlog,StartDate,Yes,DATE_OFFSET,,,
rxhub_scriptlog,pharmacyID,No,,,,
rxhub_scriptlog,FaxLogID,No,,,,
rxhub_scriptlog,RxChannel,No,,,,
rxhub_scriptlog,Generic,No,,,,
rxhub_scriptlog,ID,No,,,,
rxhub_scriptlog,Pt_PBMId,No,,,,
rxhub_scriptlog,Pt_LName,Yes,MASK,Pt_LName,,
rxhub_scriptlog,Pt_FName,Yes,MASK,Pt_FName,,
rxhub_scriptlog,ScriptDate,Yes,DATE_OFFSET,,,
rxhub_scriptlog,OTCCode,No,,,,
rxhub_scriptlog,PharmacyName,No,,,,
rxhub_scriptlog,Duration,No,,,,
rxhub_scriptlog,Doc_DeaNo,No,,,,
rxhub_scriptxml,XMLScript,Yes,NOTES,,,
rxhub_scriptxml,PostedToServer,No,,,,
rxhub_scriptxml,Id,No,,,,
rxhub_scriptxml,TimeStamped,Yes,DATE_OFFSET,,,
rxndcexceptionlogs,id,No,,,,
rxndcexceptionlogs,encounterid,Yes,ENCOUNTER_ID,,,
rxndcexceptionlogs,rxorderNo,No,,,,
rxndcexceptionlogs,corrected_strength,No,,,,
rxndcexceptionlogs,corrected_formulation,No,,,,
rxndcexceptionlogs,isSigChanged,No,,,,
rxndcexceptionlogs,strength,No,,,,
rxndcexceptionlogs,formulation,No,,,,
rxndcexceptionlogs,drugname,No,,,,
rxndcexceptionlogs,viewtype,No,,,,
rxndcexceptionlogs,uniqueid,No,,,,
rxndcexceptionlogs,oldrxid,No,,,,
rxndcexceptionlogs,oldndc,No,,,,
rxndcexceptionlogs,itemid,No,,,,
rxndcexceptionlogs,updated,Yes,STATIC_OFFSET,,,
rxndcexceptionlogs,newndc,No,,,,
accounts_assignedto_history,Id,No,,,,
accounts_assignedto_history,status,No,,,,
accounts_assignedto_history,Time,No,,,,
accounts_assignedto_history,QueueId,No,,,,
accounts_assignedto_history,endTime,Yes,DATE_OFFSET,,,
accounts_assignedto_history,Date,Yes,DATE_OFFSET,,,
accounts_assignedto_history,assignedTo,No,,,,
accounts_assignedto_history,assignedToId,No,,,,
accounts_assignedto_history,assignedById,No,,,,
accounts_assignedto_history,PatientId,Yes,DATE_OFFSET,,,
accounts_assignedto_history,startDate,Yes,DATE_OFFSET,,,
accounts_assignedto_history,startTime,Yes,DATE_OFFSET,,,
accounts_assignedto_history,priority,No,,,,
accounts_assignedto_history,completedDt,Yes,DATE_OFFSET,,,
accounts_assignedto_history,DueDate,Yes,DATE_OFFSET,,,
alertdata_status,isInsertInProgress,No,,,,
alertdata_status,patientId,Yes,PATIENT_ID,,,
alertdata_status,lockTakenAt,Yes,DATE_OFFSET,,,
cdss_failed_attempts_logs,id,No,,,,
cdss_failed_attempts_logs,loggedDateTime,Yes,DATE_OFFSET,,,
cdss_failed_attempts_logs,errorCategory,No,,,,
cdss_failed_attempts_logs,errorDescription,Yes,NOTES,,,
cdss_failed_attempts_logs,measureId,No,,,,
cdss_failed_attempts_logs,userId,No,,,,
cdss_failed_attempts_logs,patientId,Yes,PATIENT_ID,,,
cdss_logs,MeasureName,No,,,,
cdss_logs,Id,No,,,,
cdss_logs,PatientId,Yes,PATIENT_ID,,,
cdss_logs,AlertRunDate,Yes,DATE_OFFSET,,,
cdss_logs,MeasureId,No,,,,
cdss_logs,UserId,No,,,,
cdss_logs,ItemId,No,,,,
cdss_logs,AlertStatus,No,,,,
cdss_logs,alert_unit_name,No,,,,
cdss_logs,alert_unit_id,No,,,,
currentaccountsactionresultcode,resultCodeId,No,,,,
currentaccountsactionresultcode,patientId,Yes,PATIENT_ID,,,
currentaccountsactionresultcode,actionCodeId,No,,,,
dj_run_log_batch,createdby,No,,,,
dj_run_log_batch,SCHEDULE_ID,No,,,,
dj_run_log_batch,FINISHER_EXEC_STATUS,No,,,,
dj_run_log_batch,RUN_JOB_TYPE,No,,,,
dj_run_log_batch,dashboard_id,No,,,,
dj_run_log_batch,IS_FINISHER_RUN,No,,,,
dj_run_log_batch,SCHEDULER_END_TIME,Yes,STATIC_OFFSET,,,
dj_run_log_batch,ROW_IDENTIFIER,No,,,,
dj_run_log_batch,RUN_DATE,Yes,STATIC_OFFSET,,,
dj_run_log_batch,BATCH_IDENTIFIER,Yes,STATIC_OFFSET,,,
dj_run_log_batch,BATCH_EXCEPTION_MESSAGE,No,,,,
dj_run_log_batch,SCHEDULER_START_TIME,Yes,STATIC_OFFSET,,,
dj_run_log_batch,FINISHER_START_TIME,Yes,STATIC_OFFSET,,,
dj_run_log_batch,IS_SCHEDULER_RUN,No,,,,
dj_run_log_batch,FINISHER_END_TIME,Yes,STATIC_OFFSET,,,
dj_run_log_batch,SCHEDULER_EXEC_STATUS,No,,,,
dmportal,path,Yes,NOTES,,,
dmportal,id,No,,,,
dmportal,delflag,No,,,,
dmportal,websync,No,,,,
dmportal,publishDate,Yes,DATE_OFFSET,,,
dmportal,truserid,No,,,,
dmportal,doctype,No,,,,
dmportal,docname,No,,,,
dmportal,docid,No,,,,
dmportal,pid,Yes,PATIENT_ID,,,
dmportal,customName,Yes,NOTES,,,
dmportal,size,No,,,,
dmportal,ftpDeleted,No,,,,
dmportal,source,No,,,,
ecri_caret_categories,Id,No,,,,
ecri_caret_categories,logId,No,,,,
ecri_caret_categories,categoryId,No,,,,
ecri_clipboard_logs,id,No,,,,
ecri_clipboard_logs,module,No,,,,
ecri_clipboard_logs,dataref,No,,,,
ecri_clipboard_logs,destid,No,,,,
ecri_clipboard_logs,data,Yes,NOTES,,,
ecri_clipboard_logs,featureid,No,,,,
ecri_clipboard_logs,userid,Yes,PATIENT_ID,,,
ecri_clipboard_logs,entrydatetime,No,STATIC_OFFSET,,,
ecri_clipboard_submodules,logId,No,,,,
ecri_clipboard_submodules,Id,No,,,,
ecri_clipboard_submodules,chartId,No,,,,
ecri_template_cp_logs,id,No,,,,
ecri_template_cp_logs,entrydatetime,No,STATIC_OFFSET,,,
ecri_template_cp_logs,featureid,No,,,,
ecri_template_cp_logs,srcid,No,,,,
ecri_template_cp_logs,destid,No,,,,
ecri_template_cp_logs,userid,Yes,PATIENT_ID,,,
ecri_template_cp_logs,copyMergeFlag,No,,,,
ecri_template_cp_logs,module,No,,,,
ecri_template_submodules,logId,No,,,,
ecri_template_submodules,chartId,No,,,,
ecri_template_submodules,Id,No,,,,
ecwschtaskstatus,TaskType,No,,,,
ecwschtaskstatus,schTaskId,No,,,,
ecwschtaskstatus,status,No,,,,
ecwschtaskstatus,timestamp,No,STATIC_OFFSET,,,
ecwschtaskstatus,delFlag,No,,,,
ecwschtaskstatus,notes,No,,,,
ecwschtaskstatus,TaskInstanceId,No,,,,
ecwschtaskstatus,EndTime,No,STATIC_OFFSET,,,
ecwschtaskstatus,BeginDate,No,STATIC_OFFSET,,,
ecwschtaskstatus,BeginTime,No,STATIC_OFFSET,,,
ecwschtaskstatus,EndDate,No,STATIC_OFFSET,,,
ecwschtaskstatus,serverId,No,,,,
ecwschtaskstatus,TaskDescription,No,,,,
enc_multiappt,id,No,,,,
enc_multiappt,guId,No,,,,
enc_multiappt,encounterID,Yes,ENCOUNTER_ID,,,
enc_sync,delFlag,No,,,,
enc_sync,websync,No,,,,
enc_sync,encounterId,Yes,ENCOUNTER_ID,,,
enc_sync,LastUpdateTime,No,STATIC_OFFSET,,,
enc_sync,Id,No,,,,
encex,Id,No,,,,
encex,EncId,Yes,ENCOUNTER_ID,,,
encex,RPUserId,Yes,PATIENT_ID,,,
encex,rpstatus,No,,,,
encex,CaseId,No,,,,
encex,HospNewEstFlag,No,,,,
encstatushistory,encId,Yes,ENCOUNTER_ID,,,
encstatushistory,id,No,,,,
encstatushistory,statusCode,No,,,,
encstatushistory,userId,Yes,PATIENT_ID,,,
encstatushistory,statusName,No,,,,
encstatushistory,UTClogDate,No,STATIC_OFFSET,,,
encstatushistory,logDate,No,STATIC_OFFSET,,,
eptstmts,PtStmtBillingFacilityId,No,,,,
eptstmts,statementId,No,,,,
eptstmts,PracticeId,No,,,,
eptstmts,statementXml,Yes,NOTES,,,
eptstmts,patientId,Yes,PATIENT_ID,,,
eptstmts,RelId,No,,,,
eptstmts,statementdate,Yes,DATE_OFFSET,,,
eptstmts,remindedDate,Yes,DATE_OFFSET,,,
eptstmts,totalBalance,Yes,MASK,Amount,,
eptstmts,OptOutPtStmt,No,,,,
eptstmts,websync,No,,,,
eptstmts,StatementType,No,,,,
eptstmts,ePtStmtSlNo,No,,,,
eptstmts,uploadId,No,,,,
eptstmts,createdtime,Yes,DATE_OFFSET,,,
eptstmts,reminded,No,,,,
eptstmts,balanceDueWithoutPP,No,,,,
faxinboxbilling,faxInboxLogId,No,,,,
faxinboxbilling,senderFaxNumber,Yes,MASK,senderFaxNumber,,
faxinboxbilling,receiverFaxNumber,Yes,MASK,receiverFaxNumber,,
faxinboxbilling,duration,No,,,,
faxinboxbilling,transactionId,No,,,,
faxinboxbilling,receivedDateTime,Yes,STATIC_OFFSET,,,
faxinboxbilling,didRequestedDate,Yes,STATIC_OFFSET,,,
faxinboxbilling,cutOffDate,Yes,STATIC_OFFSET,,,
faxinboxbilling,createdOn,Yes,STATIC_OFFSET,,,
faxinboxbilling,totalPages,No,,,,
faxinboxbilling,id,No,,,,
interfacexml,Rid,No,,,,
interfacexml,XMlId,No,,,,
interfacexml,sentid,No,,,,
interfacexml,Moddate,Yes,STATIC_OFFSET,,,
interfacexml,hl7msgId,No,,,,
interfacexml,XML,Yes,NOTES,,,
interfacexml,type,No,,,,
interop_pt_transaction_mapping,deleteflag,No,,,,
interop_pt_transaction_mapping,patientId,Yes,PATIENT_ID,,,
interop_pt_transaction_mapping,reqdatetime,Yes,DATE_OFFSET,,,
interop_pt_transaction_mapping,failedTransId,No,,,,
interop_pt_transaction_mapping,activeTransId,No,,,,
interop_pt_transaction_mapping,completedTransId,No,,,,
interop_pt_transaction_mapping,id,No,,,,
interopbatch,totalCnt,No,,,,
interopbatch,dtCreated,Yes,STATIC_OFFSET,,,
interopbatch,dtModified,Yes,STATIC_OFFSET,,,
interopbatch,STATUS,No,,,,
interopbatch,ACTION,No,,,,
interopbatch,ID,No,,,,
interopbatch,pidList,Yes,NOTES,,,
interopbatch,hubBatchId,No,,,,
interopbatch,retryCnt,No,,,,
isplugininstalled,userId,No,,,,
isplugininstalled,id,No,,,,
isplugininstalled,ipaddress,Yes,MASK,ipaddress,,
isplugininstalled,macaddress,Yes,MASK,macaddress,,
isplugininstalled,createdon,Yes,STATIC_OFFSET,,,
isplugininstalled,SESSION,No,,,,
maskedpatientmapping,CQ,No,,,,
maskedpatientmapping,CW,No,,,,
maskedpatientmapping,dtCreated,Yes,DATE_OFFSET,,,
maskedpatientmapping,pid,Yes,PATIENT_ID,,,
maskedpatientmapping,deleteflag,No,,,,
maskedpatientmapping,batchId,No,,,,
maskedpatientmapping,maskedpid,?,,,,
maskedpatientmapping,SS,No,,,,
maskedpatientmapping,ID,No,,,,
message,date_transfered,Yes,STATIC_OFFSET,,,
message,deleteFlag,No,,,,
message,MsgId,No,,,,
message,MsgFrom,No,,,,
message,portalid,No,,,,
message,msgStyle,No,,,,
message,time24,Yes,STATIC_OFFSET,,,
message,portalsync,No,,,,
message,date_recieved,Yes,STATIC_OFFSET,,,
message,category_id,No,,,,
message,fromP2PNPI,No,,,,
message,p2pFromProviderName,No,,,,
message,subject,Yes,NOTES,,,
message,MsgStatus,No,,,,
message,message,Yes,NOTES,,,
message,status,No,,,,
message,priority,No,,,,
message,time,Yes,STATIC_OFFSET,,,
message,date,Yes,STATIC_OFFSET,,,
message,MsgTo,No,,,,
message,box,No,,,,
message,p2pDeliveryStatus,No,,,,
message,archiveFlag,No,,,,
message,folder_id,No,,,,
message,is_favorite,No,,,,
message,pinned_date,No,,,,
message,msgTxId,No,,,,
message,uniqueMsgId,No,,,,
message,statusUpdateDate,Yes,STATIC_OFFSET,,,
msgdetail,MsgTo,No,,,,
msgdetail,MsgId,No,,,,
msgdetail,toP2PNPI,No,,,,
msgdetail,Isdeleted,No,,,,
msgdetail,p2pToProviderName,No,,,,
nhxapptreferral,NHXApptBlockId,No,,,,
nhxapptreferral,referralId,Yes,PATIENT_ID,,,
nhxapptreferral,RefReqId,No,,,,
nhxapptreferral,RemoteEMRRefId,No,,,,
nhxapptreferral,apuId,No,,,,
nhxapptreferral,encounterId,Yes,ENCOUNTER_ID,,,
nhxtelenc,date,Yes,DATE_OFFSET,,,
nhxtelenc,nhxPatientId,Yes,PATIENT_ID,,,
nhxtelenc,FromProviderP2pNPI,No,,,,
nhxtelenc,requestapuId,No,,,,
nhxtelenc,toProviderId,No,,,,
nhxtelenc,toProvider,No,,,,
nhxtelenc,refReqId,No,,,,
nhxtelenc,fromProviderId,No,,,,
nhxtelenc,top2pnpi,No,,,,
nhxtelenc,fromp2pnpi,No,,,,
nhxtelenc,message,Yes,NOTES,,,
nhxtelenc,ccP2PNPIs,No,,,,
nhxtelenc,priority,No,,,,
nhxtelenc,startTime,No,,,,
nhxtelenc,patientId,No,,,,
nhxtelenc,ccP2PNames,No,,,,
nhxtelenc,reviewed,No,,,,
nhxtelenc,readStatus,No,,,,
nhxtelenc,status,No,,,,
nhxtelenc,ReqId,No,,,,
nhxtelenc,fromProvider,No,,,,
nhxtelenc,assignedToId,No,,,,
nhxtelenc,deleteFlag,No,,,,
nhxtelenc,reason,Yes,NOTES,,,
nhxtelenc,assignedTo,Yes,NOTES,,,
pcphistory,pcpStartDate,No,,,,
pcphistory,pid,Yes,PATIENT_ID,,,
pcphistory,userid,No,,,,
pcphistory,pcpid,No,,,,
pcphistory,Id,No,,,,
pharmacy,faxDialingCountryId,No,,,,
pharmacy,EPCSEnabled,No,,,,
pharmacy,pharmacyfaxprefix,No,,,,
pharmacy,ServiceLevel,No,,,,
pharmacy,vmid,No,,,,
pharmacy,delFlag,No,,,,
pharmacy,StoreName,No,,,,
pharmacy,pharmacystate,No,,,,
pharmacy,pharmacyzip,No,,,,
pharmacy,pmcid,No,,,,
pharmacy,pharmacyname,No,,,,
pharmacy,ss_pharmacyfax,No,,,,
pharmacy,pharmacyaddress,No,,,,
pharmacy,PillPassLocation,No,,,,
pharmacy,CrossStreet,No,,,,
pharmacy,NPI,No,,,,
pharmacy,pharmacyPhoneExt,No,,,,
pharmacy,pharmacyphone,No,,,,
pharmacy,pharmacyfax,No,,,,
pharmacy,pharmacyemail,No,,,,
pharmacy,MailOrderPharmacy,No,,,,
pharmacy,NCPDPID,No,,,,
pharmacy,EnterpriseId,No,,,,
pharmacy,EPrescribeEnabledBy,No,,,,
pharmacy,EPrescribeEnabled,No,,,,
pharmacy,pharmacyaddress2,No,,,,
pharmacy,pharmacycity,No,,,,
phrlog,id,No,,,,
phrlog,uid,Yes,PATIENT_ID,,,
phrlog,requestDate,Yes,DATE_OFFSET,,,
phrlog,phrdata,Yes,NOTES,,,
phrlog,status,No,,,,
phrlog,healowrequest,No,,,,
phrlog,requestedBy,Yes,PATIENT_ID,,,
phrlog,fromDate,Yes,DATE_OFFSET,,,
phrlog,correlation_id,No,,,,
phrlog,toDate,Yes,DATE_OFFSET,,,
phyportalaccnt,securitypinstatus,No,,,,
phyportalaccnt,useICDFavourites,No,,,,
phyportalaccnt,useCPTFavourites,No,,,,
phyportalaccnt,tele_facid,No,,,,
phyportalaccnt,tele_visit_codeid,No,,,,
phyportalaccnt,mobileOtpType,No,,,,
phyportalaccnt,upwd,No,,,,
phyportalaccnt,securityA,No,,,,
phyportalaccnt,uname,No,,,,
phyportalaccnt,upincode,No,,,,
phyportalaccnt,uid,No,,,,
phyportalaccnt,Id,No,,,,
phyportalaccnt,lockedpincode,No,,,,
phyportalaccnt,useFavorites,No,,,,
phyportalaccnt,defaultIcdlink,No,,,,
phyportalaccnt,formsigneddate,No,,,,
phyportalaccnt,umemail,No,,,,
phyportalaccnt,FormsSigned,No,,,,
phyportalaccnt,accessNEnabled,No,,,,
phyportalaccnt,nimbusOtpType,No,,,,
phyportalaccnt,oncallprovider,No,,,,
phyportalaccnt,websync,No,,,,
phyportalaccnt,securityQ,No,,,,
phyportalaccnt,accessEnabled,No,,,,
phyportalaccnt,delFlag,No,,,,
preventive,displayIndex,No,,,,
preventive,catID,No,,,,
preventive,encounterID,Yes,ENCOUNTER_ID,,,
preventive,itemID,No,,,,
preventive,value,No,,,,
preventive,propID,No,,,,
printlogs,PrintType,No,,,,
printlogs,PatientID,Yes,PATIENT_ID,,,
printlogs,EncounterID,Yes,ENCOUNTER_ID,,,
printlogs,DoctorID,No,,,,
printlogs,PrintTransaction,Yes,MASK,PrintTransaction,,
printlogs,PrintLogBatch,No,,,,
printlogs,RxList,No,,,,
printlogs,PrintLogStatus,No,,,,
printlogs,PrintData,Yes,NOTES,,,
printlogs,PrintDate,Yes,DATE_OFFSET,,,
printlogs,LoginID,No,,,,
printlogs,LogID,No,,,,
problemlist_ext,deleteFlag,No,,,,
problemlist_ext,Id,No,,,,
problemlist_ext,NKPFlag,No,,,,
problemlist_ext,PatientId,Yes,PATIENT_ID,,,
problemlist_ext,NKPDate,Yes,DATE_OFFSET,,,
pt_adv_directives,delflag,No,,,,
pt_adv_directives,displayindex,No,,,,
pt_adv_directives,Name,Yes,NOTES,,,
pt_adv_directives,PtId,Yes,PATIENT_ID,,,
pt_adv_directives,Id,No,,,,
pt_adv_directives,MDate,Yes,DATE_OFFSET,,,
pt_adv_directives,Code,No,,,,
ref_attachments,doctype,No,,,,
ref_attachments,RefId,No,,,,
ref_attachments,size,No,,,,
ref_attachments,docId,No,,,,
ref_attachments,id,No,,,,
refillpres_sync,id,No,,,,
refillpres_sync,delflag,No,,,,
refillpres_sync,refillId,No,,,,
refillpres_sync,websync,No,,,,
refillpres_sync,lastupdatetime,Yes,STATIC_OFFSET,,,
registry_currentmeds_lmd,Id,No,,,,
registry_currentmeds_lmd,LmToDate,No,,,,
registry_currentmeds_lmd,LmDateTime,Yes,STATIC_OFFSET,,,
registry_currentmeds_lmd,Description,No,,,,
registry_currentmeds_lmd,Migration_Status,No,,,,
registry_currentmeds_lmd,LmFromDate,No,,,,
registry_currentmeds_lmd,userId,No,,,,
server_resource_utilization,TotalMemory,No,,,,
server_resource_utilization,logDateTime,No,,,,
server_resource_utilization,threadCount,No,,,,
server_resource_utilization,UsedMemory,No,,,,
server_resource_utilization,serverId,No,,,,
server_resource_utilization,cpuUsage,No,,,,
server_resource_utilization,id,No,,,,
statusnotifications,body,Yes,NOTES,,,
statusnotifications,userId,No,,,,
statusnotifications,patientId,Yes,PATIENT_ID,,,
statusnotifications,id,No,,,,
statusnotifications,title,No,,,,
statusnotifications,failedTransactionId,No,,,,
surescript_pharmacylist,pharmacyemail,No,,,,
surescript_pharmacylist,NPI,No,,,,
surescript_pharmacylist,pharmacyfax,No,,,,
surescript_pharmacylist,pharmacyphone,No,,,,
surescript_pharmacylist,pharmacyzip,No,,,,
surescript_pharmacylist,pharmacystate,No,,,,
surescript_pharmacylist,pharmacycity,No,,,,
surescript_pharmacylist,pharmacyaddress2,No,,,,
surescript_pharmacylist,pharmacyaddress,No,,,,
surescript_pharmacylist,PharmacyType,No,,,,
surescript_pharmacylist,phDeActiveDate,Yes,STATIC_OFFSET,,,
surescript_pharmacylist,phActiveDate,Yes,STATIC_OFFSET,,,
surescript_pharmacylist,ServiceLevel,No,,,,
surescript_pharmacylist,ServiceCode,No,,,,
surescript_pharmacylist,StatusFlag,No,,,,
surescript_pharmacylist,RouteSource,No,,,,
surescript_pharmacylist,CrossStreet,No,,,,
surescript_pharmacylist,NCPDPID,No,,,,
surescript_pharmacylist,pharmacyname,No,,,,
tbladditionalinfodecrypted,ethnicity,No,,,,
tbladditionalinfodecrypted,RefPrId,No,,,,
tbladditionalinfodecrypted,mobileno,Yes,MASK,PHONE_NUMBER,,
tbladditionalinfodecrypted,workPhone,Yes,MASK,PHONE_NUMBER,,
tbladditionalinfodecrypted,PcpID,No,,,,
tbladditionalinfodecrypted,strAddress1,Yes,MASK,PO_BOX_STREET,,
tbladditionalinfodecrypted,city,Yes,MASK,CITY,,
tbladditionalinfodecrypted,restype,No,,,,
tbladditionalinfodecrypted,Id,No,,,,
tbladditionalinfodecrypted,pid,Yes,PATIENT_ID,,,
tbladditionalinfodecrypted,uparea,No,,,,
tbladditionalinfodecrypted,portalUpdateTimeVal,Yes,DATE_OFFSET,,,
tbladditionalinfodecrypted,empAddress1,Yes,MASK,empAddress1,,
tbladditionalinfodecrypted,empAddress2,Yes,MASK,empAddress2,,
tbladditionalinfodecrypted,strAddress2,Yes,MASK,strAddress2,,
tbladditionalinfodecrypted,empName,No,,,,
tbladditionalinfodecrypted,empState,No,,,,
tbladditionalinfodecrypted,empCity,Yes,MASK,empCity,,
tbladditionalinfodecrypted,pharmacyId,No,,,,
tbladditionalinfodecrypted,empZipCode,Yes,ZIP_CODE,,,
tbladditionalinfodecrypted,timeVal,Yes,DATE_OFFSET,,,
tbladditionalinfodecrypted,race,No,,,,
tbladditionalinfodecrypted,maritalStatus,No,,,,
tbladditionalinfodecrypted,RendPrId,No,,,,
tbladditionalinfodecrypted,language,No,,,,
tbladditionalinfodecrypted,zip,Yes,ZIP_CODE,,,
tbladditionalinfodecrypted,state,No,,,,
tblportalusersdecrypted,isUnsubscribed,No,,,,
tblportalusersdecrypted,portalUpdateTimeVal,Yes,STATIC_OFFSET,,,
tblportalusersdecrypted,delFlag,No,,,,
tblportalusersdecrypted,pmcid,No,,,,
tblportalusersdecrypted,ssn,Yes,MASK,SSN,,
tblportalusersdecrypted,uwebPage,No,,,,
tblportalusersdecrypted,emailSent,No,,,,
tblportalusersdecrypted,activationdate,Yes,STATIC_OFFSET,,,
tblportalusersdecrypted,resetPassword,No,,,,
tblportalusersdecrypted,vmid,No,,,,
tblportalusersdecrypted,convDone,No,,,,
tblportalusersdecrypted,invalid,No,,,,
tblportalusersdecrypted,facilityId,No,,,,
tblportalusersdecrypted,upaddress2,Yes,MASK,PO_BOX_STREET,,
tblportalusersdecrypted,FormsSigned,No,,,,
tblportalusersdecrypted,sex,No,,,,
tblportalusersdecrypted,suffix,No,,,,
tblportalusersdecrypted,initials,No,,,,
tblportalusersdecrypted,ufname,Yes,MASK,PATIENT_NAME,,
tblportalusersdecrypted,uminitial,Yes,MASK,PATIENT_NAME,,
tblportalusersdecrypted,upwd,?,MASK,upwd,,
tblportalusersdecrypted,uname,Yes,MASK,PATIENT_NAME,,
tblportalusersdecrypted,decryptedPreferredName,Yes,MASK,PATIENT_NAME,,
tblportalusersdecrypted,uid,Yes,PATIENT_ID,,,
tblportalusersdecrypted,locked,No,,,,
tblportalusersdecrypted,pwdGUID,No,,,,
tblportalusersdecrypted,timeVal,Yes,STATIC_OFFSET,,,
tblportalusersdecrypted,upstate,Yes,MASK,upstate,,
tblportalusersdecrypted,upPhone,Yes,MASK,PHONE_NUMBER,,
tblportalusersdecrypted,pwdCreated,No,,,,
tblportalusersdecrypted,id,No,,,,
tblportalusersdecrypted,oldSchemePwdReset,No,,,,
tblportalusersdecrypted,prefix,No,,,,
tblportalusersdecrypted,uemail,Yes,MASK,EMAIL_ID,,
tblportalusersdecrypted,dob,Yes,PATIENT_DOB,,,
tblportalusersdecrypted,zipcode,Yes,ZIP_CODE,,,
tblportalusersdecrypted,upcity,Yes,MASK,CITY,,
tblportalusersdecrypted,upaddress,Yes,MASK,PO_BOX_STREET,,
tblportalusersdecrypted,ulname,Yes,MASK,PATIENT_NAME,,
tblwebencdata,ReplyStatus,No,,,,
tblwebencdata,TransferStatus,No,,,,
tblwebencdata,LastModified,Yes,STATIC_OFFSET,,,
tblwebencdata,encounterID,Yes,ENCOUNTER_ID,,,
tblwebencdata,MsgId,No,,,,
tblwebmsgext,ParamName,No,,,,
tblwebmsgext,MsgId,No,,,,
tblwebmsgext,ParamValue,No,,,,
telenc_loghist,moduserid,No,,,,
telenc_loghist,moddate,Yes,DATE_OFFSET,,,
telenc_loghist,actionflag,No,,,,
telenc_loghist,seqno,No,,,,
telenc_loghist,StatusId,No,,,,
telenc_loghist,virtualflag,No,,,,
telenc_loghist,CallStatus_Name,No,,,,
telenc_loghist,CategoryId,No,,,,
telenc_loghist,assignedToId,No,,,,
telenc_loghist,uid,No,,,,
telenc_loghist,TicketID,No,,,,
telenc_loghist,encounterId,Yes,ENCOUNTER_ID,,,
telenc_loghist,pmcid,No,,,,
telenc_loghist,assignedTo,No,,,,
telenc_loghist,TypeDesc,No,,,,
telenc_loghist,TypeId,No,,,,
telenc_loghist,SubCategoryName,No,,,,
telenc_loghist,CallCount,No,,,,
telenc_loghist,CategoryName,No,,,,
telenc_loghist,LogID,No,,,,
telenc_loghist,priority,No,,,,
telenc_loghist,message,No,,,,
telenc_loghist,actiontaken,No,,,,
telenc_loghist,Caller,No,,,,
tracker_notification_details,notification_id,No,,,,
tracker_notification_details,source_name,No,,,,
tracker_notification_details,ts_utc,Yes,STATIC_OFFSET,,,
tracker_notification_details,tracker_name,No,,,,
tracker_notification_details,id,No,,,,
tracker_notification_details,tracker_id,No,,,,
tracker_notifications,id,No,,,,
tracker_notifications,healow_uid,No,,,,
tracker_notifications,portal_uid,No,,,,
tracker_notifications,ts_utc,Yes,STATIC_OFFSET,,,
tracker_notifications,notification_date,Yes,STATIC_OFFSET,,,
transactions,amount,Yes,MASK,amount,,
transactions,TrRefId,No,,,,
transactions,TrType,No,,,,
transactions,time,No,,,,
transactions,date,Yes,DATE_OFFSET,,,
transactions,UserId,Yes,PATIENT_ID,,,
transactions,modifiedDate,Yes,DATE_OFFSET,,,
transactions,closingId,No,,,,
transactions,TrFlag,No,,,,
transactions,Id,No,,,,
transactions,description,No,,,,
txtenabledpatients,ServiceProviderId,No,,,,
txtenabledpatients,OtherContactType,No,,,,
txtenabledpatients,healthMaintenance,No,,,,
txtenabledpatients,language,No,,,,
txtenabledpatients,ptstatements,No,,,,
txtenabledpatients,generalNotification,No,,,,
txtenabledpatients,id,No,,,,
txtenabledpatients,uid,Yes,PATIENT_ID,,,
txtenabledpatients,timetocall,No,,,,
txtenabledpatients,appointments,No,,,,
txtenabledpatients,Rx,No,,,,
txtenabledpatients,ContactType,No,,,,
txtenabledpatients,datemodified,Yes,DATE_OFFSET,,,
txtenabledpatients,labs,No,,,,
user_token,Server_Time,No,,,,
user_token,User_uid,No,,,,
user_token,generated_token,Yes,MASK,generated_token,,
user_token,id,No,,,,
user_token,created_ts,Yes,STATIC_OFFSET,,,
user_token,invalidated_ts,Yes,STATIC_OFFSET,,,
user_token,Is_valid,No,,,,
user_token,Application_code,No,,,,
userschedulesettings,deleteflag,No,,,,
userschedulesettings,userid,No,,,,
userschedulesettings,doctorid,No,,,,
userschedulesettings,moddate,Yes,STATIC_OFFSET,,,
userschedulesettings,moduserid,No,,,,
userschedulesettings,SeqID,No,,,,
useruidefaults,id,No,,,,
useruidefaults,formName,No,,,,
useruidefaults,doctorId,No,,,,
useruidefaults,propertyValue,No,,,,
useruidefaults,propertyName,No,,,,
visitsummaryoptions,doctorId,No,,,,
visitsummaryoptions,id,No,,,,
visitsummaryoptions,optionId,No,,,,
visitsummaryoptions,selected,No,,,,
visitsummaryoptions,OptionOrder,No,,,,
visitsummaryoptions,isRequired,No,,,,
x271respdetails,formulary_id,No,,,,
x271respdetails,formulary_source_code,No,,,,
x271respdetails,group_name,No,,,,
x271respdetails,group_id,No,,,,
x271respdetails,member_id,No,,,,
x271respdetails,family_unit_no,No,,,,
x271respdetails,subscriber_InsPolicyNoDesc,No,,,,
x271respdetails,subscriber_zip,Yes,ZIP_CODE,,,
x271respdetails,TimeStamp,Yes,DATE_OFFSET,,,
x271respdetails,dependent_mail_order_eligibility,No,,,,
x271respdetails,dependent_PatientId,No,,,,
x271respdetails,subscriber_CoverageID,No,,,,
x271respdetails,dependent_last_name,Yes,MASK,dependent_last_name,,
x271respdetails,dependent_first_name,Yes,MASK,dependent_first_name,,
x271respdetails,subscriber_GroupName,No,,,,
x271respdetails,subscriber_FormularyListID,No,,,,
x271respdetails,dependent_middle_name,Yes,MASK,dependent_middle_name,,
x271respdetails,dependent_suffix,No,,,,
x271respdetails,ClearingHouseId,No,,,,
x271respdetails,PatientId,Yes,PATIENT_ID,,,
x271respdetails,InfoSourceEntTypeQual,No,,,,
x271respdetails,InfoRecvEntIdCode,No,,,,
x271respdetails,subscriber_SP_eligibility,No,,,,
x271respdetails,subscriber_LTC_eligibility,No,,,,
x271respdetails,dependent_Plan_Name,No,,,,
x271respdetails,subscriber_Plan_Name,No,,,,
x271respdetails,subscriber_PlanNetIdNo,No,,,,
x271respdetails,subscriber_InsPolicyNo,No,,,,
x271respdetails,provider_last_name,No,,,,
x271respdetails,provider_first_name,No,,,,
x271respdetails,dependent_FormularyListID,No,,,,
x271respdetails,DependRelHandicapIndicator,No,,,,
x271respdetails,DependRelBirthSeqNo,No,,,,
x271respdetails,dependent_address,No,,,,
x271respdetails,dependent_GroupNo,No,,,,
x271respdetails,dependent_GroupName,No,,,,
x271respdetails,PayerId,No,,,,
x271respdetails,entity_id,No,,,,
x271respdetails,dependent_address_2,Yes,MASK,dependent_address_2,,
x271respdetails,dependent_city,Yes,MASK,dependent_city,,
x271respdetails,dependent_state,No,,,,
x271respdetails,dependent_zip,Yes,ZIP_CODE,,,
x271respdetails,transactiondate,Yes,DATE_OFFSET,,,
x271respdetails,isaControlNo,No,,,,
x271respdetails,dependent_sp_hpname,No,,,,
x271respdetails,dependent_ltc_hpname,No,,,,
x271respdetails,dependent_LTC_eligibility,No,,,,
x271respdetails,dependent_SP_eligibility,No,,,,
x271respdetails,subscriber_retail_hpname,No,,,,
x271respdetails,subscriber_mo_hpname,No,,,,
x271respdetails,dependent_mo_hpname,No,,,,
x271respdetails,dependent_retail_hpname,No,,,,
x271respdetails,subscriber_sp_hpname,No,,,,
x271respdetails,dependent_country,No,,,,
x271respdetails,formulary_source_type,No,,,,
x271respdetails,alternative_id,No,,,,
x271respdetails,plan_name,No,,,,
x271respdetails,policy_number,No,,,,
x271respdetails,subscriber_pbmid,No,,,,
x271respdetails,subscriber_country,No,,,,
x271respdetails,subscriber_dob,No,,,,
x271respdetails,EncounterId,Yes,ENCOUNTER_ID,,,
x271respdetails,subscriber_gender,No,,,,
x271respdetails,InfoSourceIdTypeQual,No,,,,
x271respdetails,subscriber_PatientId,Yes,PATIENT_ID,,,
x271respdetails,subscriber_suffix,No,,,,
x271respdetails,subscriber_dobQual,No,,,,
x271respdetails,SubsRelIndivRelCode,No,,,,
x271respdetails,subscriber_middle_name,Yes,MASK,subscriber_middle_name,,
x271respdetails,SubsRelInsuredIndicator,No,,,,
x271respdetails,SubsRelMaintTypeCode,No,,,,
x271respdetails,subscriber_CoverageIDQual,No,,,,
x271respdetails,InfoSourceIdCode,No,,,,
x271respdetails,InfoSourceEntIdCode,No,,,,
x271respdetails,dependent_InsPolicyNo,No,,,,
x271respdetails,dependent_InsPolicyNoDesc,No,,,,
x271respdetails,dependent_PlanNetIdNoDesc,No,,,,
x271respdetails,dependent_pharmacy_eligibility,No,,,,
x271respdetails,dependent_pbmid,No,,,,
x271respdetails,dependent_Plan_Number,No,,,,
x271respdetails,dependent_MemberIdNo,No,,,,
x271respdetails,SubsRelBirthSeqNo,No,,,,
x271respdetails,subscriber_address,Yes,MASK,subscriber_address,,
x271respdetails,subscriber_address_2,Yes,MASK,subscriber_address_2,,
x271respdetails,subscriber_city,Yes,MASK,subscriber_city,,
x271respdetails,subscriber_state,No,,,,
x271respdetails,subscriber_PlanNetIdNoDesc,No,,,,
x271respdetails,subscriber_pharmacy_eligibility,No,,,,
x271respdetails,subscriber_AltListID,No,,,,
x271respdetails,SubmissionId,No,,,,
x271respdetails,InfoRecvMiddleName,No,,,,
x271respdetails,subscriber_mail_order_eligibility,No,,,,
x271respdetails,InfoRecvSuffixName,No,,,,
x271respdetails,InfoRecvIdTypeQual,No,,,,
x271respdetails,InfoSourceName,No,,,,
x271respdetails,InfoRecvIdCode,No,,,,
x271respdetails,id,No,,,,
x271respdetails,dependent_MemberIdNoDesc,No,,,,
x271respdetails,dependent_FamilyUnitNo,No,,,,
x271respdetails,provider_id,No,,,,
x271respdetails,subscriber_last_name,Yes,MASK,subscriber_last_name,,
x271respdetails,subscriber_first_name,Yes,MASK,subscriber_first_name,,
x271respdetails,InfoRecvEntTypeQual,No,,,,
x271respdetails,InfoRecvLastName,No,,,,
x271respdetails,InfoRecvFirstName,No,,,,
x271respdetails,dependent_PlanNetIdNo,No,,,,
x271respdetails,subscriber_MemberIdNo,No,,,,
x271respdetails,subscriber_MemberIdNoDesc,No,,,,
x271respdetails,subscriber_FamilyUnitNo,No,,,,
x271respdetails,subscriber_GroupNo,No,,,,
x271respdetails,SubsRelMaintReasonCode,No,,,,
x271respdetails,SubsRelStudentStsCode,No,,,,
x271respdetails,SubsRelHandicapIndicator,No,,,,
x271respdetails,dependent_gender,No,,,,
x271respdetails,dependent_dob,Yes,PATIENT_DOB,,,
x271respdetails,dependent_dobQual,No,,,,
x271respdetails,DependRelInsuredIndicator,No,,,,
x271respdetails,DependRelIndivRelCode,No,,,,
x271respdetails,dependent_AltListID,No,,,,
x271respdetails,dependent_CoverageIDQual,No,,,,
x271respdetails,dependent_CoverageID,No,,,,
x271respdetails,subscriber_Plan_Number,No,,,,
x271respdetails,DependRelMaintTypeCode,No,,,,
x271respdetails,DependRelMaintReasonCode,No,,,,
x271respdetails,DependRelStudentStsCode,No,,,,
x271respdetails,subscriber_ltc_hpname,No,,,,
electroniclabresults,UpgradeMigrateFlag,No,,,,
electroniclabresults,ptdob,Yes,PATIENT_DOB,,,
electroniclabresults,LabId,No,,,,
electroniclabresults,MessageId,No,,,,
electroniclabresults,patientid,Yes,PATIENT_ID,,,
electroniclabresults,messagetype,No,,,,
electroniclabresults,sentid,No,,,,
electroniclabresults,DocName,No,,,,
electroniclabresults,OrderName,No,,,,
electroniclabresults,PtLastName,Yes,MASK,PATIENT_NAME,,
electroniclabresults,profileid,No,,,,
electroniclabresults,providerid,No,,,,
electroniclabresults,PtFirstName,Yes,MASK,PATIENT_NAME,,
electroniclabresults,OBRSno,No,,,,
electroniclabresults,Messagestatus,No,,,,
electroniclabresults,MessageContent,Yes,NOTES,,,
electroniclabresults,DateModified,Yes,DATE_OFFSET,,,
electroniclabresults,DateReceived,Yes,DATE_OFFSET,,,
electroniclabresults,reportname,No,,,,
electroniclabresults,errorlogs,No,,,,
electroniclabresults,reportid,No,,,,
electroniclabresults,NYSID,No,,,,
electroniclabresults,encounterid,Yes,ENCOUNTER_ID,,,
electroniclabresults,hl7MsgId,No,,,,
electroniclabresults,colldate,Yes,DATE_OFFSET,,,
electroniclabresults,colltime,No,,,,
electroniclabresults,BookCase,No,,,,
electroniclabresults,errorStatusCode,No,,,,
electroniclabresults,examCode,No,,,,
electroniclabresults,itemid,No,,,,
electroniclabresults,testCode,No,,,,
electroniclabresults,facilityId,No,,,,
electroniclabresults,documentid,No,,,,
electroniclabresults,processflow,No,,,,
electroniclabresults,MigrateFlag,No,,,,
electroniclabresults,docHL7ID,No,,,,
electroniclabresults,XMLId,No,,,,
electronichl7content,labid,No,,,,
electronichl7content,DateReceived,Yes,STATIC_OFFSET,,,
electronichl7content,messagesize,No,,,,
electronichl7content,NEWHUB,No,,,,
electronichl7content,invalidSegmentFound,No,,,,
electronichl7content,maxsizeexceptiontype,No,,,,
electronichl7content,HubSpokeReceivedStatus,No,,,,
electronichl7content,HL7Message,Yes,NOTES,,,
electronichl7content,status,No,,,,
electronichl7content,HL7MsgId,No,,,,
electronichl7content,allowedsize,No,,,,
electronichl7content,MigrateFlag,No,,,,
electronichl7content,UpgradeMigrateFlag,No,,,,
electronichl7content,newHL7Message,Yes,NOTES,,,
electronichl7content,DateModified,Yes,STATIC_OFFSET,,,
electronichl7content,SentId,No,,,,
appliedtemplateslog,Id,No,,,,
appliedtemplateslog,isFromTemplateScreen,No,,,,
appliedtemplateslog,ApptEncId,No,ENCOUNTER_ID,,,
appliedtemplateslog,TemplateEncId,No,ENCOUNTER_ID,,,
appliedtemplateslog,isMerged,No,,,,
batchfaxinglog,RuleId,No,,,,
batchfaxinglog,JobName,No,,,,
batchfaxinglog,BatchEndTime,Yes,STATIC_OFFSET,,,
batchfaxinglog,BatchStartTime,Yes,STATIC_OFFSET,,,
batchfaxinglog,RecordProcessed,No,,,,
batchfaxinglog,Message,No,,,,
batchfaxinglog,LogId,No,,,,
batchfaxinglog,recordToBeProcess,No,,,,
batchfaxinglog,Status,No,,,,
claim_provider_logs,providerType,No,,,,
claim_provider_logs,invCptId,No,,,,
claim_provider_logs,updatedDate,Yes,STATIC_OFFSET,,,
claim_provider_logs,invId,No,,,,
claim_provider_logs,Id,No,,,,
claim_provider_logs,oldValue,No,,,,
claim_provider_logs,newValue,No,,,,
claim_provider_logs,userAction,No,,,,
claim_provider_logs,logType,No,,,,
claim_provider_logs,updatedBy,No,,,,
claims_insurance_logs,id,No,,,,
claims_insurance_logs,log_user_id,No,,,,
claims_insurance_logs,new_value,Yes,NOTES,,,
claims_insurance_logs,log_datetime,Yes,STATIC_OFFSET,,,
claims_insurance_logs,user_action,No,,,,
claims_insurance_logs,claim_id,Yes,MASK,claim_id,,
claims_insurance_logs,old_value,Yes,NOTES,,,
clmpatfeeschlog,UpdateBy,No,,,,
clmpatfeeschlog,UpdateDate,Yes,STATIC_OFFSET,,,
clmpatfeeschlog,id,No,,,,
clmpatfeeschlog,FeeSchIdFrom,No,,,,
clmpatfeeschlog,LogType,No,,,,
clmpatfeeschlog,LogId,No,,,,
clmpatfeeschlog,UpdDateTime,Yes,STATIC_OFFSET,,,
clmpatfeeschlog,FeeSchIdTo,No,,,,
clmpatfeeschlog,UpdateTime,Yes,STATIC_OFFSET,,,
commonwellreqlog,trid,Yes,NOTES,,,
commonwellreqlog,resData,Yes,NOTES,,,
commonwellreqlog,dtCreated,Yes,DATE_OFFSET,,,
commonwellreqlog,reqStatus,No,,,,
commonwellreqlog,reqData,Yes,NOTES,,,
commonwellreqlog,hubSentStatus,No,,,,
commonwellreqlog,requestedBy,No,,,,
commonwellreqlog,pid,Yes,PATIENT_ID,,,
commonwellreqlog,batchid,Yes,PATIENT_ID,,,
commonwellreqlog,ID,No,,,,
commonwellreqlog,vendor,No,,,,
documentlog,userid,No,,,,
documentlog,docid,No,,,,
documentlog,timestamp,Yes,STATIC_OFFSET,,,
documentlog,actionFlag,No,,,,
documentlog,ipAddress,Yes,MASK,ipAddress,,
documentlog,logData,Yes,NOTES,,,
documentlog,notes,Yes,NOTES,,,
encounterlog,encid,Yes,ENCOUNTER_ID,,,
encounterlog,logdetails,Yes,NOTES,,,
encounterlog,id,No,,,,
encounterlog,userid,No,,,,
encounterlog,modifydate,Yes,STATIC_OFFSET,,,
encounterlog,modifiedcolumns,No,,,,
encounterlog,username,No,,,,
encounterlog,timezone,No,,,,
encounterlog,actiontype,No,,,,
epcs_eprescriptionlogs,userId,No,,,,
epcs_eprescriptionlogs,Id,No,,,,
epcs_eprescriptionlogs,status,No,,,,
epcs_eprescriptionlogs,auditref,No,,,,
epcs_eprescriptionlogs,messageId,No,,,,
epcs_eprescriptionlogs,SignatureValueB64,No,,,,
epcs_eprescriptionlogs,xnRef,No,,,,
epcs_eprescriptionlogs,X509CertB64,No,,,,
epcs_eprescriptionlogs,DigestValueB64,No,,,,
epcs_eprescriptionlogs,userRef,No,,,,
epcs_scriptlog,ctpno,No,,,,
epcs_scriptlog,nadean,No,,,,
epcs_scriptlog,compoundIngredientsName,No,,,,
epcs_scriptlog,EncounterId,Yes,ENCOUNTER_ID,,,
epcs_scriptlog,Pt_AddressLine2,Yes,MASK,Pt_AddressLine2,,
epcs_scriptlog,Pt_AddressLine1,Yes,MASK,Pt_AddressLine1,,
epcs_scriptlog,Pt_LName,Yes,MASK,Pt_LName,,
epcs_scriptlog,Pt_City,Yes,MASK,Pt_City,,
epcs_scriptlog,WrittenDate,Yes,DATE_OFFSET,,,
epcs_scriptlog,RefillsQualifier,No,,,,
epcs_scriptlog,Refills,No,,,,
epcs_scriptlog,CSASchedule,No,,,,
epcs_scriptlog,DaysSupply,No,,,,
epcs_scriptlog,Directions,No,,,,
epcs_scriptlog,Quantity,No,,,,
epcs_scriptlog,EffectiveDate,Yes,DATE_OFFSET,,,
epcs_scriptlog,SignatureValueB64text,Yes,NOTES,,,
epcs_scriptlog,XMLData,Yes,NOTES,,,
epcs_scriptlog,TransactionTime,Yes,DATE_OFFSET,,,
epcs_scriptlog,TransactionTime_utc,Yes,DATE_OFFSET,,,
epcs_scriptlog,LoginUserId,No,,,,
epcs_scriptlog,RxChannel,No,,,,
epcs_scriptlog,Strength,No,,,,
epcs_scriptlog,Note,No,,,,
epcs_scriptlog,ID,No,,,,
epcs_scriptlog,Doc_LName,No,,,,
epcs_scriptlog,Doc_FName,No,,,,
epcs_scriptlog,ScriptDate,Yes,DATE_OFFSET,,,
epcs_scriptlog,MessageID,No,,,,
epcs_scriptlog,RxType,No,,,,
epcs_scriptlog,DoctorId,No,,,,
epcs_scriptlog,PatientId,Yes,PATIENT_ID,,,
epcs_scriptlog,Pt_Zipcode,Yes,ZIP_CODE,,,
epcs_scriptlog,Pt_State,No,,,,
epcs_scriptlog,PharmacyName,No,,,,
epcs_scriptlog,Doc_AddressLine2,Yes,MASK,Doc_AddressLine2,,
epcs_scriptlog,Doc_AddressLine1,Yes,MASK,Doc_AddressLine1,,
epcs_scriptlog,Doc_SSN,Yes,MASK,Doc_SSN,,
epcs_scriptlog,staterxno,No,,,,
epcs_scriptlog,Pt_FName,Yes,MASK,Pt_FName,,
epcs_scriptlog,Doc_Zipcode,Yes,ZIP_CODE,,,
epcs_scriptlog,Doc_State,No,,,,
epcs_scriptlog,Doc_City,Yes,MASK,Doc_City,,
epcs_scriptlog,DrugName,No,,,,
epcs_scriptlog,Doc_DeaNo,No,,,,
epcs_usersactivitylogs,status,No,,,,
epcs_usersactivitylogs,action,No,,,,
epcs_usersactivitylogs,userid,Yes,PATIENT_ID,,,
epcs_usersactivitylogs,logtime,No,STATIC_OFFSET,,,
epcs_usersactivitylogs,mode,No,,,,
epcs_usersactivitylogs,type,No,,,,
epcs_usersactivitylogs,encid,No,,,,
epcs_usersactivitylogs,changedby,Yes,PATIENT_ID,,,
epcs_usersactivitylogs,severity,No,,,,
epcs_usersactivitylogs,id,No,,,,
failedloginattemptslogs,timestamp,No,STATIC_OFFSET,,,
failedloginattemptslogs,uname,Yes,MASK,PATIENT_NAME,,
failedloginattemptslogs,fname,Yes,MASK,PATIENT_NAME,,
failedloginattemptslogs,requestIP,Yes,MASK,requestIP,,
failedloginattemptslogs,lname,Yes,MASK,PATIENT_NAME,,
failedloginattemptslogs,clientHostname,Yes,MASK,clientHostname,,
failedloginattemptslogs,clientportnumber,Yes,MASK,clientportnumber,,
failedloginattemptslogs,clientIp,Yes,MASK,clientIp,,
failedloginattemptslogs,message,No,,,,
faxaulogs,decryptedData,Yes,MASK,decryptedData,,
faxaulogs,decryptedData2,Yes,MASK,decryptedData2,,
faxaulogs,reqipaddr,Yes,MASK,reqipaddr,,
faxaulogs,inserttime,No,STATIC_OFFSET,,,
faxaulogs,instanceId,?,,,,
faxaulogs,hostname,?,,,,
faxaulogs,ipaddress,?,,,,
faxaulogs,ua,No,,,,
faxaulogs,id,No,,,,
faxlogs,Retry,No,,,,
faxlogs,Status,No,,,,
faxlogs,FaxData,Yes,NOTES,,,
faxlogs,FaxStatus,No,,,,
faxlogs,SendDate,No,STATIC_OFFSET,,,
faxlogs,FaxType,No,,,,
faxlogs,LogID,?,PATIENT_ID,,,
faxlogs,LoginID,Yes,PATIENT_ID,,,
faxlogs,DoctorID,No,,,,
faxlogs,PatientID,Yes,PATIENT_ID,,,
faxlogs,ToID,?,PATIENT_ID,,,
faxlogs,ToName,Yes,MASK,PATIENT_NAME,,
faxlogs,ToFax,Yes,MASK,FAX,,
faxlogs,ToCompany,?,,,,
faxlogs,isTextMsgSent,No,,,,
faxlogs,isFaxContentEdited,No,,,,
faxlogs,externaldocid,?,,,,
faxlogs,LoginName,Yes,MASK,PATIENT_NAME,,
faxlogs,isMsgSent,No,,,,
faxlogs,FaxInitTime2,No,STATIC_OFFSET,,,
faxlogs,OriginalFaxDoc,No,,,,
faxlogs,FromName,Yes,MASK,PATIENT_NAME,,
faxlogs,FromCompany,?,,,,
faxlogs,FromVoice,Yes,MASK,PHONE_NUMBER,,
faxlogs,sentnotification,No,,,,
faxlogs,OriginalFaxFile,No,,,,
faxlogs,splitFaxesBatchId,No,,,,
faxlogs,suffix,No,,,,
faxlogs,dialInCode,No,,,,
faxlogs,isAddressed,No,,,,
faxlogs,addressedComment,No,,,,
faxlogs,FacilityID,No,,,,
faxlogs,FaxInitTime,No,STATIC_OFFSET,,,
faxlogs,EncounterID,Yes,ENCOUNTER_ID,,,
faxlogs,remindedDate,No,STATIC_OFFSET,,,
faxlogs,FaxCoverPage,No,,,,
faxlogs,FaxStatusMsg,?,,,,
faxlogs,FaxCoverPageID,No,,,,
faxlogs,FaxSubject,No,,,,
faxlogs,scheduledDate,No,STATIC_OFFSET,,,
faxlogs,FaxTransaction,?,,,,
faxlogs,FaxManLogID,No,,,,
faxlogs,FaxPrefix,No,,,,
faxlogs,FaxFile,No,,,,
faxlogs,FaxLogStatus,No,,,,
faxlogs,RxIds,No,,,,
faxlogs,FacilityName,?,,,,
faxlogs,reminded,No,,,,
faxlogs,FaxLogBatch,No,,,,
fhir_user_audit_log,id,No,,,,
fhir_user_audit_log,providerId,No,,,,
fhir_user_audit_log,fhirQuery,No,,,,
fhir_user_audit_log,audit_status,No,,,,
fhir_user_audit_log,vendorId,No,,,,
fhir_user_audit_log,resourceType,No,,,,
fhir_user_audit_log,appTypeId,No,,,,
fhir_user_audit_log,actionTypeId,No,,,,
fhir_user_audit_log,patientId,Yes,PATIENT_ID,,,
filetransferauditlog,EVENT,No,,,,
filetransferauditlog,fileNameWithPath,No,,,,
filetransferauditlog,STATUS,No,,,,
filetransferauditlog,eventStartDate,No,STATIC_OFFSET,,,
filetransferauditlog,id,No,,,,
filetransferauditlog,loggedInUserId,No,,,,
filetransferauditlog,transferType,No,,,,
filetransferauditlog,description,No,,,,
filetransferauditlog,eventEndDate,No,STATIC_OFFSET,,,
interface_archive_log,archiveId,No,,,,
interface_archive_log,id,No,,,,
interface_archive_log,description,No,,,,
interface_archive_log,updatedDateTime,No,STATIC_OFFSET,,,
interface_archive_log,STATUS,No,,,,
interop_previsit_request_log,encounterId,Yes,ENCOUNTER_ID,,,
interop_previsit_request_log,homeCommunityId,No,,,,
interop_previsit_request_log,transId,No,,,,
interop_previsit_request_log,createdTime,No,STATIC_OFFSET,,,
interop_previsit_request_log,queryStatus,No,,,,
interop_previsit_request_log,providerId,No,,,,
interop_previsit_request_log,patientId,Yes,PATIENT_ID,,,
interop_previsit_request_log,id,No,,,,
interop_previsit_request_log,triggerType,No,,,,
interop_transaction_logs,transactionid,No,,,,
interop_transaction_logs,id,No,,,,
interop_transaction_logs,reqDataStartDate,No,STATIC_OFFSET,,,
interop_transaction_logs,reqDataEndDate,No,STATIC_OFFSET,,,
interop_transaction_logs,ccr_gen_startDateTime,No,STATIC_OFFSET,,,
interop_transaction_logs,ccr_gen_endDateTime,No,STATIC_OFFSET,,,
interop_transaction_logs,deleteFlag,No,,,,
interop_transaction_logs,ecwPid,Yes,PATIENT_ID,,,
interop_transaction_logs,ccr_req_status,No,,,,
interop_transaction_logs,ccr_status_reason,No,,,,
interop_transaction_logs,doc_req_pid,No,,,,
interop_transaction_logs,xcpd_match_pid,Yes,PATIENT_ID,,,
interop_transaction_logs,reqDateTime,No,STATIC_OFFSET,,,
interop_transaction_logs,respDateTime,No,STATIC_OFFSET,,,
interop_transaction_logs,reqMsg_created_utcdatetime,No,STATIC_OFFSET,,,
interop_transaction_logs,reason_text,No,,,,
interop_transaction_logs,failCode,No,,,,
interop_transaction_logs,reason_id_type,No,,,,
interop_transaction_logs,requestType,No,,,,
interop_transaction_logs,reqMsg_created_timezone,No,STATIC_OFFSET,,,
interop_transaction_logs,req_status,No,,,,
labdatadetaillog,Value,No,,,,
labdatadetaillog,Id,No,,,,
labdatadetaillog,PropId,No,,,,
labdatadetaillog,importFlag,No,,,,
labdatadetaillog,UpdatedTime,No,STATIC_OFFSET,,,
labdatadetaillog,ReportId,No,,,,
labdatadetaillog,actiontaken,No,,,,
labdatadetaillog,UpdatedBy,No,,,,
letterlogs,loggeduserid,No,,,,
letterlogs,ACTION,No,,,,
letterlogs,date,Yes,DATE_OFFSET,,,
letterlogs,letterId,No,,,,
letterlogs,time,No,,,,
letterlogs,patientId,Yes,PATIENT_ID,,,
letterlogs,printedBy,No,,,,
letterlogs,signatureproviderid,No,,,,
letterlogs,docId,No,,,,
letterlogs,Id,No,,,,
letterlogs,categoryID,No,,,,
letterlogs,letterName,Yes,NOTES,,,
log,encounterId,Yes,ENCOUNTER_ID,,,
log,date,Yes,DATE_OFFSET,,,
log,userId,No,,,,
log,modifiedDate,Yes,DATE_OFFSET,,,
log,notes,No,,,,
log,timeZone,No,,,,
log,time,No,,,,
log,actionFlag,No,,,,
logdruginteraction,erx_req_id,No,,,,
logdruginteraction,patient_id,Yes,PATIENT_ID,,,
logdruginteraction,DataHtml,Yes,NOTES,,,
logdruginteraction,notes,Yes,NOTES,,,
logdruginteraction,encounter_id,Yes,ENCOUNTER_ID,,,
logdruginteraction,ProviderAction,No,,,,
logdruginteraction,Data,Yes,NOTES,,,
logdruginteraction,htmlid,No,,,,
logdruginteraction,loguserid,No,,,,
logdruginteraction,eventdatetime,Yes,DATE_OFFSET,,,
logdruginteraction,id,No,,,,
logdruginteraction_htmldata,logdatetime,Yes,STATIC_OFFSET,,,
logdruginteraction_htmldata,htmlid,No,,,,
logdruginteraction_htmldata,dataHtml,Yes,NOTES,,,
logdruginteraction_htmldata,checksum,No,,,,
logfilter,ACTION,No,,,,
logfilter,inserttime,No,,,,
logfilter,pattern,No,,,,
logfilter,id,No,,,,
logfilter,pageurl,Yes,MASK,pageurl,,
logfilter,newvalue,Yes,NOTES,,,
logfilter,tagname,Yes,NOTES,,,
logfilter,oldvalue,Yes,NOTES,,,
logformularyrequests,ActionTime,Yes,DATE_OFFSET,,,
logformularyrequests,EncounterId,Yes,ENCOUNTER_ID,,,
logformularyrequests,IpAddress,Yes,MASK,IpAddress,,
logformularyrequests,Id,No,,,,
logformularyrequests,PatientId,Yes,PATIENT_ID,,,
logformularyrequests,ActionTaken,No,,,,
logformularyrequests,userid,No,,,,
logpatientdemographics,truserid,No,,,,
logpatientdemographics,truser_name,No,,,,
logpatientdemographics,action,No,,,,
logpatientdemographics,modified_date,Yes,DATE_OFFSET,,,
logpatientdemographics,patientid,Yes,PATIENT_ID,,,
logpatientdemographics,timestamp,Yes,DATE_OFFSET,,,
logpatientdemographics,logptdemid,No,,,,
logpatientdemographics,modified_time,Yes,DATE_OFFSET,,,
logpatientdemographics,id,No,,,,
logpatientdemographics,data,No,,,,
logpatientdemographics,status,No,,,,
logpatientdemographicsxml,status,No,,,,
logpatientdemographicsxml,useraction,No,,,,
logpatientdemographicsxml,datatype,No,,,,
logpatientdemographicsxml,id,No,,,,
logpatientdemographicsxml,truserid,No,,,,
logpatientdemographicsxml,patientid,Yes,PATIENT_ID,,,
logpatientdemographicsxml,xmldata,Yes,NOTES,,,
logpatientdemographicsxml,timestamp,Yes,DATE_OFFSET,,,
logpatientdemographicsxml,deleteflag,No,,,,
logpatientdemographicsxml_mulog,location,No,,,,
logpatientdemographicsxml_mulog,patientid,Yes,PATIENT_ID,,,
logpatientdemographicsxml_mulog,useraction,No,,,,
logpatientdemographicsxml_mulog,uName,Yes,MASK,PATIENT_NAME,,
logpatientdemographicsxml_mulog,encid,No,,,,
logpatientdemographicsxml_mulog,timestamp,Yes,DATE_OFFSET,,,
logpatientdemographicsxml_mulog,deleteflag,No,,,,
logpatientdemographicsxml_mulog,ulname,Yes,MASK,PATIENT_NAME,,
logpatientdemographicsxml_mulog,datatype,No,,,,
logpatientdemographicsxml_mulog,email,Yes,MASK,EMAIL_ID,,
logpatientdemographicsxml_mulog,status,No,,,,
logpatientdemographicsxml_mulog,truserid,No,,,,
logpatientdemographicsxml_mulog,id,No,,,,
logpatientdemographicsxml_mulog,uminitial,Yes,MASK,PATIENT_NAME,,
logpatientdemographicsxml_mulog,ufname,Yes,MASK,PATIENT_NAME,,
logpatientlookup,truserid,No,,,,
logpatientlookup,id,No,,,,
logpatientlookup,searchkey,No,,,,
logpatientlookup,user_action,No,,,,
logpatientlookup,searchword,No,,,,
logpatientlookup,viewdttime,Yes,STATIC_OFFSET,,,
logpermissionsxml,truserid,No,,,,
logpermissionsxml,useraction,No,,,,
logpermissionsxml,deleteflag,No,,,,
logpermissionsxml,id,No,,,,
logpermissionsxml,status,No,,,,
logpermissionsxml,userid,No,,,,
logpermissionsxml,xmldata,Yes,NOTES,,,
logpermissionsxml,timestamp,Yes,STATIC_OFFSET,,,
logprogressnotes,encounterid,Yes,ENCOUNTER_ID,,,
logprogressnotes,userid,Yes,PATIENT_ID,,,
logprogressnotes,timestamp,Yes,DATE_OFFSET,,,
logprogressnotes,id,No,,,,
logprogressnotes,displayindex,No,,,,
logprogressnotes,prnotesxmlid,No,,,,
logprogressnotes,section,No,,,,
logprogressnotes,user_name,Yes,MASK,PATIENT_NAME,,
logprogressnotes,action,No,,,,
logprogressnotes,data,Yes,NOTES,,,
logprogressnotes,modifiedtime,Yes,DATE_OFFSET,,,
logprogressnotes,status,No,,,,
logprogressnotes,synchronized,No,,,,
logprogressnotes,patientid,Yes,PATIENT_ID,,,
logprogressnotes,modifieddate,Yes,DATE_OFFSET,,,
logprogressnotesxml,xmldata,Yes,NOTES,,,
logprogressnotesxml,chart_optionid,No,,,,
logprogressnotesxml,synchronized,No,,,,
logprogressnotesxml,itemid,No,,,,
logprogressnotesxml,encounterid,Yes,ENCOUNTER_ID,,,
logprogressnotesxml,userid,Yes,PATIENT_ID,,,
logprogressnotesxml,id,No,,,,
logprogressnotesxml,deleteflag,No,,,,
logprogressnotesxml,status,No,,,,
logprogressnotesxml,comments,Yes,NOTES,,,
logprogressnotesxml,timestamp,Yes,DATE_OFFSET,,,
logprogressnotesxml,usrsactionid,No,,,,
logprogressnotesxml,username,Yes,MASK,PATIENT_NAME,,
logprogressnotesxml,patientid,Yes,PATIENT_ID,,,
logptspecificdataxml,useraction,No,,,,
logptspecificdataxml,dataelementid,No,,,,
logptspecificdataxml,mdatetime,Yes,DATE_OFFSET,,,
logptspecificdataxml,comments,Yes,NOTES,,,
logptspecificdataxml,patientid,Yes,PATIENT_ID,,,
logptspecificdataxml,status,No,,,,
logptspecificdataxml,truserid,No,,,,
logptspecificdataxml,deleteflag,No,,,,
logptspecificdataxml,id,No,,,,
logptspecificdataxml,itemid,No,,,,
macro_keyword_triggerlogs,usedAtTimeStamp,Yes,STATIC_OFFSET,,,
macro_keyword_triggerlogs,smartNoteId,No,,,,
macro_keyword_triggerlogs,keywordId,No,,,,
macro_keyword_triggerlogs,userId,No,,,,
macro_keyword_triggerlogs,keywordItemId,No,,,,
macro_keyword_triggerlogs,fieldSelector,No,,,,
macro_keyword_triggerlogs,macroId,No,,,,
macro_keyword_triggerlogs,id,No,,,,
medicationlogs_addlinfo,DoctorsFlag,No,,,,
medicationlogs_addlinfo,EncounterId,Yes,ENCOUNTER_ID,,,
medicationlogs_addlinfo,OldRxId,No,,,,
medicationlogs_addlinfo,id,No,,,,
medicationlogs_addlinfo,Rxorderno,No,,,,
medicationlogs_addlinfo,ACTION,No,,,,
medicationlogs_addlinfo,DURServiceCode,No,,,,
medicationlogs_addlinfo,RxNotes,Yes,NOTES,,,
medicationlogs_addlinfo,DAW,No,,,,
medicationlogs_addlinfo,deleteflag,No,,,,
medicationlogs_addlinfo,PharmacyNCPDP,No,,,,
medicationlogs_addlinfo,creationdatetime,Yes,STATIC_OFFSET,,,
medicationlogs_addlinfo,createdby,No,,,,
medicationlogs_addlinfo,PharmacyId,No,,,,
medicationlogs_addlinfo,AdditionalInstructions,Yes,NOTES,,,
medicationlogs_addlinfo,DURMsg,Yes,NOTES,,,
medicationlogsdetail,Id,No,,,,
medicationlogsdetail,value,No,,,,
medicationlogsdetail,Prop,No,,,,
medicationlogsdetail,OldRxId,No,,,,
out_of_office_logs,actionBy,No,,,,
out_of_office_logs,affectedFieldID,No,,,,
out_of_office_logs,action,No,,,,
out_of_office_logs,actionDateTime,No,STATIC_OFFSET,,,
out_of_office_logs,Id,No,,,,
out_of_office_logs,EncId,?,,,,
outgoingreferrallogs,id,No,,,,
outgoingreferrallogs,ipAddress,Yes,MASK,ipAddress,,
outgoingreferrallogs,refId,No,,,,
outgoingreferrallogs,log4,Yes,MASK,log4,,
outgoingreferrallogs,action,No,,,,
outgoingreferrallogs,truserid,No,,,,
outgoingreferrallogs,log1,Yes,MASK,log1,,
outgoingreferrallogs,log2,Yes,MASK,log2,,
outgoingreferrallogs,log3,Yes,MASK,log3,,
outgoingreferrallogs,modifiedDate,No,STATIC_OFFSET,,,
patientupdatelog,BlockId,No,,,,
patientupdatelog,MergeFrmPtId,No,,,,
patientupdatelog,DateCreated,No,STATIC_OFFSET,,,
patientupdatelog,PatientId,Yes,PATIENT_ID,,,
patientupdatelog,Type,No,,,,
patientupdatelog,Status,No,,,,
patientupdatelog,EncounterId,Yes,ENCOUNTER_ID,,,
patientupdatelog,Repeater,No,,,,
patientupdatelog,User,No,,,,
patientupdatelog,PMId,No,,,,
patientupdatelog,DateModified,No,STATIC_OFFSET,,,
patientupdatelog,MergelogId,No,,,,
patientupdatelog,ID,No,,,,
patientupdatelog,MergeFrmId,No,,,,
patientupdatelog,updatedby,No,,,,
patientupdatelog,retryCnt,No,,,,
phoneoremailverifiedlogs,uid,Yes,PATIENT_ID,,,
phoneoremailverifiedlogs,msgid,No,,,,
phoneoremailverifiedlogs,id,No,,,,
phoneoremailverifiedlogs,isemailverified,No,,,,
phoneoremailverifiedlogs,emailid,Yes,MASK,EMAIL_ID,,
phoneoremailverifiedlogs,isemailidupdated,No,,,,
phoneoremailverifiedlogs,isphoneupdated,No,,,,
phoneoremailverifiedlogs,phonenumber,Yes,MASK,PHONE_NUMBER,,
phoneoremailverifiedlogs,contacttype,No,,,,
phoneoremailverifiedlogs,textenabled,No,,,,
phoneoremailverifiedlogs,module,No,,,,
phoneoremailverifiedlogs,createdDate,No,STATIC_OFFSET,,,
pnoutboundsentlog,encId,Yes,ENCOUNTER_ID,,,
pnoutboundsentlog,dateModified,No,STATIC_OFFSET,,,
pnoutboundsentlog,RetransmitCount,No,,,,
pnoutboundsentlog,id,No,,,,
pnoutboundsentlog,encLockSent,No,,,,
pnoutboundsentlog,sentcount,No,,,,
pnoutboundsentlog,dateCreated,No,STATIC_OFFSET,,,
pnoutboundsentlog,labId,No,,,,
portalaccountlogs,trUserId,No,,,,
portalaccountlogs,id,No,,,,
portalaccountlogs,patientId,Yes,PATIENT_ID,,,
portalaccountlogs,timeVal,No,,,,
portalaccountlogs,ACTION,No,,,,
prisma_audit_logs,id,No,,,,
prisma_audit_logs,logDateTime,No,STATIC_OFFSET,,,
prisma_audit_logs,logStatus,No,,,,
prisma_audit_logs,userId,No,,,,
prisma_audit_logs,patientId,Yes,PATIENT_ID,,,
prisma_audit_logs,documentId,No,,,,
prisma_audit_logs,section,No,,,,
prisma_audit_logs,logStatusType,No,,,,
prisma_audit_logs,recordType,No,,,,
prisma_audit_logs,delFlag,No,,,,
prisma_audit_logs,logDescription,No,,,,
prisma_care_team_members,fhir_id,No,,,,
prisma_care_team_members,contactNo,Yes,MASK,contactNo,,
prisma_care_team_members,participant_role,No,,,,
prisma_care_team_members,postalCode,No,,,,
prisma_care_team_members,country,No,,,,
prisma_care_team_members,contactType,No,,,,
prisma_care_team_members,care_team_mem_start_date,Yes,DATE_OFFSET,,,
prisma_care_team_members,care_team_status,No,,,,
prisma_care_team_members,addressLine2,Yes,MASK,addressLine2,,
prisma_care_team_members,city,No,,,,
prisma_care_team_members,state,No,,,,
prisma_care_team_members,duplicatedBy,No,,,,
prisma_care_team_members,isException,No,,,,
prisma_care_team_members,exceptionMessage,No,,,,
prisma_care_team_members,care_team_mem_end_date,Yes,DATE_OFFSET,,,
prisma_care_team_members,sourcePriority,No,,,,
prisma_care_team_members,suffix,No,,,,
prisma_care_team_members,care_team_name,No,,,,
prisma_care_team_members,participant_period_end,Yes,DATE_OFFSET,,,
prisma_care_team_members,care_team_id,No,,,,
prisma_care_team_members,participant_period_start,Yes,DATE_OFFSET,,,
prisma_care_team_members,participant_member_display,No,,,,
prisma_care_team_members,participant_member_reference,No,,,,
prisma_care_team_members,patientId,Yes,PATIENT_ID,,,
prisma_care_team_members,sectionId,No,,,,
prisma_care_team_members,middleName,Yes,MASK,middleName,,
prisma_care_team_members,lastName,Yes,MASK,lastName,,
prisma_care_team_members,firstName,Yes,MASK,firstName,,
prisma_care_team_members,addressLine1,Yes,MASK,addressLine1,,
prisma_care_team_members,id,No,,,,
prisma_care_team_members,previousName,No,,,,
prisma_ccd_document_section,id,No,,,,
prisma_ccd_document_section,ccdId,No,,,,
prisma_ccd_document_section,section,No,,,,
prisma_ccd_document_section,sectionTitle,No,,,,
prisma_ccd_document_section,htmlText,Yes,NOTES,,,
prisma_ccd_document_section,error,No,,,,
prisma_ccd_document_section,patDocId,No,,,,
prisma_ccd_document_section,ccdDeleteFlag,No,,,,
prisma_ccd_document_section,dataTruncationFlag,No,,,,
prisma_ccd_document_section,patientid,Yes,PATIENT_ID,,,
prisma_ccd_document_section,adtId,No,,,,
prisma_ccd_document_section,payorId,No,,,,
prisma_ccd_document_section,fhirId,No,,,,
prisma_ccd_document_section,dpcId,No,,,,
prisma_ccd_document_section,ccrId,No,,,,
prisma_ccd_document_section,isTxnFailed,No,,,,
prisma_ccd_document_section,preprocessTxId,No,,,,
prisma_ccd_document_section,sourceId,No,,,,
prisma_ccd_document_section,ccrTimeStamp,No,,,,
prisma_ccd_document_section,docRefAttchId,No,,,,
prisma_encounter_details,encounterTypeSystem,No,,,,
prisma_encounter_details,encounterClassSystem,No,,,,
prisma_encounter_details,encounterServiceTypeSystem,No,,,,
prisma_encounter_details,encounterPriorityName,No,,,,
prisma_encounter_details,encounterPriorityCode,No,,,,
prisma_encounter_details,encounterPriorityText,No,,,,
prisma_encounter_details,encounterPrioritySystem,No,,,,
prisma_encounter_details,encounterId,Yes,NOTES,,,
prisma_encounter_details,id,No,,,,
prisma_encounter_details,encounterServiceTypeText,No,,,,
prisma_encounter_details,sectionId,No,,,,
prisma_encounter_details,encounterServiceTypeCode,No,,,,
prisma_encounter_details,encounterServiceTypeName,Yes,NOTES,,,
prisma_encounter_details,patientId,Yes,PATIENT_ID,,,
prisma_encounter_details,duplicatedBy,No,,,,
prisma_encounter_details,partOfId,No,,,,
prisma_encounter_details,fhirId,No,,,,
prisma_encounter_details,sourcePriority,No,,,,
prisma_encounter_details,codeSystemPriority,No,,,,
prisma_encounter_details,encounterStartTime,Yes,STATIC_OFFSET,,,
prisma_encounter_details,encounterEndTime,Yes,STATIC_OFFSET,,,
prisma_encounter_details,encounterStatus,No,,,,
prisma_encounter_details,encounterTypeText,Yes,NOTES,,,
prisma_encounter_details,encounterTypeCode,No,,,,
prisma_encounter_details,encounterTypeName,Yes,NOTES,,,
prisma_encounter_details,encounterClassName,No,,,,
prisma_encounter_details,encounterClassCode,No,,,,
prisma_encounter_details,isException,No,,,,
prisma_encounter_details,exceptionMessage,No,,,,
prisma_kpi_meta_data_logs,pnIndexingStatus,No,,,,
prisma_kpi_meta_data_logs,pnIndexingFailedCount,No,,,,
prisma_kpi_meta_data_logs,pnDataPreparationStatus,No,,,,
prisma_kpi_meta_data_logs,pnDataPreparationFailedCount,No,,,,
prisma_kpi_meta_data_logs,dpcParseFailedCount,No,,,,
prisma_kpi_meta_data_logs,dpcParseStatus,No,,,,
prisma_kpi_meta_data_logs,fhirIndexingFailedCount,No,,,,
prisma_kpi_meta_data_logs,fhirIndexingStatus,No,,,,
prisma_kpi_meta_data_logs,fhirParseStatus,No,,,,
prisma_kpi_meta_data_logs,fhirParseFailedCount,No,,,,
prisma_kpi_meta_data_logs,fhirDataPreparationStatus,No,,,,
prisma_kpi_meta_data_logs,fhirDataPreparationFailedCount,No,,,,
prisma_kpi_meta_data_logs,sendId,No,,,,
prisma_kpi_meta_data_logs,adtParseStatus,No,,,,
prisma_kpi_meta_data_logs,adtParseFailedCount,No,,,,
prisma_kpi_meta_data_logs,ccdaIndexingStatus,No,,,,
prisma_kpi_meta_data_logs,ccdaIndexingFailedCount,No,,,,
prisma_kpi_meta_data_logs,ccdaDataPreparationFailedCount,No,,,,
prisma_kpi_meta_data_logs,ccdaDataPreparationStatus,No,,,,
prisma_kpi_meta_data_logs,adtIndexingFailedCount,No,,,,
prisma_kpi_meta_data_logs,ccdaParseFailedCount,No,,,,
prisma_kpi_meta_data_logs,ccdaParseStatus,No,,,,
prisma_kpi_meta_data_logs,patientId,Yes,PATIENT_ID,,,
prisma_kpi_meta_data_logs,modifiedDateTime,Yes,DATE_OFFSET,,,
prisma_kpi_meta_data_logs,adtDataPreparationStatus,No,,,,
prisma_kpi_meta_data_logs,adtDataPreparationFailedCount,No,,,,
prisma_kpi_meta_data_logs,id,No,,,,
prisma_kpi_meta_data_logs,adtIndexingStatus,No,,,,
prisma_labresult_observation,lowRegerenceValue,No,,,,
prisma_labresult_observation,orderName,No,,,,
prisma_labresult_observation,obsPerformerId,No,,,,
prisma_labresult_observation,highRegerenceValueUnit,No,,,,
prisma_labresult_observation,highRegerenceValue,No,,,,
prisma_labresult_observation,interpretationName,No,,,,
prisma_labresult_observation,obsPerformerFirstname,No,,,,
prisma_labresult_observation,observationObtainedOn,Yes,DATE_OFFSET,,,
prisma_labresult_observation,interpretationCode,No,,,,
prisma_labresult_observation,orderCode,No,,,,
prisma_labresult_observation,resultValue,No,,,,
prisma_labresult_observation,resultValueUnit,No,,,,
prisma_labresult_observation,labresultId,No,,,,
prisma_labresult_observation,id,No,,,,
prisma_labresult_observation,obsperformerLastName,No,,,,
prisma_labresult_observation,codeSystemPriority,No,,,,
prisma_labresult_observation,isException,No,,,,
prisma_labresult_observation,obsPerformerOrganizationName,No,,,,
prisma_labresult_observation,obsperformerMiddleName,No,,,,
prisma_labresult_observation,patientId,Yes,PATIENT_ID,,,
prisma_labresult_observation,obsperformerSuffix,No,,,,
prisma_labresult_observation,stReferenceValue,No,,,,
prisma_labresult_observation,currentStatus,No,,,,
prisma_labresult_observation,sourcePriority,No,,,,
prisma_labresult_observation,resultValueTruncated,No,,,,
prisma_labresult_observation,duplicatedBy,No,,,,
prisma_labresult_observation,exceptionMessage,No,,,,
prisma_labresult_observation,lowRegerenceValueUnit,No,,,,
prisma_patient_status,id,No,,,,
prisma_patient_status,patientId,Yes,PATIENT_ID,,,
prisma_patient_status,recordStatus,No,,,,
prisma_patient_status,psacEncLastCheck,Yes,PATIENT_DOB,,,
prisma_patient_status,lastModifiedDate,Yes,DATE_OFFSET,,,
prisma_patient_status,ccdaLockModifiedDate,Yes,DATE_OFFSET,,,
prisma_patient_status,ccdaLock,No,,,,
prisma_patient_status,prismaFilters,Yes,NOTES,,,
prisma_patient_status,adtLock,No,,,,
prisma_patient_status,inconsistentStatus,No,,,,
prisma_patient_status,psacEncCount,No,,,,
prisma_patient_status,lastAccessedDate,Yes,DATE_OFFSET,,,
prisma_patient_status,waitingStatus,No,,,,
prisma_patient_status,adtLockModifiedDate,Yes,DATE_OFFSET,,,
prisma_problem_codes,codeSystem,No,,,,
prisma_problem_codes,id,No,,,,
prisma_problem_codes,patientId,Yes,PATIENT_ID,,,
prisma_problem_codes,codeName,No,,,,
prisma_problem_codes,sourcePriority,No,,,,
prisma_problem_codes,exceptionMessage,No,,,,
prisma_problem_codes,duplicatedBy,No,,,,
prisma_problem_codes,codeSystemPriority,No,,,,
prisma_problem_codes,isException,No,,,,
prisma_problem_codes,code,No,,,,
prisma_problem_codes,problemId,No,,,,
prisma_records,sourceId,No,,,,
prisma_records,lastRetrievalDate,Yes,DATE_OFFSET,,,
prisma_records,modifiedDate,Yes,DATE_OFFSET,,,
prisma_records,createdDate,Yes,DATE_OFFSET,,,
prisma_records,deleteFlag,No,,,,
prisma_records,sourceRecordType,No,,,,
prisma_records,indexStatusCode,No,,,,
prisma_records,ptDocId,No,,,,
prisma_records,id,No,,,,
prisma_records,recordType,No,,,,
prisma_records,indexedId,No,,,,
prisma_records,indexedStatus,No,,,,
prisma_records,pid,Yes,PATIENT_ID,,,
prisma_records,indexedDate,Yes,DATE_OFFSET,,,
prisma_transaction_table_details,USERS_ID,No,,,,
prisma_transaction_table_details,PATIENT_ID,Yes,PATIENT_ID,,,
prisma_transaction_table_details,ENCRYPTION_KEY_VERSION,No,,,,
prisma_transaction_table_details,TRANSACTION_ID,No,,,,
prisma_transaction_table_details,SOURCE_ID,No,,,,
prisma_transaction_table_details,ID,No,,,,
prisma_transaction_table_details,APPOINTMENT_DATE,Yes,DATE_OFFSET,,,
prisma_transaction_table_details,NOMENCLATURE_START_TIME,Yes,DATE_OFFSET,,,
prisma_transaction_table_details,NOMENCLATURE_END_TIME,Yes,DATE_OFFSET,,,
prisma_transaction_table_details,EXCEPTION_START_TIME,Yes,DATE_OFFSET,,,
prisma_transaction_table_details,EXCEPTION_END_TIME,Yes,DATE_OFFSET,,,
prisma_transaction_table_details,PARSING_START_TIME,Yes,DATE_OFFSET,,,
prisma_transaction_table_details,MSG_EXCEPTION_STATUS,No,,,,
prisma_transaction_table_details,MSG_DATA_DUP_STATUS,No,,,,
prisma_transaction_table_details,RETRY_COUNT,No,,,,
prisma_transaction_table_details,TRIGGER_TYPE,No,,,,
prisma_transaction_table_details,WKR_TOMCAT,No,,,,
prisma_transaction_table_details,TX_CONCLUDED,No,,,,
prisma_transaction_table_details,TRANSACTION_STUCK_STAGE,No,,,,
prisma_transaction_table_details,DATA_DEDUP_START_TIME,Yes,DATE_OFFSET,,,
prisma_transaction_table_details,LAST_MODIFIED_TIME,Yes,DATE_OFFSET,,,
prisma_transaction_table_details,DATA_DEDUP_END_TIME,Yes,DATE_OFFSET,,,
prisma_transaction_table_details,PARSING_END_TIME,Yes,DATE_OFFSET,,,
prisma_transaction_table_details,MAX_DOC_REF_SIZE,No,,,,
prisma_transaction_table_details,RAW_PAYLOAD_SIZE,No,,,,
prisma_transaction_table_details,MSG_NOMENCLATURE_STATUS,No,,,,
prisma_transaction_table_details,MSG_PARSE_STATUS,No,,,,
prisma_transaction_table_details,MSG_RECEIVED_STATUS,No,,,,
prisma_transaction_table_details,MSG_STATUS,No,,,,
prisma_transaction_table_details,MSG_RECEIVED_TIME,Yes,DATE_OFFSET,,,
prisma_transaction_table_details,MSG_SENT_TIME,Yes,DATE_OFFSET,,,
prisma_user_patient_mapping,id,No,,,,
prisma_user_patient_mapping,userId,No,,,,
prisma_user_patient_mapping,patientId,Yes,PATIENT_ID,,,
prisma_user_patient_mapping,lastAccessPrismaDate,Yes,DATE_OFFSET,,,
prisma_user_patient_mapping,viewedToasterDate,Yes,DATE_OFFSET,,,
prisma_user_patient_mapping,modifiedDate,Yes,DATE_OFFSET,,,
prisma_vital_batch,id,No,,,,
prisma_vital_batch,authorCountry,No,,,,
prisma_vital_batch,authorState,No,,,,
prisma_vital_batch,authorPostalCode,No,,,,
prisma_vital_batch,authorCity,No,,,,
prisma_vital_batch,authorAddressLine2,No,,,,
prisma_vital_batch,authorAddressLine1,No,,,,
prisma_vital_batch,authorName,No,,,,
prisma_vital_batch,authorId,No,,,,
prisma_vital_batch,batchId,No,,,,
prisma_vital_batch,batchDate,Yes,STATIC_OFFSET,,,
prisma_vital_batch,sectionId,No,,,,
problemlistlog,patientId,Yes,PATIENT_ID,,,
problemlistlog,userId,No,,,,
problemlistlog,asmtId,No,,,,
problemlistlog,deleteFlag,No,,,,
problemlistlog,itemName,No,,,,
problemlistlog,Id,No,,,,
problemlistlog,action,No,,,,
problemlistlog,logCategory,No,,,,
problemlistlog,item,No,,,,
problemlistlog,previousValue,No,,,,
problemlistlog,encounterId,Yes,ENCOUNTER_ID,,,
problemlistlog,itemType,No,,,,
problemlistlog,newValue,No,,,,
problemlistlog,logDate,Yes,DATE_OFFSET,,,
problemlistlog,userName,No,,,,
ptcommunicationlogs,communicationType,No,,,,
ptcommunicationlogs,notes,Yes,NOTES,,,
ptcommunicationlogs,insertDate,Yes,DATE_OFFSET,,,
ptcommunicationlogs,loginid,No,,,,
ptcommunicationlogs,ActionTaken,No,,,,
ptcommunicationlogs,pid,Yes,PATIENT_ID,,,
ptcommunicationlogs,id,No,,,,
ptcommunicationlogs,optinout,No,,,,
ptportal_usage_logs,accessType,No,,,,
ptportal_usage_logs,Id,No,,,,
ptportal_usage_logs,uid,Yes,PATIENT_ID,,,
ptportal_usage_logs,uname,Yes,MASK,PATIENT_NAME,,
ptportal_usage_logs,accessTime,Yes,DATE_OFFSET,,,
ptportal_usage_logs,proxyuid,No,,,,
refapptlog,prevappt,No,,,,
refapptlog,logDate,Yes,STATIC_OFFSET,,,
refapptlog,username,No,,,,
refapptlog,reschdate,No,,,,
refapptlog,refid,No,,,,
refapptlog,userid,No,,,,
reviewlog,LockStatus,No,,,,
reviewlog,reason,No,,,,
reviewlog,ReviewedTime,No,STATIC_OFFSET,,,
reviewlog,EntityType,No,,,,
reviewlog,ReviewerId,No,,,,
reviewlog,Id,No,,,,
reviewlog,EntityId,No,,,,
smsmsglogs,AppServMacAddr,No,,,,
smsmsglogs,VendorMsgId,No,,,,
smsmsglogs,SentByFirstName,Yes,MASK,SentByFirstName,,
smsmsglogs,SentBy,No,,,,
smsmsglogs,ScheduledDateTime,No,STATIC_OFFSET,,,
smsmsglogs,csdata,No,,,,
smsmsglogs,prearrduration,No,,,,
smsmsglogs,arrivalspanish,No,,,,
smsmsglogs,arrivaleng,No,,,,
smsmsglogs,enablearrival,No,,,,
smsmsglogs,rscancflag,No,,,,
smsmsglogs,SMSMsgPwd,Yes,MASK,SMSMsgPwd,,
smsmsglogs,parentid,No,,,,
smsmsglogs,smsmsgreply_id,No,,,,
smsmsglogs,smsmsgreply,Yes,NOTES,,,
smsmsglogs,ConfirmNumber,No,,,,
smsmsglogs,RequiredConfirm,No,,,,
smsmsglogs,DoctorId,No,,,,
smsmsglogs,uploadlocation,No,,,,
smsmsglogs,TemplateId,No,,,,
smsmsglogs,ptemail,Yes,MASK,EMAIL_ID,,
smsmsglogs,eRxReqID,No,,,,
smsmsglogs,ecmversion,No,,,,
smsmsglogs,AutoUpgradeKey,No,,,,
smsmsglogs,ecwversion,No,,,,
smsmsglogs,AppServMachineIP,Yes,MASK,AppServMachineIP,,
smsmsglogs,AppServMachineName,Yes,MASK,AppServMachineName,,
smsmsglogs,SentByLastName,Yes,MASK,SentByLastName,,
smsmsglogs,PatientId,Yes,PATIENT_ID,,,
smsmsglogs,Language,No,,,,
smsmsglogs,PtStatementId,No,,,,
smsmsglogs,FacilityId,No,,,,
smsmsglogs,EncounterID,Yes,ENCOUNTER_ID,,,
smsmsglogs,LabID,No,,,,
smsmsglogs,VendorSMSresponse,No,,,,
smsmsglogs,SMSMsgUser,Yes,MASK,SMSMsgUser,,
smsmsglogs,VendorSmsId,No,,,,
smsmsglogs,VendorSentDateTime,No,STATIC_OFFSET,,,
smsmsglogs,MsgExpireTime,No,STATIC_OFFSET,,,
smsmsglogs,customreportid,No,,,,
smsmsglogs,FromSMSNumber,Yes,MASK,PHONE_NUMBER,,
smsmsglogs,ApptStatus,No,,,,
smsmsglogs,slotid,No,,,,
smsmsglogs,ptmulogid,No,,,,
smsmsglogs,smsguid,No,,,,
smsmsglogs,updateflag,No,,,,
smsmsglogs,measureid,No,,,,
smsmsglogs,msgkeywords,No,,,,
smsmsglogs,SMSMessageType,No,,,,
smsmsglogs,SMSSubject,No,,,,
smsmsglogs,SentDate,No,STATIC_OFFSET,,,
smsmsglogs,policyid,No,,,,
smsmsglogs,SMSMessageStatus,No,,,,
smsmsglogs,FaxLogId,No,,,,
smsmsglogs,ActualMessage,Yes,NOTES,,,
smsmsglogs,ResourceId,No,,,,
smsmsglogs,msgSource,No,,,,
smsmsglogs,ID,No,,,,
smsmsglogs,ToSMSName,Yes,MASK,PATIENT_NAME,,
smsmsglogs,ToSMSNumber,Yes,MASK,PHONE_NUMBER,,
smsmsglogs,ToSMSProvider,No,,,,
smsmsglogs,Retry,No,,,,
smsmsglogs,SMSMessageID,No,,,,
smsmsglogs,SMSMessageBody,Yes,NOTES,,,
smsmsglogs,vststsupdated,No,,,,
smsmsglogs,eRxReFillReqID,No,,,,
smsmsglogs,campaignid,No,,,,
smsmsglogs,campaign,No,,,,
smsmsglogs,ScheduledDate,No,STATIC_OFFSET,,,
smsmsglogs,ScheduledTime,No,,,,
smsmsglogs,FromSMSName,No,,,,
smsmsglogs,FromSMSProvider,No,,,,
smsmsglogs,Priority,No,,,,
smsmsglogs,ClientId,No,,,,
smsmsglogs,EcwWebSMSUser,No,,,,
smsmsglogs,ErrorId,No,,,,
smsmsglogs,responseupdatedtime,No,STATIC_OFFSET,,,
smsmsglogs,ErrorMsg,Yes,MASK,ErrorMsg,,
smsmsglogs,DateCreated,No,STATIC_OFFSET,,,
smsmsglogs,isDeleted,No,,,,
smsmsglogs,SentTime,No,,,,
statusnotificationlog,timestamp,No,STATIC_OFFSET,,,
statusnotificationlog,patientId,No,,,,
statusnotificationlog,failedTransactionId,No,,,,
statusnotificationlog,userId,No,,,,
statusnotificationlog,id,No,,,,
statusnotificationlog,title,No,,,,
statusnotificationlog,body,No,NOTES,,,
statusnotificationlog,action,No,,,,
statusnotificationlog,discardByUserId,No,,,,
surescript_requestlog,RxType,No,,,,
surescript_requestlog,MessageID,No,,,,
surescript_requestlog,RelatedMessageID,No,,,,
surescript_requestlog,SentTo,Yes,MASK,EMAIL_ID,,
surescript_requestlog,SentFrom,Yes,MASK,EMAIL_ID,,
surescript_requestlog,SentTime,Yes,DATE_OFFSET,,,
surescript_requestlog,FileID,No,,,,
surescript_requestlog,epastatus,No,,,,
surescript_requestlog,ReqID,No,,,,
surescript_requestlog,PharmacyID,No,,,,
surescript_requestlog,NCPDPID,No,,,,
surescript_requestlog,PharmacyName,No,,,,
surescript_requestlog,Pharmacy_AddressLine1,No,,,,
surescript_requestlog,Pharmacy_City,No,,,,
surescript_requestlog,Pharmacy_State,No,,,,
surescript_requestlog,RxReferenceNo,No,,,,
surescript_requestlog,Pharmacy_Zipcode,No,,,,
surescript_requestlog,MessageText,No,,,,
surescript_requestlog,DrugDBCode,No,,,,
surescript_requestlog,StrengthUnits,No,,,,
surescript_requestlog,Strength,No,,,,
surescript_requestlog,DosageForm,No,,,,
surescript_requestlog,ProductCodeQualifier,No,,,,
surescript_requestlog,ProductCode,No,,,,
surescript_requestlog,DrugDescription,No,,,,
surescript_requestlog,PhA_LName,No,,,,
surescript_requestlog,PhA_FName,No,,,,
surescript_requestlog,Ph_LName,No,,,,
surescript_requestlog,Ph_FName,No,,,,
surescript_requestlog,Pharmacy_Email,No,,,,
surescript_requestlog,Pharmacy_Fax,No,,,,
surescript_requestlog,Pharmacy_Phone,No,,,,
surescript_requestlog,DEANo,No,,,,
surescript_requestlog,doc_FName,No,,,,
surescript_requestlog,doc_LName,No,,,,
surescript_requestlog,doc_MName,No,,,,
surescript_requestlog,doc_suffix,No,,,,
surescript_requestlog,docA_FName,No,,,,
surescript_requestlog,doc_Primaryphone,Yes,MASK,PHONE_NUMBER,,
surescript_requestlog,doc_Pagerno,Yes,MASK,doc_Pagerno,,
surescript_requestlog,doc_Mobilephone,Yes,MASK,PHONE_NUMBER,,
surescript_requestlog,ZipCode,Yes,ZIP_CODE,,,
surescript_requestlog,Patient_PrimaryPhone,Yes,MASK,PHONE_NUMBER,,
surescript_requestlog,Patient_CellPhone,Yes,MASK,PHONE_NUMBER,,
surescript_requestlog,DoctorID,No,,,,
surescript_requestlog,SPI,No,,,,
surescript_requestlog,StateLicenseNumber,No,,,,
surescript_requestlog,doc_ssn,Yes,MASK,SSN,,
surescript_requestlog,Patient_LName,Yes,MASK,PATIENT_NAME,,
surescript_requestlog,Patient_MName,Yes,MASK,PATIENT_NAME,,
surescript_requestlog,DateOfBirth,Yes,PATIENT_DOB,,,
surescript_requestlog,Sex,No,,,,
surescript_requestlog,Ssn,Yes,MASK,SSN,,
surescript_requestlog,AddressLine1,Yes,MASK,PO_BOX_STREET,,
surescript_requestlog,AddressLine2,Yes,MASK,PO_BOX_STREET,,
surescript_requestlog,City,Yes,MASK,PO_BOX_STREET,,
surescript_requestlog,State,No,,,,
surescript_requestlog,Patient_FName,Yes,MASK,PATIENT_NAME,,
surescript_requestlog,RefillNo,No,,,,
surescript_requestlog,RefillResponse,No,,,,
surescript_requestlog,Refills,No,,,,
surescript_requestlog,Take,No,,,,
surescript_requestlog,Quantity,No,,,,
surescript_requestlog,duration,No,,,,
surescript_requestlog,Frequency,No,,,,
surescript_requestlog,DrugDBCodeQualifier,No,,,,
surescript_requestlog,requestedPatientId,Yes,PATIENT_ID,,,
surescript_requestlog,isPatientManualMatched,No,,,,
surescript_requestlog,stoprxflag,No,,,,
surescript_requestlog,StatusCode,No,,,,
surescript_requestlog,followuprequest,No,,,,
surescript_requestlog,MD_EffectiveDate,Yes,DATE_OFFSET,,,
surescript_requestlog,EffectiveDate,Yes,DATE_OFFSET,,,
surescript_requestlog,TxMode,No,,,,
surescript_requestlog,isRequestSave,No,,,,
surescript_requestlog,MD_DEASchedule,No,,,,
surescript_requestlog,DEASchedule,No,,,,
surescript_requestlog,isTextMsgSent,No,,,,
surescript_requestlog,assigntoId,No,,,,
surescript_requestlog,isVoiceMsgSent,No,,,,
surescript_requestlog,MD_WrittenDate,Yes,DATE_OFFSET,,,
surescript_requestlog,MD_CodeListQualifier,No,,,,
surescript_requestlog,CodeListQualifier,No,,,,
surescript_requestlog,MD_LastFillDate,Yes,DATE_OFFSET,,,
surescript_requestlog,MD_Comments,Yes,NOTES,,,
surescript_requestlog,MD_SubsMedAllowed,No,,,,
surescript_requestlog,MD_RefillsQualifier,No,,,,
surescript_requestlog,MD_Refills,No,,,,
surescript_requestlog,MD_Take,No,,,,
surescript_requestlog,MD_Quantity,No,,,,
surescript_requestlog,doc_Zipcode,Yes,ZIP_CODE,,,
surescript_requestlog,doc_State,No,,,,
surescript_requestlog,doc_City,Yes,MASK,PO_BOX_STREET,,
surescript_requestlog,doc_AddressLine2,Yes,MASK,PO_BOX_STREET,,
surescript_requestlog,doc_AddressLine1,Yes,MASK,PO_BOX_STREET,,
surescript_requestlog,SpecialityCode,No,,,,
surescript_requestlog,Speciality,No,,,,
surescript_requestlog,docA_LName,No,,,,
surescript_requestlog,MD_ProductCode,No,,,,
surescript_requestlog,MD_DrugDescription,No,,,,
surescript_requestlog,RxOrderNo,No,,,,
surescript_requestlog,IpAddress,Yes,MASK,IpAddress,,
surescript_requestlog,SentById,No,,,,
surescript_requestlog,AddressedBy,No,,,,
surescript_requestlog,Addressed,No,,,,
surescript_requestlog,RouteSource,No,,,,
surescript_requestlog,RxhubId,No,,,,
surescript_requestlog,SentBy,No,,,,
surescript_requestlog,ScriptVersion,No,,,,
surescript_requestlog,bVerified,No,,,,
surescript_requestlog,bAsynMsgPostedToDoc,No,,,,
surescript_requestlog,RefillsQualifier,No,,,,
surescript_requestlog,XMLResponseData,Yes,NOTES,,,
surescript_requestlog,XMLData,Yes,NOTES,,,
surescript_requestlog,QuantityQualifier,No,,,,
surescript_requestlog,DenialReason,No,,,,
surescript_requestlog,LastFillDate,Yes,DATE_OFFSET,,,
surescript_requestlog,WrittenDate,Yes,DATE_OFFSET,,,
surescript_requestlog,Comments,Yes,NOTES,,,
surescript_requestlog,SubsMedAllowed,No,,,,
surescript_requestlog,RefillNotes,No,,,,
surescript_requestlog,PatientID,Yes,PATIENT_ID,,,
surescript_requestlog,EncounterID,Yes,ENCOUNTER_ID,,,
surescript_requestlog,bPostedToDoc,No,,,,
surescript_requestlog,StatusDesc,No,,,,
surescript_requestlog,LastAttemptTimeStamp,Yes,DATE_OFFSET,,,
surescript_requestlog,AttemptNo,No,,,,
surescript_requestlog,MD_DrugDBCodeQualifier,No,,,,
surescript_requestlog,MD_DrugDBCode,No,,,,
surescript_requestlog,MD_duration,No,,,,
surescript_requestlog,MD_QuantityQualifier,No,,,,
surescript_requestlog,MD_StrengthUnits,No,,,,
surescript_requestlog,MD_Strength,No,,,,
surescript_requestlog,MD_ProductCodeQualifier,No,,,,
surescript_requestlog,MD_DosageForm,No,,,,
tasklogs,taskId,No,,,,
tasklogs,scheduledInterval,No,,,,
tasklogs,id,No,,,,
tasklogs,ServerName,No,,,,
tasklogs,status,No,,,,
tasklogs,userId,No,,,,
tasklogs,dateTime,No,,,,
tasklogs,stopDateTime,No,,,,
updaterxndclog,rxorderNo,No,,,,
updaterxndclog,viewtype,No,,,,
updaterxndclog,itemid,No,,,,
updaterxndclog,formulation,No,,,,
updaterxndclog,faxfailid,No,,,,
updaterxndclog,uniqueid,No,,,,
updaterxndclog,drugname,No,,,,
updaterxndclog,newndc,No,,,,
updaterxndclog,oldndc,No,,,,
updaterxndclog,Strength,No,,,,
updaterxndclog,corrected_formulation,No,,,,
updaterxndclog,UpdatedBy,No,,,,
updaterxndclog,encounterId,Yes,ENCOUNTER_ID,,,
updaterxndclog,revertflag,No,,,,
updaterxndclog,updated,No,,,,
updaterxndclog,id,No,,,,
updaterxndclog,oldrxid,No,,,,
updaterxndclog,corrected_strength,No,,,,
usrlogs,HostOSDomain,No,,,,
usrlogs,emergencyLoginAccessReason,No,,,,
usrlogs,HostOSUsr,Yes,MASK,HostOSUsr,,
usrlogs,UsrLogID,No,,,,
usrlogs,userAccess,No,,,,
usrlogs,remoteip,Yes,MASK,remoteip,,
usrlogs,HostMac,No,,,,
usrlogs,pluginMode,No,,,,
usrlogs,HostName,Yes,MASK,HostName,,
usrlogs,HostOS,No,,,,
usrlogs,HostIP,Yes,MASK,HostIP,,
usrlogs,UsrStatus,No,,,,
usrlogs,HostLogoutTime,Yes,STATIC_OFFSET,,,
usrlogs,HostECWVersion,No,,,,
usrlogs,ServerLogoutTime,Yes,STATIC_OFFSET,,,
usrlogs,ServerLoginTime,Yes,STATIC_OFFSET,,,
usrlogs,isSSOLogin,No,,,,
usrlogs,public_ip,Yes,MASK,public_ip,,
usrlogs,UsrID,No,,,,
usrlogs,UsrName,No,,,,
usrlogs,HostLoginTime,Yes,MASK,HostLoginTime,,
vitalslog,value2,No,,,,
vitalslog,UpdatedTime,Yes,DATE_OFFSET,,,
vitalslog,UpdatedBy,No,,,,
vitalslog,actiontaken,No,,,,
vitalslog,Value,No,,,,
vitalslog,Id,No,,,,
vitalslog,exceptionid,No,,,,
vitalslog,nottaken,No,,,,
vitalslog,vitalID,No,,,,
vitalslog,propID,No,,,,
vitalslog,encounterID,Yes,ENCOUNTER_ID,,,
voicemsglogs,AppServMachineIP,No,,,,
voicemsglogs,AppServMachineName,No,,,,
voicemsglogs,ApptStatus,No,,,,
voicemsglogs,AutoUpgradeKey,No,,,,
voicemsglogs,CallerIDNumber,Yes,MASK,CallerIDNumber,,
voicemsglogs,campaign,No,,,,
voicemsglogs,campaignid,No,,,,
voicemsglogs,ClientResponse,No,,,,
voicemsglogs,combinedencids,Yes,NOTES,,,
voicemsglogs,ConfirmationStatus,No,,,,
voicemsglogs,ConfirmCancelEnabled,No,,,,
voicemsglogs,ContactType,No,,,,
voicemsglogs,customreportid,No,,,,
voicemsglogs,Date_Created,Yes,DATE_OFFSET,,,
voicemsglogs,Date_Modified,Yes,DATE_OFFSET,,,
voicemsglogs,DeliveryType,No,,,,
voicemsglogs,ecmVersion,No,,,,
voicemsglogs,ecwVersion,No,,,,
voicemsglogs,EncounterID,Yes,ENCOUNTER_ID,,,
voicemsglogs,ErrorCode,No,,,,
voicemsglogs,ErrorMsg,Yes,NOTES,,,
voicemsglogs,eRxReFillReqID,No,,,,
voicemsglogs,eRxReqID,No,,,,
voicemsglogs,FacilityId,No,,,,
voicemsglogs,FaxLogId,No,,,,
voicemsglogs,ID,No,,,,
voicemsglogs,InitialGreetingAudio,No,,,,
voicemsglogs,InitialGreetingAudioText,No,,,,
voicemsglogs,isDeleted,No,,,,
voicemsglogs,isMsgSecured,No,,,,
voicemsglogs,ivrvalue,No,,,,
voicemsglogs,LabID,No,,,,
voicemsglogs,Language,No,,,,
voicemsglogs,MaxLiveReplays,No,,,,
voicemsglogs,measureid,No,,,,
voicemsglogs,messageJobType,No,,,,
voicemsglogs,MsgExpireTime,Yes,DATE_OFFSET,,,
voicemsglogs,msgSource,No,,,,
voicemsglogs,OperatorNumber,Yes,MASK,PHONE_NUMBER,,
voicemsglogs,OtherContactNumbers,Yes,MASK,PHONE_NUMBER,,
voicemsglogs,OtherContactType,Yes,MASK,EMAIL_ID,,
voicemsglogs,parentid,No,,,,
voicemsglogs,PatientId,Yes,PATIENT_ID,,,
voicemsglogs,policyid,No,,,,
voicemsglogs,Priority,No,,,,
voicemsglogs,providerGreetingsUid,No,,,,
voicemsglogs,providerid,No,,,,
voicemsglogs,PtPin,No,,,,
voicemsglogs,PtPinType,No,,,,
voicemsglogs,PtStatementId,No,,,,
voicemsglogs,recordedMessageId,No,,,,
voicemsglogs,recordurl,Yes,MASK,recordurl,,
voicemsglogs,referralId,No,,,,
voicemsglogs,ResourceId,No,,,,
voicemsglogs,Retry,No,,,,
voicemsglogs,retryfailedmsg,No,,,,
voicemsglogs,ScheduledDate,Yes,DATE_OFFSET,,,
voicemsglogs,ScheduledDateTime,Yes,DATE_OFFSET,,,
voicemsglogs,ScheduledTime,Yes,DATE_OFFSET,,,
voicemsglogs,SentBy,No,,,,
voicemsglogs,SentByFirstName,No,,,,
voicemsglogs,SentByLastName,No,,,,
voicemsglogs,SentDate,Yes,DATE_OFFSET,,,
voicemsglogs,SentTime,Yes,DATE_OFFSET,,,
voicemsglogs,StatusDetail,No,,,,
voicemsglogs,StatusMsg,No,,,,
voicemsglogs,templateid,No,,,,
voicemsglogs,timeZone,No,,,,
voicemsglogs,ToName,Yes,MASK,PATIENT_NAME,,
voicemsglogs,ToPhone,Yes,MASK,PHONE_NUMBER,,
voicemsglogs,TTSVoice,No,,,,
voicemsglogs,uploadLocation,Yes,MASK,uploadLocation,,
voicemsglogs,VMsgPwd,Yes,MASK,VMsgPwd,,
voicemsglogs,VMsgUser,Yes,MASK,VMsgUser,,
voicemsglogs,VoiceMessageId,No,,,,
voicemsglogs,VoiceMessageLiveAudio,Yes,NOTES,,,
voicemsglogs,VoiceMessageLiveText,Yes,NOTES,,,
voicemsglogs,VoiceMessageMachineAudio,Yes,NOTES,,,
voicemsglogs,VoiceMessageMachineText,Yes,NOTES,,,
voicemsglogs,VoiceMessageStatus,No,,,,
voicemsglogs,VoiceMessageType,No,,,,
voiceptmsgconfig,prefcomm,No,,,,
voiceptmsgconfig,generalNotification,No,,,,
voiceptmsgconfig,healthMaintenance,No,,,,
voiceptmsgconfig,ptstatements,No,,,,
voiceptmsgconfig,Language,No,,,,
voiceptmsgconfig,Rx,No,,,,
voiceptmsgconfig,ServiceProviderId,No,,,,
voiceptmsgconfig,OtherContactType,No,,,,
voiceptmsgconfig,uid,Yes,PATIENT_ID,,,
voiceptmsgconfig,labs,No,,,,
voiceptmsgconfig,datemodified,Yes,DATE_OFFSET,,,
voiceptmsgconfig,appointments,No,,,,
voiceptmsgconfig,ContactType,No,,,,
voiceptmsgconfig,timetocall,No,,,,
voiceptmsgconfig,id,No,,,,
x271transerrorlogs,TimeStamp,Yes,DATE_OFFSET,,,
x271transerrorlogs,TnsRowId,No,,,,
x271transerrorlogs,ClearingHouseId,No,,,,
x271transerrorlogs,ProviderId,No,,,,
x271transerrorlogs,LoopId,No,,,,
x271transerrorlogs,id,No,,,,
x271transerrorlogs,SubmissionId,No,,,,
x271transerrorlogs,YNResCode,No,,,,
x271transerrorlogs,RejectReasonCode,No,,,,
x271transerrorlogs,FollowupActionCode,No,,,,
x271transerrorlogs,ElementId,No,,,,
x271transerrorlogs,EncounterId,Yes,ENCOUNTER_ID,,,
x271transerrorlogs,PatientId,Yes,PATIENT_ID,,,
prisma_table_sync_logs,CHECK_DATE,Yes,STATIC_OFFSET,,,
prisma_table_sync_logs,ID,No,,,,
prisma_table_sync_logs,LOG_STATUS,No,,,,
prisma_table_sync_logs,TABLE_NAME,No,,,,
prisma_table_sync_logs,UPDATED_TIME,Yes,STATIC_OFFSET,,,
prisma_table_sync_logs,VERSION_EMR,No,,,,
prisma_table_sync_logs,VERSION_PRISMA,No,,,,
ptcommunicationlogs,actionTaken,No,,,,
send_to_logs,CreatedDate,No,STATIC_OFFSET,,,
send_to_logs,DeleteFlag,No,,,,
send_to_logs,EncounterId,Yes,ENCOUNTER_ID,,,
send_to_logs,FaxLogId,No,,,,
send_to_logs,Id,No,,,,
send_to_logs,ReportId,No,,,,
send_to_logs,SendToMode,No,,,,
send_to_logs,SendToName,No,,,,
send_to_logs,SendToStatus,No,,,,
send_to_logs,TransmitLabId,No,,,,
send_to_logs,sendToAddressDetails,No,,,,
verifypasswordlogs,device,No,,,,
verifypasswordlogs,id,No,,,,
verifypasswordlogs,ipAddress,Yes,MASK,ipAddress,,
verifypasswordlogs,serverLoginTime,Yes,STATIC_OFFSET,,,
verifypasswordlogs,userId,No,,,,
verifypasswordlogs,userName,No,,,,
verifypasswordlogs,userStatus,No,,,,
careplanrequestlog,STATUS,No,,,,
careplanrequestlog,encid,Yes,ENCOUNTER_ID,,,
careplanrequestlog,facilityId,No,,,,
careplanrequestlog,id,No,,,,
careplanrequestlog,loggedfrom,No,,,,
careplanrequestlog,requestdate,Yes,DATE_OFFSET,,,
careplanrequestlog,requestedby,No,,,,
careplanrequestlog,uid,Yes,PATIENT_ID,,,
coc_contacts,coc_id,No,,,,
coc_contacts,codeid,No,,,,
coc_contacts,codename,No,,,,
coc_contacts,contactid,No,,,,
coc_contacts,delflag,No,,,,
coc_contacts,displayinrp,No,,,,
coc_contacts,id,No,,,,
coc_contacts,priority,No,,,,
coc_contacts,ptAcoId,No,,,,
coc_contacts,role,No,,,,
coc_contacts,type,No,,,,
devicecompatabilitycheckdata,dateCreated,Yes,STATIC_OFFSET,,,
devicecompatabilitycheckdata,dateModified,Yes,STATIC_OFFSET,,,
devicecompatabilitycheckdata,extractionkey,Yes,MASK,extractionkey,,
devicecompatabilitycheckdata,hostmac,Yes,MASK,hostmac,,
devicecompatabilitycheckdata,id,No,,,,
devicecompatabilitycheckdata,machinename,Yes,MASK,machinename,,
devicecompatabilitycheckdata,xmldata,Yes,NOTES,,,
ebo_loginhistory,id,No,,,,
ebo_loginhistory,loggedInTime,Yes,STATIC_OFFSET,,,
ebo_loginhistory,loginType,No,,,,
ebo_loginhistory,uid,No,,,,
empiccrexportlog,1stAttemptDate,Yes,DATE_OFFSET,,,
empiccrexportlog,2ndAttemptDate,Yes,DATE_OFFSET,,,
empiccrexportlog,3rdAttemptDate,Yes,DATE_OFFSET,,,
empiccrexportlog,addedtimestamp,Yes,DATE_OFFSET,,,
empiccrexportlog,attemptCount,No,,,,
empiccrexportlog,chkFlag,No,,,,
empiccrexportlog,encId,Yes,ENCOUNTER_ID,,,
empiccrexportlog,exportfailreasonid,No,,,,
empiccrexportlog,facGroupId,No,,,,
empiccrexportlog,id,No,,,,
empiccrexportlog,isCCRSent,No,,,,
empiccrexportlog,isInvalid,No,,,,
empiccrexportlog,lockedDate,Yes,DATE_OFFSET,,,
empiccrexportlog,manualAttemptDate,Yes,DATE_OFFSET,,,
empiccrexportlog,manualAttemptStatus,No,,,,
empiccrexportlog,pid,No,,,,
empiccrexportlog,timestamp,Yes,DATE_OFFSET,,,
empiccrexportlog,unlockedFlag,No,,,,
empilabexportlog,1stAttemptDate,Yes,DATE_OFFSET,,,
empilabexportlog,2ndAttemptDate,Yes,DATE_OFFSET,,,
empilabexportlog,3rdAttemptDate,Yes,DATE_OFFSET,,,
empilabexportlog,addedtimeStamp,Yes,DATE_OFFSET,,,
empilabexportlog,attemptCount,No,,,,
empilabexportlog,chkFlag,No,,,,
empilabexportlog,encId,Yes,ENCOUNTER_ID,,,
empilabexportlog,exportfailreasonid,No,,,,
empilabexportlog,facGroupId,No,,,,
empilabexportlog,id,No,,,,
empilabexportlog,isInvalid,No,,,,
empilabexportlog,isLabSent,No,,,,
empilabexportlog,manualAttemptDate,Yes,DATE_OFFSET,,,
empilabexportlog,manualAttemptStatus,No,,,,
empilabexportlog,pid,No,,,,
empilabexportlog,reportId,No,,,,
empilabexportlog,reviewedDate,Yes,DATE_OFFSET,,,
empilabexportlog,reviewedFlag,No,,,,
empilabexportlog,timestamp,Yes,DATE_OFFSET,,,
empiptdata,ConsentSignedByGuarantor,No,,,,
empiptdata,DateSigned,Yes,DATE_OFFSET,,,
empiptdata,EnableEmpi,No,,,,
empiptdata,FacGroupId,No,,,,
empiptdata,FacId,No,,,,
empiptdata,IsBeneficiary,No,,,,
empiptdata,MatchFound,No,,,,
empiptdata,OptinFacilityId,No,,,,
empiptdata,OptinFacilityName,No,,,,
empiptdata,OptinPracticeCode,No,,,,
empiptdata,ReceivedConsent,No,,,,
empiptdata,delFlag,No,,,,
empiptdata,eCROptInOption,No,,,,
empiptdata,ecwmpi,Yes,MASK,ecwmpi,,
empiptdata,id,No,,,,
empiptdata,optinpracticecode,No,,,,
empiptdata,pid,Yes,PATIENT_ID,,,
empiptdata,timestamp,Yes,DATE_OFFSET,,,
empiptdatalog,ConsentSignedByGuarantor,No,,,,
empiptdatalog,DateSigned,Yes,DATE_OFFSET,,,
empiptdatalog,EnableEmpi,No,,,,
empiptdatalog,FacGroupId,No,,,,
empiptdatalog,FacId,No,,,,
empiptdatalog,IsBeneficiary,No,,,,
empiptdatalog,MatchFound,No,,,,
empiptdatalog,OptinFacilityId,No,,,,
empiptdatalog,OptinFacilityName,No,,,,
empiptdatalog,OptinPracticeCode,No,,,,
empiptdatalog,ReceivedConsent,No,,,,
empiptdatalog,delFlag,No,,,,
empiptdatalog,eCROptInOption,No,,,,
empiptdatalog,ecwmpi,Yes,MASK,ecwmpi,,
empiptdatalog,id,No,,,,
empiptdatalog,optinpracticecode,No,,,,
empiptdatalog,pid,Yes,PATIENT_ID,,,
empiptdatalog,timestamp,Yes,DATE_OFFSET,,,
hcc_requests,cloud_locator_id,No,,,,
hcc_requests,data_sent,No,,,,
hcc_requests,data_sent_on,Yes,STATIC_OFFSET,,,
hcc_requests,id,No,,,,
hcc_requests,last_status,No,,,,
hcc_requests,last_status_on,Yes,STATIC_OFFSET,,,
hcc_requests,response_process_end,No,,,,
hcc_requests,status_json,Yes,MASK,status_json,,
hcc_requests,token,Yes,MASK,token,,
labdatacc,CCDoctorId,No,,,,
labdatacc,Comments,Yes,NOTES,,,
labdatacc,OrigReportId,No,,,,
labdatacc,ReportId,No,,,,
labdatacc,Status,No,,,,
labitemkeys,itemId,No,,,,
labitemkeys,labId,No,,,,
labitemkeys,name,No,,,,
labitemkeys,value,Yes,NOTES,,,
logincheck,answer1,No,,,,
logincheck,answer2,No,,,,
logincheck,answer3,No,,,,
logincheck,answer4,No,,,,
logincheck,deleteflag,No,,,,
logincheck,email,Yes,MASK,email,,
logincheck,id,No,,,,
logincheck,otpflag,No,,,,
logincheck,phone,Yes,MASK,phone,,
logincheck,pictureflag,No,,,,
logincheck,pictureid,No,,,,
logincheck,queflag,No,,,,
logincheck,questions,No,,,,
logincheck,updateflag,No,,,,
logincheck,updatetoken,No,,,,
logincheck,updatetokentime,Yes,STATIC_OFFSET,,,
logincheck,userid,No,,,,
messenger,NewMsgsFlag,No,,,,
messenger,NewTelCallsFlag,No,,,,
messenger,uid,No,,,,
netaccesspnoutbound,MessageContent,No,,,,
netaccesspnoutbound,MessageId,No,,,,
netaccesspnoutbound,MessageStatus,No,,,,
netaccesspnoutbound,PMId,No,,,,
netaccesspnoutbound,TransmittedOn,Yes,DATE_OFFSET,,,
netaccesspnoutbound,WSResponse,No,,,,
netaccesspnoutbound,encounterid,Yes,ENCOUNTER_ID,,,
netaccesspnoutbound,patientid,Yes,ENCOUNTER_ID,,,
netaccesspnoutbound,response,No,,,,
netaccessrecordslog,HubPNMsgId,No,,,,
netaccessrecordslog,Id,No,,,,
netaccessrecordslog,LabId,No,,,,
netaccessrecordslog,MRN,Yes,PATIENT_ID,,,
netaccessrecordslog,dateSent,Yes,DATE_OFFSET,,,
netaccessrecordslog,dob,Yes,DATE_OFFSET,,,
netaccessrecordslog,doctorId,No,,,,
netaccessrecordslog,doctorName,Yes,MASK,doctorName,,
netaccessrecordslog,encDate,Yes,DATE_OFFSET,,,
netaccessrecordslog,encId,Yes,ENCOUNTER_ID,,,
netaccessrecordslog,errorLogs,No,,,,
netaccessrecordslog,faultStatus,No,,,,
netaccessrecordslog,msgContent,No,,,,
netaccessrecordslog,msgStatus,No,,,,
netaccessrecordslog,patientId,Yes,PATIENT_ID,,,
netaccessrecordslog,ufname,Yes,MASK,ufname,,
netaccessrecordslog,ulname,Yes,MASK,ulname,,
netaccessrecordslog,uminitial,Yes,MASK,uminitial,,
ooologs,action,No,,,,
ooologs,assignUserId,No,,,,
ooologs,encounterId,Yes,ENCOUNTER_ID,,,
ooologs,id,No,,,,
ooologs,modifiedon,No,,,,
ooologs,userid,No,,,,
tbladolescencedetaillog,id,No,,,,
tbladolescencedetaillog,logid,No,,,,
tbladolescencedetaillog,modification,Yes,NOTES,,,
tbladolescencelog,action,No,,,,
tbladolescencelog,id,No,,,,
tbladolescencelog,modifiedby,No,,,,
tbladolescencelog,modifieddate,Yes,DATE_OFFSET,,,
tbladolescencelog,patientid,Yes,PATIENT_ID,,,
tbladolescencelog,proxyuid,Yes,PATIENT_ID,,,
tbladolescencesettinglog,id,No,,,,
tbladolescencesettinglog,ids,Yes,PATIENT_ID,,,
tbladolescencesettinglog,runby,No,,,,
tbladolescencesettinglog,rundate,Yes,DATE_OFFSET,,,
tbladolescencesettinglog,runtype,No,,,,
userpasswordlogs,action,No,,,,
userpasswordlogs,logId,No,,,,
userpasswordlogs,updateBy,No,,,,
userpasswordlogs,updateFor,No,,,,
userpasswordlogs,updatetime,Yes,STATIC_OFFSET,,,
trackingboard_cycletime,TIMESTAMP,Yes,DATE_OFFSET,,,
trackingboard_cycletime,UTCNextTime,Yes,DATE_OFFSET,,,
trackingboard_cycletime,UTCPrevTime,Yes,DATE_OFFSET,,,
trackingboard_cycletime,currentStatus,No,,,,
trackingboard_cycletime,encDate,Yes,DATE_OFFSET,,,
trackingboard_cycletime,encounterId,Yes,ENCOUNTER_ID,,,
trackingboard_cycletime,id,No,,,,
trackingboard_cycletime,nextTime,No,,,,
trackingboard_cycletime,patientId,Yes,PATIENT_ID,,,
trackingboard_cycletime,prevTime,No,,,,
trackingboard_cycletime,prevstatus,No,,,,
trackingboard_cycletime,userId,No,,,,
